transcript_id	mrna_only_median_te	mrna_t5u_median_te
ENST00000000233.10	1.1379060347874959	1.3594306508700051
ENST00000000412.8	0.6579174920916557	0.9466357529163361
ENST00000001008.6	1.0072537263234458	0.925707330306371
ENST00000002125.9	0.5315052196383476	0.4856485575437546
ENST00000003100.13	0.37460996210575104	0.6160329878330231
ENST00000003302.8	-0.21875934302806854	-0.060221679508686066
ENST00000005178.6	0.6022573858499527	0.5661853477358818
ENST00000005257.7	1.528512179851532	1.1919353008270264
ENST00000005260.9	0.18905069353058934	0.20482441037893295
ENST00000005340.10	0.10464835911989212	0.158638097345829
ENST00000005386.8	0.47675086557865143	0.34289979934692383
ENST00000006777.11	0.17668531835079193	0.38436177372932434
ENST00000007390.3	-0.11662397347390652	-0.52451953291893
ENST00000008527.10	-0.06297475099563599	0.33036449551582336
ENST00000011619.6	-0.19367523305118084	-0.1541182603687048
ENST00000012049.10	0.1744910255074501	0.1303025558590889
ENST00000013125.8	-0.07521364465355873	0.030503255501389503
ENST00000014930.9	1.2784977704286575	1.2054285407066345
ENST00000025301.4	-0.43322995801766717	-0.4335563083489736
ENST00000029410.10	-0.42396193742752075	-0.6576935946941376
ENST00000037243.7	1.6979972869157791	1.35628841817379
ENST00000037869.7	0.29498516519864404	0.581742525100708
ENST00000039989.9	0.023015117272734642	0.1452106423676014
ENST00000040584.6	0.7912019789218903	0.6601874828338623
ENST00000040663.8	0.8463943501313527	0.6794608235359192
ENST00000042381.9	-0.5368386059999466	-0.6362095177173615
ENST00000043402.8	-0.40466684103012085	-0.5829952110846837
ENST00000053867.8	-0.23210345208644867	0.4864978641271591
ENST00000054666.11	1.69089674949646	1.4011644124984741
ENST00000054950.4	1.3500073850154877	1.2406670153141022
ENST00000055335.11	-0.038634042255580425	-0.2639446035027504
ENST00000056217.10	-0.924812376499176	-0.9572489261627197
ENST00000060969.6	0.8758697807788849	0.75649693608284
ENST00000066544.8	-0.28277429938316345	0.10935147106647491
ENST00000075120.12	0.8322725594043732	0.6177822649478912
ENST00000078429.9	0.18280356625715893	-0.09024331594506899
ENST00000083182.8	0.6766918897628784	0.29332342743873596
ENST00000084798.9	0.3754332959651947	0.40985816717147827
ENST00000156471.10	0.08318636628488699	0.3077647338310877
ENST00000159087.7	-0.7130915075540543	-0.8670212179422379
ENST00000159111.9	-0.34342536702752113	-0.5044011473655701
ENST00000160298.8	-0.43974238634109497	-0.285578902810812
ENST00000161863.9	-0.10181895201094449	-0.18113655224442482
ENST00000162749.7	-0.19208360090851784	-0.07169868610799313
ENST00000163416.7	-0.20075869622329873	-0.11647028289735317
ENST00000164133.7	-0.39811819791793823	-0.33484041690826416
ENST00000164227.10	0.09300293773412704	-0.030818449333310127
ENST00000164305.10	-0.2838268429040909	-0.03502379823476076
ENST00000166139.9	0.38077380756537116	0.06780062119166055
ENST00000166345.8	0.4247291088104248	0.019345052540302277
ENST00000168216.11	1.2407817641894021	0.9361858169237773
ENST00000169551.11	0.18493941333144903	0.3737175166606903
ENST00000170168.9	-0.7914764831463496	-0.9799775928258896
ENST00000173229.7	0.22546245157718658	0.4888819009065628
ENST00000174618.5	0.5113993883132935	0.3982096314430237
ENST00000175756.10	-0.526261605322361	-0.5269322656095028
ENST00000178640.10	-0.013832448981702328	0.03669932670891285
ENST00000181839.10	-0.6251541972160339	-0.48611651360988617
ENST00000184266.3	0.9200043678283691	1.391304612159729
ENST00000185150.9	0.4014338031411171	0.1668212879449129
ENST00000186436.10	-0.7238968014717102	-0.5304825305938721
ENST00000187762.7	0.25719706574454904	0.11676457454450428
ENST00000188312.6	0.41535747051239014	0.6860432624816895
ENST00000192788.6	-0.5347274045149485	-0.733349194129308
ENST00000193322.8	0.14864768087863922	0.8257592022418976
ENST00000194155.7	0.2937669356664022	0.42388228575388587
ENST00000194214.9	1.3743785619735718	0.7718096375465393
ENST00000196061.5	0.3525118976831436	0.3550174807508787
ENST00000196371.10	1.005763590335846	0.9421828240156174
ENST00000199320.9	0.6432624459266663	0.9229541122913361
ENST00000199389.11	-0.2668524943292141	-0.3305252343416214
ENST00000199448.9	0.5212894007563591	0.9595915377140045
ENST00000199814.9	0.8090002834796906	0.6727124154567719
ENST00000200135.8	0.10897772572934628	0.1211211234331131
ENST00000200457.9	0.20866840705275536	0.1600409932434559
ENST00000201031.3	0.6033557951450348	0.5667219161987305
ENST00000202017.6	1.1508991122245789	1.0720266997814178
ENST00000202677.12	-0.7078130046526591	-0.7381381491820017
ENST00000202917.10	0.09479423612356186	0.5021359026432037
ENST00000203001.7	0.4332848787307739	0.5478599468866985
ENST00000203166.10	0.12051763385534286	0.23039213567972183
ENST00000203407.6	0.5411237478256226	1.0066067576408386
ENST00000203556.9	-0.3057742640376091	-0.518595278263092
ENST00000204517.11	0.5744183907906215	0.5993324518203735
ENST00000204549.9	0.2645405506094297	0.33936256915330887
ENST00000204679.9	0.2081662168105443	0.4735428442557653
ENST00000204961.5	0.8257758021354675	0.4844442903995514
ENST00000205636.4	0.7278484106063843	0.8065532445907593
ENST00000206451.11	1.5051972667376199	1.1435842315355935
ENST00000206542.9	0.83712337911129	0.6060286611318588
ENST00000207870.8	0.5855678170919418	0.375827319920063
ENST00000209873.9	0.3077750653028488	0.097296804189682
ENST00000209884.5	0.25961636006832123	0.19672379704813164
ENST00000210444.6	0.7693435698747635	0.406538899987936
ENST00000211287.9	0.35195677541196346	0.18667283188551664
ENST00000212015.11	0.17230338603258133	0.2299085184931755
ENST00000214869.7	0.578362226486206	0.8656873206297557
ENST00000215567.10	0.7229799628257751	0.865305557847023
ENST00000215570.8	1.2813321352005005	1.435339868068695
ENST00000215574.9	0.5942856967449188	0.5144416466355324
ENST00000215659.13	-0.04174796678125858	0.04994669184088707
ENST00000215790.12	-0.1356522397448619	-0.3381061280767123
ENST00000215793.13	0.6707730889320374	0.634751096367836
ENST00000215882.10	0.747483640909195	0.6647384166717529
ENST00000215904.7	0.23505882546305656	0.07430062256753445
ENST00000215906.6	-0.3556820824742317	-0.5577230155467987
ENST00000215912.10	0.6627830415964127	0.6373465657234192
ENST00000215941.9	0.7515133619308472	0.28781092166900635
ENST00000215957.10	-0.7285665452480317	-0.578775903582573
ENST00000216027.8	0.3619259372353554	0.25990406423807144
ENST00000216039.9	-0.030488869873806834	-0.12847859598696232
ENST00000216085.12	-0.35373392701148987	-0.07841852307319641
ENST00000216106.6	-0.13164221930007142	0.010984045763810476
ENST00000216117.9	0.5270279683172703	0.3673321600072086
ENST00000216121.12	0.6629649624228477	0.8889417946338654
ENST00000216122.9	0.5226774364709854	0.5609434942404429
ENST00000216129.7	-0.2034902712330222	-0.5302222594618797
ENST00000216133.10	0.5161520466208458	0.10945291258394718
ENST00000216146.9	0.6325131580233574	1.014927625656128
ENST00000216160.11	0.2985582736631235	0.4262805233399073
ENST00000216181.11	0.35731977596879005	0.4067973829805851
ENST00000216218.8	1.0935255487759907	1.258902907371521
ENST00000216225.9	1.6432228088378906	1.5451244115829468
ENST00000216237.10	0.24602118134498596	0.15243995189666748
ENST00000216252.4	1.0552266836166382	1.239712804555893
ENST00000216254.9	0.8100229650735855	0.6888972222805023
ENST00000216259.8	0.6195798963308334	0.6769917011260986
ENST00000216264.13	-0.5532037317752838	-0.6319867074489594
ENST00000216277.12	-0.2883910462260246	-0.034060146659612656
ENST00000216294.5	0.39950529734293616	0.42399261395136517
ENST00000216297.7	0.716236524283886	0.8550814911723137
ENST00000216373.10	-0.8218015432357788	-0.8031273186206818
ENST00000216392.8	0.6954326927661896	0.7121579647064209
ENST00000216410.8	0.8166696578264236	0.6405235901474953
ENST00000216446.9	0.42060332000255585	0.10969967674463987
ENST00000216468.8	0.5702343046665191	0.22905022501945496
ENST00000216471.4	-0.15843260195106268	0.19587755110114813
ENST00000216479.8	0.521834063033263	0.8460502823193867
ENST00000216484.6	0.622696191072464	0.469179168343544
ENST00000216639.8	0.8595414757728577	0.7228911370038986
ENST00000216780.9	0.2066322699189186	0.47908283174037936
ENST00000216797.10	0.40991660207509995	0.19077839329838753
ENST00000216802.10	1.1368983685970306	0.832440972328186
ENST00000216807.12	0.747615396976471	0.6515251696109772
ENST00000216832.9	0.20913346484303474	0.5337717607617378
ENST00000216879.8	-0.09349279524758458	-0.1414217185229063
ENST00000216962.9	0.7131287157535553	0.7320611923933029
ENST00000216968.5	0.6664309352636337	0.3515477702021599
ENST00000217026.5	-0.8047015070915222	-0.5387744307518005
ENST00000217109.9	0.8631505131721497	0.7244199037551879
ENST00000217131.6	0.22785329818725586	0.7790431380271912
ENST00000217289.8	0.15188922236363095	0.2285305311282476
ENST00000217402.3	1.0162297040224075	1.1910495460033417
ENST00000217426.7	1.18953275680542	1.189740628004074
ENST00000217455.9	0.19249766195813814	0.31179823726415634
ENST00000217901.10	1.0173643976449966	0.7142703980207443
ENST00000217958.8	1.4594351450602212	0.6850906014442444
ENST00000217971.8	1.3703211148579917	1.3067487279574075
ENST00000218104.6	0.01776107307523489	-0.156346894800663
ENST00000218230.6	0.5767872780561447	0.7382477074861526
ENST00000218340.4	0.924240231513977	0.7613478899002075
ENST00000218348.7	0.2937097102403641	0.12599535907308262
ENST00000219069.6	-0.8687603771686554	-1.0201303362846375
ENST00000219070.9	-0.026981821283698082	0.729592889547348
ENST00000219204.8	0.17173223818341893	0.3270543602605661
ENST00000219240.9	0.35370881110429764	0.530598022043705
ENST00000219252.10	0.6536053717136383	0.8179808557033539
ENST00000219271.4	-0.21735053439624608	0.2653527855873108
ENST00000219299.8	0.5554011762142181	0.40191270411014557
ENST00000219313.9	1.5838969349861145	1.157368153333664
ENST00000219345.10	0.4545106043418249	0.6294962863127391
ENST00000219473.11	-0.260508269071579	-0.45009592175483704
ENST00000219548.9	0.3803531974554062	-0.28133106231689453
ENST00000219611.7	-0.7949056327342987	-1.0156918366750083
ENST00000219782.10	-0.5718280971050262	-0.43049633502960205
ENST00000219837.12	0.7007290124893188	0.5084396302700043
ENST00000220325.9	0.526045913497607	0.8134230375289917
ENST00000220496.9	0.6060704588890076	0.36883730441331863
ENST00000220509.10	-0.06813827902078629	-0.04972929321229458
ENST00000220531.9	0.9709151188532512	0.7837201456228893
ENST00000220562.9	-0.7785216122865677	-0.5967171937227249
ENST00000220751.5	-0.10577215068042278	-0.017550920136272907
ENST00000220763.10	0.189181849360466	0.22651898860931396
ENST00000220772.8	0.6359843164682388	0.6700094193220139
ENST00000220822.12	0.12619810551404953	0.38714703917503357
ENST00000220853.8	0.847112774848938	0.769776314496994
ENST00000220913.10	0.698562502861023	0.2433900088071823
ENST00000220959.8	-0.20328350737690926	-0.3643626272678375
ENST00000221086.8	0.37444670746723807	0.11609892298777899
ENST00000221138.9	0.23970934748649597	0.7535277903079987
ENST00000221200.9	0.8611893653869629	0.4584454447031021
ENST00000221233.9	0.6477074027061462	0.4556068554520607
ENST00000221459.7	0.8477059185504914	0.6595049321651458
ENST00000221462.9	-0.8226993183294933	-0.8913653790950775
ENST00000221480.6	0.4785166382789612	0.6928332298994064
ENST00000221486.6	0.6225675940513611	0.16799941658973694
ENST00000221494.10	0.2761351764202118	0.6846427321434021
ENST00000221543.10	0.19013215601444244	0.0022140610963106155
ENST00000221566.7	1.0570465922355652	1.210599958896637
ENST00000221855.8	1.3389323353767395	0.8570196131865184
ENST00000221930.6	0.1448739767074585	0.4684041142463684
ENST00000221980.5	-0.01727291072408358	0.32394031776736176
ENST00000222005.7	0.9445077180862427	0.6521859690546989
ENST00000222122.10	0.19129024259746075	0.2663940037600696
ENST00000222219.8	0.18800774472765625	0.6621363908052444
ENST00000222329.9	0.2976871579885483	-0.06845754012465477
ENST00000222374.3	-0.024281274527311325	0.19022339209914207
ENST00000222399.11	0.012561650946736336	0.4125901535153389
ENST00000222402.8	0.7593666613101959	1.104030728340149
ENST00000222482.10	0.7834868654608727	1.0822628140449524
ENST00000222511.11	0.8664385676383972	0.5148102641105652
ENST00000222543.11	0.7821384370326996	1.0697749853134155
ENST00000222547.8	1.6853644251823425	1.2215279340744019
ENST00000222553.8	0.6802409887313843	0.45053665339946747
ENST00000222567.6	0.8611045777797699	0.7801654040813446
ENST00000222573.5	0.05890954099595547	0.05160186067223549
ENST00000222584.8	0.0837218426167965	0.3750942498445511
ENST00000222693.5	0.8949388861656189	0.8677181378006935
ENST00000222725.10	0.34382741898298264	-0.06429086718708277
ENST00000222800.7	0.32422245293855667	0.3637365624308586
ENST00000222803.10	0.8978843465447426	1.204236090183258
ENST00000222812.8	0.8905995786190033	0.840593010187149
ENST00000222990.8	0.041350627318024635	0.25094085435072583
ENST00000223023.5	0.3627732594807943	0.08762113501628241
ENST00000223029.8	0.6548582017421722	0.9205136597156525
ENST00000223061.6	0.45245974510908127	0.48927800357341766
ENST00000223095.5	0.5259048839410145	0.8426211078961691
ENST00000223127.8	0.11002040157715479	0.16211084897319478
ENST00000223136.5	1.370887041091919	0.7201799154281616
ENST00000223145.10	0.04549884330481291	0.16992602869868279
ENST00000223208.10	0.6714205046494801	0.4815163264671961
ENST00000223357.8	-0.14392680030626556	0.2621990938981374
ENST00000223369.3	0.4419974684715271	0.6138641685247421
ENST00000223641.5	1.554645578066508	1.3170271118481953
ENST00000224073.6	1.646594226360321	1.1681167483329773
ENST00000225171.7	0.5005186647176743	0.3225593529641628
ENST00000225174.8	0.9608472228050232	0.8720855474472046
ENST00000225235.5	-0.10183044150471687	0.11514444276690483
ENST00000225296.8	0.1868347590789199	0.042621963657438755
ENST00000225298.12	0.35776738449931145	0.4186329208314419
ENST00000225525.4	1.2204806208610535	0.5984953343868256
ENST00000225655.6	1.6615156829357147	1.838438630104065
ENST00000225665.12	0.9323640465736389	0.7737972140312195
ENST00000225698.8	0.8509708940982819	1.1473670303821564
ENST00000225719.9	0.2487294003367424	0.4459751322865486
ENST00000225728.8	1.2716360539197922	1.1391421556472778
ENST00000225737.11	-0.1775989681482315	-0.5442582219839096
ENST00000225916.10	-0.6496909707784653	-0.5886070132255554
ENST00000225927.7	-0.253287173807621	0.04507183358073234
ENST00000225964.10	0.5265526622533798	0.4400843679904938
ENST00000225972.8	0.6418674886226654	0.6780818104743958
ENST00000226004.8	0.8845731616020203	0.6357574984431267
ENST00000226091.3	-0.07851191610097885	-0.0646139346063137
ENST00000226105.11	0.2165177265803019	0.42963573833306634
ENST00000226225.7	0.4177781641483307	0.0978529304265976
ENST00000226230.8	0.8729099035263062	0.9932751953601837
ENST00000227155.9	0.8420266360044479	1.2306606471538544
ENST00000227266.10	0.7438034812609355	0.7940113842487335
ENST00000227322.8	0.7148089210192362	0.6678673724333446
ENST00000227471.7	0.041003636394937835	0.0832955650985241
ENST00000227507.3	0.9738697409629822	0.6248583892981212
ENST00000227524.9	0.4941558204591274	0.7388724908232689
ENST00000227638.8	0.6084848940372467	0.3912896662950516
ENST00000227756.5	0.15104095079004765	0.21736882999539375
ENST00000228251.9	0.4670081287622452	1.020988623301188
ENST00000228425.11	0.22768563777208328	0.022775480523705482
ENST00000228495.11	0.6837032735347748	0.7558282613754272
ENST00000228506.8	0.11165580805391073	0.02501259744167328
ENST00000228705.7	0.294742651283741	0.021865151822566986
ENST00000228740.7	0.41270042210817337	0.5145525559782982
ENST00000228799.7	0.705204039812088	0.34796853860219323
ENST00000228825.12	0.9031971096992493	1.1660627126693726
ENST00000228827.8	0.981935441493988	0.8507248560587566
ENST00000228872.9	0.9264685213565826	0.8827694952487946
ENST00000228922.11	0.4726098030805588	0.26778389513492584
ENST00000228928.12	-0.08053702488541603	0.42220403254032135
ENST00000229179.9	0.20906073413789272	0.30182590894401073
ENST00000229266.8	-0.5316771020491917	-0.244170052309831
ENST00000229314.10	1.289101630449295	1.4628503322601318
ENST00000229329.7	0.3208514004945755	0.043951619416475296
ENST00000229330.9	0.30793561041355133	0.3200211822986603
ENST00000229340.10	1.2499622702598572	0.9470950812101364
ENST00000229390.8	0.24720284342765808	0.4730101525783539
ENST00000229595.6	1.0564379890759787	0.9705529113610586
ENST00000229633.7	1.069090078274409	0.8895376920700073
ENST00000229794.8	0.6101913079619408	0.48759912699460983
ENST00000229812.8	0.5159487724304199	0.47933462262153625
ENST00000229903.5	0.871880330145359	0.8106249421834946
ENST00000229922.7	0.5341832389434179	0.9536521136760712
ENST00000230050.4	1.7672632336616516	1.9018933475017548
ENST00000230085.13	0.7821537057558695	0.6549445291360219
ENST00000230124.8	-0.020786834880709648	-0.21699927002191544
ENST00000230340.9	0.3834316283464432	0.5362680852413177
ENST00000230419.9	-0.26149651035666466	-0.052297087386250496
ENST00000230431.11	0.7778641879558563	0.5475699007511139
ENST00000230461.11	0.39689984917640686	1.1825242042541504
ENST00000230640.10	0.24608743749558926	0.5066173026959101
ENST00000230771.9	0.5974230170249939	0.7733352184295654
ENST00000230792.7	0.5593899488449097	0.5198027044534683
ENST00000230895.11	1.3959836512804031	0.9209733307361603
ENST00000231004.5	0.684741884469986	0.7069934606552124
ENST00000231061.9	0.8061923682689667	1.3115577697753906
ENST00000231198.12	0.7468826323747635	0.6510700583457947
ENST00000231498.8	0.007884658873081207	0.04392276145517826
ENST00000231512.5	0.8618016839027405	0.936938688158989
ENST00000231572.8	0.6713936030864716	0.6937833925088246
ENST00000231790.8	0.32924045622348785	0.3575670123100281
ENST00000231887.8	0.26913856714963913	0.307448111474514
ENST00000231948.8	0.3063336592167616	0.341175377368927
ENST00000232501.8	0.6973550319671631	0.3876504898071289
ENST00000232607.7	0.7343877106904984	0.49036267399787903
ENST00000232744.13	0.34993506968021393	0.16979961097240448
ENST00000232766.6	0.2669817805290222	0.2509176880121231
ENST00000232905.4	1.6850606997807822	1.6047386527061462
ENST00000232974.11	-0.250209437062343	-0.49799675991137826
ENST00000232975.8	1.5856541395187378	1.1884536743164062
ENST00000232978.13	-0.3481850288808346	-0.26042763609439135
ENST00000233027.10	-0.5942897001902262	-0.7835245728492737
ENST00000233099.6	-0.014383201487362385	-0.12708392925560474
ENST00000233121.7	1.1882566511631012	0.8126932233572006
ENST00000233146.7	0.3702490106225014	0.328464038670063
ENST00000233468.5	1.7562260031700134	1.2964671850204468
ENST00000233535.9	-0.3187205493450165	-0.020025189965963364
ENST00000233575.7	-0.006998794968239963	-0.10025512427091599
ENST00000233596.8	0.9090118110179901	1.3195064663887024
ENST00000233627.14	1.113872542977333	0.9877891540527344
ENST00000233668.9	-0.6834200819333395	-0.7301561882098516
ENST00000233809.9	0.5602231100201607	0.6205781847238541
ENST00000233813.5	0.6771521456539631	0.8637425601482391
ENST00000233838.9	0.19220616668462753	0.39175913482904434
ENST00000233893.10	1.681901603937149	2.1306724548339844
ENST00000234160.5	0.6080763787031174	0.7022272050380707
ENST00000234170.10	0.3135744035243988	0.4127890169620514
ENST00000234256.4	0.7500417232513428	0.5145152807235718
ENST00000234296.7	0.022286181338131428	0.20804670763512453
ENST00000234420.11	0.09567058086395264	-0.2673942744731903
ENST00000234454.6	0.3601232022047043	0.7863039672374725
ENST00000234590.10	1.196391373872757	1.1001474658648174
ENST00000234677.7	0.6689669668674469	0.757743376493454
ENST00000235090.10	0.43131712824106216	0.538992390036583
ENST00000235307.7	0.5958743542432785	0.5420899093151093
ENST00000235332.6	-0.1281941079068929	-0.27109402418136597
ENST00000235345.6	0.56471798568964	0.6496257036924362
ENST00000235382.7	0.7123565524816513	0.4024067223072052
ENST00000235521.4	0.9589290916919708	0.6813600957393646
ENST00000235835.7	0.8739433288574219	0.7607181966304779
ENST00000236273.9	0.947980098426342	0.9319028407335281
ENST00000236959.14	0.8153654038906097	0.6949137449264526
ENST00000237283.9	1.1925915877024331	0.9276241163412731
ENST00000237530.11	0.5629696249961853	1.0547780394554138
ENST00000237596.7	-0.10765983909368515	-0.06142633967101574
ENST00000237642.6	0.4058721661567688	0.09646830335259438
ENST00000237822.8	0.4600742533802986	0.4501129041115443
ENST00000237853.9	-0.006943294778466225	-0.052848865278065205
ENST00000238112.8	0.5526529736816883	0.405082032084465
ENST00000238146.9	0.39358461648225784	0.47986967861652374
ENST00000238497.10	0.9259066581726074	0.8610775172710419
ENST00000238561.10	0.5904487743973732	0.3229078784584999
ENST00000238616.10	0.4576350897550583	0.06884121149778366
ENST00000238647.5	-0.19378564320504665	0.351009838283062
ENST00000238667.9	0.5124666094779968	0.5595382563769817
ENST00000238682.7	0.23731866385787725	0.3495166189968586
ENST00000238714.8	0.1611500382423401	0.379850335419178
ENST00000238738.9	-0.15129111086328823	0.12626582694550356
ENST00000238789.10	-0.29464098811149597	0.27893245220184326
ENST00000238823.13	0.5448055155575275	0.8611180409789085
ENST00000238875.10	0.7316120862960815	0.8581165075302124
ENST00000238892.4	1.7227123379707336	1.4387472867965698
ENST00000239223.4	0.5864012837409973	0.5648536086082458
ENST00000239440.9	-0.7308714886506398	-0.832272082567215
ENST00000239690.9	0.38523296266794205	0.4465028718113899
ENST00000239878.9	1.5888966917991638	1.4430322051048279
ENST00000239891.4	0.13549235463142395	0.06545027159154415
ENST00000240123.11	-0.3929821029305458	-0.5357822328805923
ENST00000240185.8	0.6563826501369476	0.7938555777072906
ENST00000240285.10	0.5435102805495262	0.33304881677031517
ENST00000240316.5	0.2229273859411478	0.3565220460295677
ENST00000240328.4	-0.4378889799118042	-0.2717311829328537
ENST00000240364.7	0.1502681002020836	0.07695676386356354
ENST00000240423.9	0.37844187021255493	0.33439095318317413
ENST00000240488.8	0.5570549592375755	0.7162032723426819
ENST00000240587.5	-0.01652893563732505	-0.3772568702697754
ENST00000240617.10	0.2754601687192917	0.376786295324564
ENST00000240651.14	0.7157415797313054	0.6022726496060689
ENST00000241052.5	0.9063054472208023	0.7213679105043411
ENST00000241261.7	0.6032959123452504	0.6168199678262075
ENST00000241337.9	1.1063693165779114	1.4120371341705322
ENST00000241393.4	0.9684198200702667	0.6252625286579132
ENST00000241436.8	-0.0341102946549654	-0.5028880337874094
ENST00000241502.9	0.7035004794597626	0.9780669808387756
ENST00000242209.9	0.7422237694263458	0.7690186202526093
ENST00000242248.10	0.16223072074353695	-0.3097837269306183
ENST00000242465.4	1.2056845227877298	1.217898190021515
ENST00000242576.7	0.3500530570745468	0.6043984293937683
ENST00000242592.9	0.47067244350910187	0.5088147073984146
ENST00000242728.5	0.3816966464122137	0.4885372221469879
ENST00000242729.6	0.6509464532136917	0.6569579690694809
ENST00000242776.9	0.7929387390613556	1.0601704865694046
ENST00000242784.5	0.8646411776542664	0.4519353166222572
ENST00000242786.6	0.1417643278837204	0.2324974127113819
ENST00000242848.8	-0.420552771538496	-0.006087998393923044
ENST00000243108.5	0.6825377941131592	0.7098268270492554
ENST00000243167.9	0.12392017804086208	0.2554381676018238
ENST00000243253.8	0.8342966884374619	1.0735215246677399
ENST00000243298.3	1.214092195034027	0.9359154403209686
ENST00000243346.10	0.5971368849277496	0.700920820236206
ENST00000243347.5	0.8728470578789711	0.7908753678202629
ENST00000243498.10	0.6688644587993622	0.5443911055723827
ENST00000243501.10	0.31661754064261916	0.6134510815143586
ENST00000243563.8	1.1559616327285767	1.1681334376335144
ENST00000243578.8	0.6581194251775742	0.5073645263910294
ENST00000243662.11	1.029050052165985	0.8205447345972061
ENST00000243878.9	-0.08199884556233883	-0.17486806586384773
ENST00000244040.4	0.009872106835246086	-0.09494336880743504
ENST00000244043.5	0.19814948458224535	0.26508938521146774
ENST00000244051.3	0.5733195543289185	0.5305350422859192
ENST00000244137.12	0.7648133933544159	0.6394365578889847
ENST00000244221.9	1.1994734033942223	1.2003777921199799
ENST00000244230.7	0.23792080953717232	0.47928160429000854
ENST00000244289.9	-0.7320758402347565	-0.5589516907930374
ENST00000244520.10	1.2533621191978455	1.2863046824932098
ENST00000245105.8	-0.8242211192846298	-0.7863073647022247
ENST00000245206.10	0.9065447449684143	1.0049475530783334
ENST00000245304.5	0.17796150843302408	0.3980200340350469
ENST00000245407.8	0.09591290975610416	0.44987211624781287
ENST00000245479.3	0.6725424230098724	0.736880898475647
ENST00000245539.11	0.5777566805481911	0.8894485533237457
ENST00000245544.9	0.24316765367984772	0.16372135281562805
ENST00000245552.7	0.40234870836138725	0.2909855665639043
ENST00000245564.8	-0.12269874848425388	0.044259834103286266
ENST00000245812.8	-0.09812472946941853	0.18621617183089256
ENST00000245816.11	0.5561832338571548	0.7836425304412842
ENST00000245932.11	0.5753965477148693	0.712687224149704
ENST00000245934.12	-0.014886838694413502	0.07812651619315147
ENST00000246024.7	0.9620285034179688	0.5916391015052795
ENST00000246069.12	1.5224186778068542	1.2180902163187661
ENST00000246117.9	-0.4251309484243393	-0.008671216666698456
ENST00000246151.9	0.5190642476081848	0.6449429392814636
ENST00000246166.3	0.47527373830477393	0.4399809340635935
ENST00000246190.10	0.21995795331895351	0.21598504576832056
ENST00000246194.8	0.686610201994578	0.7834705213705698
ENST00000246229.5	-0.46568679312864936	-0.6967654128869374
ENST00000246535.4	0.34731559455394745	0.031454363465309144
ENST00000246548.9	0.4764684587717056	0.7674171030521393
ENST00000246792.4	0.8497443199157715	0.5440273880958557
ENST00000246868.7	1.5876315236091614	1.2017892599105835
ENST00000247020.9	0.9219967722892761	1.296941339969635
ENST00000247191.7	0.013446643948554993	0.34329017996788025
ENST00000247194.9	0.748166099190712	0.4099946469068527
ENST00000247225.7	0.40498800575733185	0.5260211154818535
ENST00000247291.8	1.5884542763233185	0.634642481803894
ENST00000247470.10	0.9396118521690369	1.1814584136009216
ENST00000247665.12	1.6001776456832886	1.5211979150772095
ENST00000247668.7	0.22763896733522415	0.10960999317467213
ENST00000247833.11	-0.23812276497483253	-0.06890471233054996
ENST00000247843.7	0.6349823921918869	0.5557031370699406
ENST00000247933.9	0.17451405401031178	-0.14125364273786545
ENST00000247977.9	0.29471074789762497	0.11288011260330677
ENST00000248054.9	-0.19066202826797962	-0.1922907456755638
ENST00000248071.6	0.47151895860830945	0.6923901041348774
ENST00000248121.7	0.36397407203912735	0.7747528254985809
ENST00000248244.5	-0.6438296884298325	-0.5161464288830757
ENST00000248248.8	-0.2597724298636119	-0.44698545088370645
ENST00000248306.8	0.3146835118532181	0.04327407851815224
ENST00000248437.9	1.0830231308937073	1.3579700589179993
ENST00000248553.7	1.1482603549957275	1.404115617275238
ENST00000248564.6	1.2508048750460148	1.5111700892448425
ENST00000248594.11	0.0001402171328663826	0.019107282161712646
ENST00000248846.10	-0.1481296345591545	-0.4783714562654495
ENST00000248924.10	-0.196359995752573	0.2463771291077137
ENST00000248958.5	0.00015253014862537384	0.11728446930646896
ENST00000248975.6	1.4142509698867798	1.0705028176307678
ENST00000249014.5	-0.5506538562476635	-0.6303053982555866
ENST00000249064.9	0.7784616649150848	0.4925203174352646
ENST00000249269.9	0.6751053035259247	1.060354769229889
ENST00000249289.5	1.604229062795639	1.544435203075409
ENST00000249344.7	0.07357417792081833	0.029344304464757442
ENST00000249356.4	1.0036233961582184	1.3087156414985657
ENST00000249442.11	0.5025733262300491	0.8134751856327057
ENST00000249636.10	0.157477923668921	0.15904548717662692
ENST00000249647.8	1.1478161811828613	1.110561490058899
ENST00000249700.9	0.4433933012187481	0.4238523505628109
ENST00000249750.9	0.7519823610782623	0.6126022040843964
ENST00000249806.11	-0.06379138678312302	0.08731653168797493
ENST00000249883.9	0.02618262288160622	-0.07721054119368395
ENST00000250092.11	0.4395736753940582	1.124342441558838
ENST00000250101.10	1.2249284237623215	1.4202395528554916
ENST00000250111.9	1.3082211315631866	1.5737993121147156
ENST00000250113.12	-0.5000369101762772	-0.35319380462169647
ENST00000250237.10	0.4217089116573334	0.3897036463022232
ENST00000250340.9	0.5441123843193054	0.8556056916713715
ENST00000250383.11	0.3995818942785263	0.40889822691679
ENST00000250448.5	0.160644647354881	0.34684617475916946
ENST00000250495.10	1.7576228857040406	1.7545554637908936
ENST00000250535.5	1.004808560013771	0.8206669688224792
ENST00000250617.7	0.060537039302289486	0.07926736120134592
ENST00000250894.8	-0.1743093679348628	-0.1963713951408863
ENST00000251047.6	0.6682071164250374	0.9676943942904472
ENST00000251089.8	0.2016283255070448	0.09996258839964867
ENST00000251108.10	-0.13298874720931053	0.03250233083963394
ENST00000251241.9	0.06575453747063875	0.04638563049957156
ENST00000251287.3	-0.6428087502717972	-0.9433756172657013
ENST00000251412.8	0.629934772849083	0.44400546699762344
ENST00000251413.8	0.5063224956393242	0.6747798472642899
ENST00000251453.8	1.694044291973114	1.5240175426006317
ENST00000251496.7	0.18228572234511375	0.39718931168317795
ENST00000251507.8	0.07020807266235352	-0.10583443101495504
ENST00000251582.12	-0.8280047625303268	-0.5701385289430618
ENST00000251636.10	-0.23537763208150864	-0.11915449798107147
ENST00000251810.8	0.770451823870341	0.9833230276902517
ENST00000251871.9	0.19824225455522537	0.30270432929197943
ENST00000251900.9	-0.11091752536594868	-0.003915466833859682
ENST00000251968.4	0.6257374882698059	0.7592798471450806
ENST00000252032.9	0.049340843223035336	-0.17259244062006474
ENST00000252050.9	-0.35892723500728607	-0.45486918091773987
ENST00000252102.9	1.6786723136901855	1.7453767776489257
ENST00000252108.8	-0.08979218453168869	0.09271136671304703
ENST00000252115.10	0.6589802354574203	0.6304677426815033
ENST00000252288.8	0.2984176427125931	0.4511078745126724
ENST00000252456.7	1.03694349527359	1.001004934310913
ENST00000252486.9	0.5175137172142665	1.2142174243927002
ENST00000252542.9	0.04287816770374775	0.38206546008586884
ENST00000252593.7	1.0681859105825424	0.8678672611713409
ENST00000252599.9	0.27369581162929535	0.37033358216285706
ENST00000252603.7	0.24330924078822136	0.5388048961758614
ENST00000252622.15	1.636519193649292	1.7403745353221893
ENST00000252804.9	-0.1477814018726349	0.4072480648756027
ENST00000252826.10	-0.3719600588083267	-0.44655192270874977
ENST00000252891.8	-0.6003503426909447	-0.2475130446255207
ENST00000252934.10	0.9865296185016632	0.7181313037872314
ENST00000252984.11	0.11734906956553459	0.23976588901132345
ENST00000253023.8	0.9570055703322093	0.5602942357460658
ENST00000253063.4	0.30073841847479343	0.207360758096911
ENST00000253108.9	0.8111959099769592	0.6587183624505997
ENST00000253122.10	-0.6890270709991455	-0.3648063689470291
ENST00000253237.10	0.3354578763246536	0.7735550403594971
ENST00000253329.3	0.8761792480945587	0.40931516885757446
ENST00000253407.4	0.6201911568641663	0.5365424938499928
ENST00000253457.8	0.7083516746759415	0.4789783090353012
ENST00000253458.12	-0.14240161515772343	-0.37583504244685173
ENST00000253462.8	0.840542862812678	0.9464615980784098
ENST00000253496.3	-0.08058031871914864	0.07773799523711206
ENST00000253686.7	0.9098406881093979	1.0441366136074066
ENST00000253693.7	0.17700503394007683	0.07795067504048347
ENST00000253778.13	0.4897946655750275	0.5024965733289719
ENST00000253794.7	1.089115098118782	0.8662461042404175
ENST00000253796.10	0.9016564190387726	0.8476232290267944
ENST00000253814.6	1.204036295413971	0.8352579176425934
ENST00000253861.5	0.2306537963449955	-0.010710392147302628
ENST00000253925.11	-0.45979177951812744	-0.5637229681015015
ENST00000254029.8	0.38893144205212593	0.24737072736024857
ENST00000254101.4	0.8270240724086761	0.6330153048038483
ENST00000254190.4	-0.6024020612239838	-0.6575580835342407
ENST00000254193.11	1.0653019696474075	0.9977234452962875
ENST00000254260.8	0.24014630789558095	0.1504780488709609
ENST00000254286.9	0.5252119600772858	0.5506807863712311
ENST00000254301.14	0.7719252705574036	1.230602204799652
ENST00000254337.10	0.12679632008075714	-0.09698319807648659
ENST00000254436.8	0.2496621422469616	0.14788152277469635
ENST00000254508.7	-0.4014485031366348	-0.21631690859794617
ENST00000254521.7	0.490954227745533	0.3242307975888252
ENST00000254528.4	-0.21394938106338185	0.12986600833634535
ENST00000254605.11	0.2726811021566391	0.19021861255168915
ENST00000254624.10	-0.3532279133796692	-0.4113151580095291
ENST00000254654.8	0.4960960727185011	0.4200523868203163
ENST00000254657.8	-0.23373928107321262	-0.19661303982138634
ENST00000254661.5	0.9344846159219742	0.7049277126789093
ENST00000254719.10	0.5776730179786682	1.0425798296928406
ENST00000254722.9	0.376765713095665	0.6739805936813354
ENST00000254730.11	0.23282884508371354	0.11045090751722456
ENST00000254770.2	0.1749614253640175	0.0062052407301962376
ENST00000254799.11	0.631179217249155	0.7657738476991653
ENST00000254803.4	0.6703638434410095	0.6168736517429352
ENST00000254816.6	-0.10703535191714764	-0.02741854451596737
ENST00000254878.8	0.9700678586959839	1.341151475906372
ENST00000254900.9	0.22126782685518265	-0.0152183019866546
ENST00000254942.8	0.23733235771457356	0.15554707249005637
ENST00000254950.13	0.06255730241537094	0.2901541590690613
ENST00000254958.10	-0.020187475718557835	0.2550642490386963
ENST00000254998.3	0.6978534609079361	0.6010538712143898
ENST00000255006.11	-0.14689225470647216	-0.08656464610248804
ENST00000255078.8	-0.07582859322428703	-0.21436775103211403
ENST00000255087.10	-0.3768669106066227	-0.3762452006340027
ENST00000255108.8	0.05117740482091904	-0.13017171993851662
ENST00000255152.3	-0.023636450059711933	0.06494457367807627
ENST00000255476.3	0.5141734033823013	0.5389205614725749
ENST00000255499.3	0.5330419639746348	0.28732216606537503
ENST00000255559.7	0.3146410584449768	0.4601256847381592
ENST00000255613.8	-0.3171875799695651	-0.7664431929588318
ENST00000255641.13	-0.5295676738023758	-0.5137787684798241
ENST00000255764.4	1.1198302507400513	1.1265426874160767
ENST00000255784.5	0.7006286829710007	0.7865879684686661
ENST00000255882.11	-0.5671647191047668	-0.5414810031652451
ENST00000255977.7	0.20777425169944763	0.24988366337493062
ENST00000256001.13	0.33469316363334656	0.19109315518289804
ENST00000256015.5	0.9048331777254741	0.737510581811269
ENST00000256079.9	0.007565338164567947	0.5311916172504425
ENST00000256108.10	1.1686328450838723	0.773916482925415
ENST00000256190.12	-0.800727367401123	-1.0083788335323334
ENST00000256196.9	0.9410409927368164	0.36778126657009125
ENST00000256319.7	1.1671868115663528	1.2436041931311288
ENST00000256367.3	0.4921983629465103	0.14727025479078293
ENST00000256398.13	0.3838437795639038	0.20810333639383316
ENST00000256429.8	-0.172658309340477	-0.23143532127141953
ENST00000256458.5	0.24220295809209347	0.021183746168389916
ENST00000256460.8	0.4550969898700714	0.2649255394935608
ENST00000256495.4	0.3518995065242052	0.34994079172611237
ENST00000256497.9	0.10295108705759048	0.20847408287227154
ENST00000256538.9	0.9334384202957153	0.7291450202465057
ENST00000256544.8	-0.0631881058216095	-0.31242644041776657
ENST00000256637.8	0.04320415481925011	0.6583113670349121
ENST00000256689.10	0.8350267112255096	0.5508432164788246
ENST00000256854.10	0.4847033843398094	0.8970413208007812
ENST00000256897.9	0.5873160511255264	0.49712566286325455
ENST00000256996.9	0.020281540229916573	-0.1334671527147293
ENST00000256997.9	0.20142615834871927	0.41121781865755713
ENST00000257013.9	1.531262993812561	0.8278075605630875
ENST00000257181.10	0.22828139085322618	0.2857715431600809
ENST00000257215.10	-0.48169536888599396	-0.949737012386322
ENST00000257287.5	-0.27762081287801266	-0.0612008161842823
ENST00000257347.9	-0.0688305227085948	0.04476703982800245
ENST00000257552.7	0.3688947409391403	0.8441693782806396
ENST00000257570.9	0.18754801899194717	0.25287678837776184
ENST00000257700.7	-0.37089439630508425	-0.08492213413119316
ENST00000257770.8	0.8602903485298157	0.837928295135498
ENST00000257789.4	-0.0074824560433626175	0.110480647534132
ENST00000257836.4	0.1715429201722145	0.055928852409124374
ENST00000257915.10	0.3946743533015251	0.3078390397131443
ENST00000257940.7	0.28905023882786435	0.38916084418694175
ENST00000258083.3	0.4891519472002983	0.06426977179944515
ENST00000258091.10	1.326050579547882	0.9659138023853302
ENST00000258098.6	-0.31253374740481377	-0.47485873848199844
ENST00000258111.5	0.1578262746334076	-0.10723161697387695
ENST00000258145.8	0.5196843147277832	0.6067310869693756
ENST00000258173.11	0.6979578286409378	0.8763404190540314
ENST00000258201.9	-0.20897162208954495	-0.32033102214336395
ENST00000258214.3	-0.3559741973876953	-0.22034361958503723
ENST00000258243.7	-0.2641705684363842	0.04551657289266586
ENST00000258301.6	0.7467997471491497	0.752526452143987
ENST00000258341.5	0.05905146338045597	0.7382886409759521
ENST00000258381.10	-0.2777266080180804	-0.01342419038216273
ENST00000258415.9	0.13160653536518413	0.1680794892211755
ENST00000258416.8	0.5762069970369339	0.7479028522968292
ENST00000258424.3	1.7260318398475647	1.764649212360382
ENST00000258455.8	0.29774538427591324	0.5504519939422607
ENST00000258457.7	0.7621663510799408	0.5547324240207672
ENST00000258484.11	-0.44029086331526435	-0.6398478945096334
ENST00000258494.14	0.7819876819849014	0.4215227887034416
ENST00000258530.8	0.3582465499639511	0.012947502546012402
ENST00000258648.7	0.7600989639759064	0.7232144922018051
ENST00000258662.3	0.4878838211297989	0.7192162275314331
ENST00000258729.8	0.5447502930959065	0.534765288233757
ENST00000258742.10	0.11273825541138649	0.6377084851264954
ENST00000258884.5	0.215539388358593	0.10458150133490562
ENST00000258886.13	0.3116827756166458	0.09848062135279179
ENST00000258955.7	-0.4386752893527349	-0.5386756608883541
ENST00000258962.5	1.3282074332237244	1.723704993724823
ENST00000258975.7	0.36736081913113594	0.4747118055820465
ENST00000259008.7	-0.06649984264125428	-0.14885174265752238
ENST00000259037.8	1.478607714176178	1.6140192151069641
ENST00000259154.9	-0.11839110217988491	-0.5275283604860306
ENST00000259229.7	1.098825715482235	0.8093161433935165
ENST00000259241.7	-0.6663006246089935	-0.601701557636261
ENST00000259339.7	0.5963747501373291	0.7572298645973206
ENST00000259467.9	1.0129852195580802	0.4647173086802165
ENST00000259526.4	0.5546876043081284	0.7981185168027878
ENST00000259667.6	0.8962683081626892	0.8691616654396057
ENST00000259711.11	-0.5479652030127389	-0.6978344619274139
ENST00000259818.8	0.9130683938662211	1.2694388826688132
ENST00000259963.4	0.36152027547359467	0.4929649233818054
ENST00000260045.8	-0.372293584048748	-0.16988432966172695
ENST00000260102.9	0.4728386625647545	0.8339981585741043
ENST00000260129.6	0.3598394989967346	-0.01368002314120531
ENST00000260187.7	-0.46090297028422356	-0.5948531180620193
ENST00000260270.3	1.1294406354427338	0.8893479555845261
ENST00000260356.6	0.3182154595851898	0.5784904360771179
ENST00000260361.9	0.37594763934612274	0.3160071074962616
ENST00000260382.9	-0.5074816346168518	-0.6881186440587044
ENST00000260386.7	-0.4658372029662132	-0.6647220477461815
ENST00000260403.7	-0.0596725318270425	-0.10331493802368641
ENST00000260443.9	1.3429368138313293	1.500134575366974
ENST00000260447.6	1.2824110329151153	1.2914277195930481
ENST00000260453.4	0.40530235320329666	0.2461954727768898
ENST00000260526.11	-0.6193208595116934	-0.8246365189552307
ENST00000260570.8	0.23727674782276154	0.042088283225893974
ENST00000260600.9	0.17196891643106937	-0.1015736130066216
ENST00000260641.9	0.6563209593296051	0.9236973226070404
ENST00000260643.7	-0.10323803871870041	-0.10618976131081581
ENST00000260665.12	0.26673249900341034	0.48193851113319397
ENST00000260702.4	0.057267213240265846	0.17662778496742249
ENST00000260731.5	0.15211516618728638	0.06787853362038732
ENST00000260746.6	0.9590278938412666	1.0630087032914162
ENST00000260753.8	-0.35625699162483215	-0.10216398537158966
ENST00000260803.9	0.6596567233403524	0.07200556124250095
ENST00000260810.10	-0.23516465971867245	-0.42342567940553033
ENST00000260818.11	-0.3355849583943685	-0.24935421099265417
ENST00000260947.9	0.2744584083557129	0.17767725139856339
ENST00000261015.5	0.6104982011020184	0.6403590515255928
ENST00000261024.7	0.8640454212824504	0.6183670957883198
ENST00000261167.7	0.5591737478971481	0.5739237740635872
ENST00000261183.8	-0.38155696292718255	-0.39822718501091003
ENST00000261191.12	0.03570722974836826	0.05235185846686363
ENST00000261245.9	0.6040862500667572	0.5143181383609772
ENST00000261249.7	0.5083609148859978	0.392708919942379
ENST00000261254.8	0.8918085694313049	0.4966361870368322
ENST00000261313.3	1.2676634192466736	1.3533419966697693
ENST00000261326.6	-0.48421161373456323	-0.8106717169284821
ENST00000261366.10	0.5053409487009048	0.765391618013382
ENST00000261381.7	-0.36667051911354065	-0.4876096472144127
ENST00000261396.6	0.15801483392715454	0.20958510600030422
ENST00000261407.9	0.44683414697647095	0.609256237745285
ENST00000261413.9	0.3074491247534752	0.9308491945266724
ENST00000261416.12	0.2324666529893875	0.4741215333342552
ENST00000261427.10	1.0521961053212485	1.1161827047665913
ENST00000261439.9	-0.7318505346775055	-0.9943184554576874
ENST00000261455.8	0.5334906280040741	0.2443258836865425
ENST00000261461.7	-0.36230888962745667	0.1872871220111847
ENST00000261475.9	0.18931791558861732	0.11832325253635645
ENST00000261479.9	0.9774712771177292	1.3207632005214691
ENST00000261489.6	0.7543585300445557	0.9141259690125784
ENST00000261497.9	0.1195116676390171	-0.018704505637288094
ENST00000261499.10	0.6563826203346252	0.548724353313446
ENST00000261507.11	0.5878345593810081	1.0213147699832916
ENST00000261520.9	-0.40196728458007175	-0.3173725505669912
ENST00000261531.12	0.6371721774339676	0.5109421014785767
ENST00000261534.8	-0.07061285090943178	0.1939948896567027
ENST00000261537.6	0.20851927995681763	-0.19372054561972618
ENST00000261556.11	-0.09640669263899326	-0.04472763339678446
ENST00000261584.9	-0.8134219646453857	-0.4670584946870804
ENST00000261588.9	-0.08624635636806488	-0.47640010714530945
ENST00000261590.13	0.4334299564361572	0.5169955044984818
ENST00000261596.8	-0.09653431922197342	-0.21831682324409485
ENST00000261597.9	0.14509619027376175	0.2543831318616867
ENST00000261600.11	-0.10927707701921463	0.5144555568695068
ENST00000261622.5	-0.05501278738180797	0.21130435168743134
ENST00000261623.8	1.2158896327018738	1.0482101440429688
ENST00000261637.5	-0.37865523993968964	0.02445949148386717
ENST00000261647.10	0.2950716962416967	0.3612249940633774
ENST00000261653.10	-0.007778046652674675	0.3705103397369385
ENST00000261667.8	0.6363148242235184	0.7900104969739914
ENST00000261674.8	0.06886306280891101	-0.08836840279400349
ENST00000261681.9	-0.05043067783117294	0.15873321890830994
ENST00000261692.7	0.7653487920761108	0.688451886177063
ENST00000261700.8	1.1085472702980042	1.04594486951828
ENST00000261708.9	0.41606900095939636	0.5141155645251274
ENST00000261714.11	0.5230026990175247	0.6796822498242061
ENST00000261721.9	-0.21580040454864502	-0.40295039117336273
ENST00000261733.7	1.0145982503890991	0.7999866902828217
ENST00000261735.4	0.9254271984100342	1.4508166909217834
ENST00000261739.9	-0.11154882609844208	0.08242437615990639
ENST00000261769.10	0.7397106885910034	0.9281713366508484
ENST00000261772.13	0.7428827583789825	0.6314963400363922
ENST00000261776.10	-0.4027782706543803	-0.1573476381599903
ENST00000261783.4	0.6500396728515625	0.4874153832594553
ENST00000261797.7	-0.015305625274777412	0.04914693674072623
ENST00000261798.10	0.7307171821594238	0.7780642807483673
ENST00000261799.9	0.02315220981836319	0.04704514751210809
ENST00000261811.6	1.0271690785884857	1.4333132803440094
ENST00000261813.9	1.2263947526613872	1.4704885681470237
ENST00000261819.8	0.11847164295613766	0.1567279603332281
ENST00000261839.12	-0.38850225508213043	-0.30492693185806274
ENST00000261842.10	-0.4942474327981472	-0.45354844629764557
ENST00000261845.7	-0.1012867254515489	-0.3166515380144119
ENST00000261854.10	0.7048588742812474	0.6976843078931172
ENST00000261867.5	-0.2481684312224388	-0.2960655937592188
ENST00000261868.10	0.8328715016444524	0.9142274558544159
ENST00000261875.10	0.46357960502306617	0.9211263656616211
ENST00000261880.10	0.8611898571252823	0.5539243519306183
ENST00000261881.9	0.6569037437438965	0.5493839780489603
ENST00000261884.8	0.2745795100927353	0.06499587744474411
ENST00000261900.8	0.12189558893442154	0.0642661452293396
ENST00000261918.9	-0.46530844271183014	-0.15236175060272217
ENST00000261942.7	0.23949724435806274	0.39534930139780045
ENST00000262027.10	0.2807575762271881	0.36907199025154114
ENST00000262030.8	1.1735326647758484	0.8946417570114136
ENST00000262031.10	0.630049467086792	0.7115463316440582
ENST00000262039.9	0.34080222249031067	0.1825292706489563
ENST00000262056.13	0.6310766190290451	0.880941852927208
ENST00000262061.7	1.61600661277771	1.354569673538208
ENST00000262067.5	1.4072883526484172	1.2515283226966858
ENST00000262093.11	-0.02241884171962738	0.04721810668706894
ENST00000262094.10	0.8422092596689861	1.007919838031133
ENST00000262096.13	-0.26290036737918854	-0.41439387698968255
ENST00000262109.8	0.36017823591828346	0.4353032857179642
ENST00000262120.10	-0.028761228593066332	0.40533233284950254
ENST00000262127.7	0.10648962731162706	-0.007531916412214438
ENST00000262133.11	-0.7569609880447388	-0.5634596347808838
ENST00000262134.10	0.5272180438041687	0.6181748807430267
ENST00000262144.11	-0.11051745836933455	-0.2261010855436325
ENST00000262187.10	0.9145984351634979	0.3869609832763672
ENST00000262193.7	1.0391839891672134	1.35935840010643
ENST00000262210.9	-0.052069230626026794	0.09877683098117511
ENST00000262215.8	-0.3209931552410126	-0.2601383924484253
ENST00000262238.10	0.6183211803436279	-0.2963344156742096
ENST00000262241.7	0.6212100585301716	0.5594914754231771
ENST00000262244.6	0.25348033756017685	0.2221444696187973
ENST00000262288.8	0.3679090887308121	0.5642914474010468
ENST00000262302.14	0.2541787028312683	0.34451113641262054
ENST00000262316.10	-0.6301994621753693	-0.8965188264846802
ENST00000262319.11	-0.07945126667618752	0.08731859549880028
ENST00000262352.8	1.1822681427001953	0.7157751619815826
ENST00000262367.10	-0.9194593280553818	-0.5273986291140318
ENST00000262384.4	-0.5932659804821014	-0.7104151099920273
ENST00000262395.10	-0.2386370599269867	-0.16671771556138992
ENST00000262415.8	0.24585238471627235	0.2874501720070839
ENST00000262424.10	0.42890743166208267	0.7436636686325073
ENST00000262426.6	0.4255794882774353	0.2548452615737915
ENST00000262428.5	1.4501817226409912	1.7897360026836395
ENST00000262435.14	-0.3624940812587738	-0.38180965185165405
ENST00000262460.5	1.095492646098137	1.065607026219368
ENST00000262461.7	0.3070525527000427	0.40124957263469696
ENST00000262498.8	0.7633386254310608	1.0590925812721252
ENST00000262506.8	-0.19249967734018963	-0.14626543037593365
ENST00000262519.14	-0.6576023697853088	-0.6741608083248138
ENST00000262525.6	-0.21202698349952698	-0.412787489593029
ENST00000262577.6	-0.23285771533846855	-0.4408876448869705
ENST00000262613.10	0.3161434382200241	0.5169514417648315
ENST00000262644.9	0.674501433968544	0.6507358103990555
ENST00000262646.12	1.5849908590316772	1.4584711194038391
ENST00000262719.10	-0.16064273193478584	-0.10253797844052315
ENST00000262768.11	0.748372366031011	1.0930749078591664
ENST00000262776.8	0.28510381653904915	0.37936029583215714
ENST00000262812.9	0.6940248087048531	0.9448986276984215
ENST00000262815.13	0.18206586440404257	0.07804790139198303
ENST00000262887.10	0.17144744843244553	-0.013337797718122602
ENST00000262891.9	-0.1446866882033646	-0.8499272763729095
ENST00000262903.9	-0.13712596148252487	-0.6452191472053528
ENST00000262919.10	-0.23846410401165485	0.16262174739191929
ENST00000262932.5	0.6451127380132675	0.8543653935194016
ENST00000262942.10	0.6464660167694092	0.7362907528877258
ENST00000262948.10	-0.28750403225421906	-0.36133742332458496
ENST00000262962.12	0.5087409317493439	0.41770149767398834
ENST00000262971.3	0.7207365036010742	0.42665547132492065
ENST00000262982.3	0.08953722566366196	0.6305438280105591
ENST00000262990.9	0.5726634770631791	0.6115830481052399
ENST00000262995.8	0.24847908318042755	0.44847579300403595
ENST00000263026.10	0.5504285395145416	0.2872600555419922
ENST00000263035.9	-0.5249399662017822	-0.13808896916452795
ENST00000263038.9	0.576866090297699	0.08922628499567509
ENST00000263063.8	0.04907189371685187	0.10617563252647717
ENST00000263073.11	0.007854487746953964	-0.21510666981339455
ENST00000263087.9	0.11507267467677593	0.17755542397499086
ENST00000263092.11	-0.25893660510579747	-0.3355379272252321
ENST00000263093.7	0.30784761905670166	0.22938253730535507
ENST00000263100.8	0.46271270513534546	0.636591633160909
ENST00000263102.7	0.5714083909988403	0.43497334420681
ENST00000263125.10	0.27956970036029816	0.046226222068071365
ENST00000263181.7	-0.2922961935400963	-0.30394450575113297
ENST00000263202.15	0.7683566808700562	0.957565039396286
ENST00000263212.10	-0.3183550611138344	-0.4398411909739176
ENST00000263228.4	0.36445971578359604	0.20429832488298416
ENST00000263238.7	0.6887714117765427	0.6443269103765488
ENST00000263239.7	0.5603203177452087	0.8905775646368663
ENST00000263245.10	0.5283228754997253	0.6059486567974091
ENST00000263253.9	-0.23091714456677437	-0.19165273196995258
ENST00000263256.7	0.7862693071365356	0.36109958589076996
ENST00000263257.6	0.6700950860977173	0.2449851781129837
ENST00000263265.11	-0.5482858121395111	-0.4693688303232193
ENST00000263270.11	1.2025785446166992	1.1074268221855164
ENST00000263275.5	0.8385980129241943	1.0149130076169968
ENST00000263277.8	0.7951670686403911	0.8753028909365337
ENST00000263278.9	0.933028943836689	0.5435669235885143
ENST00000263280.11	-0.4794641435146332	-0.4808126389980316
ENST00000263346.13	0.15120285004377365	-0.06531662493944168
ENST00000263354.8	1.3531999588012695	1.0644318461418152
ENST00000263368.9	0.9174814522266388	1.0945018231868744
ENST00000263377.6	-0.6754797399044037	-0.12427066266536713
ENST00000263379.4	-0.39911511540412903	-0.18005798757076263
ENST00000263382.8	0.8251037299633026	0.8986143867174785
ENST00000263383.8	0.13891921238973737	0.05274935128788154
ENST00000263388.7	-0.6759602129459381	-0.5664277821779251
ENST00000263390.8	-0.6661375164985657	-1.0143705010414124
ENST00000263433.8	-0.905361572901408	-0.7379636963208516
ENST00000263461.11	0.0458880215883255	-0.27512790262699127
ENST00000263549.8	0.13085905835032463	0.15864908695220947
ENST00000263563.7	-0.9179043471813202	-0.7995738834142685
ENST00000263577.11	-0.2551391189917922	-0.15368213923648
ENST00000263578.10	0.38241188786923885	0.18703275732696056
ENST00000263593.8	0.5868270993232727	0.795147975285848
ENST00000263620.8	0.23840659111738205	-0.16752250616749126
ENST00000263635.8	-0.540725089609623	-0.8145571500062943
ENST00000263650.12	-0.2674257208903631	-0.5192754864692688
ENST00000263655.4	1.2681597769260406	1.141306295990944
ENST00000263657.7	0.9126816689968109	1.1240838766098022
ENST00000263663.10	-0.30363890528678894	-0.293472059071064
ENST00000263672.11	1.1211092472076416	1.3594923973083497
ENST00000263674.4	-0.5090586543083191	-0.71522256731987
ENST00000263688.4	-0.31214676797389984	-0.440997451543808
ENST00000263694.9	0.4826319217681885	0.5555962175130844
ENST00000263697.6	0.9071145355701447	0.9414794047673543
ENST00000263702.11	0.5294946134090424	0.6099859774112701
ENST00000263735.9	0.9853798896074295	1.384179025888443
ENST00000263754.5	-0.2276286967098713	-0.0871422179043293
ENST00000263773.10	0.021335703786462545	-0.07414189260452986
ENST00000263776.9	0.18346589978318661	0.23983139544725418
ENST00000263791.10	-0.6253820955753326	-0.7515699068705242
ENST00000263801.7	-0.5003068298101425	-0.33662936836481094
ENST00000263847.6	0.04648667201399803	0.09255973994731903
ENST00000263849.9	0.4791868105530739	0.4594990536570549
ENST00000263856.9	1.1765014231204987	0.8438419302304586
ENST00000263864.10	1.3695952892303467	1.3326809108257294
ENST00000263881.8	-0.6130878925323486	-0.3894880712032318
ENST00000263897.10	0.41601863130927086	0.2762112021446228
ENST00000263904.5	0.7715867459774017	0.5822387039661407
ENST00000263921.8	0.44183750450611115	0.24483461678028107
ENST00000263966.8	0.42654967308044434	0.525866661220789
ENST00000263967.4	-0.4958345741033554	-0.5929936170578003
ENST00000263985.11	0.17184498347342014	-0.07498978450894356
ENST00000263997.11	0.7303230166435242	0.5608078241348267
ENST00000264012.9	0.5849520862102509	0.8864040672779083
ENST00000264025.8	0.2340039163827896	0.3821672834455967
ENST00000264028.5	0.6771734058856964	0.7458977103233337
ENST00000264036.6	-0.02792200120165944	0.44036174193024635
ENST00000264039.7	0.11743037402629852	0.3492528200149536
ENST00000264042.8	-0.31599990278482437	-0.28235646337270737
ENST00000264059.8	1.0964338978131611	0.7459383209546406
ENST00000264079.11	0.056810593232512474	-0.2642011493444443
ENST00000264080.11	0.6684622168540955	0.5976981520652771
ENST00000264093.9	0.9038073718547821	0.5626356303691864
ENST00000264094.8	0.05862352345138788	0.16016649827361107
ENST00000264108.5	0.5251601288715999	0.4933196057875951
ENST00000264144.5	0.04193299822509289	0.5382013022899628
ENST00000264156.3	0.30860161781311035	0.5379382073879242
ENST00000264161.9	0.6348990797996521	0.96023990213871
ENST00000264167.10	0.5524871647357941	0.6077185422182083
ENST00000264198.5	0.30349859595298767	0.6019443869590759
ENST00000264220.6	0.6025913879275322	0.3198970053344965
ENST00000264230.5	0.2170249732832114	-0.05696966064472993
ENST00000264245.9	-0.7734864801168442	-0.8568839430809021
ENST00000264254.11	1.2990372776985168	1.0078198909759521
ENST00000264265.4	0.6373834013938904	0.9922694663206736
ENST00000264276.11	-0.6044404804706573	-0.7894304692745209
ENST00000264279.10	0.3392537385225296	0.9193922877311707
ENST00000264313.11	-0.5556840002536774	-0.4728225767612457
ENST00000264344.10	-0.42034466564655304	-0.46872854977846146
ENST00000264346.12	-0.08793580671772361	-0.07138745486736298
ENST00000264350.8	-0.014723810367286205	-0.18304292019456625
ENST00000264380.9	-0.7536299526691437	-0.8163420930504799
ENST00000264381.8	0.3749537318944931	0.4834862947463989
ENST00000264389.7	0.6507343202829361	0.8607800602912903
ENST00000264414.9	0.2227681651711464	-0.05346032977104187
ENST00000264424.12	0.17711248993873596	0.17393610626459122
ENST00000264433.11	-0.6052071899175644	-0.7101361900568008
ENST00000264449.14	0.25077027827501297	0.10201183706521988
ENST00000264451.12	0.056884707883000374	0.40909869968891144
ENST00000264485.11	0.12220029532909393	0.42814667522907257
ENST00000264499.9	0.3308018855750561	0.42774011567234993
ENST00000264515.11	0.7464167177677155	0.7745450288057327
ENST00000264538.4	0.8188475221395493	0.7517738938331604
ENST00000264552.14	0.7955597937107086	0.5874315897623699
ENST00000264607.9	0.23607438802719116	0.13490642234683037
ENST00000264638.9	-0.038298938889056444	0.06975381728261709
ENST00000264639.9	0.07611292041838169	0.460859477519989
ENST00000264669.10	-0.6965558032194774	-0.31425513327121735
ENST00000264670.11	-0.01497587189078331	0.08564523234963417
ENST00000264689.11	0.2646550958355268	-0.050281373163064316
ENST00000264705.9	-0.055742766708135605	-0.13954780995845795
ENST00000264710.5	1.5665303766727448	1.2518149614334106
ENST00000264771.9	0.011981874704360962	0.1907110381871462
ENST00000264805.9	-0.1513112336397171	-0.4057775288820267
ENST00000264827.9	-0.4260466992855072	-0.21033642068505287
ENST00000264832.8	0.0985725037753582	0.6900573968887329
ENST00000264864.8	0.08153074054280296	0.03238300606608391
ENST00000264896.8	0.7675394415855408	0.6749940812587738
ENST00000264908.11	0.8147587875525156	1.2895504434903462
ENST00000264914.10	0.4297049045562744	0.5526165068149567
ENST00000264926.7	0.3714907430112362	0.3737965002655983
ENST00000264932.11	0.541392020881176	0.8422875553369522
ENST00000264935.6	-0.01770772086456418	-0.30909641087055206
ENST00000264954.5	1.1312401294708252	1.1902738213539124
ENST00000264963.8	0.4683677405118942	0.530388206243515
ENST00000264993.7	0.6280666391054789	0.8800155421098073
ENST00000264995.8	0.6898484329382579	0.6959536671638489
ENST00000265000.9	0.3633401617407799	0.6818406134843826
ENST00000265038.9	0.502157561480999	0.4997885078191757
ENST00000265056.12	0.43315132707357407	0.5465526580810547
ENST00000265062.8	1.3599438071250916	0.9226128309965134
ENST00000265069.13	0.25767541180054343	0.4876284499963125
ENST00000265070.7	0.6702756881713867	0.9167195707559586
ENST00000265071.3	0.6555354197820027	0.7063204646110535
ENST00000265097.9	0.5778734460473061	0.6295371353626251
ENST00000265136.12	-0.89029111713171	-0.9578491896390915
ENST00000265138.4	0.20843829959630966	0.4868926852941513
ENST00000265148.9	-0.14270132035017014	-0.18157226778566837
ENST00000265164.7	0.5763840526342392	0.5660661645233631
ENST00000265174.5	0.8134176135063171	0.6369276543458302
ENST00000265245.10	-0.13090737909078598	0.038914876990020275
ENST00000265271.7	-0.3281770497560501	-0.009868745692074299
ENST00000265293.8	-0.892383337020874	-1.1329845786094666
ENST00000265295.9	-0.17816239595413208	-0.10343648865818977
ENST00000265316.9	0.11453279852867126	0.026315921296676
ENST00000265322.8	0.1755720004439354	0.15806638449430466
ENST00000265339.7	1.0038296679655712	1.2807245651880899
ENST00000265343.10	-0.7277610898017883	-0.4687355309724808
ENST00000265351.12	-0.02792183061440786	0.23015368978182474
ENST00000265354.6	-0.18567351942571503	-0.23068373526136082
ENST00000265388.9	-0.27087341248989105	-0.15690839290618896
ENST00000265395.7	0.7729803125063578	0.48729522029558814
ENST00000265421.9	0.8124069720506668	0.676999568939209
ENST00000265462.9	0.8084006011486053	1.23194819688797
ENST00000265465.8	0.09205577212075391	0.07063631651302178
ENST00000265562.5	-0.30957532674074173	-0.26414222518603003
ENST00000265564.8	1.2098805904388428	0.44744637608528137
ENST00000265565.10	-0.6899807751178741	-0.8905008435249329
ENST00000265594.9	0.49345453828573227	0.18335328996181488
ENST00000265631.10	0.6073158582051594	0.4848529199759165
ENST00000265634.4	0.4436783641576767	0.7520313709974289
ENST00000265643.4	0.9327087998390198	1.1002340912818909
ENST00000265686.8	0.022733113107581932	0.08430892322212458
ENST00000265689.9	0.20823455850283304	0.33696140100558597
ENST00000265717.5	0.2537364372983575	0.46376992389559746
ENST00000265742.8	-0.597204715013504	-0.49160128831863403
ENST00000265748.7	-0.021896086633205414	-0.005753643810749054
ENST00000265758.7	0.6426589787006378	0.4078771620988846
ENST00000265838.9	1.0382646024227142	0.7707608342170715
ENST00000265849.12	0.1558323036879301	0.056465109810233116
ENST00000265857.8	-0.007395211607217789	0.23653033003211021
ENST00000265896.10	0.24347305794556934	0.3962304840485255
ENST00000265965.10	-0.11284496076405048	-0.18942217901349068
ENST00000265981.7	0.24113198928534985	0.18792531173676252
ENST00000265986.11	0.2824082374572754	0.663325235247612
ENST00000266022.9	0.11123831942677498	0.12533726915717125
ENST00000266025.4	0.2481815665960312	0.25522617995738983
ENST00000266069.5	0.29735417167345685	0.6301661332448323
ENST00000266079.5	0.43542617559432983	0.3263123333454132
ENST00000266085.6	0.9298772513866425	1.0128416121006012
ENST00000266087.12	0.13544107042253017	0.3043684847652912
ENST00000266304.9	0.38276171435912454	0.7039675017197926
ENST00000266383.10	-0.8920361697673798	-0.7440541088581085
ENST00000266534.8	0.2529933322221041	0.3041188046336174
ENST00000266542.9	-0.10202636793255807	0.28613689616322513
ENST00000266546.11	0.06256334763020277	0.17733922228217125
ENST00000266659.8	0.6096110135316848	0.490163791179657
ENST00000266673.10	0.026100892573595047	0.004899933934211731
ENST00000266679.8	0.27406444028019905	0.6103286668658257
ENST00000266712.11	0.06390120349824428	0.20102021768689154
ENST00000266718.5	0.5786474694808325	1.0506369471549988
ENST00000266732.8	0.2829189648230871	0.2624460284908613
ENST00000266735.9	1.709231972694397	1.849180907011032
ENST00000266943.11	0.3841332892576853	0.3749337593714396
ENST00000267101.8	-0.5140213370323181	-0.6320815682411194
ENST00000267103.10	0.5321275095144908	0.2877292012174924
ENST00000267163.5	-0.15451741218566895	0.1794654205441475
ENST00000267202.7	0.7448443869749705	0.4735529447595278
ENST00000267328.5	0.5935120284557343	0.3743375614285469
ENST00000267339.6	0.5940654079119365	0.3454144448041916
ENST00000267425.8	0.07507152855396271	0.21045502523581186
ENST00000267622.8	-0.15726254135370255	0.09082623571157455
ENST00000267750.9	1.07452791929245	0.8522046953439713
ENST00000267812.4	1.2097209692001343	0.6650211066007614
ENST00000267814.14	0.7378611862659454	0.7547594308853149
ENST00000267838.7	0.1634834719200929	0.2231668084859848
ENST00000267842.10	0.6430069208145142	0.5070623755455017
ENST00000267884.11	1.74331663052241	1.424692988395691
ENST00000268057.9	0.20178833976387978	0.17885736003518105
ENST00000268097.10	0.3858991339802742	0.6470717787742615
ENST00000268099.13	0.7572075327237446	1.0060147444407146
ENST00000268182.10	0.35854456946253777	0.2806764505803585
ENST00000268206.12	0.048715826123952866	-0.0810344722121954
ENST00000268261.9	0.6506439298391342	0.8368848562240601
ENST00000268379.9	0.8125321865081787	1.3603922923405967
ENST00000268383.7	-0.061803683266043664	-0.3928057625889778
ENST00000268482.8	-0.1276215724647045	0.0536730270832777
ENST00000268533.9	0.8793944716453552	0.5552398860454559
ENST00000268603.9	-0.04339271038770676	0.19648080567518872
ENST00000268638.10	0.5576251745223999	0.4324524700641632
ENST00000268668.11	0.9923920929431915	1.2033273577690125
ENST00000268695.10	0.14644140750169754	0.3629718944430351
ENST00000268699.9	0.6786980628967285	0.3814999908208847
ENST00000268711.4	0.5598559975624084	0.8205884695053101
ENST00000268717.10	0.5461534162362416	0.6844672163327534
ENST00000268766.11	-0.1843041032552719	-0.09788057580590248
ENST00000268797.12	-0.5841897875070572	-0.6347726136445999
ENST00000268835.7	0.6993697509169579	0.5534354150295258
ENST00000268989.8	-0.4926204433043798	-0.7987705071767172
ENST00000269033.7	-0.36363541831572854	-0.5356526374816895
ENST00000269141.8	0.748544414838155	0.7041603326797485
ENST00000269142.10	-0.11999980238033459	-0.2690700376406312
ENST00000269159.8	0.47807223101456964	0.06813559619088967
ENST00000269195.5	0.2630849676206708	0.6108238659799099
ENST00000269228.10	0.1103097830588619	0.2980508655309677
ENST00000269260.7	0.7222340106964111	0.5324874371290207
ENST00000269298.10	1.170577883720398	1.0416011214256287
ENST00000269373.11	0.27077223267406225	0.5205009765923023
ENST00000269385.9	0.37905436009168625	0.5470511615276337
ENST00000269397.9	-0.08175933407619596	-0.291132646612823
ENST00000269445.10	-0.3793604150414467	-0.2895115092396736
ENST00000269576.6	0.4199099594261497	1.0816959664225578
ENST00000269593.5	-0.02048034965991974	0.6213346719741821
ENST00000269601.10	0.6760091781616211	0.592770978808403
ENST00000269701.7	0.48006295164426166	0.3147807319959005
ENST00000269740.9	0.2820936366915703	0.08822971644500892
ENST00000269856.5	-0.3899693302810192	-0.4357510283589363
ENST00000269886.7	0.7782292068004608	0.6563794314861298
ENST00000269919.11	0.7133681774139404	0.5681644678115845
ENST00000269967.4	0.733235776424408	0.354916051030159
ENST00000270139.8	-0.03282362284759681	0.4253135795394579
ENST00000270142.11	1.702919751405716	1.5601843297481537
ENST00000270223.7	-0.4599464287360509	-0.4741741592685381
ENST00000270225.12	0.5930643578370413	0.9470127125581105
ENST00000270233.12	0.11166085302829742	0.5064752697944641
ENST00000270517.12	-0.11604952625930309	0.07562447711825371
ENST00000270570.8	0.05822973884642124	-0.016563525423407555
ENST00000270586.8	1.1635090112686157	1.2257075905799866
ENST00000270645.8	0.4489861875772476	0.998298704624176
ENST00000270776.13	0.9246697872877121	1.1200301349163055
ENST00000270824.1	0.5251168683171272	0.08332563191652298
ENST00000271064.12	0.18865121838947135	0.482057531674703
ENST00000271277.11	-0.4214787632226944	-0.19540123641490936
ENST00000271308.9	1.5015219847361247	1.572588841120402
ENST00000271526.9	0.26247519751389825	0.16237239291270575
ENST00000271620.8	0.48132967948913574	0.37878888845443726
ENST00000271628.9	0.9269608557224274	0.9055290445685387
ENST00000271636.12	-0.0202748104929924	0.04716425482183695
ENST00000271638.3	1.7281774878501892	1.5550870895385742
ENST00000271690.12	1.2328193634748459	1.1636099964380264
ENST00000271732.8	0.7148325145244598	0.9710590690374374
ENST00000271764.7	-0.1839287256201108	-0.12471414109071097
ENST00000271843.9	0.6527850106358528	0.7522901147603989
ENST00000272091.8	0.9786681731541951	0.7397338549296061
ENST00000272139.5	0.5184405744075775	0.07298800721764565
ENST00000272217.7	0.8261034786701202	0.9198337197303772
ENST00000272233.6	1.0215224772691727	0.9992867112159729
ENST00000272252.10	0.6051379404962063	0.49343735724687576
ENST00000272342.6	-0.2802921421825886	-0.38704611361026764
ENST00000272427.11	0.24736469611525536	0.14397882483899593
ENST00000272430.10	-0.03013012185692787	-0.1310193040408194
ENST00000272542.8	0.5216055015722911	0.4607210059960683
ENST00000272638.14	0.46448224037885666	0.6405764073133469
ENST00000272645.9	0.5041139076153437	0.39538188775380456
ENST00000272732.11	0.5843667685985565	0.5036295428872108
ENST00000272748.9	0.26166217029094696	0.18852721899747849
ENST00000272928.4	0.708186537027359	0.4371088594198227
ENST00000273062.6	-0.2919091433286667	0.34885045886039734
ENST00000273130.9	0.5668589969476064	0.6332112352053325
ENST00000273258.4	1.4980182647705078	0.9591405987739563
ENST00000273308.9	1.0434248447418213	0.907778263092041
ENST00000273359.8	0.7232052460312843	0.5227209515869617
ENST00000273398.8	0.8928389251232147	1.0953813592592874
ENST00000273480.4	0.6605249717831612	1.0504930317401886
ENST00000273596.8	-0.3438022583723068	-0.15349123254418373
ENST00000273668.7	0.6720412919918696	0.5926980425914128
ENST00000273814.8	-0.30915166437625885	-0.5507030785083771
ENST00000273859.8	-0.557581901550293	-0.5947303175926208
ENST00000273920.8	1.2381035685539246	0.863058865070343
ENST00000273968.5	1.347373366355896	1.200518548488617
ENST00000273986.10	1.0328217148780823	1.6498950123786926
ENST00000274000.10	0.376795444637537	0.26255946327000856
ENST00000274008.5	0.572113111615181	0.30374380946159363
ENST00000274031.7	0.9624008685350418	0.3276144415140152
ENST00000274065.9	1.5789739489555359	1.706223726272583
ENST00000274192.7	-0.2787866145372391	0.2440296784043312
ENST00000274217.4	0.1670857286080718	0.15900205075740814
ENST00000274276.8	0.1402019994954268	0.26774852971235913
ENST00000274364.11	0.27721691876649857	0.2098015621304512
ENST00000274569.9	0.5420577004551888	0.36110950261354446
ENST00000274605.6	-0.10508004389703274	-0.006831515580415726
ENST00000274606.8	0.7966274519761404	1.0935425659020743
ENST00000274787.3	1.006786286830902	1.2653778493404388
ENST00000274813.4	0.44279311001300814	0.5791432440280915
ENST00000274849.3	0.6992044945557911	0.8159352242946625
ENST00000275072.5	0.5159053131937981	0.4963321592658758
ENST00000275227.9	0.054906511679291725	0.25454942882061005
ENST00000275364.8	-0.20757375820539892	-0.40489327535033226
ENST00000275428.9	0.639924630522728	0.5322238430380821
ENST00000275493.7	0.14829710125923157	0.2293284870684147
ENST00000275517.8	0.49814141541719437	0.7125804722309113
ENST00000275603.9	0.8183548226952553	1.0851742327213287
ENST00000275820.4	0.3280826658010483	0.3924085646867752
ENST00000276055.4	-0.06187006784603	-0.12597135826945305
ENST00000276202.8	-0.07025391981005669	-0.25722387433052063
ENST00000276282.7	-0.778874009847641	-0.8116168081760406
ENST00000276297.9	-0.5666042119264603	-0.7859243303537369
ENST00000276390.7	0.9733864963054657	1.0067825764417648
ENST00000276416.11	0.6769589483737946	0.616262823343277
ENST00000276500.4	0.502989087253809	0.6058608293533325
ENST00000276569.8	0.046390064215908446	0.02608989800016085
ENST00000276689.8	0.7785606235265732	1.0809210687875748
ENST00000276692.11	0.701546311378479	0.4391181319952011
ENST00000276893.10	0.4540530741214752	0.2288574054837227
ENST00000276925.7	1.0381651878356934	0.828497838973999
ENST00000277165.11	-0.8772146850824356	-0.8088174760341644
ENST00000277458.5	0.3495847061276436	0.38173554837703705
ENST00000277540.7	0.012972359545528889	-0.40192440152168274
ENST00000277570.10	-0.26762765645980835	-0.19850682467222214
ENST00000277632.8	0.5191434323787689	0.3047640025615692
ENST00000277865.5	0.9640905857086182	0.8932870924472809
ENST00000278412.7	0.5255553722381592	0.6470462381839752
ENST00000278422.9	1.2056842744350433	1.0768531560897827
ENST00000278460.12	0.5148654282093048	0.2703644583622614
ENST00000278483.8	0.5401479303836823	0.7632276378571987
ENST00000278505.5	0.6931338012218475	0.8518528938293457
ENST00000278612.9	-0.28374190255999565	-0.18442857638001442
ENST00000278618.9	0.8473133444786072	0.812168538570404
ENST00000278671.10	0.3225686550140381	0.22954217623919249
ENST00000278840.9	0.11036660149693489	0.5124039053916931
ENST00000278886.11	-0.9618384540081024	-0.9621457457542419
ENST00000278935.8	-0.5188929289579391	-0.5370442569255829
ENST00000279022.7	1.4687857627868652	1.6375112533569336
ENST00000279068.11	0.07812275923788548	-0.01491462377210458
ENST00000279263.13	-0.1338310974339644	0.13022864361604053
ENST00000279281.8	-0.1406101956963539	0.04605067614465952
ENST00000279394.7	-0.36089303344488144	-0.4956107959151268
ENST00000279488.8	0.6425384283065796	0.378030925989151
ENST00000279839.8	0.6580139398574829	0.6818300187587738
ENST00000279907.12	-0.8007852137088776	-0.9011391997337341
ENST00000280258.6	-0.051230523735284805	0.4231293648481369
ENST00000280326.9	0.9681940376758575	1.1131522456804912
ENST00000280333.9	-0.6742219030857086	-0.6284931600093842
ENST00000280527.7	-0.7293600340684255	-0.15653104583422345
ENST00000280551.11	-0.07908226503059268	0.33271611016243696
ENST00000280557.11	1.0815961360931396	0.6879655718803406
ENST00000280571.9	0.5308475345373154	0.24970113299787045
ENST00000280612.9	0.5184532254934311	0.6735333502292633
ENST00000280614.4	0.12950576096773148	0.2792835980653763
ENST00000280665.11	-0.23403928615152836	0.14873429294675589
ENST00000280700.10	-0.021779702976346016	0.061434788163751364
ENST00000280758.10	-0.21670884763201076	-0.4108434865872065
ENST00000280886.12	-0.17692707789440948	-0.1622453909367323
ENST00000281031.5	1.6169780492782593	1.5249470174312592
ENST00000281038.10	0.16028163582086563	0.2742981746792793
ENST00000281081.12	0.6756782631079356	0.6625214119752247
ENST00000281182.9	0.5449332296848297	0.4313163757324219
ENST00000281243.10	0.8991028815507889	1.1776330471038818
ENST00000281273.8	-0.13514511287212372	0.36952538788318634
ENST00000281282.5	-0.01021238905377686	-0.03232805710285902
ENST00000281405.9	0.43273188918828964	0.29728908464312553
ENST00000281419.8	0.3193839068214098	0.13054407512148222
ENST00000281456.11	1.1881279945373535	1.0274499654769897
ENST00000281513.10	-0.09199085676421723	-0.30751600364844006
ENST00000281543.6	0.13895320147275925	0.24411413073539734
ENST00000281701.11	0.36926768720149994	0.24256360282500586
ENST00000281741.9	-0.3101349547505379	-0.27326591685414314
ENST00000281950.8	0.7458626091480256	0.44379158020019527
ENST00000282003.7	0.13099751621484756	0.09070424300928911
ENST00000282032.4	0.5342742502689362	0.3757126182317734
ENST00000282058.11	0.635726410895586	0.6836718842387199
ENST00000282096.9	-0.4323364719748497	-0.5627461671829224
ENST00000282226.5	0.6926055351893108	0.5738147795200348
ENST00000282251.9	0.0898895151913166	0.049314615937570735
ENST00000282276.8	0.4051116675138473	0.2687392070889473
ENST00000282344.11	-0.26066164299845695	0.10107177356258035
ENST00000282397.9	-0.21541362907737494	0.11781065352261066
ENST00000282412.9	0.8659687936306	0.6779980361461639
ENST00000282441.10	-0.1800576001405716	0.08264901163056493
ENST00000282541.10	0.6385979056358337	0.9173542708158493
ENST00000282561.4	0.6518803387880325	0.6768064796924591
ENST00000282570.4	-0.3176172003149986	-0.3857833246390025
ENST00000282574.8	0.7004210501909256	0.7556644529104233
ENST00000282633.10	0.2073759362101555	-0.10451023560017347
ENST00000282728.10	0.07048722992961606	0.19368556514382362
ENST00000282892.4	1.3883903324604034	1.062442496418953
ENST00000283109.8	0.524534101287524	0.40520378202199936
ENST00000283131.4	0.3713558614253998	0.3978283554315567
ENST00000283206.9	0.5541388094425201	0.5571160018444061
ENST00000283290.10	0.676565021276474	0.21822219341993332
ENST00000283629.8	-0.09341311734169722	0.010389933362603188
ENST00000283646.5	0.5965607464313507	0.4656824916601181
ENST00000283875.6	0.931201159954071	0.7261040508747101
ENST00000283882.4	0.16694291159510613	0.10815181359648704
ENST00000284061.8	0.3514845985919237	0.01643275818787515
ENST00000284073.7	0.7761571705341339	1.031811147928238
ENST00000284116.9	0.6050679683685303	0.37320542335510254
ENST00000284136.10	0.29320618510246277	0.5688519477844238
ENST00000284202.9	0.28226204589009285	-0.04127813410013914
ENST00000284268.8	0.7241140380501747	0.43482041358947754
ENST00000284273.6	-0.2383459024131298	-0.03490149788558483
ENST00000284274.5	0.2078732904046774	0.16556419944390655
ENST00000284320.6	0.4906088076531887	0.6857662871479988
ENST00000284637.14	-0.47576681276162464	-0.3064228544632594
ENST00000284690.4	-0.4870389401912689	-0.49407171458005905
ENST00000284719.8	0.9049776494503021	1.1234567165374756
ENST00000284818.7	1.0210450440645218	0.9158533662557602
ENST00000284881.9	0.6774789839982986	0.4881962537765503
ENST00000284984.8	0.1019847517212232	0.2963699872295062
ENST00000285021.12	0.14342999458312988	0.08119351789355278
ENST00000285039.12	-0.5503715574741364	-0.37300847470760345
ENST00000285071.9	0.09735630173236132	-0.001955717336386442
ENST00000285093.15	0.3379152715206146	0.8514229357242584
ENST00000285106.10	-0.43864988535642624	-0.6303911209106445
ENST00000285238.13	-0.10246112942695618	0.03625647071748972
ENST00000285379.10	0.9072611629962921	1.1977847218513489
ENST00000285398.7	0.30163754150271416	0.10928007774055004
ENST00000285419.8	0.778848186135292	0.5084579735994339
ENST00000285518.11	0.783820629119873	0.7413879632949829
ENST00000285667.4	0.7034422159194946	0.7199334502220154
ENST00000285689.8	-0.49429862201213837	-0.30188140645623207
ENST00000285737.9	0.4502018205821514	0.27725433744490147
ENST00000285814.9	0.5599862039089203	0.5681788076957067
ENST00000285873.8	-0.20642055571079254	-0.2481800727546215
ENST00000285930.9	0.686721533536911	0.9026158154010773
ENST00000285968.11	-0.29898832738399506	-0.1547616869211197
ENST00000286070.10	0.4420596733689308	0.4218685068190098
ENST00000286096.9	-0.011794581077992916	0.30837199091911316
ENST00000286186.11	-0.201978987082839	-0.03460429213009775
ENST00000286298.5	0.27639463543891907	-0.03403504565358162
ENST00000286364.9	-0.12427990743890405	-0.36936845630407333
ENST00000286371.8	0.9407821893692017	1.3375272750854492
ENST00000286448.12	1.1142711639404297	0.8091039061546326
ENST00000286548.9	0.583783303697904	0.18269618103901544
ENST00000286648.10	0.869323194026947	0.9931578636169434
ENST00000286788.9	1.018511712551117	0.8470706045627594
ENST00000286827.7	-0.7969764371713002	-0.9416354596614838
ENST00000286835.12	-0.5703024864196777	-0.40467774868011475
ENST00000287008.7	-0.3591399577756723	-0.17364907637238503
ENST00000287156.9	1.0981312692165375	0.937911793589592
ENST00000287380.6	-0.26079586148262024	-0.315425306558609
ENST00000287387.7	0.5318682938814163	0.654615839322408
ENST00000287482.6	0.08009576921661694	0.11509962193667889
ENST00000287598.11	-0.4507724642753601	-0.17869161069393158
ENST00000287675.10	0.8141749799251556	0.7033409476280212
ENST00000287713.7	0.9939877986907959	0.47103051096200943
ENST00000287859.11	0.05875864997506142	-5.066394805908203e-06
ENST00000287878.9	0.3145740429560343	0.22352533290783563
ENST00000287934.4	0.36887745559215546	0.2231447920203209
ENST00000287957.5	0.630395382642746	0.047524482011795044
ENST00000287996.8	-0.42192020267248154	-0.3245534785091877
ENST00000288071.11	0.5479772587617238	0.8317642609278362
ENST00000288078.11	-0.16439050808548927	-0.3982006311416626
ENST00000288207.7	0.7286402483781178	0.6986851493517559
ENST00000288235.9	0.13181353732943535	0.15668925332526368
ENST00000288266.8	-0.12949330732226372	-0.043227544054389
ENST00000288723.8	-0.14955144189298153	0.16049241926521063
ENST00000288937.7	0.9612495005130768	1.1221702098846436
ENST00000289119.7	0.5144097357988358	0.32977095246315
ENST00000289228.7	0.25296049006283283	0.4294568548599879
ENST00000289359.6	0.5656683892011642	0.35665561258792877
ENST00000289382.8	0.16306275874376297	0.12928702682256699
ENST00000289805.10	-0.06636124197393656	-0.003212606068700552
ENST00000289968.11	-0.7066257894039154	-0.30832937359809875
ENST00000290039.6	-0.0014234306290745735	0.1251477375626564
ENST00000290079.9	1.0376185774803162	1.1850090026855469
ENST00000290130.4	0.662218302488327	0.32702431082725525
ENST00000290155.8	0.8193559795618057	0.9120960608124733
ENST00000290158.9	0.3705361820757389	0.7644166499376297
ENST00000290231.11	0.12623563967645168	0.5822854936122894
ENST00000290271.7	0.8170169293880463	1.08194300532341
ENST00000290291.10	-0.722857803106308	-0.0623121652752161
ENST00000290299.7	1.2215372323989868	1.305800998210907
ENST00000290341.8	0.6605055928230286	0.6652144094308217
ENST00000290349.11	0.6799650192260742	0.9745863974094391
ENST00000290354.6	0.9699932634830475	0.9086079299449921
ENST00000290378.6	1.155931274096171	1.2030871311823526
ENST00000290429.11	0.20677258726209402	0.21773715503513813
ENST00000290510.10	-0.11320236697793007	0.03027557022869587
ENST00000290573.7	0.5812353044748306	0.5620605995257696
ENST00000290649.10	-0.0698128491640091	-0.17012234032154083
ENST00000290913.8	0.10845540463924408	0.45818132162094116
ENST00000290949.8	1.4096360206604004	1.2714008688926697
ENST00000291386.4	0.9746211469173431	0.5707585116227467
ENST00000291442.3	-0.5465861260890961	-0.749367281794548
ENST00000291547.10	-0.1448938598235448	-0.3169813553492228
ENST00000291565.9	0.44769663363695145	0.5576929077506065
ENST00000291568.7	1.7620861530303955	1.9121174216270447
ENST00000291574.9	-0.7181917428970337	-0.6548240780830383
ENST00000291592.6	0.05462696868926287	0.028536401689052582
ENST00000291900.7	0.06601736508309841	-0.23854384571313858
ENST00000291906.5	-0.39617353677749634	-0.6778264045715332
ENST00000292035.10	0.4719826777776082	0.4685971091190974
ENST00000292090.8	0.6568307479222615	0.21831314824521542
ENST00000292140.9	-0.4066028594970703	-0.7599307000637054
ENST00000292211.5	0.07081929221749306	0.16729184985160828
ENST00000292246.8	0.4234534104665121	0.2483061676224073
ENST00000292330.3	0.5428527593612671	0.4221598356962204
ENST00000292431.5	-0.31775571778416634	-0.3336900919675827
ENST00000292566.4	0.08332599451144536	0.2068715604643027
ENST00000292577.11	-0.32004278898239136	-0.38891811668872833
ENST00000292586.11	0.11171580152586102	-0.0930135753005743
ENST00000292591.12	-0.6910323649644852	-0.5560862869024277
ENST00000292599.4	-0.9273557960987091	-0.7236067950725555
ENST00000292614.9	1.4845427572727203	1.2769868075847626
ENST00000292616.10	-0.0008869175799190998	-0.1365912868641317
ENST00000292782.9	0.9501500725746155	1.2981929381688437
ENST00000293195.10	0.2038869621853034	0.15079731307923794
ENST00000293261.8	0.04275903292000294	0.27374498546123505
ENST00000293328.8	0.1125059723854065	0.17745133489370346
ENST00000293350.9	0.03267986513674259	0.16933215657869977
ENST00000293379.9	-0.05152374692261219	0.22936641424894333
ENST00000293443.12	-0.5992680601775646	-0.7080157734453678
ENST00000293695.8	0.6827841699123383	0.5213363990187645
ENST00000293777.6	1.0819554328918457	1.057320773601532
ENST00000293860.6	1.2999449570973713	1.19471404949824
ENST00000293872.12	0.4535604417324066	0.6372005790472031
ENST00000293883.9	-0.4328879863023758	-0.39283768832683563
ENST00000293971.10	0.1028253361582756	0.05436687171459198
ENST00000294016.8	-0.5419219434261322	-0.7449011504650116
ENST00000294168.8	-0.010780728422105312	0.05047202855348587
ENST00000294179.8	0.42842240631580353	0.5632920563220978
ENST00000294244.9	-0.46850909665226936	-0.5868816003203392
ENST00000294258.8	0.5662854909896851	0.30834510177373886
ENST00000294304.12	-0.8372867504755656	-0.5170950889587402
ENST00000294353.7	-0.31886959324280423	-0.13051851900915307
ENST00000294360.5	1.572568953037262	1.135697603225708
ENST00000294543.10	0.06607240810990334	-0.19787642980615297
ENST00000294618.12	-0.7707928121089935	-0.847913920879364
ENST00000294952.13	0.11025035629669824	0.060502007603645325
ENST00000295006.6	0.101881243288517	0.37616095691919327
ENST00000295030.6	0.4797344319522381	0.5372506752610207
ENST00000295050.12	0.3497456684708595	-0.024387668818235397
ENST00000295083.8	0.42691293358802795	0.669330358505249
ENST00000295087.13	0.7256750166416168	0.2994307726621628
ENST00000295124.9	-0.2932925994197527	-0.15279820126791796
ENST00000295148.9	-0.34513612985610964	-0.4325971573591232
ENST00000295304.5	0.9050633013248444	0.845371276140213
ENST00000295321.9	0.400292806327343	0.4229125306010246
ENST00000295414.7	0.2043171040713787	-0.11517365090548992
ENST00000295448.8	0.9797370135784149	1.0880735019842782
ENST00000295491.9	1.2904399633407593	1.10170778632164
ENST00000295588.9	0.40156377851963043	0.12531939148902893
ENST00000295628.4	0.2238069698214531	0.25731349363923073
ENST00000295633.8	0.8769563138484955	1.1728878021240234
ENST00000295682.5	0.856574684381485	1.0608620345592499
ENST00000295688.8	0.8014600872993469	0.8007988333702087
ENST00000295704.7	0.07904649442061781	-0.007027554512023926
ENST00000295746.13	0.014571514446288347	-0.06183751975186169
ENST00000295766.9	1.1683656573295593	1.2506771087646484
ENST00000295770.4	-0.14652528893202543	0.15510336542502046
ENST00000295797.5	0.32879070192575455	0.2954322285950184
ENST00000295802.9	0.5524703164895375	0.42485875387986505
ENST00000295809.11	-0.023313456525405247	0.4573307087024053
ENST00000295887.6	-0.5100592449307442	-0.259995486587286
ENST00000295890.8	0.22226515909036	0.1531902179121971
ENST00000295901.8	0.6022910277048747	0.8892319897810619
ENST00000295902.11	0.0034507112577557564	0.0523061566054821
ENST00000295927.4	0.4796285728613536	0.66953444480896
ENST00000295958.10	1.2358511239290237	1.4912956655025482
ENST00000295992.8	0.5392008796334267	0.7002426013350487
ENST00000296003.9	-0.5681467950344086	-1.0413129925727844
ENST00000296015.9	-0.0733395665884018	-0.0024820519611239433
ENST00000296048.10	0.44521377980709076	0.49342697858810425
ENST00000296051.7	-0.05747876176610589	-0.19549996266141534
ENST00000296129.6	0.15988351156314212	0.2638699561357498
ENST00000296135.11	1.163472056388855	0.852791041135788
ENST00000296137.7	-0.4517688870429993	-0.4436171740293503
ENST00000296149.9	0.515989363193512	0.5099289417266846
ENST00000296161.9	0.20014117658138275	0.4470495656132698
ENST00000296181.9	-0.7809178531169891	-0.5482813715934753
ENST00000296215.8	0.5243204161524773	0.5598337650299072
ENST00000296220.6	-0.23070241510868073	-0.21050961315631866
ENST00000296252.9	0.27158024410406745	0.48531554639339447
ENST00000296257.10	0.03208757936954498	0.10992489755153656
ENST00000296350.10	0.09678116937478384	0.44021593034267426
ENST00000296370.4	1.6117000579833984	1.9801512360572815
ENST00000296411.11	0.620015025138855	0.6823710799217224
ENST00000296412.13	0.8401412516832352	1.0708539634943008
ENST00000296424.9	1.2484065095583596	0.8992196718851726
ENST00000296456.10	-0.3394695520401001	-0.05130118317902088
ENST00000296468.8	0.1190321072936058	0.15524801518768072
ENST00000296490.8	0.7027766009171804	0.7014528512954712
ENST00000296504.4	0.6589731574058533	0.5407327363888423
ENST00000296509.11	1.1466736495494843	1.1772590577602386
ENST00000296511.10	1.362368881702423	1.3592084248860679
ENST00000296522.11	1.2221850752830505	0.8702532947063446
ENST00000296543.10	0.3224761411547661	0.7579549849033356
ENST00000296564.9	-0.8429272174835205	-0.8331161886453629
ENST00000296577.9	0.595332329471906	0.8975723286469778
ENST00000296582.8	0.21517427265644073	0.25225279182195665
ENST00000296585.10	0.39385614544153214	0.4920501112937927
ENST00000296603.5	0.011316347246368727	0.21342460066080093
ENST00000296658.4	1.086195781826973	0.7299027293920517
ENST00000296674.13	1.5955215096473694	1.7367907762527466
ENST00000296679.9	0.37000877410173416	0.2886866480112076
ENST00000296684.10	1.3468299210071564	1.3006627261638641
ENST00000296721.9	-0.5043449252843857	-0.5840360522270203
ENST00000296785.8	0.3594813644886017	-0.005749817937612534
ENST00000296792.9	0.24223745241761208	0.4125901311635971
ENST00000296795.8	-0.2898845337331295	-0.262232456356287
ENST00000296824.4	0.9644448757171631	0.5049295723438263
ENST00000296861.2	-0.4767827453712622	-0.412075345714887
ENST00000296933.10	0.4594601094722748	0.3073718547821045
ENST00000296953.6	-0.16577669978141785	0.08637262135744095
ENST00000297056.11	0.1359063503332436	0.03899818821810186
ENST00000297071.9	1.316270351409912	1.2152525186538696
ENST00000297107.11	-0.517585297425588	-0.06602688692510128
ENST00000297109.11	-0.1369586180274685	-0.28431563762327033
ENST00000297135.7	0.19374163448810577	0.2802797444164753
ENST00000297151.9	0.6608227491378784	0.2988956980407238
ENST00000297156.4	0.5689680501818657	0.409419022500515
ENST00000297157.8	0.13548427913337946	-0.2103458447381854
ENST00000297185.9	1.02157461643219	1.1075974106788635
ENST00000297205.7	0.1211801478639245	0.33244018256664276
ENST00000297258.11	1.383467212319374	1.5772748440504074
ENST00000297265.5	0.17485993634909391	0.4719196707010269
ENST00000297273.9	-0.5117349177598953	-0.4524046927690506
ENST00000297293.6	-0.3258861651023229	-0.6164558430512747
ENST00000297338.7	0.5445795580744743	0.9680877774953842
ENST00000297350.9	0.39511875808238983	0.6147629022598267
ENST00000297431.9	0.26453955471515656	0.1437199003994465
ENST00000297440.11	-0.10224094986915588	0.1398642212152481
ENST00000297477.10	-0.5079151950776577	-0.39382467418909073
ENST00000297534.7	1.6604867577552795	0.9313774108886719
ENST00000297578.9	0.5705136060714722	-0.009491355158388615
ENST00000297591.10	-0.12933279108256102	0.021293836180120707
ENST00000297625.8	-0.4918345585465431	-0.2497270880267024
ENST00000297632.7	0.577292799949646	0.29268164932727814
ENST00000297679.10	0.4144900441169739	0.4568198397755623
ENST00000297785.8	1.021190881729126	0.7762928903102875
ENST00000297788.9	-0.47997263818979263	-0.1343460399657488
ENST00000297814.7	-0.1602720282971859	-0.4124063104391098
ENST00000297990.9	-0.2994038760662079	-0.05964874476194382
ENST00000298125.7	0.24908317252993584	0.20559820532798767
ENST00000298139.7	-0.29097189505894977	-0.48252877593040466
ENST00000298198.5	0.4547346582015356	0.4864312758048376
ENST00000298248.12	0.6215868145227432	0.31552239209413524
ENST00000298281.8	-0.3145149269451698	0.05708831424514453
ENST00000298288.11	-0.02203216403722763	0.0657804599031806
ENST00000298289.7	1.7031463384628296	1.7311811645825705
ENST00000298292.12	0.023677300661802292	0.14363041520118713
ENST00000298299.4	0.28263112530112267	-0.02121456991881132
ENST00000298316.7	0.686467856168747	1.1272765497366586
ENST00000298351.5	-0.006915698759257793	-0.1839238442480564
ENST00000298510.4	1.2728134791056316	1.2253027955691018
ENST00000298532.2	-0.7239564210176468	-0.9414412528276443
ENST00000298630.8	-0.7021007835865021	-0.7129369080066681
ENST00000298694.9	-0.6682885587215424	-0.6619605720043182
ENST00000298743.9	0.2219221070408821	0.01419075671583414
ENST00000298746.5	0.4644169807434082	0.34518613666296005
ENST00000298892.9	-0.7990610674023628	-0.5589948184788227
ENST00000299045.8	0.28653310611844063	0.3289477874835332
ENST00000299084.9	-0.1918112114071846	-0.07882710918784142
ENST00000299138.12	0.31962861120700836	0.700698584318161
ENST00000299157.5	0.42505256831645966	0.8224442601203918
ENST00000299192.8	0.2706183046102524	0.3126503676176071
ENST00000299213.10	-0.1834046896547079	-0.30242199171334505
ENST00000299238.7	-0.3922924384474754	-0.5388320848345756
ENST00000299299.4	1.2071865002314248	1.1555652817090354
ENST00000299300.11	1.1034203271071115	1.1458247999350228
ENST00000299314.12	-0.6873203615347545	-0.3547095606724421
ENST00000299424.9	0.5844785198569298	0.6324403136968613
ENST00000299427.12	0.3794787675142288	0.5262576043605804
ENST00000299492.9	-0.0572588425129652	-0.09547618916258216
ENST00000299518.7	1.191600501537323	1.1397989392280579
ENST00000299563.5	0.10556553490459919	0.0990539793856442
ENST00000299601.10	0.5799639821052551	0.7606715112924576
ENST00000299608.7	1.0439075231552124	1.1423932313919067
ENST00000299638.8	0.35386190563440323	0.018006870988756418
ENST00000299705.10	0.7148876637220383	0.6232164800167084
ENST00000299736.5	0.2320706807076931	0.4579760208725929
ENST00000299767.10	0.6563707888126373	1.3782098889350891
ENST00000299853.10	-0.6047145426273346	-0.6454122066497803
ENST00000299957.11	0.4267476126551628	0.660299226641655
ENST00000300026.4	1.601574420928955	1.3608380556106567
ENST00000300030.8	0.7193265557289124	0.2882141172885895
ENST00000300060.7	0.15625757724046707	0.7979737818241119
ENST00000300069.5	1.0498348474502563	0.7405970990657806
ENST00000300086.5	0.7657677133878071	0.5670665949583054
ENST00000300093.9	0.3208674664298693	0.27980472395817435
ENST00000300107.7	0.49268610775470734	0.6834896206855774
ENST00000300131.8	0.07578718196600676	0.18136903271079063
ENST00000300146.10	0.15323366224765778	0.22709696739912033
ENST00000300176.9	0.3227899447083473	0.39399468898773193
ENST00000300181.7	-0.4686700850725174	-0.6519262194633484
ENST00000300213.9	0.900076150894165	0.7150198817253113
ENST00000300249.10	0.6551001518964767	1.0417003631591797
ENST00000300289.10	1.1108059287071228	1.383733481168747
ENST00000300291.10	1.185974508523941	0.9359973520040512
ENST00000300403.11	0.06337788514792919	0.3442073166370392
ENST00000300413.10	1.6117062866687775	1.64212004840374
ENST00000300452.8	0.4045725613832474	0.5248324275016785
ENST00000300456.5	-0.7744826376438141	-0.654384434223175
ENST00000300527.9	0.16653893887996674	0.36997297406196594
ENST00000300574.3	0.2728346437215805	0.4874928146600723
ENST00000300605.11	0.6117133845885594	0.5925339907407761
ENST00000300619.12	-0.5159306228160858	-0.3219120651483536
ENST00000300651.11	-0.25326480343937874	0.1117744604125619
ENST00000300737.8	-0.0583694267552346	0.1755199497565627
ENST00000300738.10	0.5686531662940979	0.7139574661850929
ENST00000300747.10	-0.009226536378264427	0.10004950314760208
ENST00000300784.8	0.5326645029708743	0.6059638522565365
ENST00000300811.8	0.8007109761238098	0.4333004504442215
ENST00000300870.15	-0.17540202289819717	-0.2541215121746063
ENST00000300896.9	-0.4664004519581795	-0.5949734598398209
ENST00000301015.14	-0.663581132888794	-0.8316088765859604
ENST00000301021.7	1.269336223602295	1.0013303756713867
ENST00000301061.9	0.09773057978600264	0.010139410383999348
ENST00000301072.11	1.275593340396881	1.4690086841583252
ENST00000301180.10	-0.18285308219492435	-0.25191476320226985
ENST00000301242.9	1.101642556488514	0.729235514998436
ENST00000301244.12	0.6861049135526021	0.8596896032492319
ENST00000301280.10	-0.12316043442115188	-0.16423236951231956
ENST00000301281.11	-0.046788906678557396	0.13480094075202942
ENST00000301327.5	-0.27908607199788094	-0.3075994420796633
ENST00000301329.10	0.8314378261566162	1.0243712067604065
ENST00000301364.10	0.3741889148950577	0.3565874546766281
ENST00000301391.8	0.45944004133343697	0.6654563471674919
ENST00000301454.9	-0.3926604613661766	-0.4305177976687749
ENST00000301458.10	0.5317679345607758	0.5254234671592712
ENST00000301463.9	0.7388194501399994	0.30128511786460876
ENST00000301464.4	0.575902447104454	0.766972228884697
ENST00000301522.3	1.2135447462399802	1.3903885086377463
ENST00000301587.9	1.689460277557373	1.8316452503204346
ENST00000301608.8	0.3192121088504791	0.4668366461992264
ENST00000301729.9	0.5736095011234283	0.5045446753501892
ENST00000301738.9	0.5251227617263794	0.43459099531173706
ENST00000301740.13	-0.8447116315364838	-0.5183089375495911
ENST00000301764.12	0.3235771209001541	0.41360054910182953
ENST00000301785.7	0.3514263182878494	0.6579362154006958
ENST00000301788.12	1.6235907475153604	1.1286228895187378
ENST00000301838.5	0.6004852056503296	0.8384734988212585
ENST00000301843.13	0.46555259823799133	0.32600370049476624
ENST00000301873.10	-0.752236932516098	-0.5192170217633247
ENST00000301905.9	0.6045555770397186	0.5048112571239471
ENST00000301981.8	-0.012215867638587952	-0.2059389476974805
ENST00000302118.5	-0.04766261740587652	0.20426329039037228
ENST00000302165.5	0.21258568142851192	0.12042050249874592
ENST00000302188.8	0.8949234783649445	0.5090244263410568
ENST00000302243.12	0.6445444921652476	0.8538147012392681
ENST00000302279.8	0.40864400565624237	0.27314041554927826
ENST00000302327.4	-0.2625463865697384	-0.24251407136519748
ENST00000302362.11	0.6592497229576111	-0.05585355870425701
ENST00000302418.5	0.4176280051469803	0.04827115933100383
ENST00000302503.8	0.7589378952980042	0.5612130413452785
ENST00000302516.10	0.25384335964918137	0.32222582399845123
ENST00000302550.16	0.14315319433808327	-0.0036325305700302124
ENST00000302609.8	-0.29780876263976097	-0.373683076351881
ENST00000302692.7	-0.27135327607393267	-0.596357238292694
ENST00000302708.9	-0.091427918151021	-0.13346608951687813
ENST00000302746.11	0.6363620758056641	0.8662803769111633
ENST00000302754.6	0.7785683671633403	0.796803742647171
ENST00000302764.9	0.49992572516202927	1.0991318374872208
ENST00000302787.3	0.4464089944958687	0.472453311085701
ENST00000302819.10	0.017663251608610153	0.1299008515973886
ENST00000302824.7	0.7569195628166199	0.6511558443307877
ENST00000302955.11	0.5284555554389954	0.2754374146461487
ENST00000302979.5	0.42724524438381195	0.7477565556764603
ENST00000303004.5	0.44044943153858185	0.4361732378602028
ENST00000303115.8	0.2358436957001686	0.4653613120317459
ENST00000303127.12	0.5242496728897095	0.4237934350967407
ENST00000303145.11	0.34675243496894836	0.17632006108760834
ENST00000303236.9	-0.1029730262234807	-0.01920280884951353
ENST00000303305.11	0.9122801721096039	1.0855707724889119
ENST00000303334.9	0.4180559267600378	0.6208618382612865
ENST00000303375.10	-0.409705713391304	-0.04989984072744846
ENST00000303383.8	0.6260883957147598	0.2987334504723549
ENST00000303407.12	-0.12424539402127266	0.4475361853837967
ENST00000303436.11	1.3143242796262105	1.476646343866984
ENST00000303538.13	-0.5344891995191574	-0.24702466279268265
ENST00000303545.4	-0.3532167449593544	-0.40069274604320526
ENST00000303575.9	1.3147483468055725	1.207165002822876
ENST00000303577.7	1.0201563835144043	0.6256485879421234
ENST00000303596.3	0.12352583557367325	-0.03389896638691425
ENST00000303698.7	0.4433719118436178	0.6724846363067627
ENST00000303714.8	0.27039191871881485	-0.011232291658719381
ENST00000303795.9	0.4230363965034485	0.2979644313454628
ENST00000303887.10	0.42896736164887744	0.5495860775311787
ENST00000303927.4	0.4889350086450577	0.52582648396492
ENST00000303965.9	-0.507368803024292	-0.5398592352867126
ENST00000303991.5	-0.30958379805088043	-0.3430953919887543
ENST00000304031.8	0.18867364525794983	0.0858498178422451
ENST00000304043.10	1.7016791701316833	0.8592554330825806
ENST00000304056.9	-0.46726086735725403	-0.47116193175315857
ENST00000304061.8	-0.07753304570602873	-0.1455724521074444
ENST00000304141.5	0.5806085020303726	0.4743892624974251
ENST00000304191.4	1.2556875422596931	1.1535620242357254
ENST00000304301.10	0.7882293909788132	0.5796633362770081
ENST00000304312.5	1.7393037378787994	1.803712397813797
ENST00000304330.9	-0.5731680691242218	-0.7344697614510853
ENST00000304400.11	-0.4217928946018219	-0.4042656968037287
ENST00000304430.10	0.3877960741519928	0.44950369000434875
ENST00000304434.11	0.7497687538464863	1.0488928159077964
ENST00000304478.9	0.45009633898735046	0.20098381489515305
ENST00000304511.7	0.21771759539842606	0.5443644374608994
ENST00000304611.13	-0.12339714425615966	-0.15156132448464632
ENST00000304636.9	0.44747617095708847	0.27890917658805847
ENST00000304658.9	-0.9739209413528442	-0.8016800284385681
ENST00000304698.10	-0.43614661693573	-0.3344530761241913
ENST00000304786.11	1.6634648442268372	1.5229515433311462
ENST00000304788.4	0.44467391073703766	0.20624435879290104
ENST00000304842.6	-0.36828118562698364	-0.0672549456357956
ENST00000304858.7	0.6986246481537819	1.1566493138670921
ENST00000304863.6	0.9968483547369639	1.5423121651013694
ENST00000304895.9	-0.1831560768187046	0.16550028696656227
ENST00000304916.4	0.2717460701242089	0.0584834199398756
ENST00000304979.8	1.66684952378273	1.1627074480056763
ENST00000304987.4	0.10120618343353271	0.09619671106338501
ENST00000305105.3	0.7700615376234055	0.485602930188179
ENST00000305135.10	-0.4824535585939884	-0.44762828201055527
ENST00000305218.9	1.0877491533756256	0.9740989208221436
ENST00000305242.10	0.21015935018658638	0.34721335768699646
ENST00000305264.8	0.25072189047932625	0.09479515999555588
ENST00000305352.7	0.6932367831468582	0.3370795026421547
ENST00000305386.4	-0.050102878361940384	-0.31477027107030153
ENST00000305513.12	-0.36709108452002204	-0.4325407644112905
ENST00000305533.10	0.5775338113307953	0.8721078336238861
ENST00000305536.11	0.7043299973011017	0.546636700630188
ENST00000305560.11	0.21898004412651062	-0.10987107455730438
ENST00000305626.6	1.1583607196807861	0.5411048233509064
ENST00000305641.7	0.13117624260485172	0.008870677324011922
ENST00000305768.10	-0.5116304457187653	-0.24878892302513123
ENST00000305783.13	-0.17008165456354618	0.009860767982900143
ENST00000305784.7	0.5726653039455414	0.7056005597114563
ENST00000305798.8	0.1454782709479332	0.5194243937730789
ENST00000305866.10	0.1061713071539998	0.11697436729446054
ENST00000305877.13	-0.7051983624696732	-0.8498476445674896
ENST00000305949.6	-0.22585975378751755	-0.1700395296017329
ENST00000305963.2	1.5084609985351562	0.9220420122146606
ENST00000305997.8	-0.0717129185795784	0.24531081318855286
ENST00000306010.8	0.43528274446725845	0.3793756328523159
ENST00000306014.9	-0.5859401524066925	-0.12401427328586578
ENST00000306024.4	1.6510217984517415	1.6562530001004538
ENST00000306042.9	0.30121734489997226	0.18820381661256155
ENST00000306065.9	-0.7131882607936859	-0.8041204909483592
ENST00000306077.5	0.8048255443572998	0.9829698503017426
ENST00000306103.3	0.42195475846529007	0.02730681002140045
ENST00000306108.10	0.31432661414146423	0.1894991770386696
ENST00000306156.8	0.4379606917500496	0.327435165643692
ENST00000306177.9	-0.7971554100513458	-0.8798945148785908
ENST00000306185.8	0.7054834216833115	1.0353493094444275
ENST00000306193.8	1.1831466555595398	0.7310627400875092
ENST00000306243.7	0.2671087086200714	0.18524450808763504
ENST00000306315.9	-0.1401904821395874	-0.0744708776473999
ENST00000306384.5	1.4744131565093994	1.0320831537246704
ENST00000306385.10	0.1554117649793625	0.2185656875371933
ENST00000306434.8	1.0448471009731293	1.06940092643102
ENST00000306442.5	1.6230738401412963	0.9553755700588227
ENST00000306562.8	0.14622271060943604	-0.3970196545124054
ENST00000306688.8	-0.8320089727640152	-0.3104817047715187
ENST00000306730.8	0.03496273886412382	0.34514084458351135
ENST00000306735.10	0.2643502801656723	-0.12243712320923805
ENST00000306773.5	0.7084048589070637	0.7063337862491608
ENST00000306801.8	-0.157655768096447	-0.07722336938604712
ENST00000306917.5	0.45041636377573013	-0.23002367094159126
ENST00000306984.8	0.6880660355091095	1.0265471935272217
ENST00000306999.7	0.7881792262196541	0.48665623366832733
ENST00000307063.9	0.1768587902188301	0.19599826633930206
ENST00000307102.10	0.7000582814216614	-0.01159266708418727
ENST00000307149.10	0.3339274376630783	0.19060467183589935
ENST00000307201.5	0.07361091673374176	-0.007474284619092941
ENST00000307227.9	1.2381716966629028	1.0861496329307556
ENST00000307259.9	0.33989188571770984	0.43702904880046844
ENST00000307358.7	-0.3560888369878133	-0.3789389580488205
ENST00000307422.9	0.2936544716358185	0.45847828686237335
ENST00000307450.11	1.0733002424240112	0.5054802000522614
ENST00000307522.5	-0.4298049658536911	-0.19420932419598103
ENST00000307630.5	1.2683702309926352	1.371221661567688
ENST00000307650.9	0.4209956799944242	0.055154345308740936
ENST00000307662.5	-0.4644723907113075	-0.0025546993128955364
ENST00000307720.4	0.8717225641012192	1.2166658639907837
ENST00000307741.11	-0.38311798870563507	-0.34355914406478405
ENST00000307750.5	0.19737767800688744	0.14794143103063107
ENST00000307771.7	-0.08731475472450256	0.17233984544873238
ENST00000307877.7	0.5910598039627075	0.624587744474411
ENST00000307892.13	1.3861441016197205	1.1234374642372131
ENST00000307921.7	-0.4335049241781235	-0.2713546256224314
ENST00000307961.11	0.7420965284109116	1.1005226373672485
ENST00000307980.7	0.40499338135123253	0.1913109462087353
ENST00000308020.6	0.21119112521409988	0.2790864557027817
ENST00000308025.8	-0.037919700145721436	0.4220118820667267
ENST00000308127.9	-0.40208323051532113	-0.3788907627264659
ENST00000308153.9	1.0183819234371185	1.7446609139442444
ENST00000308159.10	0.2853144742548466	0.3532119790712992
ENST00000308177.5	-0.037888918848087386	0.018058960946897667
ENST00000308249.4	0.08460913598537445	0.2144210860133171
ENST00000308271.14	-0.05422914773225784	-0.02518307138234377
ENST00000308360.8	0.09503069519996643	0.6001601219177246
ENST00000308418.10	1.0470630824565887	0.9204746037721634
ENST00000308508.5	-0.2639132713278135	0.03133821813389659
ENST00000308521.10	0.377376452088356	0.43679902454217273
ENST00000308595.10	-0.2701805792748928	-0.31961430609226227
ENST00000308677.9	0.904924675822258	0.739931121468544
ENST00000308683.3	0.4222986698150635	0.43543848395347595
ENST00000308696.11	0.6380628645420074	0.7144188284873962
ENST00000308736.7	-0.03237914914886157	-0.05873000559707482
ENST00000308742.9	0.624125212430954	0.5447787940502167
ENST00000308807.12	0.10052144403258959	0.40010805924733484
ENST00000308831.7	0.08027585409581661	0.008561927825212479
ENST00000308860.11	0.22522775456309319	0.21557354927062988
ENST00000308961.5	1.6275401711463928	0.9377239942550659
ENST00000308982.12	0.36238470673561096	0.5391375422477722
ENST00000308987.6	1.6746028463045757	1.5727942784627278
ENST00000309061.12	-0.08825018629431725	-0.08031423762440681
ENST00000309100.8	-0.8068290054798126	-1.1306442022323608
ENST00000309117.11	0.753923237323761	0.7491569221019745
ENST00000309244.9	1.3802651365598042	1.4063650170962014
ENST00000309295.9	-0.796676516532898	-0.6360710114240646
ENST00000309311.7	0.6326456516981125	0.9135850667953491
ENST00000309318.8	0.48643123358488083	0.1756925182417035
ENST00000309415.8	-0.6977992355823517	-0.5667441785335541
ENST00000309428.10	-0.22858835360966623	0.04255734896287322
ENST00000309451.7	0.6196001768112183	0.1805583704262972
ENST00000309522.8	1.1959749162197113	0.9866290986537933
ENST00000309594.5	1.0956266025702157	1.0025705993175507
ENST00000309733.6	0.6247307062149048	0.4721393585205078
ENST00000309822.7	0.5660425821940105	0.4441440949837367
ENST00000309851.10	1.4818689823150635	1.4490257501602173
ENST00000309859.8	0.24273733235895634	0.26746079232543707
ENST00000309863.11	-0.2606351524591446	-0.219999298453331
ENST00000309971.9	0.10242720320820808	0.2234988734126091
ENST00000309983.5	0.42498739808797836	0.5402829349040985
ENST00000310054.9	0.3828683942556381	0.1999738266070684
ENST00000310074.8	-0.3998216688632965	-0.46213654428720474
ENST00000310109.5	0.604639008641243	0.5040734708309174
ENST00000310118.9	0.31770171225070953	0.706410676240921
ENST00000310137.5	0.693841278553009	0.8772599796454111
ENST00000310144.11	0.9092146456241608	0.6828916321198146
ENST00000310193.4	-0.008895364589989185	0.12617960665374994
ENST00000310300.11	-0.1183178893600901	-0.044001714016000434
ENST00000310325.10	-0.2611198276281357	-0.0768066942691803
ENST00000310392.5	0.06524047569837421	0.031003394164144993
ENST00000310418.8	0.704429566860199	1.2663177847862244
ENST00000310421.5	0.10659064538776875	-0.08701743558049202
ENST00000310430.11	0.2138165719807148	0.12348921969532967
ENST00000310447.10	0.374205369502306	0.25282078981399536
ENST00000310496.9	-0.31261029466986656	-0.4797772988677025
ENST00000310512.4	-0.01012080938865741	-0.10590630024671555
ENST00000310571.8	0.34855976700782776	0.5876365005970001
ENST00000310597.6	0.22457247227430344	0.24756393084923428
ENST00000310682.6	0.25642984360456467	-0.054055712185800076
ENST00000310775.12	-0.2523161917924881	0.19892919063568115
ENST00000310806.9	-0.04421442933380604	0.043136633932590485
ENST00000310823.8	0.3214360276858012	0.19239630425969761
ENST00000310864.11	-0.3109656572341919	0.03803652711212635
ENST00000310926.11	0.5549702197313309	0.4268920421600342
ENST00000310942.9	-0.2664184421300888	0.10642620548605919
ENST00000310999.11	0.6341029219329357	0.7865195125341415
ENST00000311086.9	0.7297455370426178	1.0080880522727966
ENST00000311117.8	-0.694442555308342	-0.5889985710382462
ENST00000311124.9	0.3098771907389164	0.12204093392938375
ENST00000311128.10	-0.167874151840806	-0.11279430488745372
ENST00000311141.6	0.4959370344877243	0.3559286346038183
ENST00000311151.9	0.9870442599058151	0.7529075145721436
ENST00000311160.14	-0.33088666945695877	-0.4370080754160881
ENST00000311180.9	0.3200678274035454	0.35833166614174844
ENST00000311181.5	0.6237855330109596	0.21901646256446838
ENST00000311208.13	0.9181952700018883	1.0486323535442352
ENST00000311320.9	-0.3977071940898895	-0.296005979180336
ENST00000311351.9	1.188219130039215	1.1771791875362396
ENST00000311459.12	0.20517846196889877	0.5144054293632507
ENST00000311481.11	1.4633316695690155	1.512274146080017
ENST00000311575.6	0.4914386967817942	0.5079538573821386
ENST00000311601.6	0.24586319426695508	0.07461372825006643
ENST00000311604.8	0.3353606928139925	0.34267351403832436
ENST00000311630.7	0.1366399672503273	0.028666261894007523
ENST00000311635.12	0.14765315130352974	0.26385214552283287
ENST00000311669.12	0.16899581253528595	0.2636759579181671
ENST00000311672.10	1.690688043832779	1.5785730332136154
ENST00000311765.4	0.6726908087730408	0.2954006940126419
ENST00000311772.10	0.661731111506621	0.49486584464708966
ENST00000311806.8	0.5281941071152687	0.3396504148840904
ENST00000311832.5	0.7670163214206696	0.7082220017910004
ENST00000311852.11	0.3480975329875946	0.6825798749923706
ENST00000311893.13	1.3326099961996078	1.1100718080997467
ENST00000311916.8	-0.35313150137662885	-0.3970547422766686
ENST00000312184.6	0.8310070633888245	0.8093163073062897
ENST00000312196.10	0.04851977713406086	0.18807929754257202
ENST00000312397.10	0.3362477670113245	0.2008977060516675
ENST00000312419.8	0.9066047519445419	0.5830418020486832
ENST00000312423.4	0.6374131701886654	0.4834780730307102
ENST00000312515.7	0.9793054759502411	0.48566870888074243
ENST00000312541.10	-0.005568294475475948	0.3648183743158976
ENST00000312561.9	-0.8113970458507538	-0.7258930504322052
ENST00000312579.4	-0.28076790273189545	-0.40317127853631973
ENST00000312629.10	-0.259393148124218	-0.2072885756691297
ENST00000312637.5	0.690120592713356	0.6126119941473007
ENST00000312938.5	0.08450061269104481	-0.14621594548225403
ENST00000313010.8	0.6721036930878956	0.8033694624900818
ENST00000313056.10	-0.10304572060704231	0.30255065858364105
ENST00000313093.6	-0.6180366029342015	-0.8757788141568502
ENST00000313244.14	-0.11609952664002776	-0.15662049921229482
ENST00000313288.9	0.024297834063569702	-0.17763850651681423
ENST00000313334.13	1.2767047584056854	1.8137330561876297
ENST00000313368.8	0.546981543302536	0.08390634227544069
ENST00000313486.12	0.48879446337620414	0.5516213625669479
ENST00000313525.4	0.37854138016700745	0.621538907289505
ENST00000313601.11	0.7053811599810917	0.6333321034908295
ENST00000313608.13	1.3115351796150208	1.1667380332946777
ENST00000313655.5	0.5317753851413727	0.5116967782378197
ENST00000313683.15	0.5417121946811676	0.5835250839591026
ENST00000313708.11	0.5486446022987366	0.3644413997729619
ENST00000313766.6	-0.7895697429776192	-0.8195194974541664
ENST00000313843.8	0.4509934037923813	0.10498292744159698
ENST00000313961.10	1.2558317184448242	0.707328736782074
ENST00000314103.6	0.39772406220436096	0.43203915655612946
ENST00000314144.10	1.002792812883854	1.075785405933857
ENST00000314167.9	-0.565974622964859	-0.6893653869628906
ENST00000314256.12	-0.9070636828740437	-0.9495921035607656
ENST00000314340.10	0.7620646357536316	0.9214429706335068
ENST00000314355.7	1.6997324426968894	1.5244295795758565
ENST00000314358.10	-0.34493056933085126	-0.38281205793221795
ENST00000314393.6	0.1803726002573967	-0.1705829672515392
ENST00000314423.12	0.011601405683904886	0.22083042562007904
ENST00000314527.9	0.32761403918266296	0.23546596864859265
ENST00000314607.11	-0.2404833746453126	-0.3644392490386963
ENST00000314622.9	0.7211602926254272	0.40676240622997284
ENST00000314666.11	-0.03618255234323442	-0.12204638915136456
ENST00000314759.6	0.5032259523868561	0.5250201523303986
ENST00000314787.8	0.6353833675384521	0.595058262348175
ENST00000314797.10	0.5052210241556168	0.6039663255214691
ENST00000314888.10	0.14686295669525862	0.2860991470515728
ENST00000314891.11	-0.3055311143398285	-0.29149501770734787
ENST00000314940.7	1.172659307718277	1.3747096260388694
ENST00000315082.9	0.17423896305263042	0.08938933885656297
ENST00000315144.14	-0.3006315678358078	-0.2655140273272991
ENST00000315251.11	-0.4507243037223816	-0.2030735295265913
ENST00000315286.13	1.5246152877807617	0.8246530890464783
ENST00000315323.5	0.6225557327270508	0.538100004196167
ENST00000315368.7	-0.20429349690675735	0.15352652966976166
ENST00000315423.12	-0.58946373462677	-0.6223972976207732
ENST00000315436.7	-0.4656118080019951	-0.6522036790847778
ENST00000315467.9	0.6280791535973549	1.1493635475635529
ENST00000315491.12	0.8145913084348042	1.081621785958608
ENST00000315579.10	-0.027388736605644226	0.10316186025738716
ENST00000315580.9	0.11140289902687073	0.07735138479620218
ENST00000315616.12	0.25515639781951904	0.06850577425211668
ENST00000315691.8	0.401119489595294	0.24405247569084168
ENST00000315732.3	0.47835952788591385	0.5518530383706093
ENST00000315792.5	1.4393296241760254	0.9957494139671326
ENST00000315869.8	-0.47165732085704803	-0.3847664793332418
ENST00000315872.11	-0.5867744088172913	-0.445051908493042
ENST00000315927.8	0.8979110419750214	0.759362518787384
ENST00000315948.11	0.3857601583003998	0.05176776833832264
ENST00000315970.12	0.4907627602418264	0.6671030720074971
ENST00000316084.10	1.5081379810969033	1.2753574053446453
ENST00000316218.12	0.9057231545448303	0.8472248613834381
ENST00000316273.11	0.6546518132090569	0.6144626885652542
ENST00000316292.13	1.0305139919122062	0.9442537824312847
ENST00000316308.9	0.396830732623736	0.12181528533498445
ENST00000316334.5	0.2187412679195404	-0.13056618844469386
ENST00000316448.10	1.5179664492607117	1.6483391920725503
ENST00000316519.11	0.5890746340155602	0.3225070000626147
ENST00000316549.11	-0.11814284324645996	0.07028595544397831
ENST00000316715.9	0.3232835605740547	0.6963905890782675
ENST00000316757.4	-0.08844916336238384	-0.5372235029935837
ENST00000316788.12	0.9328567385673523	1.1499073505401611
ENST00000316836.5	0.28241737807790435	0.4217340101798376
ENST00000316843.9	0.0005903076380491257	-0.20877251774072647
ENST00000316851.11	0.5963993072509766	1.0081546306610107
ENST00000316902.12	0.5922249356905619	0.4646284108360609
ENST00000317058.8	0.8897805313269298	0.6185211340586345
ENST00000317089.10	1.0074066817760468	1.2290104031562805
ENST00000317091.10	0.19993598759174347	0.545741617679596
ENST00000317096.9	0.25316915661096573	0.42006027698516846
ENST00000317147.10	-0.36755698174238205	-0.22934609651565552
ENST00000317204.11	0.9019975066184998	0.7606782913208008
ENST00000317370.13	0.7536580264568329	0.6288084387779236
ENST00000317459.11	-0.04738504043780267	-0.07385633327066898
ENST00000317479.8	0.0035072379978373647	0.09151512943208218
ENST00000317534.6	1.032734453678131	0.6913512945175171
ENST00000317568.10	0.1778380684554577	0.3219912126660347
ENST00000317571.8	0.2057851329445839	0.028751423582434654
ENST00000317578.7	0.02651057578623295	-0.017079931683838367
ENST00000317582.10	0.1903049238026142	0.30285917967557907
ENST00000317683.4	-0.45466234534978867	-0.7461744248867035
ENST00000317702.10	0.7677844166755676	0.9657882750034332
ENST00000317811.6	-0.46748808523019153	-0.6657185802857082
ENST00000317881.9	1.3854812979698181	1.1196110248565674
ENST00000317905.10	0.060391305945813656	-0.2771397978067398
ENST00000317907.9	-0.2547058165073395	0.3405526131391525
ENST00000318003.11	-0.2832099460065365	-0.14362537674605846
ENST00000318006.9	0.024100497364997864	0.05236644018441439
ENST00000318010.12	0.019385439654191334	0.16835547797381878
ENST00000318037.3	-0.18145527504384518	0.060281801503151655
ENST00000318063.10	-0.0903981258161366	0.2590673454105854
ENST00000318066.7	1.602580487728119	1.6232210099697113
ENST00000318129.6	0.7730437715848287	0.8357061445713043
ENST00000318158.11	0.5663995295763016	0.620634600520134
ENST00000318348.9	0.32947549410164356	0.41620008647441864
ENST00000318388.11	0.7858293950557709	0.930041953921318
ENST00000318407.5	0.15330506302416325	-0.19133657217025757
ENST00000318522.10	-0.07762730494141579	0.10363160260021687
ENST00000318528.8	0.6484045088291168	0.6768949925899506
ENST00000318596.8	0.017200104892253876	0.007660724222660065
ENST00000318602.12	0.006683334708213806	0.32358357558647793
ENST00000318631.8	0.19460009038448334	-0.051636227406561375
ENST00000318663.5	-0.264364185432593	-0.3584190309047699
ENST00000318709.9	-0.15126599433521432	-0.25336594693362713
ENST00000318887.8	0.5926380008459091	0.6221893131732941
ENST00000318911.5	0.2319902926683426	0.7291963696479797
ENST00000318950.11	0.42666861414909363	0.40089380741119385
ENST00000319017.5	0.6437018066644669	0.5331626310944557
ENST00000319023.7	-0.05762906697054859	0.035120060201734304
ENST00000319121.4	0.298729732632637	0.30701496452093124
ENST00000319172.10	-0.18072523176670074	-0.31010979413986206
ENST00000319190.11	-0.12808986753225327	-0.3513028025627136
ENST00000319211.5	0.4534722529351711	0.2861811947077513
ENST00000319212.9	-0.08017800468951464	-0.2449435517191887
ENST00000319264.4	0.4622043271859487	0.36068180203437805
ENST00000319283.7	-0.05898338928818703	0.1553271934390068
ENST00000319285.5	0.6510361135005951	0.5070876777172089
ENST00000319331.4	0.1457953304052353	0.2586022913455963
ENST00000319332.10	0.6186037361621857	0.25478044152259827
ENST00000319359.8	0.25235426612198353	-0.08245740085840225
ENST00000319481.8	0.10030615578095117	-0.05722708565493425
ENST00000319518.13	-0.34621933102607727	-0.14490029960870743
ENST00000319550.9	0.507660299539566	0.5446202158927917
ENST00000319555.8	-0.7856051623821259	-0.797887126604716
ENST00000319562.11	-0.6969868615269661	-0.756084106862545
ENST00000319653.14	-0.8610401550928752	-0.6714474658171335
ENST00000319725.10	0.654472291469574	0.6394417881965637
ENST00000319863.13	0.44803275167942047	0.7706388235092163
ENST00000319974.6	0.6921542584896088	0.3369341343641281
ENST00000320027.10	0.6692674532532692	0.9458858221769333
ENST00000320033.5	0.9315030177434286	0.6964042683442433
ENST00000320172.11	0.6907199621200562	0.6146538108587265
ENST00000320270.4	0.2096561323851347	0.8113594651222229
ENST00000320285.9	0.6019988507032394	0.4971085526049137
ENST00000320574.10	-0.20167869422584772	-0.03456608531996608
ENST00000320578.3	0.6032471060752869	0.26248718053102493
ENST00000320585.11	0.7781043350696564	0.9507037922739983
ENST00000320676.11	0.523008793592453	1.3608770370483398
ENST00000320717.8	0.5704374015331268	0.44816524287064874
ENST00000320743.7	0.024171999655663967	0.021435777191072702
ENST00000320756.7	1.2779532819986343	1.5214471717675528
ENST00000320776.5	0.732711911201477	0.6006408929824829
ENST00000320785.10	-0.8759951293468475	-0.790950745344162
ENST00000320805.8	0.3540995121002197	0.29990680515766144
ENST00000320954.11	0.7684546411037445	0.7506171464920044
ENST00000321027.8	-0.06626895815134048	0.03608748596161604
ENST00000321037.5	0.7011240273714066	0.8364365100860596
ENST00000321149.7	0.11116528511047363	0.03964881785213947
ENST00000321256.10	1.3171154260635376	1.2371357679367065
ENST00000321264.9	-0.23969754949212074	-0.286891408264637
ENST00000321265.10	0.8394286036491394	0.972798486550649
ENST00000321297.10	-0.013311311913033325	-0.24380170057217282
ENST00000321341.11	0.5844958424568176	0.6613068729639053
ENST00000321356.9	0.14504487874607247	0.06105040060356259
ENST00000321358.12	0.7394682069619497	1.448485533396403
ENST00000321394.12	0.9802422523498535	0.9807486534118652
ENST00000321407.3	0.10689321719110012	0.17392945382744074
ENST00000321442.10	0.9742195904254913	0.880862221121788
ENST00000321560.4	0.3979827103515466	0.3647768050432205
ENST00000321562.9	0.7499196231365204	0.492562860250473
ENST00000321612.8	-0.07744729891419411	0.09932935237884521
ENST00000321617.8	-0.46087806671857834	-0.7047639638185501
ENST00000321685.7	-0.05472061689943075	-0.0350930280983448
ENST00000321757.11	0.5842094719409943	0.49254144728183746
ENST00000321764.4	0.9354371726512909	0.9272736608982086
ENST00000321765.10	-0.5836968421936035	-0.46667496860027313
ENST00000321867.6	-0.7704354921976725	-0.794899195432663
ENST00000321895.7	-0.17561572417616844	-0.0660138800740242
ENST00000321919.14	0.507967472076416	0.45344051718711853
ENST00000321949.13	0.5368528266747792	0.36972299218177795
ENST00000321990.5	-0.42724183946847916	-0.4367455244064331
ENST00000322030.13	1.0934838652610779	1.4646164774894714
ENST00000322048.12	0.4741194099187851	0.30096130818128586
ENST00000322054.10	-0.3009614199399948	0.15178480558097363
ENST00000322090.8	0.5626039393246174	0.7862811461091042
ENST00000322128.5	0.6337208598852158	0.5964815393090248
ENST00000322177.6	0.07800569012761116	-0.1551235218842824
ENST00000322203.7	1.5487709194421768	1.3566128611564636
ENST00000322213.9	0.6451823897659779	0.2950470354408026
ENST00000322244.10	-0.004389100708067417	0.3450918644666672
ENST00000322310.10	0.9865442514419556	1.194874574740728
ENST00000322313.9	-0.26879209838807583	0.41192213259637356
ENST00000322342.4	0.33645524084568024	0.15301302820444107
ENST00000322349.13	-0.29864320158958435	0.32773344218730927
ENST00000322396.7	0.25989666767418385	-0.019235771615058184
ENST00000322535.11	0.48990150168538094	0.4004134386777878
ENST00000322536.8	0.3264896422624588	0.33333928883075714
ENST00000322716.8	0.48284198343753815	0.365808816626668
ENST00000322723.9	1.0833979099988937	1.4291749596595764
ENST00000322764.10	-0.10632334602996707	0.03884595260024071
ENST00000322897.11	1.178367704153061	0.9338322877883911
ENST00000322940.11	0.6147282123565674	0.8977966904640198
ENST00000322954.11	0.058861131158967815	-0.06330111374457677
ENST00000323019.9	0.2706316076219082	0.4627272039651871
ENST00000323037.5	-0.13476539216935635	-0.26038261875510216
ENST00000323061.7	0.9531969428062439	1.180160105228424
ENST00000323116.10	-0.4092192016541958	-0.26342300698161125
ENST00000323180.10	-0.032599857077002525	-0.0401969738304615
ENST00000323274.15	0.4038839414715767	0.693622499704361
ENST00000323303.9	0.9175037145614624	1.0700719952583313
ENST00000323482.9	0.5705305337905884	0.34061245123545325
ENST00000323523.8	0.553592637181282	0.5286658629775047
ENST00000323534.5	1.3698067466417947	1.1019823849201202
ENST00000323544.5	0.3120594620704651	0.4317185655236244
ENST00000323557.11	-0.230843427280585	-0.07403528628249964
ENST00000323563.8	0.5483949482440948	0.43058378994464874
ENST00000323570.8	0.9997240602970123	0.6676513850688934
ENST00000323666.10	0.6857799142599106	1.022254467010498
ENST00000323798.8	0.33489083498716354	0.2858758978545666
ENST00000323853.10	0.14861364848911762	0.23801394551992416
ENST00000323929.8	0.25460734963417053	0.2734091430902481
ENST00000323959.9	0.7198425233364105	0.685354471206665
ENST00000324093.8	-0.7655064860979716	-0.4971400648355484
ENST00000324109.9	-0.2889979419608911	-0.3465190827846527
ENST00000324194.12	0.5070943713188172	0.13136554069351405
ENST00000324198.11	-0.1674380525946617	-0.07530236896127462
ENST00000324300.10	0.5440849363803864	0.41982240974903107
ENST00000324306.11	-0.10833690734580159	0.18269537761807442
ENST00000324453.13	0.5036119669675827	0.4124838709831238
ENST00000324460.7	1.2799075841903687	1.2002349495887756
ENST00000324607.8	0.01778937689960003	0.46649475395679474
ENST00000324679.5	-0.23312557116150856	-0.3078126013278961
ENST00000324685.10	-0.023869993165135384	-0.1763223484158516
ENST00000324849.9	0.002850539982318878	0.30633761920034885
ENST00000324856.13	-0.8252672851085663	-0.5295171290636063
ENST00000324862.7	0.5529872477054596	0.45306447645028436
ENST00000324871.12	0.5967111885547638	0.6418798416852951
ENST00000324873.8	0.70904541015625	0.4611135870218277
ENST00000324907.14	0.597539871931076	0.3766506798565388
ENST00000324913.9	0.5564262568950653	0.4675860380132993
ENST00000324932.12	-0.1061426056548953	-0.23485985398292542
ENST00000325144.5	0.40064833164215086	0.1225110799074173
ENST00000325167.9	0.7037829756736755	0.8562192618846893
ENST00000325278.6	0.6506889164447784	0.40753038227558136
ENST00000325285.8	-0.6976124147574108	-0.5891507466634114
ENST00000325327.4	-0.013135990127921104	0.4608851273854574
ENST00000325366.14	0.2773851454257965	0.054274907335639
ENST00000325404.3	-0.020258894190192223	0.38231851160526276
ENST00000325418.5	-0.25531479343771935	-0.22596566937863827
ENST00000325421.7	0.03608349850401282	-0.12140771374106407
ENST00000325495.9	0.9457313120365143	0.8964316099882126
ENST00000325748.9	0.5916441977024078	0.534429632127285
ENST00000326266.13	0.4727536539236704	0.3259031822284063
ENST00000326291.11	-0.24248008616268635	0.09473752230405807
ENST00000326427.11	0.751864954829216	0.8505731374025345
ENST00000326674.10	0.368422269821167	-0.11040015518665314
ENST00000326739.9	1.1156481305758157	0.631201336781184
ENST00000326793.11	0.2708818167448044	0.3860824182629585
ENST00000326840.11	-0.13635675609111786	-0.03488311730325222
ENST00000326925.11	1.0187994241714478	0.7686475813388824
ENST00000327031.9	-0.11797747761011124	-0.16386755043640733
ENST00000327134.7	0.43365733325481415	0.1721317246556282
ENST00000327141.9	0.625220388174057	-0.061647336309154824
ENST00000327214.5	0.6374245584011078	0.8450595140457153
ENST00000327300.12	0.8298301498095195	0.7323136727015177
ENST00000327304.10	0.7386113554239273	0.512222059071064
ENST00000327347.10	-0.006682843901216984	0.22105290740728378
ENST00000327367.9	0.3658219277858734	0.5822489261627197
ENST00000327374.9	0.23753182590007782	0.24418402835726738
ENST00000327428.10	1.0949555337429047	1.0318162143230438
ENST00000327435.11	1.2953084111213684	1.2663790583610535
ENST00000327443.9	0.2227635160088539	0.4308864176273346
ENST00000327490.8	0.5594689249992371	0.46038177609443665
ENST00000327532.7	-0.24798640981316566	-0.27207369543612003
ENST00000327697.11	-0.721076250076294	-0.39301522076129913
ENST00000327773.7	-0.710627555847168	-0.5523794442415237
ENST00000327787.13	-0.12048708647489548	-0.27106358110904694
ENST00000327858.11	0.3213946788261334	0.48446544508139294
ENST00000327877.10	0.5456796064972878	0.6294013261795044
ENST00000328024.11	1.188829779624939	1.3066614866256714
ENST00000328046.8	0.34155145784219104	0.06796472581724326
ENST00000328257.13	0.8946627229452133	0.4704691097140312
ENST00000328381.10	-0.2034295176466306	-0.3315638105074564
ENST00000328434.8	1.3342692852020264	1.292864978313446
ENST00000328649.11	0.8844415694475174	0.6315748989582062
ENST00000328666.11	-0.05054692986110846	0.00014754074315230048
ENST00000328697.11	0.13431390502955765	0.27292816154658794
ENST00000328703.12	0.42782213538885117	0.7887267470359802
ENST00000328771.9	-0.770640641450882	-0.47520454227924347
ENST00000328827.9	0.5003325939178467	0.8277745842933655
ENST00000328834.9	-0.010478373616933823	0.1390228063100949
ENST00000328848.6	1.7511046727498374	1.023780902226766
ENST00000328850.8	0.06105904467403889	-0.2480551302433014
ENST00000328879.9	0.08827696616450946	-0.12360011165340741
ENST00000329117.10	0.005129064433276653	0.23682010918855667
ENST00000329138.9	0.11598516752322516	0.49010536074638367
ENST00000329146.9	0.7726527502139409	1.011401285727819
ENST00000329271.8	1.0761842280626297	0.7509820908308029
ENST00000329276.10	0.4578842222690582	0.6366396993398666
ENST00000329286.7	0.2952715754508972	-0.20962156355381012
ENST00000329421.8	0.7458891570568085	1.2923929691314697
ENST00000329474.7	-0.2142608230933547	-0.17414384265430272
ENST00000329478.4	0.07485835005839667	-0.09242670424282551
ENST00000329713.5	0.695725679397583	0.3444132059812546
ENST00000329759.6	0.3999583075443903	-0.050715912754337
ENST00000329841.10	0.7802216708660126	0.5618469715118408
ENST00000329970.8	0.7952261492609978	0.3318522125482559
ENST00000330029.6	1.6885988314946494	1.9181307752927146
ENST00000330062.8	0.7591903408368429	0.7932730118433635
ENST00000330143.8	0.1300196759402752	-0.002467988058924675
ENST00000330149.10	0.33580775558948517	0.4451024681329727
ENST00000330263.5	0.7002021670341492	0.8595002591609955
ENST00000330288.6	1.5208966434001923	1.0714433789253235
ENST00000330342.8	0.09249434620141983	0.06825779130061468
ENST00000330368.3	0.6797138750553131	0.4353245347738266
ENST00000330374.6	1.6266589760780334	1.3999655842781067
ENST00000330387.11	0.26627552732825277	0.4489678561687469
ENST00000330394.3	0.05340482480823994	-0.009843852370977402
ENST00000330398.9	1.5486990213394165	1.5807312726974487
ENST00000330430.10	1.3977073207497597	0.8506461381912231
ENST00000330475.9	0.24732848381002742	0.3000077207883199
ENST00000330494.12	-0.44851651042699814	-0.33895232528448105
ENST00000330501.12	-0.3476495314389467	-0.03566484618932009
ENST00000330574.2	-0.814258486032486	-0.6287920773029327
ENST00000330636.8	1.2172587712605794	1.1545832057793937
ENST00000330720.7	1.2580257455507915	1.2936351299285889
ENST00000330817.11	0.1436435505747795	0.42013805359601974
ENST00000330843.9	0.1307949796319008	-0.05460977368056774
ENST00000330877.6	-0.16729170456528664	0.10519529413431883
ENST00000330899.5	0.8029772738615673	1.0826990207036338
ENST00000330964.10	1.5992226004600525	1.6520752310752869
ENST00000331075.10	-0.3441074763735135	-0.31980962554613745
ENST00000331079.11	0.15236219484359026	0.29887320660054684
ENST00000331173.6	0.5303324460983276	0.6475560367107391
ENST00000331200.8	1.119508296251297	0.8056197166442871
ENST00000331203.7	0.019825762137770653	0.3800876612464587
ENST00000331272.9	-0.756031721830368	-0.5439637415111065
ENST00000331314.11	0.159768079717954	0.15509554122885066
ENST00000331334.5	0.9243275225162506	1.0099636614322662
ENST00000331335.9	-0.5234170854091644	-0.415219783782959
ENST00000331366.10	0.7731295824050903	0.5972605347633362
ENST00000331426.6	0.631541445851326	0.7116665467619896
ENST00000331434.7	0.4748866409063339	0.23205681145191193
ENST00000331483.9	1.180594265460968	1.5394288897514343
ENST00000331552.12	0.7276586592197418	0.8127664029598236
ENST00000331563.7	-0.1623699739575386	0.11465879157185555
ENST00000331569.6	0.6630243808031082	0.6180063486099243
ENST00000331595.9	0.9269521534442902	1.1649587154388428
ENST00000331683.10	0.14273711387068033	-0.13009529933333397
ENST00000331710.10	0.21818292140960693	0.07638701672355333
ENST00000331738.12	0.4769995162884394	0.4732276499271393
ENST00000331758.8	0.10996873304247856	0.38903632263342536
ENST00000331768.10	0.26408102735877037	-0.008672974538058043
ENST00000331817.6	0.860736757516861	0.8302425146102905
ENST00000331825.11	1.389800637960434	1.7432819306850433
ENST00000332118.11	0.9798652529716492	0.5668160319328308
ENST00000332290.3	0.756045937538147	0.9791968762874603
ENST00000332349.5	0.3289643004536629	0.04555182904005051
ENST00000332395.7	-0.008879349877436955	-0.02729140625645717
ENST00000332499.4	0.5160040259361267	0.2745494991540909
ENST00000332503.6	0.6615763902664185	0.55754154920578
ENST00000332509.8	0.24462778990467388	0.015881857213874657
ENST00000332556.5	0.771441139280796	1.3109142631292343
ENST00000332707.10	-0.24760055790344873	0.13147621353467304
ENST00000332783.12	-0.083151925355196	-0.2544299860795339
ENST00000332822.6	-0.018416487146168947	0.910902738571167
ENST00000332830.9	-0.7428729633490244	-0.7938991139332454
ENST00000332853.9	0.1525018122047186	-0.08148192148655653
ENST00000332859.11	1.308011668920517	1.4858405590057373
ENST00000332884.11	0.0074646808207035065	0.2486850470304489
ENST00000332981.10	-0.45062896609306335	-0.5378239154815674
ENST00000333003.10	0.22974845208227634	0.25141528621315956
ENST00000333050.7	0.5124950110912323	0.4454017033179601
ENST00000333119.7	1.1406622231006622	0.750356987118721
ENST00000333130.3	0.30452828854322433	0.6002790927886963
ENST00000333167.13	0.3765419125556946	0.527849443256855
ENST00000333188.10	0.37361969947814944	0.668428474664688
ENST00000333213.11	-0.3868326097726822	-0.1660621166229248
ENST00000333219.9	0.39063603105023503	0.2303894410530726
ENST00000333421.6	0.8197580873966217	0.5341556668281555
ENST00000333467.4	0.2784849852323532	0.30909566829601925
ENST00000333479.12	-0.6837118367354076	-0.5716602404912312
ENST00000333486.4	-0.08660879358649254	-0.006165998987853527
ENST00000333503.8	-0.18262314796447754	-0.1386427953839302
ENST00000333602.13	-0.6248512069384257	-0.7770049472649891
ENST00000333610.4	0.8643627017736435	0.7287754416465759
ENST00000333628.4	0.9402279953161876	1.264186223347982
ENST00000333651.11	0.430260901649793	0.3199197302261988
ENST00000333916.8	0.20556355267763138	0.07729568099603057
ENST00000333926.6	1.7378240823745728	1.857853651046753
ENST00000334047.12	0.4801328182220459	0.9706355482339859
ENST00000334121.11	0.5826116502285004	0.45327144861221313
ENST00000334126.11	-0.3442840427160263	-0.6012445986270905
ENST00000334133.9	0.3361678570508957	-0.04335479810833931
ENST00000334163.4	0.3763666898012161	0.3564993292093277
ENST00000334220.9	0.7817778388659159	0.9839768807093303
ENST00000334256.9	0.6151898950338364	0.8001379668712616
ENST00000334270.3	0.44536092877388	0.1382046863436699
ENST00000334304.10	-0.827371746301651	-0.8520940244197845
ENST00000334344.11	-0.7051101922988892	-0.6683053076267242
ENST00000334350.7	1.724959373474121	1.6149272918701172
ENST00000334398.8	0.4940144419670105	0.30290498336156213
ENST00000334463.4	-0.15012172609567642	-0.19183880649507046
ENST00000334464.7	-0.5224081625541052	-0.6058537115653356
ENST00000334512.10	-0.05955727398395538	-0.058524178341031075
ENST00000334534.10	0.22963986545801163	0.30407552421092987
ENST00000334651.11	0.26117166317999363	-0.24086682498455048
ENST00000334660.10	0.9394196420907974	0.9813647419214249
ENST00000334690.11	0.04538206973423561	-0.05189329913506906
ENST00000334696.10	-0.007699518154064814	0.011487998999655247
ENST00000334705.12	0.31072643399238586	-0.2604810893535614
ENST00000334731.7	0.9552512764930725	0.8304133911927541
ENST00000334785.11	0.15470663458108902	0.4481143057346344
ENST00000334801.7	-0.35380392273267114	-0.07540068278710048
ENST00000334828.6	1.267494002978007	1.4880541364351907
ENST00000334982.9	0.9761414676904678	0.9353475272655487
ENST00000335181.10	0.937711735566457	0.7514181981484096
ENST00000335209.12	0.6981183588504791	0.38788407295942307
ENST00000335255.10	-0.40843296982347965	-0.564981535077095
ENST00000335272.10	0.7375464340051014	1.0386456648508706
ENST00000335327.6	-0.2556205317378044	-0.2172185443341732
ENST00000335420.10	0.4157283529639244	0.23711428046226501
ENST00000335508.11	0.4225534374515215	0.4417506059010824
ENST00000335514.10	1.740864485502243	1.2949447631835938
ENST00000335754.8	0.21800583973526955	0.12359260705610117
ENST00000335757.10	0.1445145085453987	0.5060761272907257
ENST00000335765.9	0.42898838594555855	0.16341648576781154
ENST00000335793.4	0.3444667011499405	0.23332816362380981
ENST00000335968.8	-0.08552630990743637	0.3688035309314728
ENST00000335999.7	-0.928447499871254	-0.8634014576673508
ENST00000336023.9	1.2932162284851074	1.3707534670829773
ENST00000336138.4	0.7112924456596375	0.6221067905426025
ENST00000336174.12	0.352751761674881	0.24350371956825256
ENST00000336180.7	-0.14844955503940582	-0.3878477029502392
ENST00000336278.8	0.44459524005651474	0.3682981878519058
ENST00000336283.7	-0.11709662899374962	-0.1542823389172554
ENST00000336292.11	-0.05171881802380085	0.06056245043873787
ENST00000336294.10	0.22848323732614517	0.04142889007925987
ENST00000336314.9	0.009045562706887722	0.1929551661014557
ENST00000336349.6	0.1634461646899581	0.3463243842124939
ENST00000336418.9	1.1095790167649586	1.2414155205090842
ENST00000336431.10	-0.05513136088848114	0.0957089252769947
ENST00000336498.8	-0.09857778251171112	-0.21861212079723674
ENST00000336576.9	0.16177886724472046	-0.31200839672237635
ENST00000336592.11	0.2602498382329941	0.3969660997390747
ENST00000336615.9	0.27222567796707153	0.07599032670259476
ENST00000336735.9	0.5730097989241283	0.8780311048030853
ENST00000336767.6	0.4627939114967982	0.8109370271364847
ENST00000336783.8	-0.06299925222992897	-0.07397318631410599
ENST00000336854.8	0.8717028051614761	0.5712129324674606
ENST00000336868.8	0.15791541477665305	0.6089667417109013
ENST00000336926.11	0.19792764633893967	0.2693339139223099
ENST00000337109.9	0.9896116554737091	1.2038516998291016
ENST00000337137.9	-0.13501505553722382	-0.2574516534805298
ENST00000337227.9	1.0853186249732971	0.49290405213832855
ENST00000337231.5	-0.4022966967895627	-0.6116330511868
ENST00000337233.8	-0.5458614230155945	-0.3387458920478821
ENST00000337288.9	-0.21825383231043816	-0.2939208224415779
ENST00000337488.11	0.4441995620727539	0.31227198243141174
ENST00000337491.7	0.517691969871521	0.306877925992012
ENST00000337537.8	0.04970819875597954	0.6934503018856049
ENST00000337702.5	1.0051612854003906	0.62733393907547
ENST00000337743.9	0.06387440674006939	-0.14157703518867493
ENST00000337859.11	0.7180259972810745	0.6461642012000084
ENST00000338034.9	-0.04011332313530147	-0.10702805314213037
ENST00000338037.11	-0.17777668684720993	-0.3999614169200261
ENST00000338128.13	0.413265660405159	0.6267156526446342
ENST00000338134.8	-0.014852175023406744	0.2693658769130707
ENST00000338179.6	0.4528193771839142	0.7365047037601471
ENST00000338193.11	0.38008253276348114	0.4164254516363144
ENST00000338205.9	-0.07957804575562477	0.1612660549581051
ENST00000338380.2	1.0063601334889731	1.3203607002894084
ENST00000338415.8	0.4763757735490799	0.5978098809719086
ENST00000338448.10	0.11209873855113983	0.5480526313185692
ENST00000338492.9	0.47530175745487213	0.5188798308372498
ENST00000338560.12	0.19467419385910034	-0.041134972125291824
ENST00000338625.9	0.29000622530778253	0.0727128538613518
ENST00000338663.11	0.22795864939689636	0.8069950640201569
ENST00000338702.3	0.7185330092906952	0.41921886801719666
ENST00000338728.10	-0.19631238809476298	-0.11083542928099632
ENST00000338821.6	0.15373501181602478	-0.001399710463980834
ENST00000338825.5	1.0225242972373962	1.2015069723129272
ENST00000339157.10	-0.5366191044449806	-0.22024510614573956
ENST00000339276.6	0.9706020851929983	1.2366819381713867
ENST00000339364.10	-0.642214298248291	-0.49646542966365814
ENST00000339365.2	-0.5325485393404961	-0.014858029782772064
ENST00000339397.5	0.4942430183291435	0.3632868081331253
ENST00000339399.5	1.1745571494102478	1.4143638014793396
ENST00000339600.6	1.6821783483028412	1.7125433385372162
ENST00000339697.5	0.6563488841056824	0.9232664704322815
ENST00000340020.11	-0.25770314534505206	-0.422736053665479
ENST00000340067.4	0.7937373667955399	0.693961501121521
ENST00000340093.8	0.5571146607398987	0.819159984588623
ENST00000340096.11	-0.1624615713953972	-0.4174162521958351
ENST00000340124.9	0.3591996431350708	0.0373917892575264
ENST00000340126.9	-0.4580104649066925	0.03876336291432381
ENST00000340253.10	-0.07631255686283112	0.10275768022984266
ENST00000340258.10	0.058264922350645065	-0.10219402611255646
ENST00000340281.9	0.37525835633277893	0.7929319143295288
ENST00000340356.9	0.5494738817214966	0.6999493837356567
ENST00000340381.11	0.18733921647071838	0.29375557601451874
ENST00000340384.5	0.9039222796758016	1.3193005720774331
ENST00000340385.6	1.2503549456596375	1.2843528866767884
ENST00000340413.7	0.5172055065631866	0.4855387657880783
ENST00000340438.6	0.5808715522289276	0.6922943492730459
ENST00000340473.8	0.8227345446745555	0.6965059985717137
ENST00000340578.10	0.45263928174972534	0.5505392253398895
ENST00000340607.5	1.1177549163500469	1.3491843938827515
ENST00000340611.9	-0.1325240234533946	0.005575297400355339
ENST00000340648.6	-0.4259990155696869	-0.3074431624263525
ENST00000340736.10	-0.5682335793972015	-0.40977463126182556
ENST00000340748.8	0.012335269711911678	0.035468438640236855
ENST00000340766.9	0.4507575035095215	0.987262487411499
ENST00000340825.7	-0.8770255446434021	-0.7941720485687256
ENST00000340855.11	0.19752662256360054	-0.1812836080789566
ENST00000340934.10	0.4646129906177521	0.6772866249084473
ENST00000340941.11	0.7504383027553558	0.4381449334323406
ENST00000341068.8	-0.557105874021848	-0.5488801896572113
ENST00000341170.5	-0.02796366736292839	0.16667322143912316
ENST00000341197.9	-0.005103142000734806	-0.0038030757568776608
ENST00000341247.8	0.22789406031370163	0.28308046609163284
ENST00000341259.7	-0.670055627822876	-0.9577143589655559
ENST00000341460.6	-0.26702624559402466	-0.26257556304335594
ENST00000341567.8	-0.29432938496271766	-0.07693675284584364
ENST00000341657.9	0.19986416585743427	0.23879118636250496
ENST00000341772.5	0.3543112302819888	0.4666189303000768
ENST00000341864.6	0.7855927844842274	0.5906670192877451
ENST00000341928.6	0.10142990574240685	0.20339298993349075
ENST00000341942.9	1.2493679324785867	1.0690986911455789
ENST00000342016.8	0.27747854217886925	0.22364579141139984
ENST00000342058.8	-0.18545208871364594	0.5177644491195679
ENST00000342166.10	1.6731782952944438	1.3063265085220337
ENST00000342192.9	1.3153556287288666	1.3732833862304688
ENST00000342206.10	0.19899369031190872	0.060476602986454964
ENST00000342232.5	0.3011101521551609	0.13299002684652805
ENST00000342245.9	-0.4882981851696968	0.01379569061100483
ENST00000342480.7	0.12001194308201471	0.2091503720730543
ENST00000342679.9	0.548279631882906	0.41623847000300884
ENST00000342694.6	0.2178039774298668	0.058558733512957886
ENST00000342784.7	-0.46067889531453454	-0.5431790302197138
ENST00000342854.10	-0.0899428678676486	0.32665659487247467
ENST00000342932.8	0.3790358453989029	0.5788319706916809
ENST00000343028.9	-0.39569294452667236	-0.3693493716418743
ENST00000343053.5	-0.43600285798311234	-0.06458880449645221
ENST00000343218.10	0.5199185907840729	0.6745453625917435
ENST00000343262.9	0.9070183237393696	1.235912521680196
ENST00000343484.10	0.7089129388332367	0.4918571710586548
ENST00000343537.12	-0.14590610563755035	-0.11281516402959824
ENST00000343575.10	1.6140238404273988	1.607519268989563
ENST00000343629.11	0.3490494042634964	0.25537219643592834
ENST00000343632.9	-0.011998751200735569	-0.2881695479154587
ENST00000343744.6	0.24968886375427246	0.056414416059851646
ENST00000343818.11	0.7892860174179077	0.6443776488304138
ENST00000343938.9	0.21746262884698808	0.20398074202239513
ENST00000343979.6	-0.2855506017804146	-0.18836544081568718
ENST00000344034.5	1.1926702857017517	0.7008679509162903
ENST00000344099.4	-0.6579904481768608	-0.7585532516241074
ENST00000344111.4	1.085488110780716	1.4142089486122131
ENST00000344293.6	-0.7383587658405304	-0.5353312194347382
ENST00000344318.4	0.9641330540180206	0.8004058003425598
ENST00000344337.11	0.6480033695697784	0.7933838367462158
ENST00000344420.10	0.42056554555892944	0.6840757727622986
ENST00000344517.5	0.43175822496414185	0.08526422083377838
ENST00000344595.10	0.8942015767097473	0.3097819685935974
ENST00000344641.8	0.7350654304027557	0.7496615946292877
ENST00000344726.9	1.7279052734375	1.9424266815185547
ENST00000344733.9	-0.7797918021678925	-0.8526280522346497
ENST00000344762.6	-0.3379417508840561	0.07410906627774239
ENST00000344843.12	0.7842240259051323	0.611813098192215
ENST00000344887.10	0.9826221764087677	0.709825873374939
ENST00000345057.9	0.21471493691205978	0.4194861948490143
ENST00000345317.7	1.144294261932373	0.7659442126750946
ENST00000345330.9	0.9774438838164012	1.2798155148824057
ENST00000345617.7	-0.8277885019779205	-0.7021669149398804
ENST00000346234.7	1.4981856743494668	0.7547956506411234
ENST00000346299.10	-0.06934117649992308	-0.13458929086724916
ENST00000346416.7	0.16299403458833694	-0.07969145849347115
ENST00000346618.8	0.3618878275156021	0.4145813435316086
ENST00000346798.8	0.7829000353813171	0.7489620447158813
ENST00000347708.5	0.24360887706279755	0.5439996421337128
ENST00000347869.8	0.4470582827925682	0.29588791728019714
ENST00000348035.9	1.377728501955668	1.1991565028826394
ENST00000348165.10	-0.8367931048075358	-0.7250727613766987
ENST00000348227.4	0.6332850158214569	0.043753208592534065
ENST00000348367.9	-0.40701834857463837	-0.3596358336508274
ENST00000348459.10	0.31732380390167236	0.11592683754861355
ENST00000348513.12	0.8260239958763123	0.8974196811517079
ENST00000348547.6	0.48912750681241357	0.4818643033504486
ENST00000348849.8	0.5126201808452606	0.5856135487556458
ENST00000348956.7	0.9921239912509918	1.5112144649028778
ENST00000349004.6	0.4144928567111492	0.5434393733739853
ENST00000349048.9	0.22989900223910809	0.31616852432489395
ENST00000349062.6	0.5510583370923996	0.2430395670235157
ENST00000349139.6	0.41842590272426605	0.49018140137195587
ENST00000349215.8	-0.39134191535413265	-0.3470558486878872
ENST00000349456.8	0.18987306579947472	0.2102666199207306
ENST00000349485.9	-0.006471741478890181	0.06745499931275845
ENST00000349533.11	-0.5994567573070526	-0.6580988268057505
ENST00000349598.6	0.12136238006254038	0.19627752900123596
ENST00000349703.7	0.029643351677805185	0.024145016446709633
ENST00000349780.9	-0.09789720177650452	-0.5055989921092987
ENST00000350028.5	0.2621467560529709	0.25633248686790466
ENST00000350148.9	0.27779893577098846	0.08342080563306808
ENST00000350320.10	0.649215891957283	0.8710111826658249
ENST00000350498.8	0.7346785962581635	0.8206346929073334
ENST00000350612.11	-0.4465718468030294	-0.09995072335004807
ENST00000350690.10	0.27829744666814804	0.19986829720437527
ENST00000350697.8	0.6366862505674362	0.8616308271884918
ENST00000350763.9	-0.08007575199007988	0.48841340094804764
ENST00000350997.12	-0.2276957780122757	0.28724680840969086
ENST00000351017.8	-0.540031333764394	-0.6232460836569469
ENST00000351486.9	0.7051474153995514	0.5982921421527863
ENST00000351698.5	0.5785421431064606	0.7789608836174011
ENST00000351808.9	0.5076020658016205	0.2958836853504181
ENST00000352251.8	-0.22316280007362366	-0.46983395516872406
ENST00000352410.9	0.6299915313720703	0.6692091673612595
ENST00000352645.5	-0.5044540067513784	-0.49554060896237695
ENST00000352983.7	1.3693100214004517	1.5850987633069356
ENST00000353107.8	1.6992650230725606	1.6055556933085122
ENST00000353172.6	0.44433052092790604	0.4684178754687309
ENST00000353234.5	-0.09065386156241098	-0.2506433129310608
ENST00000353265.8	-0.06602190574631095	-0.12096233200281858
ENST00000353341.8	1.0533887147903442	1.122784674167633
ENST00000353379.12	0.38866952806711197	0.3763270638883114
ENST00000353383.6	-0.7963170409202576	-1.0190666119257608
ENST00000353442.10	-0.12860430590808392	-0.092093993909657
ENST00000354105.10	0.23305987566709518	0.3981911987066269
ENST00000354161.8	0.00015478488057851791	-0.007622508564963937
ENST00000354185.9	0.5085874199867249	0.8496608436107635
ENST00000354193.5	0.7536484599113464	0.7908757030963898
ENST00000354221.5	0.5505934432148933	0.21073082834482193
ENST00000354268.8	0.33111661672592163	0.20391209423542023
ENST00000354287.5	0.1958147818222642	0.5964320103327434
ENST00000354293.9	0.07066187635064125	0.4033360406756401
ENST00000354449.7	0.33395763734976447	0.235248364508152
ENST00000354464.11	-0.20459580328315496	0.16248678974807262
ENST00000354475.5	0.2271733485162258	0.1300317833200097
ENST00000354488.8	0.3774145940939585	0.5622404863437016
ENST00000354546.10	0.7304493089516958	0.9303311705589294
ENST00000354567.7	0.4699675440788269	0.2534125745296478
ENST00000354570.7	0.10749820359051226	0.3737018078565597
ENST00000354611.9	0.4795539677143097	0.6366466581821442
ENST00000354619.10	0.11883353181183337	0.4404054030776024
ENST00000354666.4	0.6037608484427135	0.8873267670472463
ENST00000354694.12	0.5139814615249634	0.5291972309350967
ENST00000354700.10	-0.07533036358654499	-0.2962823398411274
ENST00000354724.8	0.8111676871776581	0.5307924101750056
ENST00000354775.4	0.7589976638555527	0.10408817417919636
ENST00000354817.8	0.6029190719127655	0.7877910435199738
ENST00000354926.9	0.5556510873138905	0.5676761344075203
ENST00000354981.6	0.11880340613424778	-0.06695813126862049
ENST00000355091.9	0.20639993101358411	0.46277875602245333
ENST00000355221.7	0.46886226534843445	0.7513115406036377
ENST00000355280.11	-0.6017200648784637	-0.5440028160810471
ENST00000355286.12	0.018180050887167454	0.11356978304684162
ENST00000355295.5	0.08971530571579933	-0.4947608858346939
ENST00000355315.8	1.6373147368431091	1.2411836385726929
ENST00000355327.7	0.08219046145677567	0.31648023426532745
ENST00000355431.8	0.1677004098892212	0.08074650727212429
ENST00000355451.8	0.7923746556043625	0.8006226718425751
ENST00000355520.6	0.15590594119081896	-0.001539580523967743
ENST00000355528.9	-0.04046154115349054	0.12004634365439415
ENST00000355585.9	-0.30025143548846245	-0.7269841581583023
ENST00000355610.9	0.20990197608868283	-0.3811326076587041
ENST00000355619.10	-0.3692758083343506	-0.3462860882282257
ENST00000355624.8	-0.26698877289891243	-0.13833118043839931
ENST00000355653.8	1.0179140965143838	0.7436304291089375
ENST00000355673.8	-0.8356098681688309	-0.9061177521944046
ENST00000355689.6	0.7110835164785385	0.6742073595523834
ENST00000355697.7	-0.5084241777658463	-0.3122289963066578
ENST00000355703.3	-0.9224527577559153	-0.9967462519804636
ENST00000355749.7	1.4176719387372336	1.636363963286082
ENST00000355773.6	0.0722994590178132	0.05053878761827946
ENST00000355841.7	0.20461316220462322	0.3465060219168663
ENST00000355849.10	-0.32827483365933097	0.060130039850870766
ENST00000355857.7	1.674462229013443	1.9509097635746002
ENST00000355893.11	0.9624602943658829	1.0439187586307526
ENST00000355904.9	0.5903749167919159	0.7159239947795868
ENST00000355943.8	0.08980903588235378	0.24691210594028234
ENST00000355999.5	0.7004952430725098	0.4385078474879265
ENST00000356063.9	-0.31745996326208115	-0.30449245125055313
ENST00000356126.8	0.756817231575648	1.0073478817939758
ENST00000356136.8	-0.22453191131353378	-0.45348718762397766
ENST00000356183.9	-0.18351439759135246	-0.2660423815250397
ENST00000356189.6	1.612452745437622	1.8195335268974304
ENST00000356231.4	-0.4355643168091774	-0.2863539978861809
ENST00000356260.10	0.41875337809324265	0.5345178097486496
ENST00000356264.7	0.6457498967647552	0.49530746042728424
ENST00000356286.10	-0.5612748563289642	-0.6345406174659729
ENST00000356321.4	-0.47793521359562874	-0.8036796227097511
ENST00000356341.8	0.8241028636693954	0.4279557466506958
ENST00000356388.9	-0.11847703158855438	0.05293053016066551
ENST00000356454.5	-0.528073325753212	-0.5513008087873459
ENST00000356455.9	1.5807781219482422	1.2739395201206207
ENST00000356467.4	0.9575088173151016	0.870872899889946
ENST00000356487.11	1.0325134992599487	1.0648415088653564
ENST00000356493.10	0.8752819538116455	0.6463829874992371
ENST00000356537.9	1.3652858972549438	1.1832358896732331
ENST00000356554.7	-0.14731425093486905	0.0365309864282608
ENST00000356575.9	-0.6838235855102539	-0.644461452960968
ENST00000356577.10	-0.37345652282238007	0.19890034198760986
ENST00000356692.10	0.6898732880751292	0.8876012663046519
ENST00000356708.12	1.435554313659668	1.469698429107666
ENST00000356713.5	0.029950729260842007	0.023497371934354305
ENST00000356763.8	-0.32098526507616043	-0.218992671618859
ENST00000356824.9	0.44083037972450256	0.447855810324351
ENST00000356839.10	0.07899010926485062	0.6170072555541992
ENST00000356847.8	-0.30960785845915473	-0.28836329405506456
ENST00000356891.4	0.7145222922166188	0.526743511358897
ENST00000356924.9	0.10567583329975605	0.2830096185207367
ENST00000356940.11	1.4375241994857788	0.9543754756450653
ENST00000356970.6	0.6317263394594193	0.6967541426420212
ENST00000356971.3	-0.5999663919210434	-0.6599750369787216
ENST00000357037.6	0.797322263320287	0.4709827701250712
ENST00000357081.7	-0.4255768805742264	-0.5200766921043396
ENST00000357085.5	-0.04630175605416298	-0.0628246491154035
ENST00000357103.5	-0.04178329184651375	0.26350577361881733
ENST00000357137.9	0.649231344461441	0.5035961518685024
ENST00000357156.6	1.6873977184295654	1.4436680376529694
ENST00000357164.4	0.9276882708072662	1.6367093205451964
ENST00000357182.9	-0.6984071433544159	-0.501395046710968
ENST00000357214.6	0.4791453033685684	0.8118674904108047
ENST00000357348.9	0.7599444389343262	0.7711655497550964
ENST00000357360.4	0.957407683134079	0.7710683941841125
ENST00000357387.8	-0.24710302303234735	-0.20501122251152992
ENST00000357460.7	-0.33515503630042076	-0.16755659691989422
ENST00000357479.10	-0.37281633913517	-0.2536206692457199
ENST00000357500.5	0.8202845752239227	0.7000212421019871
ENST00000357503.3	0.18431836366653442	0.24292200058698654
ENST00000357519.9	0.5200081616640091	0.36366912722587585
ENST00000357578.8	0.41205649077892303	0.5089562088251114
ENST00000357606.7	-0.43170722723007204	-0.3318412736058235
ENST00000357641.10	-0.7803606986999512	-0.8515677154064178
ENST00000357654.9	-0.43723003566265106	-0.3582432493567467
ENST00000357749.7	0.34669816493988037	0.432000070810318
ENST00000357765.6	0.3659092038869858	0.5872282981872559
ENST00000357785.9	0.15043715685606002	0.24233580231666565
ENST00000357799.9	-0.2637551221996546	-0.2742896914482117
ENST00000357849.9	0.7190700471401215	1.077762027581533
ENST00000357997.10	-0.46724821627140045	-0.20174991339445114
ENST00000358007.7	0.7969712764024734	0.7558751602967579
ENST00000358015.8	0.4140983551740647	0.8238231241703033
ENST00000358022.4	0.4661977936824163	0.32628291845321655
ENST00000358102.8	-0.08732637017965317	-0.0786698991432786
ENST00000358130.7	1.0006629427274067	1.1120903293291726
ENST00000358149.8	0.43926088884472847	0.2661456041969359
ENST00000358173.8	-0.1795596405863762	-0.17326313257217407
ENST00000358196.8	0.7103489935398102	0.5359861254692078
ENST00000358201.9	0.022269951179623604	0.03173145279288292
ENST00000358204.9	0.7351384460926056	0.6141561269760132
ENST00000358227.5	1.4211174647013345	1.2528469959894815
ENST00000358232.11	0.38378697261214256	0.3010255713015795
ENST00000358290.9	0.7885092198848724	0.7852319031953812
ENST00000358321.4	0.06609538942575455	0.2886953502893448
ENST00000358406.10	0.8539467602968216	0.776399552822113
ENST00000358410.8	0.00705459457822144	-0.08887528628110886
ENST00000358432.8	0.17513721622526646	0.24350927273432416
ENST00000358572.10	0.9221789985895157	0.9159972965717316
ENST00000358625.3	0.6601661257445812	0.5790363103151321
ENST00000358769.7	0.6006956696510315	0.4638177752494812
ENST00000358784.11	0.7533589452505112	0.8818742036819458
ENST00000358807.8	0.007568228058516979	-0.23000320047140121
ENST00000358812.9	0.4575877785682678	0.12735054269433022
ENST00000358869.5	0.36530185490846634	0.4988737255334854
ENST00000358901.11	0.6895307898521423	0.8446193337440491
ENST00000358933.10	-0.2999630644917488	-0.2422957830131054
ENST00000358935.3	0.6849096715450287	0.22382448241114616
ENST00000358951.7	0.03601504454854876	0.1137395603582263
ENST00000359015.5	-0.4093206599354744	-0.536042757332325
ENST00000359039.5	0.5674998859564463	0.4034111897150675
ENST00000359062.3	0.07571035251021385	-0.2111877202987671
ENST00000359154.6	0.15594944171607494	0.14584703743457794
ENST00000359209.11	0.3072453737258911	0.425842747092247
ENST00000359232.8	0.2994019389152527	-0.05973227135837078
ENST00000359236.10	-0.4257080405950546	-0.44550202786922455
ENST00000359246.9	-0.2621646076440811	-0.6949247817198436
ENST00000359271.4	0.010149363428354263	-0.2353204651735723
ENST00000359314.5	0.2266644611954689	0.24589169025421143
ENST00000359362.6	0.646332748234272	0.6083895191550255
ENST00000359426.6	0.30756964534521103	0.2197964092095693
ENST00000359429.11	1.1962868571281433	1.1152466535568237
ENST00000359511.4	0.3781713843345642	0.06292947381734848
ENST00000359520.12	-0.6995576024055481	-0.6665867765744528
ENST00000359523.7	0.7968872686227163	0.9751557906468709
ENST00000359541.6	-0.3152933940291405	-0.3342437334358692
ENST00000359591.9	-0.4490007609128952	-0.5350469052791595
ENST00000359655.9	0.2794181555509567	0.21860745549201965
ENST00000359678.10	0.7272635102272034	0.6923716564973195
ENST00000359856.11	1.6251745820045471	1.2829599579175315
ENST00000359943.8	1.1497446298599243	0.9759478271007538
ENST00000360001.11	0.36282505095005035	0.05256635509431362
ENST00000360057.7	1.1806240379810333	0.6552189588546753
ENST00000360150.9	0.06408161344006658	0.19338600896298885
ENST00000360270.7	1.1994351148605347	1.0062226057052612
ENST00000360370.8	-0.4015767514705658	-0.29575970247387884
ENST00000360403.7	0.40855922549963	0.33746953308582306
ENST00000360416.8	0.23704376351088285	0.3888452537357807
ENST00000360428.9	0.3624885380268097	0.7908074259757996
ENST00000360467.7	-0.009116575121879578	0.07047457620501518
ENST00000360472.9	1.5660119454065957	1.0157174468040466
ENST00000360476.8	0.3507402750353018	0.5632264763116837
ENST00000360534.8	0.127980662509799	0.6748746484518051
ENST00000360538.7	-0.2684297636151314	-0.21237701922655106
ENST00000360541.10	0.031100846827030182	0.6756606847047806
ENST00000360565.8	-0.5710361301898956	-0.4380279779434204
ENST00000360578.7	0.88534681002299	0.8802334765593212
ENST00000360586.8	0.0930112199857831	0.29490628093481064
ENST00000360596.7	0.2889724125464757	0.21798452859123546
ENST00000360631.7	0.551511138677597	0.16875290125608444
ENST00000360768.5	0.677441269159317	0.7954996824264526
ENST00000360803.9	0.7501713931560516	0.7407722771167755
ENST00000360820.7	-0.05119301471859217	-0.09586229175329208
ENST00000360840.9	-0.30617478722706437	0.028998274356126785
ENST00000360845.3	0.133199621612827	-0.0444103991612792
ENST00000360864.9	0.6721706390380859	0.5445572659373283
ENST00000360943.10	0.5055736303329468	0.4622862786054611
ENST00000360961.11	1.6562696397304535	1.686311811208725
ENST00000361060.5	0.7688131093978882	0.8217618942260743
ENST00000361066.7	0.8632826805114746	1.1569068431854248
ENST00000361092.9	0.7385380417108536	0.7993268519639969
ENST00000361113.10	0.15182267874479294	-0.025628410279750824
ENST00000361114.10	0.621870294213295	0.5304317325353622
ENST00000361131.5	0.06607950354615846	0.2239445187151432
ENST00000361138.7	-0.19502451829612255	0.04060525679960847
ENST00000361162.10	0.6316867868105571	0.517529730995496
ENST00000361170.7	0.023750130087137222	0.006576279178261757
ENST00000361171.8	-0.3413786807407935	-0.34968575835227966
ENST00000361175.8	0.6165696233510971	0.6507583608229955
ENST00000361183.8	1.0569975301623344	1.2479054182767868
ENST00000361204.9	-0.7759178181489309	-0.38862374424934387
ENST00000361217.9	-0.8842022716999054	-1.0793533325195312
ENST00000361228.5	0.6128402203321457	0.43966401368379593
ENST00000361234.9	0.1921913605183363	0.0805077311815694
ENST00000361264.9	-0.31370802330119274	-0.37892332885946545
ENST00000361271.8	-0.023774700239300728	0.38651955127716064
ENST00000361272.9	0.2685315012931824	0.6416601240634918
ENST00000361311.4	0.24322018399834633	0.24699359387159348
ENST00000361314.5	0.8933084309101105	0.8343307077884674
ENST00000361337.3	0.9843942821025848	0.7238844633102417
ENST00000361367.7	0.39215046664079034	0.28055842469135917
ENST00000361383.11	0.6449203863739967	0.5982465371489525
ENST00000361413.8	-0.5855672061443329	-0.926922082901001
ENST00000361428.3	-0.6258009299635887	-0.8396499902009964
ENST00000361436.10	1.5671564936637878	1.4742735624313354
ENST00000361441.5	0.5981511274973552	0.5741816411415737
ENST00000361445.9	-0.02083830845852693	-0.07313702596972387
ENST00000361475.7	0.529025986790657	0.5935564289490383
ENST00000361479.10	0.4564159452915192	0.14005609452724457
ENST00000361518.10	-0.07396552618592978	-0.11110222712159157
ENST00000361573.2	0.28526205383241177	0.6278707012534142
ENST00000361574.10	0.10111435502767563	0.1776927262544632
ENST00000361575.4	1.7431350350379944	2.084303915500641
ENST00000361603.7	0.308845441788435	0.3413068801164627
ENST00000361605.4	0.5923786759376526	0.34291883930563927
ENST00000361648.6	0.28701455146074295	0.11150112189352512
ENST00000361671.10	0.3167223731676737	0.36344408988952637
ENST00000361673.4	-0.9401233494281769	-0.9486722350120544
ENST00000361735.4	-0.09783986210823059	-0.040857672691345215
ENST00000361804.5	0.2986539676785469	0.40439046919345856
ENST00000361813.5	-0.857236127058665	-1.0846158067385354
ENST00000361822.8	0.2941607562825084	0.2252964824438095
ENST00000361840.8	1.0842844247817993	0.6219824403524399
ENST00000361891.9	0.5902910033861797	0.9368340869744618
ENST00000361908.8	-0.2625439427793026	0.04277140321210027
ENST00000361927.9	0.5729842185974121	0.5501900017261505
ENST00000361952.5	0.665702112019062	0.5810176730155945
ENST00000361983.7	0.5334668159484863	0.4768707752227783
ENST00000362011.7	0.01400529220700264	0.5267631709575653
ENST00000362031.10	0.4607616364955902	0.7019799798727036
ENST00000362034.7	0.2854544222354889	0.8911966979503632
ENST00000362057.4	-0.40512020885944366	-0.3311324715614319
ENST00000362091.8	-0.5311527475714684	-0.5240872129797935
ENST00000366472.6	-0.06987277185544372	-0.14056285346547764
ENST00000366513.9	-0.4531974792480469	-0.3536815792322159
ENST00000366514.5	0.08380777947604656	0.20849764719605446
ENST00000366535.4	0.8142549842596054	0.7940949499607086
ENST00000366553.2	-0.23221354186534882	-0.17503483593463898
ENST00000366560.4	1.0692928433418274	0.725598007440567
ENST00000366582.8	-0.27716718365748727	0.3074101433157921
ENST00000366607.5	1.271073043346405	0.9597477316856384
ENST00000366609.3	0.20899946428835392	-0.14542796462774277
ENST00000366624.8	-0.722227618098259	-0.9191647171974182
ENST00000366628.10	0.8493130902449291	0.47331301867961884
ENST00000366630.5	-0.8203929662704468	-0.9652737453579903
ENST00000366639.9	0.8584987819194794	0.7564531862735748
ENST00000366645.1	0.4687732011079788	0.4136652648448944
ENST00000366647.9	0.10839430289343	-0.34162959456443787
ENST00000366651.7	0.7569360807538033	0.6102551519870758
ENST00000366654.5	0.4158172781268755	0.23174126291026673
ENST00000366661.9	0.12905215844511986	0.39280368387699127
ENST00000366667.5	0.5322660282254219	0.5507276579737663
ENST00000366672.5	0.3398851156234741	0.5995950996875763
ENST00000366690.5	0.796543687582016	0.32397907972335815
ENST00000366812.6	0.3202158957719803	0.584642082452774
ENST00000366835.8	0.008797838352620602	0.04794736416079104
ENST00000366910.10	0.4891233593225479	0.2879691608250141
ENST00000366913.8	0.6691519543528557	0.48295415565371513
ENST00000366922.3	-0.4961133748292923	-0.26763762533664703
ENST00000366923.8	0.35053548216819763	0.5117807686328888
ENST00000366932.4	1.3720871210098267	0.8810833171010017
ENST00000366933.5	0.5953646153211594	0.4680512771010399
ENST00000366957.10	0.4658534675836563	-0.0070536695420742035
ENST00000366962.8	-0.27753474190831184	-0.17926410306245089
ENST00000366971.9	0.3701851963996887	0.44064174965023994
ENST00000366988.5	0.6292153596878052	1.1610705256462097
ENST00000366997.9	-0.28900423273444176	-0.12883140984922647
ENST00000367001.5	0.13056364748626947	0.2782370261847973
ENST00000367029.5	1.1446774005889893	1.2314801812171936
ENST00000367034.5	0.6081856240828831	0.8067735930283864
ENST00000367048.5	0.8748885095119476	0.6633161455392838
ENST00000367089.8	1.7311893999576569	1.5343885123729706
ENST00000367145.4	-0.11702786106616259	-0.05543285359938939
ENST00000367157.6	0.24853143841028214	0.05646240059286356
ENST00000367166.5	0.44407016038894653	0.6010112464427948
ENST00000367182.8	-0.09004821125417947	-0.2461384043097496
ENST00000367188.5	0.15528765320777893	0.058403581380844116
ENST00000367261.8	0.3918923338254293	0.05259400854508082
ENST00000367265.9	-0.048137829949458436	-0.1566000444193681
ENST00000367287.5	1.0418350398540497	1.147401382525762
ENST00000367294.4	0.20683439448475838	0.3261653929948807
ENST00000367311.5	0.8098789155483246	0.5671562999486923
ENST00000367352.3	-0.5731863528490067	-0.4222496300935745
ENST00000367405.4	-0.06920265592634678	-0.3829164206981659
ENST00000367411.7	0.5835860967636108	0.37488968670368195
ENST00000367435.5	0.6290015280246735	0.6492950419584911
ENST00000367439.7	0.8832745055357615	0.8495118021965027
ENST00000367463.5	-0.49400296434760094	-0.5434757433831692
ENST00000367467.8	-0.8280799984931946	-0.8521011471748352
ENST00000367468.10	0.5977622456848621	0.8218079805374146
ENST00000367478.9	-0.10901380516588688	0.2802840583026409
ENST00000367481.7	-0.4751676246523857	-0.3928084075450897
ENST00000367495.4	0.5286621898412704	0.21298926044255495
ENST00000367498.8	0.5293904145558674	0.12800897471606731
ENST00000367506.10	0.08404812216758728	0.041191957890987396
ENST00000367510.8	0.3322755843400955	0.42108630388975143
ENST00000367511.4	0.2493893951177597	0.21585863828659058
ENST00000367519.9	0.14487020764499903	0.024212545715272427
ENST00000367549.4	0.3356878310441971	-0.04924293980002403
ENST00000367559.7	0.16465360298752785	0.21911828219890594
ENST00000367569.4	1.6573309004306793	1.8913404643535614
ENST00000367576.6	0.18118136934936047	0.5235810652375221
ENST00000367590.9	-0.19267138838768005	-0.17564816772937775
ENST00000367591.5	0.39553772658109665	0.688555970788002
ENST00000367602.8	0.3439454957842827	0.41002375880877173
ENST00000367619.8	0.46108756214380264	0.46616123616695404
ENST00000367627.8	-0.47073034942150116	-0.24257168173789978
ENST00000367635.7	-0.42625805735588074	-0.48779167234897614
ENST00000367649.7	-0.2290058135986328	-0.24995359033346176
ENST00000367658.3	0.14818627294152975	0.22510103974491358
ENST00000367660.4	1.692155361175537	1.563347021738688
ENST00000367669.8	-0.23332884535193443	-0.12477949913591146
ENST00000367679.7	1.0123075246810913	1.1207302510738373
ENST00000367731.5	0.3611138164997101	0.5074006170034409
ENST00000367739.9	0.2427577506750822	0.40804240107536316
ENST00000367763.7	0.49174419045448303	0.25139588490128517
ENST00000367808.8	-0.04621175490319729	0.08540900913067162
ENST00000367816.5	1.0401758551597595	1.3750677704811096
ENST00000367833.7	0.8996663838624954	0.8086851835250854
ENST00000367837.10	0.47697996596495307	0.23904869705438614
ENST00000367874.5	0.6561273038387299	0.21081595867872238
ENST00000367879.9	0.9988896697759628	0.8122764825820923
ENST00000367889.8	1.5317195653915405	1.720993161201477
ENST00000367922.7	0.17062736178437868	-0.08579459351797898
ENST00000367924.1	0.8208842873573303	0.6450411230325699
ENST00000367942.4	0.11944637335836888	0.413161963224411
ENST00000367963.8	-0.06784778367727995	-0.17494114860892296
ENST00000367975.7	1.2556149661540985	1.5472708344459534
ENST00000367976.4	0.8377658277750015	0.9985959678888321
ENST00000367988.8	-0.04222722910344601	-0.586850106716156
ENST00000367993.7	0.5282539973656337	0.47652146220207214
ENST00000367999.9	0.08234767615795135	0.28267743438482285
ENST00000368003.6	1.4162879586219788	1.1335347294807434
ENST00000368061.3	0.38320666924118996	0.12309852801263332
ENST00000368072.9	0.7526051551103592	0.680583655834198
ENST00000368090.5	0.1355014881119132	0.340551495552063
ENST00000368097.9	1.4897376497586567	1.3029238382975261
ENST00000368128.6	0.005144029855728149	0.35542966425418854
ENST00000368149.3	0.37968966364860535	0.33336876332759857
ENST00000368192.9	0.49348436295986176	0.22956133633852005
ENST00000368211.8	0.6837435066699982	0.7870008945465088
ENST00000368223.4	-0.37159521877765656	-0.07271899282932281
ENST00000368232.8	-0.22729011997580528	-0.2246884573251009
ENST00000368235.8	0.25589207963397104	0.28350627670685447
ENST00000368300.9	0.26436952501535416	0.6482727924982707
ENST00000368305.9	1.4967261155446372	1.2733257611592612
ENST00000368309.4	0.07081774156540632	0.07100229850038886
ENST00000368321.8	0.25877800583839417	0.42093731462955475
ENST00000368324.5	0.5719806849956512	0.22971930727362633
ENST00000368378.7	0.10125814812878767	0.4143963803847631
ENST00000368407.8	0.6112140826880932	0.7560781538486481
ENST00000368440.5	0.45697836577892303	0.626595675945282
ENST00000368457.3	-0.17266715317964554	-0.4995066970586777
ENST00000368467.4	0.4356234297156334	0.3276969180442393
ENST00000368468.4	0.29035010281950235	0.6245773360133171
ENST00000368474.9	-0.5441149733960629	-0.3314837049692869
ENST00000368491.8	-0.4017471522092819	-0.22111641056835651
ENST00000368494.4	0.05053630843758583	-0.2221124842762947
ENST00000368521.9	0.030833190927902855	-0.08295375605424246
ENST00000368547.4	0.8558774590492249	0.7423273622989655
ENST00000368563.6	0.01967449765652418	-0.19454961642622948
ENST00000368594.8	-0.25704338774085045	-0.7410500347614288
ENST00000368599.4	0.608064591884613	0.6302319765090942
ENST00000368608.4	0.5551271960139275	0.6883812248706818
ENST00000368633.2	0.13010082207620144	0.025549662299454212
ENST00000368648.8	-0.33928098281224567	-0.4071583996216456
ENST00000368662.10	0.3515143245458603	0.41191617399454117
ENST00000368679.8	-0.16289228200912476	-0.17309635877609253
ENST00000368685.6	0.8816481456160545	0.6999963521957397
ENST00000368706.9	1.5646537244319916	1.5208371877670288
ENST00000368713.8	1.3844536344210305	1.665492335955302
ENST00000368797.10	-0.4168188273906708	-0.021547697484493256
ENST00000368814.8	0.39605751633644104	0.4089963175356388
ENST00000368836.7	0.13341762746373814	-0.07483191291491191
ENST00000368842.10	0.9533675014972687	0.42756322026252747
ENST00000368845.6	1.0616631507873535	0.7027303874492645
ENST00000368849.8	0.5390281081199646	0.6076304614543915
ENST00000368868.10	0.7449102103710175	0.7813988626003265
ENST00000368874.8	-0.16704393178224564	-0.3564615845680237
ENST00000368884.8	1.2948840856552124	1.0377989411354065
ENST00000368885.8	0.74802266061306	0.6172920912504196
ENST00000368892.9	0.5570232570171356	0.32281394302845
ENST00000368908.10	0.5711381733417511	0.33056633174419403
ENST00000368911.8	0.22813209146261215	0.35575734823942184
ENST00000368918.8	0.27289392799139023	0.07429354265332222
ENST00000368921.5	1.6549173295497894	0.9886621534824371
ENST00000368926.6	0.5179114490747452	0.5509459711611271
ENST00000368977.9	0.5172775089740753	0.5156489014625549
ENST00000368984.8	0.7561536431312561	0.5415000965197881
ENST00000369002.9	0.4929722944895426	0.7602098286151886
ENST00000369005.6	-0.3437873423099518	-0.4087613523006439
ENST00000369023.8	0.32287514954805374	0.366497166454792
ENST00000369037.9	0.35446246713399887	0.47118980437517166
ENST00000369047.9	0.2193853110074997	0.8149991035461426
ENST00000369063.8	0.3976626843214035	0.5037914216518402
ENST00000369064.8	-0.3483448326587677	0.08875200897455215
ENST00000369075.8	0.18499261140823364	0.19617649912834167
ENST00000369076.8	0.43746165931224823	0.7943386733531952
ENST00000369077.3	0.032420297618955374	0.3674683943390846
ENST00000369085.8	0.4173937886953354	0.6499102115631104
ENST00000369093.6	0.6208880394697189	0.7069187015295029
ENST00000369103.3	0.8430721014738083	0.5882832631468773
ENST00000369124.5	-0.7017855048179626	-0.8126406073570251
ENST00000369146.8	0.3663638047873974	0.2659309059381485
ENST00000369153.2	0.9099240973591805	0.8871297240257263
ENST00000369162.7	-0.16470471024513245	-0.3850308805704117
ENST00000369244.7	-0.2883109152317047	-0.17825088649988174
ENST00000369248.9	0.19457440823316574	0.24373997002840042
ENST00000369256.6	-0.43980634212493896	-0.11857765167951584
ENST00000369258.8	-0.18805868178606033	-0.3072725236415863
ENST00000369278.5	0.4144796244800091	0.4110044129192829
ENST00000369303.9	0.2500652112066746	0.3091422747820616
ENST00000369314.2	0.7943581938743591	0.6387405395507812
ENST00000369329.8	0.2739324097832044	0.037631957015643515
ENST00000369415.9	-0.14969924682130414	-0.25603634864091873
ENST00000369448.4	0.5529396757483482	0.3920598402619362
ENST00000369452.9	-0.1804218168059985	-0.23023357863227528
ENST00000369454.4	0.7857610583305359	0.23696392448619008
ENST00000369462.5	0.5028333738446236	0.18594828993082047
ENST00000369466.9	0.001154020583877961	-0.08654030288259187
ENST00000369498.8	1.1663312166929245	1.0441749691963196
ENST00000369534.8	0.5634025782346725	0.4658319763839245
ENST00000369535.5	0.8477849960327148	0.5483502149581909
ENST00000369536.10	0.07356704771518707	0.4322155565023422
ENST00000369550.10	0.6974134743213654	0.7810842990875244
ENST00000369552.9	0.6022893935441971	0.9032847955822945
ENST00000369569.6	0.2543580234050751	0.14065011590719223
ENST00000369603.10	1.06871098279953	1.0232008695602417
ENST00000369622.8	0.692633181810379	0.906831681728363
ENST00000369702.5	0.13271370964745682	-0.02656105657418569
ENST00000369705.4	0.9338594476381938	0.7637402713298798
ENST00000369709.3	0.9139419893423717	1.0495328505833945
ENST00000369722.8	0.8211676776409149	1.6181960701942444
ENST00000369724.5	0.46932773292064667	0.45923882722854614
ENST00000369729.7	0.600311815738678	0.7144584357738495
ENST00000369755.4	0.0007564574480056763	-0.28569838032126427
ENST00000369763.5	0.03196812979876995	0.04516553576104343
ENST00000369797.8	-0.0458493260666728	0.1775127686560154
ENST00000369799.10	0.6623243689537048	0.8107918202877045
ENST00000369825.6	1.6718765298525493	1.973816196123759
ENST00000369838.6	1.6104169487953186	1.6805200576782227
ENST00000369842.9	0.5674426928162575	0.6613806635141373
ENST00000369847.4	0.5245049297809601	0.20463592559099197
ENST00000369849.9	0.4936239918073018	0.6391715308030446
ENST00000369851.7	1.018937423825264	1.1133769750595093
ENST00000369864.5	0.07068984117358923	-0.1474460745230317
ENST00000369872.4	1.0712292194366455	1.110231637954712
ENST00000369886.8	-0.2389242686331272	-0.4151250496506691
ENST00000369889.5	-0.038678462617099285	0.009158156191309292
ENST00000369893.10	0.6234242394566536	0.8250964879989624
ENST00000369902.8	0.26927490532398224	0.40206359326839447
ENST00000369905.9	0.6503442029158275	0.8768704930941265
ENST00000369937.5	0.8402313987414043	0.36700672407945
ENST00000369939.8	0.24491547793149948	0.43467023968696594
ENST00000369940.7	0.5847060680389404	0.6521523296833038
ENST00000369966.8	-0.008872486650943756	0.10378128290176392
ENST00000369983.3	-0.46366958816846215	-0.3919060925642649
ENST00000369984.4	-0.21366750448942184	-0.2275245189666748
ENST00000370008.4	0.43144336342811584	0.4768291860818863
ENST00000370025.9	-0.05212479084730148	0.6470445692539215
ENST00000370033.9	0.18023473396897316	0.25711604952812195
ENST00000370035.8	-0.1893773414194584	-0.3472578600049019
ENST00000370060.7	0.05209071872135003	0.16031567690273127
ENST00000370078.2	0.41425733268260956	0.3176218066364527
ENST00000370110.5	1.1949502825737	1.1830482631921768
ENST00000370128.8	0.1932297134771943	-0.2519758641719818
ENST00000370179.8	1.3252149820327759	0.6040143966674805
ENST00000370205.6	0.9624824821949005	0.4128856211900711
ENST00000370206.9	1.357234537601471	0.8135876655578613
ENST00000370214.9	0.42922429740428925	0.5104083120822906
ENST00000370238.8	0.32161002792418003	0.7499643415212631
ENST00000370249.3	-0.03029122700293859	-0.05286583428581555
ENST00000370272.9	1.2886258959770203	1.0899441838264465
ENST00000370277.5	1.711944341659546	1.2607759833335876
ENST00000370282.8	1.1010092099507651	1.0766657590866089
ENST00000370298.9	-0.0022782792026797933	0.17453704526027042
ENST00000370315.4	0.10982344765216112	0.5850211307406425
ENST00000370321.8	1.4928192496299744	1.1331490278244019
ENST00000370355.3	0.9622422307729721	0.9206928759813309
ENST00000370360.8	-0.13507231511175632	0.37796537578105927
ENST00000370383.5	-0.2928227037191391	-0.20978648960590363
ENST00000370396.7	0.17827308674653372	0.2086979386707147
ENST00000370397.8	-0.40909018367528915	-0.5587133169174194
ENST00000370440.5	-0.42733652889728546	-0.4935312718153
ENST00000370454.9	0.2703525573015213	0.27773159742355347
ENST00000370455.8	0.5570687750975292	0.6955162982145945
ENST00000370476.10	0.6314344704151154	0.49881666402022046
ENST00000370487.5	-0.15229023527354002	0.010613182559609413
ENST00000370489.5	0.23583674058318138	-0.1074451208114624
ENST00000370495.6	-0.1495316568762064	-0.2117062769830227
ENST00000370500.10	0.6609764099121094	0.661828488111496
ENST00000370509.5	0.8168477416038513	1.1371525526046753
ENST00000370521.8	-0.17796991020441055	-0.1643896196037531
ENST00000370550.10	0.13804995268583298	0.27039361000061035
ENST00000370566.7	-0.17639732360839844	-0.001552356407046318
ENST00000370574.4	0.7394465804100037	0.6916122436523438
ENST00000370575.5	-0.023481989589830242	0.2659558653831482
ENST00000370630.6	0.9666462739308674	0.8097899456818898
ENST00000370631.3	0.11546175926923752	0.3746878355741501
ENST00000370664.4	-0.2307293104628722	-0.46126282711823785
ENST00000370685.7	0.28922762908041477	0.5194325149059296
ENST00000370693.5	0.8291012247403462	0.61496568719546
ENST00000370747.9	0.37516652047634125	0.5015337020158768
ENST00000370752.4	0.03569084584402541	0.06182800326496363
ENST00000370768.6	0.5153191685676575	0.8244733661413193
ENST00000370783.8	0.4227095693349838	0.542614072561264
ENST00000370801.8	-0.5171076133847237	-0.48211973160505295
ENST00000370818.8	0.6463049128651619	0.6057365909218788
ENST00000370828.4	1.0102666119734445	1.0308172603448233
ENST00000370841.9	1.045233130455017	0.7903667092323303
ENST00000370867.8	0.018079251516610384	-0.1614549569785595
ENST00000370873.9	1.30650994181633	1.1873542964458466
ENST00000370874.2	1.0532476405302682	1.0872090260187786
ENST00000370888.6	0.2906668223440647	0.3359173759818077
ENST00000370898.7	0.03237171354703605	-0.002420683507807553
ENST00000370902.8	1.003006488084793	0.53741721312205
ENST00000370938.8	0.6332044502099355	0.6324731508890789
ENST00000370952.4	0.1020278288051486	0.3543534651398659
ENST00000370963.9	0.8423893650372822	1.1131451427936554
ENST00000370978.9	-0.09904105883712569	0.11198649679621062
ENST00000370995.6	1.1248373687267303	1.218026876449585
ENST00000370996.5	0.6698669195175171	0.351964607834816
ENST00000371065.9	1.3641444742679596	0.940845787525177
ENST00000371068.11	0.7401371896266937	0.9519490301609039
ENST00000371072.8	-0.224790558218956	-0.48386502265930176
ENST00000371088.5	0.05507511831820011	0.013790338300168514
ENST00000371103.8	0.011695151217281818	-0.10123702511191368
ENST00000371113.9	0.18872388948996863	0.06860887010892233
ENST00000371141.8	0.5699812322854996	0.5079708620905876
ENST00000371142.9	0.17969623673707247	0.3403482548892498
ENST00000371160.5	-0.3016036910315355	0.03451152114818494
ENST00000371204.4	0.23505311956008273	0.3635375201702118
ENST00000371208.5	0.5510021150112152	0.5308121144771576
ENST00000371224.7	0.3845802992582321	0.2737225703895092
ENST00000371226.8	-0.06983971782028675	0.45312929153442383
ENST00000371227.8	-0.35746102407574654	-0.1892517376691103
ENST00000371244.9	0.6707688122987747	0.42201320081949234
ENST00000371250.4	0.7531012097994487	0.5854839384555817
ENST00000371279.4	0.5396388508379459	0.30327755957841873
ENST00000371281.4	0.2084186327022811	0.23302355284492177
ENST00000371317.10	1.1192654967308044	1.2327122688293457
ENST00000371361.3	0.1547449827194214	0.37848420441150665
ENST00000371370.8	-0.1204614732414484	-0.09123176708817482
ENST00000371383.7	0.4892059341073036	0.7669644951820374
ENST00000371384.4	0.6137327551841736	0.48318153619766235
ENST00000371410.5	0.2346131019294262	0.11046392594774565
ENST00000371421.9	-0.022905388846993446	-0.06635067239403725
ENST00000371429.4	-0.19396796822547913	0.16807541623711586
ENST00000371437.5	1.7465195059776306	1.890909731388092
ENST00000371442.4	0.9362121820449829	0.5582187175750732
ENST00000371443.6	1.372069925069809	1.4430315494537354
ENST00000371470.8	1.584115594625473	1.4999902745087943
ENST00000371471.6	-0.3562632128596306	-0.4148332215845585
ENST00000371477.4	0.46299867828687036	0.4918918957312902
ENST00000371485.8	0.017929162830114365	-0.06998461112380028
ENST00000371486.4	0.2911977991461754	0.43604904413223267
ENST00000371514.8	0.9379747708638508	0.7486137251059214
ENST00000371522.9	0.7875207960605621	0.5735034942626953
ENST00000371527.6	-0.014222422614693642	-0.23095137625932693
ENST00000371538.5	0.8181756436824799	1.14069402217865
ENST00000371568.8	-0.1095092975301668	0.0491844336502254
ENST00000371588.9	0.8134966194629669	0.6818862855434418
ENST00000371610.7	0.5625697560608387	0.3018626980483532
ENST00000371614.2	0.38718787829081214	0.32552046328783035
ENST00000371620.4	0.47102611511945724	0.5447191447019577
ENST00000371621.5	0.5680107772350311	0.4406082481145859
ENST00000371626.9	1.3050251205762227	1.1643334031105042
ENST00000371697.3	0.30357493460178375	0.3800003230571747
ENST00000371703.7	0.40996943414211273	0.002716922201216221
ENST00000371711.4	0.18424041382968426	-0.5217796117067337
ENST00000371712.4	-0.5860203802585602	-0.742765486240387
ENST00000371733.8	0.133002783327053	0.07307924206058183
ENST00000371738.4	0.8912222683429718	0.5689305067062378
ENST00000371785.5	-0.2147721340879798	-0.3650769740343094
ENST00000371795.5	0.7566836873690287	0.6479811271031698
ENST00000371804.4	0.4734881669282913	0.6650633712609608
ENST00000371817.8	0.33281726110726595	0.04602487664669752
ENST00000371856.6	0.3535440241297086	0.3895827457308769
ENST00000371873.9	0.8362315694491068	0.6293017367521923
ENST00000371945.9	-0.3419890652100245	-0.2032431624829769
ENST00000371984.8	-0.8437972068786621	-0.7796697616577148
ENST00000371996.9	0.40437617897987366	0.46012546122074127
ENST00000372014.5	0.6721645593643188	0.7193526923656464
ENST00000372017.4	1.6433125138282776	1.2812513709068298
ENST00000372088.8	-0.6423777143160502	-0.7166410485903423
ENST00000372090.6	0.4144268073141575	-0.04984767152927816
ENST00000372097.9	-0.04612293839454651	-0.18005795031785965
ENST00000372114.4	0.8662597313523293	0.6113517805933952
ENST00000372134.6	1.0228791534900665	1.4555758088827133
ENST00000372146.5	0.006800294388085604	0.08219640329480171
ENST00000372159.7	-0.016613606363534927	-0.05078263767063618
ENST00000372172.5	0.09357116371393204	0.021364860236644745
ENST00000372195.5	-0.8322314918041229	-0.935175746679306
ENST00000372201.5	-0.130125074647367	-0.17536797374486923
ENST00000372215.5	-0.2493457980453968	-0.13754946179687977
ENST00000372224.9	0.19827499985694885	0.0323747955262661
ENST00000372232.8	0.3050238142410914	0.09847593773156404
ENST00000372285.8	0.46722300350666046	0.5583284646272659
ENST00000372336.4	0.17148792929947376	0.22271795268170536
ENST00000372343.8	-0.41112796440720556	-0.22359479367733
ENST00000372371.8	0.21860630065202713	0.14183342580993968
ENST00000372396.4	0.031187240034341812	-0.23476961255073547
ENST00000372398.6	0.7231868455807368	0.6985512226819992
ENST00000372409.8	-0.8029100894927979	-0.6314060986042023
ENST00000372422.7	0.6376096829771996	0.5987058728933334
ENST00000372425.8	0.5610686212778091	0.5765925437211991
ENST00000372435.10	1.5683575868606567	1.0518512725830078
ENST00000372447.7	0.9062782227993011	0.42042097449302673
ENST00000372457.9	0.5171955600380898	0.6105330884456635
ENST00000372462.1	0.18508976325392723	0.5059290379285812
ENST00000372517.8	-0.10227328725159168	-0.31132037565112114
ENST00000372524.5	0.04697923129424453	0.3829146474599838
ENST00000372538.8	0.29956340293089545	0.29639721289277077
ENST00000372542.5	-0.3955491576343775	-0.6040967330336571
ENST00000372546.9	0.6573771834373474	0.7340951785445213
ENST00000372548.9	-0.03981868550181389	0.12022465653717518
ENST00000372561.4	0.3189356327056885	0.35338129103183746
ENST00000372564.7	0.02139030396938324	0.14529904536902905
ENST00000372577.2	-0.27828377733627957	-0.16441996519764265
ENST00000372586.4	0.11821268778294325	0.156712856143713
ENST00000372592.8	0.108610138297081	-0.07533875107765198
ENST00000372622.8	0.4481073021888733	-0.08651264756917953
ENST00000372628.5	0.6567119657993317	0.6165366073449452
ENST00000372642.5	0.6427542269229889	0.4937072843313217
ENST00000372648.10	0.28956547752022743	0.09698252038409312
ENST00000372715.6	0.05210247915238142	0.13517008116468787
ENST00000372718.8	0.07769941911101341	0.19421315751969814
ENST00000372748.8	0.298672080039978	0.4085731580853462
ENST00000372759.4	0.5599392702182133	0.9947011073430378
ENST00000372806.8	0.3985343426465988	0.3681764751672745
ENST00000372811.10	0.16422603093087673	0.3426896817982197
ENST00000372813.4	0.230064045637846	0.2520521730184555
ENST00000372829.8	0.49336667358875275	0.2737463265657425
ENST00000372833.6	0.7993773967027664	0.7351317405700684
ENST00000372836.5	0.5619845613837242	0.6228770464658737
ENST00000372839.7	0.8847104112307231	1.3156221508979797
ENST00000372876.2	0.6633249223232269	0.4333013445138931
ENST00000372890.6	0.6546719074249268	0.28072743117809296
ENST00000372902.4	1.2943023443222046	1.3374179601669312
ENST00000372904.7	0.45273517072200775	0.5980072021484375
ENST00000372945.8	1.0570500642061234	1.2907008230686188
ENST00000372950.6	0.7818135718504587	0.6741199195384979
ENST00000372979.9	0.3609374165534973	0.3528818339109421
ENST00000372991.9	0.466681644320488	0.3584380348523458
ENST00000372994.2	1.5006164908409119	1.2815213203430176
ENST00000373001.4	-0.2516981897254785	-0.07246355433017015
ENST00000373004.5	0.051553865894675255	0.5194020867347717
ENST00000373014.5	1.021723598241806	0.998983159661293
ENST00000373016.4	0.48472536106904346	0.6447931130727133
ENST00000373019.5	0.752536803483963	0.6320711374282837
ENST00000373036.5	-0.39946239441633224	-0.07380405813455582
ENST00000373042.5	0.5104158818721771	0.383007749915123
ENST00000373045.10	0.12014292180538177	-0.2788913995027542
ENST00000373049.8	-0.07004973012953997	0.22612378001213074
ENST00000373055.6	0.6491157114505768	0.8201182782649994
ENST00000373062.8	0.4846295863389969	0.4484048386414846
ENST00000373095.6	0.034555504408975445	-0.17711415669570366
ENST00000373115.5	-0.657094419002533	-0.36380742490291595
ENST00000373116.6	-0.049869947135448456	0.02609875239431858
ENST00000373166.8	1.4453579783439636	0.682559460401535
ENST00000373189.6	0.04293166473507881	0.4321615695953369
ENST00000373202.8	0.6980374157428741	0.7197276204824448
ENST00000373210.4	-0.5538082718849182	-0.23797267985840637
ENST00000373212.6	1.7397782802581787	1.867061197757721
ENST00000373218.5	1.5112968683242798	1.2642595767974854
ENST00000373232.8	1.1458303481340408	1.1605436205863953
ENST00000373255.9	0.6454022899270058	0.9126714318990707
ENST00000373264.5	0.6476742625236511	0.5087804347276688
ENST00000373279.6	0.8051312565803528	0.9106521904468536
ENST00000373284.10	0.10978071764111519	0.381417253986001
ENST00000373299.5	0.6910269260406494	0.6746182441711426
ENST00000373316.5	1.5407317876815796	1.7805471122264862
ENST00000373365.5	1.5595793426036835	1.2573091238737106
ENST00000373383.9	0.6652912199497223	0.5504338145256042
ENST00000373408.4	0.8931702673435211	0.6315990388393402
ENST00000373425.8	-0.06095471233129501	-0.2037397399544716
ENST00000373433.9	0.49160158447921276	0.5802013836801052
ENST00000373451.9	0.30006375287969905	0.2547018279631933
ENST00000373477.8	0.7558796554803848	0.9181219637393951
ENST00000373491.3	-0.28206275403499603	-0.3533148914575577
ENST00000373547.8	1.1019027829170227	1.21802219748497
ENST00000373548.8	1.2529775500297546	0.7768800407648087
ENST00000373555.9	-0.416883260011673	-0.317713792125384
ENST00000373573.9	0.7103896737098694	0.38300831615924835
ENST00000373578.6	0.27395717799663544	0.0742892473936081
ENST00000373585.8	0.08746898546814919	0.5129050463438034
ENST00000373586.1	1.0124180614948273	0.9211153388023376
ENST00000373602.9	0.6513706967234612	0.42336974292993546
ENST00000373624.6	-0.4547341763973236	-0.3050787995258967
ENST00000373625.8	0.7738790214061737	0.7329224348068237
ENST00000373647.9	-0.16376963257789612	-0.014024480246007442
ENST00000373669.8	1.5083144307136536	1.666833221912384
ENST00000373670.5	-0.535242035984993	-0.5488685518503189
ENST00000373672.8	-0.2541396217420697	0.038535940228030086
ENST00000373699.6	1.4991905391216278	1.2185760736465454
ENST00000373700.8	0.023571860045194626	0.055360572412610054
ENST00000373731.7	0.37360729090869427	0.3497191518545151
ENST00000373758.5	0.4259905219078064	0.6343306601047516
ENST00000373768.4	0.5570430606603622	0.6935951610406239
ENST00000373783.3	0.0888912919908762	-0.14715410023927689
ENST00000373816.5	-0.16089344955980778	-0.45195233076810837
ENST00000373830.4	0.666223555803299	0.3672197312116623
ENST00000373839.8	0.03304746250311534	0.12139434615770975
ENST00000373840.9	1.4882113337516785	1.3925842642784119
ENST00000373855.5	-0.33454883843660355	-0.45136814564466476
ENST00000373894.8	0.5289097279310226	0.691996306180954
ENST00000373930.4	-0.324217826128006	0.10659438837319613
ENST00000373932.3	0.3671102374792099	0.28502098470926285
ENST00000373935.4	0.12576884776353836	0.24152935296297073
ENST00000373943.9	0.7451545298099518	0.6369096152484417
ENST00000373954.10	0.5826975703239441	0.41775651276111603
ENST00000373970.4	0.4975011982023716	0.8281716480851173
ENST00000374012.8	-0.042143707163631916	-0.08828638284467161
ENST00000374023.8	0.2988366037607193	0.18703585863113403
ENST00000374050.4	1.6440596779187522	1.4106736779212952
ENST00000374103.9	0.17610014975070953	0.3882206529378891
ENST00000374114.8	0.7555142939090729	1.0199143886566162
ENST00000374126.9	-0.5479632526636123	-0.4022604450583458
ENST00000374135.9	0.5706779435276985	0.6799388602375984
ENST00000374142.9	-0.22530072927474976	-0.3398343976587057
ENST00000374171.5	1.3471815288066864	1.0177428424358368
ENST00000374199.9	0.5803050994873047	0.667829692363739
ENST00000374206.4	0.7581409017244974	0.6749664346377054
ENST00000374212.5	0.8161564990878105	1.2317157685756683
ENST00000374222.5	-0.26402442529797554	-0.6462960839271545
ENST00000374232.8	0.23455680161714554	0.42133450508117676
ENST00000374242.9	1.0822004079818726	0.5796424746513367
ENST00000374259.8	-0.4308718591928482	-0.2531354269012809
ENST00000374266.7	0.5435058236122131	0.6348677515983582
ENST00000374279.4	0.7029619663953781	0.644576296210289
ENST00000374296.3	-0.09763117507100105	0.3050641044974327
ENST00000374332.8	-0.10093178966781124	-0.12104612030088902
ENST00000374343.5	-0.3726151753216982	-0.3773680850863457
ENST00000374403.4	0.17346290747324628	-0.04047143987069528
ENST00000374466.4	-0.09817490726709366	-0.18877489864826202
ENST00000374467.4	0.3831392029921214	0.3146868497133255
ENST00000374517.6	1.7686268091201782	1.6838689744472504
ENST00000374541.4	-0.33312565460801125	-0.2546607982367277
ENST00000374550.8	1.4092261989911399	1.488581637541453
ENST00000374586.8	-0.17145492136478424	0.41900108754634857
ENST00000374617.9	0.0689324764534831	0.18217041219274205
ENST00000374647.10	-0.12252019842465718	-0.02085853336999814
ENST00000374672.5	0.09102770437796912	0.19053271412849426
ENST00000374694.2	-0.2058235928416252	0.10048783523961902
ENST00000374700.7	0.16186277195811272	0.01812404952943325
ENST00000374704.8	-0.1930693257600069	-0.5382719784975052
ENST00000374741.4	0.7076107561588287	0.5455352067947388
ENST00000374759.8	-0.7293464839458466	-0.27299924194812775
ENST00000374767.5	0.9688105061650276	1.1828841120004654
ENST00000374810.8	0.8736026138067245	0.7651637941598892
ENST00000374811.7	-0.02001068213333686	0.006278488164146742
ENST00000374840.8	0.7687810063362122	0.9289681762456894
ENST00000374852.4	0.17347770929336548	-0.07732816319912672
ENST00000374865.5	1.0911522135138512	1.1523398756980896
ENST00000374866.9	0.05503248609602451	-0.03087695501744747
ENST00000374884.3	1.2620579600334167	0.8110531568527222
ENST00000374888.2	0.10444958694279194	-0.03761879540979862
ENST00000374900.4	0.6097928881645203	0.4473404586315155
ENST00000374941.8	0.2726962938904762	0.2432668972760439
ENST00000374980.3	0.3867319722970327	0.5553654481967291
ENST00000374987.4	0.4603327587246895	0.20870240218937397
ENST00000374994.9	-0.09735418576747179	0.12043217779137194
ENST00000375071.4	0.9240439732869467	0.523019015789032
ENST00000375078.4	1.3068317770957947	0.8131287544965744
ENST00000375128.5	0.6554507836699486	0.6942348852753639
ENST00000375135.4	-0.6498244404792786	-0.9892644733190536
ENST00000375147.8	0.14582584425807	0.6232776194810867
ENST00000375180.7	0.2187630981206894	-0.07119404897093773
ENST00000375249.5	-0.1494872874269883	0.36093108355998993
ENST00000375250.9	-0.31079911440610886	-0.3097247127443552
ENST00000375255.8	0.41471241414546967	0.32612400501966476
ENST00000375341.8	0.6775721311569214	0.7474676072597504
ENST00000375360.7	-0.40745843946933746	-0.3796809986233711
ENST00000375377.2	-0.9455227255821228	-0.8979320526123047
ENST00000375431.9	0.6496966183185577	0.29300329089164734
ENST00000375442.8	0.5464098900556564	0.22270015627145767
ENST00000375446.5	0.9606055915355682	0.47555242478847504
ENST00000375464.7	0.748762235045433	0.7710661441087723
ENST00000375486.9	0.49483413994312286	0.3756241798400879
ENST00000375541.10	-0.5322384536266327	-0.35677601397037506
ENST00000375571.6	1.534317433834076	1.3460810780525208
ENST00000375592.8	0.07160168513655663	-0.3909396380186081
ENST00000375599.8	0.585837721824646	0.10455941036343575
ENST00000375643.7	-0.1620891373604536	0.0159212663769722
ENST00000375708.4	-0.23938052356243134	-0.19844456762075424
ENST00000375712.4	0.21128652468323705	0.11637020036578179
ENST00000375731.9	0.8512304127216339	0.7116022706031799
ENST00000375734.6	0.5121411085128784	0.3136863261461258
ENST00000375749.8	0.350607509414355	0.11326224853595099
ENST00000375771.5	-0.10240458603948355	0.4831584021449089
ENST00000375807.8	-0.22187073528766632	-0.056088000535964966
ENST00000375820.10	0.21257096156477928	0.3141423687338829
ENST00000375826.4	0.37656836708386743	0.45605405668417615
ENST00000375847.8	0.4000181406736374	0.3377549909055233
ENST00000375859.4	0.9570167809724808	0.6499869674444199
ENST00000375963.8	-0.2410704332093398	-0.2145168234904607
ENST00000375980.9	0.6391206681728363	0.5924210002024968
ENST00000375992.4	1.2590450048446655	1.036307156085968
ENST00000376004.5	0.4011073485016823	0.47343412041664124
ENST00000376032.9	0.09902571141719818	0.08806991577148438
ENST00000376065.8	0.20157920196652412	0.322374127805233
ENST00000376112.4	1.104621022939682	0.5995960310101509
ENST00000376227.4	0.15953954681754112	0.0967038031667471
ENST00000376234.7	-0.5208575278520584	-0.47939370572566986
ENST00000376281.8	0.8006812036037445	1.1026228666305542
ENST00000376285.6	0.6086614541709423	0.49260125309228897
ENST00000376327.6	1.1401968896389008	1.1739075581232705
ENST00000376344.8	0.3458985313773155	0.37244050204753876
ENST00000376355.7	0.7183745801448822	0.5614030857880911
ENST00000376423.8	0.028917255035291113	0.18537678569555283
ENST00000376447.4	-0.12400856365760168	-0.20233773688475293
ENST00000376454.8	-0.1016555828973651	-0.21681784465909004
ENST00000376510.8	0.5489160865545273	0.6239796206355095
ENST00000376582.7	0.98747984568278	1.0560893615086875
ENST00000376588.4	0.9401476085186005	0.8561664074659348
ENST00000376619.6	-0.08406366966664791	-0.033929936587810516
ENST00000376693.3	0.4962586909532547	0.1216016560792923
ENST00000376729.10	0.340741153806448	0.23133224109187722
ENST00000376736.6	1.466977670788765	0.8948602974414825
ENST00000376741.5	0.147161478176713	0.083878880366683
ENST00000376745.9	0.6589062809944153	1.031833291053772
ENST00000376747.8	-0.04127048049122095	0.6054015532135963
ENST00000376753.9	0.09242870612069964	0.31712025962769985
ENST00000376759.8	1.6915618181228638	1.304765224456787
ENST00000376770.5	-0.22275199554860592	0.20439130626618862
ENST00000376771.9	0.13341116160154343	-0.10477127507328987
ENST00000376834.8	0.23446273803710938	0.3090028613805771
ENST00000376836.8	0.7244529227415721	0.7719955543677012
ENST00000376854.6	0.8869561851024628	0.7986679077148438
ENST00000376874.9	-0.2023039236664772	-0.04104168154299259
ENST00000376911.1	0.5296894237399101	0.39952317625284195
ENST00000376918.7	0.7894868403673172	1.0382798463106155
ENST00000376936.9	0.14972461573779583	0.05427202978171408
ENST00000376957.7	0.0446639209985733	0.026163389906287193
ENST00000376958.5	0.1936668660491705	0.4036368131637573
ENST00000376962.10	0.4011136684566736	0.7802172154188156
ENST00000376980.8	0.3438463807106018	0.20417558401823044
ENST00000376983.8	0.18323141088088352	-0.11008444304267564
ENST00000377022.8	-0.5516283810138702	-0.48214446008205414
ENST00000377026.4	0.6507698595523834	0.5746009647846222
ENST00000377044.9	-0.2609583462278048	0.03486621690293153
ENST00000377047.9	0.5649376263221104	0.9817019601662953
ENST00000377071.9	-0.43547624846299493	-0.4727612336476644
ENST00000377182.5	0.2535939961671829	0.510063111782074
ENST00000377191.5	0.0751434906075398	0.4092560956875483
ENST00000377255.3	-0.445756733417511	-0.0977659304626286
ENST00000377264.8	-0.24732602387666702	-0.45863187313079834
ENST00000377275.4	0.7667684555053711	0.874810129404068
ENST00000377294.3	-0.2965801730751991	0.07310646399855614
ENST00000377304.7	0.16644053161144257	0.2716985121369362
ENST00000377325.2	-0.5123316720128059	-0.2965233661234379
ENST00000377326.7	-0.07406126459439596	-0.29445836444695794
ENST00000377340.6	0.41721994057297707	0.7149961069226265
ENST00000377346.9	-0.3518258333206177	-0.29538363963365555
ENST00000377350.7	-0.5509125391642253	-0.41403206686178845
ENST00000377386.8	1.0161353846391041	1.1539920965830484
ENST00000377400.8	0.009769581258296967	0.16823823750019073
ENST00000377403.7	-0.1800915878266096	0.011840863153338432
ENST00000377474.4	0.8100735545158386	0.4633622864882151
ENST00000377482.10	-0.535030335187912	-0.6254798273245493
ENST00000377524.8	0.5092459917068481	0.6555913388729095
ENST00000377526.4	-0.7325007617473602	-0.9744298160076141
ENST00000377575.3	1.4985040724277496	1.5295450389385223
ENST00000377595.7	0.482934795320034	0.7186738550662994
ENST00000377603.5	0.5712971091270447	0.7663757503032684
ENST00000377648.5	0.6823499947786331	0.3991536349058151
ENST00000377674.9	-0.03240593150258064	-0.26757102832198143
ENST00000377687.6	0.3559202700853348	0.6122375056147575
ENST00000377694.2	0.7138174970944722	0.7382999658584595
ENST00000377698.4	-0.1306171417236328	0.18386535346508026
ENST00000377707.4	-0.435512013733387	-0.4789382144808769
ENST00000377724.8	-0.15309802706663805	-0.11766263865865767
ENST00000377768.7	0.7313369363546371	0.6084773391485214
ENST00000377798.9	0.4319035932421684	0.3982948586344719
ENST00000377811.3	1.439700186252594	0.9146652519702911
ENST00000377813.6	0.19337962071100873	0.33267160753409064
ENST00000377818.4	1.506730556488037	1.3426650762557983
ENST00000377921.7	1.07267307639122	0.8165402054786682
ENST00000377960.9	1.122352957725525	1.0380697846412659
ENST00000377966.4	-0.28556087613105774	0.18937459588050842
ENST00000377967.8	-0.07887475937604904	-0.0909888967871666
ENST00000377990.7	-0.23237352166324854	-0.3648898471146822
ENST00000378026.5	0.298454612493515	0.48775704205036163
ENST00000378045.5	0.888782262802124	1.0497415959835052
ENST00000378060.9	0.08745718747377396	0.23953814804553986
ENST00000378069.5	0.9015830457210541	0.6440641283988953
ENST00000378078.5	-0.5070464909076691	-0.42075642943382263
ENST00000378103.7	-0.544191728035609	-0.4577973484992981
ENST00000378106.10	0.675729438662529	0.5809156596660614
ENST00000378116.9	-0.8348008394241333	-0.9848102629184723
ENST00000378156.9	-0.42722208301226294	-0.7687227626641591
ENST00000378164.7	-0.4805835038423538	-0.30785851180553436
ENST00000378198.9	0.6296498775482178	0.36924824118614197
ENST00000378204.7	-0.24122153222560883	-0.21869268082082272
ENST00000378209.8	0.3310837224125862	0.33668580651283264
ENST00000378230.8	-0.19727031560614705	-0.46924079954624176
ENST00000378247.8	-0.7806811034679413	-0.8591728359460831
ENST00000378251.3	0.3619401752948761	0.3492259532213211
ENST00000378302.7	0.14624001318588853	0.03763389494270086
ENST00000378319.8	0.41244396567344666	0.4532626271247864
ENST00000378344.7	0.38603675365448	0.39552947878837585
ENST00000378364.8	0.43197334806124366	0.7172349691390991
ENST00000378372.8	0.13791372277773917	0.28761425986886024
ENST00000378378.9	-0.036669681780040264	-0.22927843779325485
ENST00000378460.6	-0.16479384899139404	-0.12329857051372528
ENST00000378494.8	0.6197008440891901	0.3086931755145391
ENST00000378495.7	-0.23305149748921394	-0.27264969050884247
ENST00000378526.9	0.006244502030313015	0.2577454000711441
ENST00000378531.8	-0.17147620767354965	-0.163628987967968
ENST00000378567.8	-0.46409444510936737	-0.7315668761730194
ENST00000378572.8	0.6754295825958252	0.5789830386638641
ENST00000378578.9	0.7391222715377808	0.9995651692152023
ENST00000378605.3	-0.12644158117473125	-0.11733242962509394
ENST00000378617.4	-0.09942134097218513	-0.04116193391382694
ENST00000378623.6	-0.44248971343040466	-0.10012127459049225
ENST00000378643.8	-0.22730356454849243	-0.15516009430090585
ENST00000378669.5	1.2706258714199066	1.8051646232604979
ENST00000378719.7	0.4202274978160858	0.4675450176000595
ENST00000378720.8	0.7838635047276814	0.8064158161481222
ENST00000378750.10	0.4675659313797951	0.5835578739643097
ENST00000378756.8	0.13381025195121765	0.3337618807951609
ENST00000378802.5	0.012583483941853046	0.09152570553123951
ENST00000378842.8	0.09046653285622597	0.41175828874111176
ENST00000378887.3	0.9437968134880066	0.857969085375468
ENST00000379019.7	0.2075170949101448	-0.5161714255809784
ENST00000379031.10	0.5117322206497192	0.041256146505475044
ENST00000379066.5	-0.4077359586954117	-0.4302449729293585
ENST00000379095.5	0.39884231984615326	0.3230215907096863
ENST00000379160.3	0.7912577887376149	1.09208349386851
ENST00000379214.9	-0.5236082722743352	-0.4998217771450678
ENST00000379215.9	0.34023332595825195	-0.036840313114225864
ENST00000379245.8	-0.12208162434399128	-0.08795393351465464
ENST00000379263.8	0.3660319820046425	0.5463735908269882
ENST00000379287.4	-0.05599095206707716	-0.17984820436686277
ENST00000379310.8	-0.005994856978456179	-0.00828071559468905
ENST00000379333.5	0.09929008781909943	0.38015448550383246
ENST00000379341.9	0.9377143780390422	1.0619614322980246
ENST00000379359.4	0.48406095802783966	0.5566234141588211
ENST00000379370.7	-0.3379293456673622	-0.0628978768363595
ENST00000379378.8	-0.15099883638322353	-0.08862395258620381
ENST00000379380.9	1.257379561662674	1.261295199394226
ENST00000379400.8	0.3860221952199936	0.05223541706800461
ENST00000379406.8	0.13857575505971909	0.6312097162008286
ENST00000379454.9	0.47128428518772125	0.7052594423294067
ENST00000379480.9	-0.10072700306773186	0.12877798452973366
ENST00000379483.4	0.4471173882484436	0.09018819779157639
ENST00000379484.10	0.34426040202379227	0.39648765325546265
ENST00000379485.2	0.3813580870628357	0.11894942075014114
ENST00000379487.5	0.6508248299360275	0.5128888885180155
ENST00000379504.7	0.6819009780883789	0.48926132917404175
ENST00000379516.7	0.6395921260118484	0.7767510563135147
ENST00000379540.8	-0.37752705812454224	-0.2965284436941147
ENST00000379561.6	0.1946851685643196	0.13725197687745094
ENST00000379562.9	0.8324653282761574	1.015505962073803
ENST00000379565.9	0.0764407068490982	-0.2999125073353449
ENST00000379600.8	0.7463526278734207	0.7700095176696777
ENST00000379607.10	1.6728767156600952	1.841979205608368
ENST00000379638.9	1.451003909111023	1.7219675183296204
ENST00000379643.10	0.3523378223180771	0.075202077627182
ENST00000379644.9	0.03526170738041401	-0.05433349497616291
ENST00000379661.8	-0.5561149716377258	-0.5299368798732758
ENST00000379715.10	0.945101410150528	1.2811676263809204
ENST00000379719.8	0.0524048525840044	0.654809981584549
ENST00000379731.4	0.5047532866398494	-0.03494913255174954
ENST00000379751.5	-0.5837111473083496	-0.5757422149181366
ENST00000379802.8	0.17974324524402618	0.37915883461634314
ENST00000379834.7	0.688286229968071	0.2774667590856552
ENST00000379847.8	1.3786813616752625	1.6495843082666397
ENST00000379883.3	0.3669580966234207	0.2643347308039665
ENST00000379942.5	0.034065281972289085	-0.03726175893098116
ENST00000379965.8	0.43127078153193	0.40090805590152745
ENST00000379982.8	-0.12208432797342539	-0.2949208002537489
ENST00000380034.8	0.28224335312843324	0.22485330794006586
ENST00000380050.8	0.25702567398548126	0.33467525243759155
ENST00000380060.7	-0.18566712737083435	-0.35879366720716155
ENST00000380071.8	0.6089827567338943	0.7125378847122192
ENST00000380094.10	0.006565972231328487	-0.05956199765205383
ENST00000380110.8	0.969483494758606	1.0065576434135437
ENST00000380113.8	0.7397809326648712	0.6032812297344208
ENST00000380122.10	0.2963720113039017	0.235649012029171
ENST00000380155.4	0.8332097232341766	0.7719313402970632
ENST00000380191.9	0.8115867127974827	1.0698507527510326
ENST00000380198.6	0.5283707529306412	-0.0033801496028900146
ENST00000380249.5	-0.8139369487762451	-0.766568660736084
ENST00000380254.7	0.25552189350128174	0.15268568694591522
ENST00000380266.4	-0.055356465280056	0.009457219392061234
ENST00000380274.2	0.6098742038011551	0.7152365048726399
ENST00000380283.5	-0.4179854542016983	-0.6767563670873642
ENST00000380324.8	0.444594606757164	0.428973063826561
ENST00000380379.10	0.6661760061979294	0.6604805737733841
ENST00000380394.9	0.6439591497182846	1.46932914853096
ENST00000380421.3	0.7720752209424973	0.8246022760868073
ENST00000380445.8	0.09202122874557972	0.18129758164286613
ENST00000380455.9	0.819863772392273	0.9702784299850464
ENST00000380486.4	-0.28350649401545525	-0.589617575208346
ENST00000380488.9	0.1604001224040985	0.17923233285546303
ENST00000380492.8	0.2124546393752098	0.46878349781036377
ENST00000380502.8	0.08509683236479759	-0.025823429382095735
ENST00000380516.7	0.23990142345428467	0.3014957457780838
ENST00000380527.3	0.9702706336975098	0.8807400763034821
ENST00000380591.7	0.9329186528921127	1.2807215005159378
ENST00000380607.5	0.721159964799881	0.7596751153469086
ENST00000380647.8	-0.2626754455268383	-0.24405514542013407
ENST00000380649.8	0.48451217263936996	0.5407576337456703
ENST00000380668.9	1.466326355934143	1.1220337748527527
ENST00000380698.5	0.5582954585552216	0.8611597865819931
ENST00000380737.8	0.6114446222782135	0.7180371781190236
ENST00000380738.8	0.8926199376583099	0.6000709931055704
ENST00000380739.6	1.0619096457958221	1.1121934652328491
ENST00000380752.10	0.6468679308891296	0.6735334893067678
ENST00000380753.8	0.3317488431930542	0.5054395161569118
ENST00000380815.5	1.122646689414978	0.7341136336326599
ENST00000380817.8	-0.9009036302566529	-1.0718038916587829
ENST00000380834.7	-0.29347500453392666	-0.15996006193260354
ENST00000380842.5	1.0393250584602356	1.1176381260156631
ENST00000380872.9	0.7160970978438854	0.8863105624914169
ENST00000380950.7	-0.2832856848835945	-0.43477919697761536
ENST00000380958.8	-0.1047782190144062	-0.21918483823537827
ENST00000380985.10	0.5227526165544987	0.653826892375946
ENST00000380986.9	1.1781311631202698	1.4633637368679047
ENST00000380996.9	-0.08844572367767493	-0.2420339658856392
ENST00000381006.8	0.21714968979358673	0.20638109867771467
ENST00000381007.9	0.6417522430419922	0.4016692489385605
ENST00000381031.8	0.17273735255002975	0.5340111553668976
ENST00000381070.8	0.24596834043040872	0.39416322857141495
ENST00000381077.10	1.1152509301900864	0.8490243256092072
ENST00000381125.9	0.356186181306839	0.37630628049373627
ENST00000381150.5	0.6964186131954193	1.0773277282714844
ENST00000381154.6	0.2689522858709097	0.27473229418198264
ENST00000381163.7	0.08203857578337193	-0.22364231571555138
ENST00000381209.7	0.5226625303427379	0.3824934562047323
ENST00000381213.7	0.7028274834156036	0.348218260332942
ENST00000381223.9	-0.787925511598587	-0.8827564716339111
ENST00000381249.4	-0.057879602536559105	0.2502565197646618
ENST00000381254.7	-0.26213750864068663	-0.48112541933854425
ENST00000381271.7	0.10630850866436958	-0.31328369677066803
ENST00000381317.9	-0.16882184706628323	-0.16037287935614586
ENST00000381334.10	0.016527203222115837	0.2403993757131199
ENST00000381341.6	0.6983714699745178	0.4812442560990652
ENST00000381346.9	0.5637122690677643	0.39702944457530975
ENST00000381401.11	0.8959226310253143	1.029138445854187
ENST00000381410.5	0.4327017366886139	0.500601018468539
ENST00000381431.10	0.8681222697099049	0.6240824957688649
ENST00000381440.4	-0.42644306272268295	-0.5086175501346588
ENST00000381486.7	-0.6489618271589279	-0.898242731889089
ENST00000381501.8	0.18150563538074493	0.1247203852981329
ENST00000381527.8	0.1648618495091796	0.00928877666592598
ENST00000381554.8	0.5510906130075455	0.5971695780754089
ENST00000381569.5	0.05838542990386486	-0.0744873471558094
ENST00000381571.6	0.7739301919937134	0.8049732446670532
ENST00000381577.4	0.8443270921707153	0.7868742644786835
ENST00000381647.7	0.7690598517656326	0.7449281141161919
ENST00000381652.4	-0.5465382784605026	-0.3328873738646507
ENST00000381685.10	0.2092176266014576	0.44054926559329033
ENST00000381714.7	0.19873185207446414	0.3677060008049011
ENST00000381750.9	0.6896995007991791	0.3983796685934067
ENST00000381774.9	0.9682393372058868	0.6540681719779968
ENST00000381801.5	0.04612696822732687	-0.09324635099619627
ENST00000381809.8	0.8222820237278938	1.0225721523165703
ENST00000381844.8	1.3258299032847087	1.4486368894577026
ENST00000381883.5	0.4767482578754425	0.5182737410068512
ENST00000381967.9	0.6598275502522786	0.7246316572030385
ENST00000381989.4	-0.22685918398201466	-0.06929301959462464
ENST00000382038.7	0.6803414560854435	0.5067997127771378
ENST00000382103.7	0.7113016694784164	0.39613712579011917
ENST00000382142.8	-0.03828957676887512	-0.24124258011579514
ENST00000382172.4	0.26179759701093036	0.31229622662067413
ENST00000382203.5	-0.21849169209599495	0.06906469538807869
ENST00000382252.6	-0.4044073646267255	-0.36719965438048047
ENST00000382263.3	-0.12485811424752077	-0.09528125232706466
ENST00000382361.8	0.8454660177230835	0.4214876592159271
ENST00000382374.9	0.31000320613384247	0.3350609764456749
ENST00000382409.4	-0.21819160878658295	0.0822410136461258
ENST00000382422.6	-0.3726694583892822	-0.15833981397251287
ENST00000382554.4	-0.3889169842004776	-0.10697029158473015
ENST00000382564.8	0.8588270246982574	0.8557939430077871
ENST00000382592.5	-0.7432660361131032	-0.8478471040725708
ENST00000382745.9	-0.10692574828863144	-0.436063289642334
ENST00000382753.5	0.6682610511779785	0.49126166105270386
ENST00000382758.6	0.8275167793035507	0.7207301259040833
ENST00000382762.7	0.8273509840170543	0.9381456871827444
ENST00000382952.7	-0.22899935767054558	-0.3860579580068588
ENST00000383432.8	-0.0746757984161377	-0.18236713483929634
ENST00000383657.10	0.8246209621429443	0.949435219168663
ENST00000383791.8	-0.35248770052567124	-0.13418367831036448
ENST00000383794.7	0.42615530639886856	0.4410361126065254
ENST00000388712.7	0.4277600447336833	0.6323689967393875
ENST00000388752.8	0.9551850159962971	0.7513780196507772
ENST00000388820.5	-0.44879619777202606	-0.575857400894165
ENST00000388822.10	0.7129194438457489	0.6502254605293274
ENST00000388837.6	0.27962047420442104	0.5909780524671078
ENST00000388901.10	0.7085693180561066	0.9306430667638779
ENST00000388995.11	-0.2934478670358658	-0.1498720943927765
ENST00000389017.6	-0.02438363153487444	0.007840188220143318
ENST00000389032.8	0.6030671671032906	0.6396414376795292
ENST00000389100.9	-0.15455520898103714	-0.2279382199048996
ENST00000389120.8	0.33483780920505524	0.09391054883599281
ENST00000389131.8	0.27037930116057396	0.3683493509888649
ENST00000389156.9	-0.08650260713572303	0.07856913593908152
ENST00000389231.9	0.5720040127635002	0.5468192659318447
ENST00000389266.8	0.5574310968319576	0.5345373551050823
ENST00000389501.9	0.37856078892946243	0.24255657941102982
ENST00000389532.9	-0.7551820576190948	-0.9619044363498688
ENST00000389658.4	-0.20263579487800598	0.07457219902426004
ENST00000389704.4	0.8648850818475087	0.771771103143692
ENST00000389749.9	0.6487419605255127	0.3607252240180969
ENST00000389759.7	-0.6755153834819794	-0.5310319140553474
ENST00000389805.9	0.44663164019584656	0.9454891781012218
ENST00000389834.9	0.44608150919278466	0.5300028920173645
ENST00000389857.11	-0.14417554810643196	-0.38777027279138565
ENST00000389879.9	-0.13275462854653597	0.4540962427854538
ENST00000390645.2	0.5605157564083735	0.30554802156984806
ENST00000391911.5	-0.5763958344856898	-0.0791075365462651
ENST00000391945.10	0.2156873755156994	0.2532451618462801
ENST00000392038.7	0.12074253708124161	-0.13393312692642212
ENST00000392055.7	0.5922584235668182	0.20899194478988647
ENST00000392062.7	0.22695276451607543	0.6507596174875896
ENST00000392129.10	1.562997857729594	1.5535090168317158
ENST00000392133.7	0.27302275598049164	0.37124928335348767
ENST00000392246.7	1.6602320432662965	1.5805034160614015
ENST00000392271.6	-0.38770072162151337	-0.3280457928776741
ENST00000392283.9	1.648120939731598	1.331125795841217
ENST00000392325.9	0.19965938851237297	0.11792132817208767
ENST00000392328.6	-0.528736237436533	-0.4567843824625015
ENST00000392329.7	0.5663614571094513	0.4354425221681595
ENST00000392386.8	0.07960508422305186	0.27386263261238736
ENST00000392396.7	0.3474956899881363	0.3028525710105896
ENST00000392481.6	0.6286653727293015	0.6587346494197845
ENST00000392521.7	-0.2706688940525055	-0.1545867621898651
ENST00000392547.6	0.41030605137348175	1.003278136253357
ENST00000392568.7	0.2014460787177086	0.2536783367395401
ENST00000392634.9	-0.11853107810020447	-0.19225510396063328
ENST00000392678.7	-0.218874288101991	-0.30062424639860785
ENST00000392701.8	0.11288917437195778	0.24247584864497185
ENST00000392825.8	-0.016626794822514057	0.20403581531718373
ENST00000392870.3	0.43634945154190063	0.240136556327343
ENST00000392876.8	0.35979408025741577	0.3820637743920088
ENST00000392920.8	0.5118799835443497	0.5890519350767136
ENST00000392959.5	-0.4237583229939143	-0.3881440609693527
ENST00000392981.6	-0.2040855959057808	-0.05566029250621796
ENST00000392993.7	0.3553204834461212	0.1398532073944807
ENST00000393081.5	0.10599111206829548	0.1501481682062149
ENST00000393085.4	1.608884871006012	1.4205726385116577
ENST00000393203.3	0.2807951122522354	0.6044699177145958
ENST00000393218.6	0.5768610462546349	0.925644114613533
ENST00000393238.7	-0.13492779930432638	-0.2086799368262291
ENST00000393261.8	-0.09820323189099629	0.06800576788373291
ENST00000393381.3	1.0196038484573364	0.9478068053722382
ENST00000393408.7	1.2733302116394043	1.3588354587554932
ENST00000393459.5	-0.1352059319615364	0.24802500754594803
ENST00000393486.5	0.12182290945202112	0.21300956304185092
ENST00000393565.5	0.39772291481494904	0.4576761722564697
ENST00000393593.8	0.8451563715934753	0.6930967271327972
ENST00000393599.3	-0.04360331688076258	-0.23595698922872543
ENST00000393600.8	1.3031013409296672	0.5139018545548122
ENST00000393609.7	-0.5341004431247711	-0.6557874977588654
ENST00000393623.6	-0.8830709159374237	-0.967995176712672
ENST00000393700.8	0.22450846433639526	0.3779679238796234
ENST00000393743.8	-0.2973124260703723	-0.0784949449201425
ENST00000393792.3	0.646804521481196	0.6516834100087483
ENST00000393795.7	1.258338987827301	0.6627592444419861
ENST00000393892.8	0.15277869161218405	-0.07749884389340878
ENST00000393931.8	0.6595302174488704	0.46831169227759045
ENST00000393952.3	-0.4520275294780731	-0.47978952030340827
ENST00000394053.7	1.3580911755561829	0.7390965521335602
ENST00000394140.9	0.9939639270305634	0.9207145869731903
ENST00000394144.9	0.33180678139130276	0.31097351014614105
ENST00000394152.7	-0.22678960859775543	-0.28379933536052704
ENST00000394164.5	0.07001635851338506	0.29791367550690967
ENST00000394196.9	-0.5362270623445511	-0.516259953379631
ENST00000394231.8	1.0229941070079804	1.0739996254444122
ENST00000394236.9	0.48889921605587006	0.6175680756568909
ENST00000394295.6	0.925027181704839	1.4465995629628499
ENST00000394303.8	-0.5387140437960625	-0.35940662771463394
ENST00000394391.9	0.8097883313894272	0.9308376088738441
ENST00000394412.8	-0.9279308617115021	-1.0388882905244827
ENST00000394419.8	0.4915838191906611	0.5172845820585887
ENST00000394422.8	-0.013774124905467033	0.22508800774812698
ENST00000394434.7	0.25302398949861526	0.42701685428619385
ENST00000394440.8	0.8350377877553304	0.9593532085418701
ENST00000394456.10	0.5879426846901575	0.438362975915273
ENST00000394485.5	1.7233492732048035	1.5521066784858704
ENST00000394532.7	0.20226707495748997	0.015588490758091211
ENST00000394555.6	0.11426973668858409	0.7841913029551506
ENST00000394566.5	-0.01674259640276432	0.19853053987026215
ENST00000394650.7	-0.20268920809030533	-0.1951538473367691
ENST00000394671.7	0.16948957089334726	0.17645030096173286
ENST00000394709.2	0.9338831305503845	1.1868787705898285
ENST00000394718.4	-0.09758330136537552	-0.032768988981842995
ENST00000394752.8	-0.4352464973926544	-0.33804431557655334
ENST00000394773.6	-0.7576146920522054	-0.7457652191321056
ENST00000394780.8	0.28458654694259167	-0.06439944985322654
ENST00000394836.7	-0.6881702542304993	-0.7476917505264282
ENST00000394855.7	0.23506068686644238	0.4126125226418177
ENST00000394863.8	-0.6232978105545044	-0.21546891331672668
ENST00000394869.7	-0.9486901760101318	-1.111343890428543
ENST00000394885.8	1.1285801827907562	0.8025906980037689
ENST00000394900.7	-0.500221848487854	0.14992816746234894
ENST00000394908.9	0.6675243477026622	0.6240393072366714
ENST00000394936.8	0.5194454342126846	1.4684845209121704
ENST00000394945.6	0.7789511879285177	0.9771578212579091
ENST00000394951.5	-0.03112069726921618	-0.061737644486129284
ENST00000394957.8	0.5415510833263397	0.5230249762535095
ENST00000394963.9	0.46992487708727515	0.7761918803056082
ENST00000395042.2	0.06657628453103825	-0.016080230940133333
ENST00000395047.6	1.2748658955097198	0.9866054803133011
ENST00000395076.9	0.6375290751457214	0.6552270203828812
ENST00000395184.6	0.16141300275921822	0.14419991429895163
ENST00000395321.6	0.8980725010236104	0.9492472012837727
ENST00000395348.7	0.15084920823574066	-0.3392599100867907
ENST00000395353.5	-0.10952929873019457	0.37118098326027393
ENST00000395366.3	1.118187129497528	1.2916117310523987
ENST00000395422.4	1.2739138007164001	1.2413914203643799
ENST00000395510.6	-0.2874216139316559	0.1772932931780815
ENST00000395544.9	-0.7684975564479828	-0.8700632154941559
ENST00000395595.7	0.4940730879704157	0.2822958926359812
ENST00000395631.6	0.5289481331904728	0.3041441490252813
ENST00000395686.8	0.4286735415458679	0.5821992129087448
ENST00000395699.5	0.30512185394763947	0.4672558829188347
ENST00000395718.6	-0.24002425372600555	-0.6564852893352509
ENST00000395744.7	-0.8340126077334086	-0.7373395661513011
ENST00000395748.8	0.8878444015979767	0.9828880548477174
ENST00000395787.4	0.7946616212526957	0.5733477572600048
ENST00000395834.5	0.3668815170725187	0.27544555316368735
ENST00000395925.8	-0.7056628068288168	-0.6036634842554728
ENST00000395965.8	0.6964201629161835	0.7708838880062103
ENST00000396033.6	-0.05807817665239175	0.5367941757043202
ENST00000396049.5	1.0541959702968597	1.158448874950409
ENST00000396076.5	0.8623471260070801	0.7475025653839111
ENST00000396081.5	-0.00889620091766119	0.4016904756426811
ENST00000396083.7	0.9431798458099365	0.7470788955688477
ENST00000396124.9	0.028408817015588284	0.20189566910266876
ENST00000396137.5	-0.42049165070056915	-0.28132081031799316
ENST00000396153.7	0.22003197623416781	0.38002284802496433
ENST00000396197.8	0.5813616663217545	0.4813399612903595
ENST00000396203.7	0.6562970727682114	1.0627036690711975
ENST00000396319.6	0.4872976988554001	0.0030649369582533836
ENST00000396330.6	-0.05024375952780247	0.09329768642783165
ENST00000396334.8	0.5306222562988598	0.17703215219080448
ENST00000396373.9	-0.34288259595632553	-0.28635786597927415
ENST00000396394.6	1.0421665757894516	1.2819822132587433
ENST00000396432.7	-0.8625251948833466	-0.7014344334602356
ENST00000396505.7	0.562438890337944	0.8164429267247518
ENST00000396516.6	-0.6353013813495636	-0.590593621134758
ENST00000396556.6	-0.11619662493467331	0.14164206385612488
ENST00000396591.8	-0.5183648268381755	-0.3601379841566086
ENST00000396625.5	0.07265232503414154	0.03190585970878601
ENST00000396651.8	1.1217254400253296	1.523368388414383
ENST00000396659.8	0.4828675091266632	0.4933289438486099
ENST00000396684.3	-0.8506575971841812	-0.5590673610568047
ENST00000396801.7	0.1265283301472664	0.2776726633310318
ENST00000396811.6	0.12972474936395884	0.16450921818614006
ENST00000396813.5	0.9068042039871216	0.5164998819430668
ENST00000396825.4	0.6147119253873825	0.4601861983537674
ENST00000396842.7	0.5745349178711574	0.7245898246765137
ENST00000396861.5	1.1349384188652039	1.2931385040283203
ENST00000396912.2	-0.42125269770622253	-0.1821998953819275
ENST00000396914.4	0.7586842924356461	0.6040432751178741
ENST00000396954.8	0.40028557678063714	0.4470568746328354
ENST00000396958.8	0.5615036487579346	0.5739250779151917
ENST00000396981.6	0.6900982856750488	1.122897744178772
ENST00000396987.7	0.31746215000748634	0.3406580165028572
ENST00000397033.7	0.35722169280052185	0.46929629147052765
ENST00000397167.5	-0.4179723560810089	0.012652451172471046
ENST00000397195.10	0.6734621524810791	0.49838483333587646
ENST00000397224.8	0.21316761523485184	0.2301216870546341
ENST00000397261.7	1.1475459858775139	0.9478058740496635
ENST00000397292.8	0.4045336345831553	0.47845979034900665
ENST00000397299.9	0.3366686751445135	0.34610938032468164
ENST00000397410.10	0.4607339600721995	0.3616902455687523
ENST00000397412.8	-0.6905746360619863	-0.7367176761229833
ENST00000397525.5	-0.8260492185751598	-0.6557647387186686
ENST00000397560.7	0.08377817397316298	0.06975719456871352
ENST00000397609.6	0.6756433546543121	1.133581206202507
ENST00000397621.6	-0.5678204298019409	-0.8071379661560059
ENST00000397622.7	0.29865063230196637	0.24185077846050262
ENST00000397641.8	-0.3695987295359373	-0.21152561716735363
ENST00000397728.8	0.11359703168272972	0.4646281749010086
ENST00000397752.7	-0.17569562047719955	-0.00918339192867279
ENST00000397762.6	0.8421876430511475	1.0827661752700806
ENST00000397771.6	-0.4278786778450012	-0.40356671810150146
ENST00000397778.7	-0.25323536247015	-0.24150002375245094
ENST00000397802.8	0.6658467352390289	0.7396264374256134
ENST00000397809.10	-0.09488890785723925	-0.18529511243104935
ENST00000397821.8	0.2541071027517319	0.5662097930908203
ENST00000397843.7	-0.5171093940734863	-0.6984119564294815
ENST00000397885.3	0.38484811286131543	0.7246611416339874
ENST00000397977.8	-0.3671419881284237	-0.3628528509289026
ENST00000398055.8	0.4903899282217026	0.46326643973588943
ENST00000398075.4	0.5250489910443624	0.46504340072472894
ENST00000398125.5	-0.039220090955495834	6.275437772274017e-05
ENST00000398148.7	0.46172723919153214	0.8796601891517639
ENST00000398153.7	0.6494589596986771	0.652644868940115
ENST00000398208.3	-0.09760130569338799	0.3623923510313034
ENST00000398319.6	-0.9276487678289413	-0.8289157748222351
ENST00000398322.7	-0.18404300697147846	-0.055470146238803864
ENST00000398532.9	-0.6733837649226189	-0.6078763008117676
ENST00000398540.8	-0.039084505289793015	-0.049439028526345886
ENST00000398559.7	-0.13717761915177107	0.03705311194062233
ENST00000398576.6	0.7965129911899567	0.34649884700775146
ENST00000398594.4	0.17946771532297134	0.22214296956857044
ENST00000398606.10	1.0511475801467896	1.1568092107772827
ENST00000398675.8	0.4453407824039459	0.4973929325739542
ENST00000398712.7	-0.17155626881867647	-0.27601361088454723
ENST00000398793.6	-0.20684713870286942	-0.05932249687612057
ENST00000398805.8	0.9932030141353607	0.9700914124647777
ENST00000398844.7	-0.08724273229017854	0.23464834969490767
ENST00000398868.8	0.5931623876094818	0.8588227331638336
ENST00000398955.2	1.3865316212177277	0.8940292447805405
ENST00000399002.7	0.22023428107301396	0.5241233110427856
ENST00000399022.9	0.6294224411249161	0.7238350659608841
ENST00000399061.3	0.4242222085595131	0.237043855090936
ENST00000399069.8	0.008286122232675552	-0.09879987314343452
ENST00000399262.7	-0.3962748075524966	-0.26988817006349564
ENST00000399300.6	0.11524781708916029	0.7013343423604965
ENST00000399312.3	1.6703163385391235	1.536864012479782
ENST00000399395.7	0.8043112009763718	0.9018014222383499
ENST00000399409.7	-0.33073044319947564	-0.15427775494754314
ENST00000399598.7	0.254242030903697	0.3842412084341049
ENST00000399668.7	-0.3542804569005966	-0.06497801933437586
ENST00000399672.5	0.531547911465168	0.058640722185373306
ENST00000399722.6	-0.8759686052799225	-0.7163455784320831
ENST00000399793.6	0.3416184758146604	0.42279630402723944
ENST00000399794.6	0.3712596148252487	1.3416922688484192
ENST00000399799.3	-0.2911688834428787	-0.27993282675743103
ENST00000399820.8	0.25171317905187607	0.12865005433559418
ENST00000399921.5	-0.41725726425647736	-0.16092941164970398
ENST00000399932.8	-0.5104695856571198	-0.09449510276317596
ENST00000399975.7	-0.3932923128207525	-0.27417422334353125
ENST00000400000.7	1.1655861020088196	1.195345652103424
ENST00000400137.9	1.0050944834947586	1.6207006871700287
ENST00000400198.8	0.901437371969223	1.0300481915473938
ENST00000400256.5	-0.18637454758087796	0.1269017830491066
ENST00000400335.8	-0.24316419288516045	-0.3259449563920498
ENST00000400485.6	0.32912128791213036	0.2951212674379349
ENST00000400788.9	1.1539845764636993	1.1300230920314789
ENST00000401073.7	-0.8803352564573288	-0.8760266751050949
ENST00000401500.7	-0.2790043354034424	-0.5492702722549438
ENST00000401642.8	0.41318249205748236	-0.047709311048189804
ENST00000401707.7	-0.15320640554030734	-0.11038323274503152
ENST00000401850.5	-0.49040237069129944	-0.577800989151001
ENST00000401878.8	-0.13887492893263698	0.1152432905510068
ENST00000401959.6	1.4499906823039055	1.626855492591858
ENST00000402050.7	-0.8263706266880035	-1.0436409711837769
ENST00000402198.7	-0.5715559075276058	-0.6626943051815033
ENST00000402306.7	-0.1431510355323553	-0.16086841374635696
ENST00000402412.5	-0.7371978387236595	-0.6183055117726326
ENST00000402508.5	-0.020066086823741593	-0.37114156534274423
ENST00000402744.9	0.6772772014141083	0.5407920926809311
ENST00000402774.8	0.1501818671822548	0.2333185374736786
ENST00000402924.5	0.44044675678014755	0.31666336953639984
ENST00000403092.5	0.6623251587152481	0.49821601063013077
ENST00000403245.8	-0.4190744459629059	-0.3152589127421379
ENST00000403299.5	-0.9889014959335327	-1.0213065817952156
ENST00000403627.7	0.4533609201510747	0.40174083908398944
ENST00000403633.6	0.3224775120615959	1.021284431219101
ENST00000403707.7	-0.561653196811676	-0.4415316507220268
ENST00000403714.8	-0.5904719233512878	-0.7233712375164032
ENST00000403729.7	0.3847322091460228	0.6657795409361522
ENST00000403766.8	0.06140473733345668	-0.1118054942538341
ENST00000403825.8	0.7214924171566963	0.6110608279705048
ENST00000404072.7	0.5772948563098907	0.22659489698708057
ENST00000404138.5	-0.5077423751354218	-0.47934187948703766
ENST00000404141.6	-0.7724979370832443	-0.5648438632488251
ENST00000404366.7	0.4457631856203079	0.6180201768875122
ENST00000404537.6	-0.3447395662466685	-0.36069825291633606
ENST00000404767.8	-0.9138339459896088	-0.7180372178554535
ENST00000404816.7	-0.4960844318072001	-0.22098660096526146
ENST00000404933.7	-0.3044460862874985	0.11795242875814438
ENST00000405141.5	-0.8435096591711044	-0.6913630366325378
ENST00000405315.9	0.5276781221230824	0.8149937589963278
ENST00000405430.5	0.37292415648698807	0.3501953296363354
ENST00000405510.5	-0.3137236274778843	0.09196999995037913
ENST00000405598.5	-0.12156257499009371	0.011386287398636341
ENST00000405666.5	0.11105575785040855	0.20055188983678818
ENST00000406384.5	0.3133561611175537	0.3445874899625778
ENST00000406397.1	0.8197255035241444	0.503776287039121
ENST00000406452.8	0.6983002523581188	0.5629063596328099
ENST00000406462.6	-0.40384696424007416	-0.5470596899588902
ENST00000406610.7	-0.4670890048146248	-0.5857237875461578
ENST00000406697.5	0.34287600219249725	0.3421870321035385
ENST00000406902.6	-0.2195562655106187	-0.11659002676606178
ENST00000407315.6	-0.7402903884649277	-0.49083463102579117
ENST00000407418.8	0.5986827313899994	0.3795388688643774
ENST00000407426.8	0.14860832318663597	0.3488531311353048
ENST00000407559.8	-0.4295650074879328	-0.3929150005181631
ENST00000407693.7	0.8972908556461334	0.8611053973436356
ENST00000407818.8	0.3002002816647291	0.3243968114256859
ENST00000408888.8	0.45533186197280884	0.4834040254354477
ENST00000408923.8	-0.8029797524213791	-0.8559939712285995
ENST00000408939.4	0.6989278048276901	0.6244718804955482
ENST00000408965.4	0.5327967330813408	0.5099121332168579
ENST00000409012.6	-0.1852864772081375	-0.2695438340306282
ENST00000409086.7	0.1515348944813013	0.18240072578191757
ENST00000409109.6	-0.6554572035868962	-0.6841195424397786
ENST00000409134.8	1.145530104637146	0.7682960033416748
ENST00000409150.8	0.13224561760822934	0.10954054507116476
ENST00000409155.8	-0.1391262784600258	0.1941462755203247
ENST00000409190.8	-0.03512956155464053	0.07546262256801128
ENST00000409212.5	-0.2552573985109727	-0.09552758062879244
ENST00000409255.1	0.0541959865950048	-0.17605305928736925
ENST00000409299.8	0.7655242085456848	0.6148084402084351
ENST00000409333.1	0.31563741341233253	0.8884401023387909
ENST00000409379.8	-0.35890179624160135	-0.44599829614162445
ENST00000409501.7	0.27625884115695953	0.336724117398262
ENST00000409535.6	-0.5473676919937134	-0.5997411111990611
ENST00000409544.5	-0.6301400363445282	-0.3309168368577957
ENST00000409548.7	-0.6964980065822601	-0.4453340992331505
ENST00000409556.5	0.03965195454657078	-0.16021454334259033
ENST00000409558.8	-0.6151279658079147	-0.6004383862018585
ENST00000409573.7	0.7298548519611359	0.7319748401641846
ENST00000409587.5	0.41534967720508575	0.29116346314549446
ENST00000409600.6	1.2784515619277954	1.340006947517395
ENST00000409618.5	-0.8393421173095703	-0.8957703113555908
ENST00000409624.1	0.5864967554807663	0.9353036085764568
ENST00000409652.5	0.4463529735803604	0.7295681536197662
ENST00000409682.8	0.6693079434335232	1.0366877242922783
ENST00000409687.5	-0.5138530135154724	-0.5378252118825912
ENST00000409690.4	0.48093685507774353	0.621966153383255
ENST00000409746.5	0.6334128081798553	0.5085082948207855
ENST00000409753.8	1.4880490005016327	1.4606853127479553
ENST00000409784.8	1.445870280265808	1.7056975364685059
ENST00000409785.9	0.40283925334612525	0.3249750485022863
ENST00000409790.6	-0.4209242264429728	-0.35545158510406816
ENST00000409792.3	-0.6751839071512222	-0.47394509613513947
ENST00000409850.5	-0.09713299789776406	0.2167346601684888
ENST00000409906.9	1.4560227394104004	1.1101758480072021
ENST00000409939.8	-0.554496611158053	-0.6563569704691569
ENST00000409990.7	0.2211187779903412	0.28997717797756195
ENST00000410023.6	-0.46892307698726654	-0.27580883353948593
ENST00000410053.8	-0.3214189112186432	-0.025535549968481064
ENST00000410080.7	0.44087015092372894	0.5674062073230743
ENST00000411539.6	-0.616688961784045	-0.5351246645053227
ENST00000411948.7	0.8243789374828339	0.47038014978170395
ENST00000412050.8	0.39441990852355957	0.5264409482479095
ENST00000412055.6	-0.15935717150568962	-0.07723123347386718
ENST00000412830.8	0.5096878657738368	0.5961412737766902
ENST00000412916.7	0.9023518934845924	0.7790480926632881
ENST00000413219.6	1.1581710994243621	0.9333090364933014
ENST00000413366.8	0.4772425641616186	0.5114723642667134
ENST00000413687.3	0.1082768626511097	-0.214490607380867
ENST00000413817.8	-0.08828518353402615	-0.3689480697115262
ENST00000414097.6	0.8250746428966522	0.46835578978061676
ENST00000414202.7	-0.6611109375953674	-0.6943104267120361
ENST00000414423.8	-0.05802289396524429	0.45300696790218353
ENST00000414487.7	1.6915082931518555	2.030257821083069
ENST00000414645.6	0.27141977846622467	0.3336833640933037
ENST00000414773.5	0.3520897924900055	0.7018882259726524
ENST00000414820.6	-0.2716342074175676	0.3608423670132955
ENST00000415673.6	-0.08155672065913677	0.1957719624042511
ENST00000415912.6	0.3738036056359609	0.6021840820709865
ENST00000416007.9	0.5723181515932083	0.39851950109004974
ENST00000416614.7	0.058633037842810154	0.3006611345335841
ENST00000416904.5	0.0890974048525095	-0.46563808619976044
ENST00000417257.6	-0.17892541037872434	-0.10080807155463845
ENST00000417314.2	0.39998236298561096	0.4206168130040169
ENST00000417368.7	0.46176086366176605	0.3715983281532923
ENST00000417550.6	-0.015382902696728706	-0.23772341758012772
ENST00000417564.3	-0.5210288812716802	-0.32071116069952643
ENST00000417647.7	0.9928982317447663	0.43838141560554506
ENST00000417775.5	0.8199364344278971	0.37869697312513984
ENST00000417856.5	0.19595170238365728	0.1671691257506609
ENST00000417901.5	-0.2940315902233124	-0.24514366686344147
ENST00000418115.6	1.5343849062919617	1.3751069009304047
ENST00000418331.7	-0.5336845219135284	-0.31167638301849365
ENST00000418476.2	0.1611541323363781	0.218965046107769
ENST00000418543.8	-0.1934685173134009	-0.0011305796603361766
ENST00000418929.7	-0.29770587384700775	-0.47194959223270416
ENST00000419091.6	0.480584924419721	0.27835722764333093
ENST00000419198.6	1.1616359055042267	0.4159897565841675
ENST00000419234.9	0.027539266273379326	0.06432806700468063
ENST00000419445.6	0.49617091814676917	0.5717555632193884
ENST00000419585.5	-0.6396190486848354	-0.36655744165182114
ENST00000419617.7	0.7693996131420135	0.4990973472595215
ENST00000420283.3	0.7980326414108276	0.6901949197053909
ENST00000420353.7	0.35851760705312097	0.5467108388741811
ENST00000420843.7	0.6799551198879877	0.7344081501166025
ENST00000420878.7	-0.13325223186984658	0.02690847171470523
ENST00000421351.4	1.3403601944446564	1.2708189189434052
ENST00000421367.7	0.6078006078799565	0.7630024254322052
ENST00000421852.6	0.5353889664014181	0.27795886620879173
ENST00000422318.7	-0.14339086599648	-0.3686956502497196
ENST00000422440.7	0.5839298566182454	0.49744339783986413
ENST00000422556.1	-0.6375936667124431	-0.6498945653438568
ENST00000422706.5	0.48556777089834213	0.6165826767683029
ENST00000423207.6	-0.2686734274029732	-0.3500375524163246
ENST00000423485.6	0.23233144730329514	0.32020917534828186
ENST00000423656.5	0.07285131141543388	0.0111970454454422
ENST00000424086.5	-0.4993661046028137	-0.6225953698158264
ENST00000424362.6	-0.720593015352885	-0.7179482082525889
ENST00000424542.7	-0.0881836973130703	-0.3639492690563202
ENST00000424576.6	0.4372161875168482	1.1393267313639321
ENST00000425042.7	0.18334548672040302	0.20542634775241217
ENST00000425241.5	0.23760275356471539	0.0057129324413836
ENST00000425248.5	0.3968978747725487	0.4069874510169029
ENST00000425441.5	0.9489879757165909	0.9594233483076096
ENST00000425534.8	0.3047257363796234	0.22460810095071793
ENST00000425673.6	-0.5013556554913521	-0.6698942631483078
ENST00000425675.7	0.8193569779396057	0.6822688579559326
ENST00000426126.6	0.32154298573732376	0.2857335638254881
ENST00000426154.5	0.688471719622612	0.27353014796972275
ENST00000426197.2	0.606276124715805	0.4275643527507782
ENST00000426263.9	0.5378772616386414	0.7932197451591492
ENST00000426395.7	0.22764710616320372	0.3134177369065583
ENST00000426398.2	0.8566096425056458	0.8087024688720703
ENST00000426455.5	-0.13861436396837234	0.005409175530076027
ENST00000426508.7	-0.0720850204428037	-0.07448284048587084
ENST00000426677.7	0.4485049992799759	0.15233629196882248
ENST00000426836.5	-0.19730440651377043	-0.3649101356665293
ENST00000426837.6	0.01559649718304475	-0.027506388102968536
ENST00000427159.7	-0.09374693781137466	-0.025923616252839565
ENST00000427358.3	0.6794196367263794	0.5061858892440796
ENST00000427575.6	0.31637142598629	0.5664036571979523
ENST00000427926.6	0.15167097095400095	0.12913810089230537
ENST00000427980.7	-0.8106589019298553	-0.8173883060614269
ENST00000428135.7	-0.14254559203982353	-0.2075419924221933
ENST00000428239.5	-0.11523652076721191	0.039489555172622204
ENST00000428304.6	0.4083676263689995	0.5376226752996445
ENST00000428559.7	0.6982068866491318	0.7509111911058426
ENST00000429204.5	-0.40233489125967026	-0.5093095153570175
ENST00000429433.3	-0.7426928877830505	-0.42244793474674225
ENST00000429586.6	0.433714896440506	0.5131486356258392
ENST00000429644.7	0.5860248804092407	0.6328117102384567
ENST00000429709.7	0.7514291852712631	1.0822975039482117
ENST00000429722.3	-0.14213138446211815	-0.308347150683403
ENST00000430046.7	0.3024294376373291	0.3008403927087784
ENST00000430223.7	0.3312424123287201	0.10283545777201653
ENST00000430297.7	-0.25853063724935055	-0.36256489902734756
ENST00000430715.6	1.1858464479446411	1.3809003829956055
ENST00000430889.3	0.8042828738689423	0.43025292456150055
ENST00000431350.7	-0.4466145932674408	-0.3862983286380768
ENST00000431388.3	0.5288448110222816	0.19167631678283215
ENST00000431606.4	0.11433970679839453	0.12453725499411425
ENST00000431802.5	-0.3404091466218233	-0.12490439461544156
ENST00000431843.7	-0.17776613868772984	-0.13812526781111956
ENST00000431932.6	-0.5379829108715057	-0.4207780286669731
ENST00000432641.3	1.0229654759168625	0.9964952766895294
ENST00000432901.4	1.3351348042488098	1.2610942721366882
ENST00000432992.6	-0.7099884450435638	-0.6705792546272278
ENST00000433078.5	0.5271292924880981	0.1777927652001381
ENST00000433197.4	0.18238454312086105	0.3801080882549286
ENST00000433985.7	1.2203710675239563	0.6683526635169983
ENST00000434127.2	0.41151433189709985	0.47082725167274475
ENST00000434178.6	-0.24120189249515533	-0.4487715164820353
ENST00000434316.7	-0.7872900267442068	-0.5656019101540248
ENST00000434325.7	0.44894845287005103	0.32909264477590716
ENST00000434342.5	-0.3399689495563507	-0.19726976472884417
ENST00000434457.6	-0.24322378635406494	-0.43329933285713196
ENST00000434507.5	-0.2765595428645611	0.03253967268392444
ENST00000434758.7	0.7459744215011597	0.6006223931908607
ENST00000434821.7	-0.3329482637345791	-0.20537615288048983
ENST00000435030.6	0.0740391674141089	-0.035791851580142975
ENST00000435041.3	0.5858971277872722	0.3652630920211474
ENST00000435064.6	0.1427797880023718	0.05378463212400675
ENST00000435224.3	-0.6125083342194557	-0.7000141143798828
ENST00000435364.7	-0.3219554126262665	0.06828077882528305
ENST00000435456.7	0.6161245107650757	0.2947957515716553
ENST00000435505.6	-0.5717935562133789	-0.477888748049736
ENST00000435532.7	0.21939754982789356	0.13420059842367968
ENST00000435706.6	-0.08958938717842102	-0.1863923743367195
ENST00000435765.5	0.7700197597344716	1.072250614563624
ENST00000435817.7	0.032721057534217834	-0.05250399326905608
ENST00000435881.6	0.5082341730594635	0.4804275731245677
ENST00000436063.7	0.46963692704836524	0.3542899092038473
ENST00000436390.5	0.19080906873568892	-0.015277954749763012
ENST00000436639.6	-0.37020530737936497	-0.3447304107248783
ENST00000436644.6	0.1630764906294644	0.16082138754427433
ENST00000436697.3	1.7420146465301514	1.7440451681613922
ENST00000437043.8	-0.3795209378004074	-0.10562274977564812
ENST00000437304.6	-0.09604174271225929	-0.016275841742753983
ENST00000437633.6	-0.22435332834720612	-0.3112611770629883
ENST00000437809.5	-0.6644352277119955	-0.7795725067456563
ENST00000438607.2	1.7262428402900696	2.0023157000541687
ENST00000438747.7	0.32497240602970123	0.34174802899360657
ENST00000439040.5	-0.4192255139350891	-0.4353337436914444
ENST00000439174.7	0.4935584142804146	0.05365323182195425
ENST00000439351.5	0.6527840743462245	0.7424662013848623
ENST00000439502.6	0.2555498331785202	0.3267364948987961
ENST00000440685.6	1.7005265355110168	1.5411796371142068
ENST00000440859.8	0.44338177889585495	0.53450658172369
ENST00000440940.7	0.18050119280815125	0.022068255580961704
ENST00000440944.6	-0.35863008350133896	-0.4502008010943731
ENST00000441174.8	0.1718975454568863	0.09296281635761261
ENST00000441222.8	-0.003588017076253891	0.031945422291755676
ENST00000441448.7	0.5714151710271835	1.0822871625423431
ENST00000441493.7	-0.7859739065170288	-0.6675286293029785
ENST00000441843.5	0.38736575096845627	0.21578017622232437
ENST00000442011.7	0.6712359488010406	0.9129517078399658
ENST00000442039.3	0.8147081285715103	0.6428819298744202
ENST00000442241.9	0.44995879381895065	0.5594567805528641
ENST00000442267.3	-0.6633016467094421	-0.8218072801828384
ENST00000442287.6	-0.18641914427280426	-0.33622847497463226
ENST00000442371.5	-0.027689367532730103	-0.26067865639925003
ENST00000442628.7	-0.4731816500425339	-0.522177666425705
ENST00000442697.7	0.8195662498474121	0.8629951477050781
ENST00000443585.6	1.6153808236122131	0.9677962213754654
ENST00000443597.7	0.3324352204799652	0.40243741124868393
ENST00000443698.5	-0.019639119505882263	0.09509686753153801
ENST00000443824.5	-0.07342533891399701	0.04406288079917431
ENST00000444035.6	-0.15696757845580578	-0.6123253554105759
ENST00000444129.7	0.2548360973596573	0.11676633730530739
ENST00000444321.2	0.04268799598018329	0.2743737523754438
ENST00000444469.4	0.6044545918703079	0.3703388273715973
ENST00000444614.8	0.19452227652072906	-0.07742204517126083
ENST00000444623.5	0.1618831716477871	0.3416100045045217
ENST00000444643.7	0.5535752773284912	0.7634074091911316
ENST00000444739.7	0.205226955935359	0.5884357653558254
ENST00000444836.5	0.011774016777053475	-0.23287380021065474
ENST00000444881.5	-0.08778521046042442	0.5383492112159729
ENST00000445061.6	-0.7884228825569153	-0.4435029774904251
ENST00000445902.3	0.3662966936826706	0.34117841720581055
ENST00000445922.2	0.1375865340232849	0.014775963500142097
ENST00000446108.5	-0.35532665252685547	-0.09952310472726822
ENST00000446113.7	-0.25948534458875655	-0.06975123174488544
ENST00000446465.3	-0.08617692440748215	-0.19530229270458221
ENST00000446526.8	0.636307880282402	0.4105789754539728
ENST00000446544.6	0.7269688546657562	0.7998320460319519
ENST00000447630.5	1.2927984495957694	1.0870764652887979
ENST00000447648.7	-0.7427427272001902	-0.664562538266182
ENST00000447654.5	1.1800604462623596	1.201425313949585
ENST00000447750.7	1.1020807276169458	1.2344663540522256
ENST00000447869.5	-0.2274705246090889	-0.22462103515863419
ENST00000447906.8	-0.5324242413043976	-0.5493738353252411
ENST00000447944.7	0.439307764172554	0.38779452443122864
ENST00000447966.7	-0.3766970137755076	-0.48911690215269726
ENST00000447998.6	0.35955265164375305	0.055791955441236496
ENST00000448223.7	-0.25194973684847355	0.0577362384647131
ENST00000448775.4	-0.21511012315750122	-0.07069260813295841
ENST00000449058.7	0.41018955409526825	0.38021401315927505
ENST00000449247.6	0.27028995379805565	0.8396733403205872
ENST00000449250.3	0.8365953862667084	0.5944335460662842
ENST00000449352.7	-0.5902385860681534	-0.6940214186906815
ENST00000449549.4	-0.5864598204692204	-0.787750631570816
ENST00000449592.7	0.5112223029136658	0.49722800155480706
ENST00000449692.3	0.6648115813732147	0.7107597887516022
ENST00000449825.5	0.011367112398147583	0.03777018437782923
ENST00000450053.8	-0.605427548289299	-0.7550252228975296
ENST00000450114.7	0.23478740826249123	0.25415516644716263
ENST00000450136.1	0.12617714330554008	-0.01654825871810317
ENST00000450142.7	0.2554982528090477	0.3812757357954979
ENST00000450168.2	0.18804628339906532	0.13015389007826647
ENST00000450251.5	-0.676639586687088	-0.69675412774086
ENST00000450295.5	-0.351703860796988	0.17249794118106365
ENST00000450403.3	-0.12572163417935373	0.10010977890342473
ENST00000450554.6	0.5932139158248901	0.48305532336235046
ENST00000450735.7	-0.03620177134871483	-0.19085251539945602
ENST00000451137.7	0.47580964366594947	0.699964423974355
ENST00000451249.6	0.5804384052753448	0.3681774288415909
ENST00000451321.6	0.05700988252647221	0.25208937376737595
ENST00000451682.5	0.44518236815929413	0.6877394616603851
ENST00000452015.9	0.4093969066937765	0.2638573969403903
ENST00000452027.3	-0.16872619092464447	0.4222605526447296
ENST00000452510.7	0.5662657916545868	0.507767528295517
ENST00000452699.5	-0.799399733543396	-0.8777570575475693
ENST00000452733.7	0.4349302053451538	0.5358523428440094
ENST00000452853.6	1.6083150207996368	1.7069291472434998
ENST00000453089.2	-0.4777380923430125	-0.3867065658171972
ENST00000453153.7	-0.8253696858882904	-0.36029401421546936
ENST00000453318.6	-0.43670855462551117	-0.6151636242866516
ENST00000453386.7	0.8177765905857086	1.1553413271903992
ENST00000453495.2	-0.7482800483703613	-0.5328045785427094
ENST00000453996.7	-0.13079260538021723	0.05795979748169581
ENST00000454073.7	-0.0409395731985569	-0.15284539759159088
ENST00000454158.7	0.5802265405654907	0.5185360908508301
ENST00000454366.2	-0.10183637356385589	0.1921943980269134
ENST00000454402.7	0.7409024983644485	1.007425218820572
ENST00000455077.5	-0.12373534590005875	0.20494455844163895
ENST00000455140.7	0.03891468979418278	0.1929699368774891
ENST00000455146.8	0.11694440245628357	0.220943883061409
ENST00000455537.7	0.5804984470208485	0.3642708907524745
ENST00000455566.6	-0.5003773967425028	-0.13219747443993884
ENST00000455600.1	-0.7809524983167648	-0.8275142312049866
ENST00000455809.5	0.6710209250450134	0.31243129074573517
ENST00000455833.7	0.5019661883513132	0.2529107977946599
ENST00000455895.6	0.11648190890749296	0.28460671131809556
ENST00000456430.6	-0.15099029894918203	0.24809002131223679
ENST00000456692.6	0.011166342534124851	0.08802133798599243
ENST00000456829.7	0.3554031277696292	0.47689177095890045
ENST00000456909.6	-0.31104159603516257	-0.42571266988913214
ENST00000457054.6	0.6842184960842133	0.6273089647293091
ENST00000457167.9	0.9229018986225128	0.7602249383926392
ENST00000457308.6	-0.2823549807071686	-0.12022865439454714
ENST00000457542.7	-0.3031793609261513	-0.5403533950448036
ENST00000457714.5	0.10364952373007934	-0.04546104557812214
ENST00000458013.7	0.3363026976585388	0.11625602841377258
ENST00000458198.3	0.8186380167802174	1.1090118686358135
ENST00000458385.7	-0.14934266346972436	-0.26375926844775677
ENST00000458591.7	0.15841670334339142	0.49141825735569
ENST00000458705.6	-0.5089790001511574	-0.435439758002758
ENST00000460006.6	0.6005651503801346	0.8687526434659958
ENST00000460012.6	-0.27803442999720573	-0.7364927902817726
ENST00000460469.1	0.2681936174631119	0.2678983360528946
ENST00000460843.6	-0.16076821088790894	-0.5568941533565521
ENST00000460911.5	0.0690293200314045	-0.004360224585980177
ENST00000461988.6	0.5315999090671539	0.6227279305458069
ENST00000462138.6	0.8782248298327129	0.6874904334545135
ENST00000463745.6	0.8783710300922394	0.8331468939781189
ENST00000464606.5	0.012024802155792713	0.014459514175541699
ENST00000464845.6	1.1341547966003418	0.89607734978199
ENST00000465139.6	1.2872437834739685	1.523537129163742
ENST00000465784.7	-0.2495770479242007	-0.17392178624868393
ENST00000465804.5	0.36556893959641457	0.7194083034992218
ENST00000466444.7	0.5384919891754787	0.7874363561471303
ENST00000466490.7	0.04639215301722288	0.2336164079606533
ENST00000466830.6	1.572597861289978	1.1382958889007568
ENST00000467148.1	-0.33169959982236225	-0.27774910628795624
ENST00000468148.6	0.6091979406774044	0.42400839179754257
ENST00000468812.6	1.6803107112646103	1.5467208921909332
ENST00000469044.6	0.3691439628601074	0.5408329367637634
ENST00000469257.2	1.6628425319989524	1.5767718156178794
ENST00000469408.6	0.6705681184927623	0.5218771050373713
ENST00000470487.6	-0.158727765083313	0.140232783742249
ENST00000471115.6	1.3089632987976074	0.8934151530265808
ENST00000471841.6	0.10022410051897168	0.3096949951723218
ENST00000472644.6	0.4567440837621689	0.7646747350692749
ENST00000473183.7	0.1036782767623663	0.005974277853965759
ENST00000473414.6	0.8517623841762543	0.7325145453214645
ENST00000473835.7	0.27548719570040703	0.22534599155187607
ENST00000473942.5	0.8699488788843155	0.7407067120075226
ENST00000474629.7	-0.12640007119625807	0.14998187124729156
ENST00000474879.7	-0.06511642411351204	-0.22908606038739282
ENST00000475153.6	0.11937959026545286	0.035977658815681934
ENST00000475243.6	0.9096747040748596	1.1223494172096253
ENST00000476832.2	0.21546249091625214	0.35556088387966156
ENST00000476907.6	0.0030919074391325316	-0.2151088540752729
ENST00000476993.2	0.18102395720779896	0.4374782517552376
ENST00000477313.5	-0.1947957674662272	-0.1131661037604014
ENST00000477703.6	1.714011788368225	1.635333776473999
ENST00000478244.6	0.6326390008131664	0.9966859718163807
ENST00000479054.5	-0.05908680707216263	-0.5914692580699921
ENST00000479665.6	0.1411713045090437	-0.14565181825309992
ENST00000479870.6	0.14830896258354187	0.24776209518313408
ENST00000480456.6	0.6644190311431885	0.8981002867221832
ENST00000480687.5	0.2590198293328285	0.5202520042657852
ENST00000481195.6	1.0868633389472961	1.2143806517124176
ENST00000481490.3	0.28119687239329016	0.24941494998832542
ENST00000481739.2	-0.09430028311908245	0.0890456298366189
ENST00000481752.6	0.8361293375492096	0.47804542630910873
ENST00000481909.2	0.2816729322075844	0.14908111188560724
ENST00000483063.2	0.5071921348571777	0.4129106402397156
ENST00000483209.5	0.12539698462933302	0.09137153066694736
ENST00000484302.3	0.5715686529874802	0.4536881372332573
ENST00000484457.6	0.2594909518957138	0.19295582920312881
ENST00000485303.6	-0.16023446712642908	-0.017949074506759644
ENST00000486442.6	-0.2398744072765112	-0.30074840504676104
ENST00000486685.3	-0.3042201101779938	-0.17736805975437164
ENST00000486715.6	0.7976169884204865	0.773103803396225
ENST00000487273.7	0.25248938892036676	0.11514410912059247
ENST00000487519.6	0.7504292279481888	0.8883476704359055
ENST00000488423.2	1.3700806001822154	1.054997980594635
ENST00000488633.2	0.5936860740184784	0.5158582627773285
ENST00000489418.6	0.5021779462695122	0.5682451575994492
ENST00000490103.5	0.36785735934972763	0.28841766715049744
ENST00000490107.6	0.32493846118450165	0.16703884303569794
ENST00000491415.7	0.4981626868247986	0.2146814987063408
ENST00000492590.6	1.0525312225023904	0.9584016899267832
ENST00000493196.2	0.3623673915863037	0.439503014087677
ENST00000493763.7	0.2428656319777171	0.568123976389567
ENST00000494292.6	-0.3614339642226696	-0.24516405537724495
ENST00000494664.6	0.22951863706111908	0.49027152359485626
ENST00000495186.6	0.5957293212413788	0.5939958393573761
ENST00000495880.2	-0.3514016792178154	-0.5752430334687233
ENST00000496259.5	-0.34949695505201817	-0.5473480299115181
ENST00000496455.7	0.6155400723218918	0.6656613200902939
ENST00000496811.6	0.17516768351197243	0.27035433053970337
ENST00000497454.6	-0.23671984374523164	-0.5715574264526366
ENST00000497547.2	0.27749668434262276	0.39603524655103683
ENST00000498508.6	0.2778363935649395	0.2522210367023945
ENST00000498729.8	-0.854871541261673	-0.6255407631397247
ENST00000498926.7	0.24903137981891632	0.6050214767456055
ENST00000499023.7	0.39201005548238754	0.5642202794551849
ENST00000499666.7	0.8819670975208282	0.911878690123558
ENST00000502346.2	0.5149503946304321	0.7397268116474152
ENST00000502399.7	-0.6770459115505219	-0.6029810160398483
ENST00000502412.1	-0.5291487872600555	-0.5339851081371307
ENST00000502773.6	0.2923503667116165	0.569771409034729
ENST00000502935.6	0.6431892514228821	0.44611017405986786
ENST00000502976.5	1.5374435484409332	1.1459264159202576
ENST00000503176.6	0.4362881910055876	0.3827668074518442
ENST00000503362.2	1.2344853281974792	1.3507959643999734
ENST00000503771.2	0.5517784506082535	0.598870113492012
ENST00000503780.6	0.22568364953622222	0.09926746878772974
ENST00000503787.6	0.8841883838176727	0.7468967437744141
ENST00000504148.3	1.664076805114746	1.3872852325439453
ENST00000504156.7	0.40571656823158264	0.7916004955768585
ENST00000504169.2	0.25047390162944794	0.7440043091773987
ENST00000504273.5	-0.5561988353729248	-0.4133831709623337
ENST00000504771.3	0.9762284755706787	0.9865869283676147
ENST00000504830.6	-0.28897659480571747	-0.015563011169433594
ENST00000505065.1	1.0599725842475891	0.6866698861122131
ENST00000505658.6	0.664306640625	0.7721986472606659
ENST00000506030.5	-0.6598502993583679	-0.3217410445213318
ENST00000506197.2	1.4138991832733154	1.6481406390666962
ENST00000506351.6	0.033257425762712955	0.5876618921756744
ENST00000506447.5	-0.35526086390018463	-0.34998367726802826
ENST00000507489.2	-0.5513805747032166	-0.18425126373767853
ENST00000508632.6	0.47210489213466644	0.8605177998542786
ENST00000509430.5	-0.23699352641900379	-0.2298732896645864
ENST00000509578.1	1.5721933841705322	1.905850112438202
ENST00000510118.5	0.40933949251969654	0.438179612159729
ENST00000510708.6	-0.30201274156570435	0.08632032200694084
ENST00000511217.1	-0.12705658376216888	-0.30003129318356514
ENST00000511320.6	-0.0441223094239831	-0.21478556655347347
ENST00000511455.7	-0.7869417667388916	-0.7268462181091309
ENST00000511577.5	-0.3503879631559054	-0.22029426756004494
ENST00000511817.1	0.6294639110565186	0.47268420457839966
ENST00000511912.6	0.11687912279739976	0.29660267010331154
ENST00000512576.2	0.6553475260734558	0.7882371842861176
ENST00000512805.6	0.889850378036499	1.061999797821045
ENST00000512944.6	0.20456506311893463	0.17167818546295166
ENST00000513000.5	-0.4005902012189229	-0.45047970612843835
ENST00000513710.3	0.11290435120463371	0.29342423379421234
ENST00000513973.6	0.5429756939411163	0.8006480932235718
ENST00000515279.6	-0.1478339210152626	-0.10725782066583633
ENST00000517309.6	0.09807726368308067	0.0906490907073021
ENST00000517490.6	0.7246637940406799	0.8716210424900055
ENST00000517562.3	0.4178575798869133	0.4050160199403763
ENST00000517970.6	-0.5769887765248617	-0.47858133415381116
ENST00000518421.5	0.10454271594062448	0.14862983580678701
ENST00000518547.5	0.41504449397325516	0.13455074653029442
ENST00000518738.2	1.121810406446457	1.1767579317092896
ENST00000518868.5	-0.5894578322768211	-0.6094548851251602
ENST00000519065.6	1.0020708292722702	1.0326580256223679
ENST00000519253.5	-0.2714589238166809	-0.3807605355978012
ENST00000519560.6	-0.8174278140068054	-0.4801337718963623
ENST00000519638.3	1.2248599529266357	1.0758598546187081
ENST00000519676.6	0.4199391007423401	0.3008832633495331
ENST00000519728.6	0.5210483074188232	0.43557295203208923
ENST00000519811.5	-0.12601834163069725	-0.3344525098800659
ENST00000519948.4	1.1514110018809638	1.0230463643868766
ENST00000519973.6	0.23246542178094387	0.02513754740357399
ENST00000520262.6	0.3170241660748919	0.37322643895943963
ENST00000521262.5	0.6288767158985138	1.035577118396759
ENST00000521288.2	0.542166069149971	0.5423270985484123
ENST00000521400.6	0.11591580137610435	0.4341481626033783
ENST00000521604.7	0.47121182829141617	0.7260333895683289
ENST00000521861.6	0.7257557213306427	1.0354177951812744
ENST00000522362.7	0.19530562683939934	0.5182556882500648
ENST00000523377.2	1.5647950967152915	1.3011040687561035
ENST00000523731.6	-0.0705746995906035	0.05217845054964225
ENST00000524142.5	1.6673760811487832	1.5624494552612305
ENST00000524189.6	-0.09972642827779055	-0.1411967800397958
ENST00000524413.5	-0.10941340867429972	-0.14234046265482903
ENST00000524782.6	0.4363915026187897	0.7790007591247559
ENST00000525077.2	-0.2641465310007334	-0.11142028992374738
ENST00000525451.6	1.429914911588033	1.6468789974848428
ENST00000525621.6	-0.747328907251358	-0.7638290822505951
ENST00000525634.6	1.0980491042137146	1.4759531915187836
ENST00000525815.6	-0.030786458402872086	0.019026602647500113
ENST00000526415.5	1.700367510318756	1.2768672108650208
ENST00000526589.5	0.43172118067741394	0.17988771945238113
ENST00000526995.6	0.3159559518098831	0.3904693126678467
ENST00000527372.6	-0.8073233067989349	-0.5088848769664764
ENST00000527786.7	0.4316929467022419	0.5749987401068211
ENST00000527958.6	1.243066151936849	0.9052438934644064
ENST00000528157.7	1.0932632088661194	1.1933981776237488
ENST00000528416.6	0.738984003663063	0.534564658999443
ENST00000528718.6	-0.38451945781707764	-0.00878453596184651
ENST00000528896.7	-0.7292156368494034	-0.9196406751871109
ENST00000529221.5	0.05620402563363314	-0.17959171161055565
ENST00000529230.6	0.09492602292448282	0.13685088697820902
ENST00000529308.6	-0.4673348218202591	-0.2565019950270653
ENST00000530374.5	-0.5196461379528046	-0.16585887223482132
ENST00000530705.6	1.6808220148086548	1.965958595275879
ENST00000530758.2	1.4618074893951416	1.189278781414032
ENST00000530797.5	1.02046138048172	1.430543839931488
ENST00000530878.5	0.3962257653474808	0.1340222731232643
ENST00000531072.1	0.242007735495766	-0.012064912666877111
ENST00000531120.6	0.8787203431129456	1.1082743406295776
ENST00000531165.5	0.43340532978375756	0.416140948732694
ENST00000531323.1	0.7885135412216187	0.972266361117363
ENST00000531380.2	-0.2542685456573963	0.29820699244737625
ENST00000532097.6	0.43946508318185806	0.7559142783284187
ENST00000532297.5	0.181093106046319	0.2543644867837429
ENST00000532437.1	-0.37661512196063995	-0.0722283935174346
ENST00000532636.5	1.1893903613090515	1.1232935786247253
ENST00000533166.5	1.6476050019264221	1.8513033986091614
ENST00000533601.7	0.04707915584246318	-0.19324537614981335
ENST00000533608.7	0.13897813111543655	-0.1289527267217636
ENST00000534064.6	-0.0038743168115615845	0.24777495488524437
ENST00000534127.5	-0.9013983756303787	-0.7244696617126465
ENST00000534548.7	-0.21229241788387299	-0.016601681476458907
ENST00000534947.5	0.4891723059117794	0.7460839301347733
ENST00000534961.5	0.13851679861545563	0.3200006832679113
ENST00000535286.5	0.021464265882968903	0.0941243308285872
ENST00000535373.5	0.0061431704089045525	0.2063133716583252
ENST00000535401.5	0.21269433448712033	0.28393236796061194
ENST00000535456.7	0.3653620183467865	0.15303437784314156
ENST00000535601.5	0.7196588069200516	0.27273913472890854
ENST00000536438.5	0.7692786852518717	0.8409559031327566
ENST00000536441.7	0.11473079212009907	-0.10358873358927667
ENST00000536716.1	0.5701721906661987	0.4954366236925125
ENST00000536831.5	-0.09145734086632729	0.06324085872620344
ENST00000537025.6	0.6461249738931656	0.07620806246995926
ENST00000537098.7	-0.42867060005664825	-0.7351906597614288
ENST00000537505.6	-0.1214313879609108	-0.005247399210929871
ENST00000537866.5	-0.5214487016201019	-0.6923010945320129
ENST00000537981.5	1.3465794920921326	1.4040035605430603
ENST00000538039.6	0.6240859627723694	0.5644188523292542
ENST00000538234.5	0.136616055543224	-0.11296629967788854
ENST00000538274.5	0.26595960557460785	0.32531504333019257
ENST00000538320.5	1.174043819308281	0.7022026851773262
ENST00000538426.5	1.3287821412086487	0.913304790854454
ENST00000538771.5	0.7584730486075084	0.47168592115243274
ENST00000539247.5	0.2230316624045372	0.2693327069282532
ENST00000539276.7	-0.0839850374807914	-0.12217282752195995
ENST00000539517.7	0.7849883139133453	0.6861376166343689
ENST00000539589.5	0.03263483801856637	0.10694473888725042
ENST00000539719.6	0.27231407947838304	0.08354895710945129
ENST00000539966.5	0.24112918972969055	0.5906330943107605
ENST00000540200.6	-0.2569759748876095	-0.17353849485516548
ENST00000540288.5	-0.8071038722991943	-0.9555898308753967
ENST00000540393.6	-0.1392631083726883	-0.0053134094923734665
ENST00000541323.1	0.38107310235500336	0.595004141330719
ENST00000541412.5	1.623929888010025	1.3104277849197388
ENST00000541640.5	0.6678153773148854	0.5406689693530401
ENST00000541738.5	0.26616438354055083	0.06297031169136365
ENST00000541961.5	-0.1649128422141075	0.41057273745536804
ENST00000542575.6	0.140456885099411	0.2483003983894984
ENST00000542893.2	0.5713750571012497	0.91690294444561
ENST00000542965.2	-0.5075279772281647	-0.876716822385788
ENST00000543095.7	-0.06461509503424168	-0.20157431811094284
ENST00000543262.5	0.6732243597507477	0.5584175487359364
ENST00000543473.2	0.858357772231102	0.5719082057476044
ENST00000543571.6	-0.4283755287528038	-0.3058226656168699
ENST00000543774.6	0.4108123580614726	0.4292280226945877
ENST00000543796.6	1.601810872554779	1.122700572013855
ENST00000544301.7	0.5441837534308434	0.6450934261083603
ENST00000544612.6	0.5428957889477413	0.06837227568030357
ENST00000544844.6	1.654936671257019	1.1217949092388153
ENST00000544855.5	1.623436172803243	1.6723562677701314
ENST00000545127.1	0.773542582988739	0.7490007877349854
ENST00000545128.5	-0.36154937744140625	0.04381598066538572
ENST00000545145.6	0.19440695643424988	0.2925705909729004
ENST00000545336.5	-0.2798736244440079	-0.08178220223635435
ENST00000545712.7	0.48921454697847366	0.5694374442100525
ENST00000545797.7	0.09676317777484655	0.09855221677571535
ENST00000545947.5	-0.07477950863540173	0.4559265120575825
ENST00000546361.7	-0.19300776720046997	0.21273109316825867
ENST00000546463.6	1.1038755178451538	0.7304801046848297
ENST00000547530.7	-0.35398322343826294	-0.6267715990543365
ENST00000548065.7	0.9253932038942974	0.5135242342948914
ENST00000548553.1	0.3872194240490595	0.5232997636000315
ENST00000549578.6	1.4658976793289185	0.9167803525924683
ENST00000550765.6	1.055836945772171	0.9629576007525127
ENST00000551018.5	1.4395726323127747	1.32208651304245
ENST00000551150.5	0.40207544434815645	0.37715306505560875
ENST00000551295.7	0.2955565117299557	0.3208925873041153
ENST00000551590.5	-0.3742038756608963	-0.2761535234749317
ENST00000552283.6	0.6242908438046774	0.6492491165796915
ENST00000552360.4	0.8696866532166798	0.6742216994365056
ENST00000552551.5	0.5431559383869171	0.9482854604721069
ENST00000552695.6	0.2664756062440574	0.03090317896567285
ENST00000552810.6	-0.20270846039056778	-0.14948466420173645
ENST00000552864.5	1.0643105566501618	0.9319023072719574
ENST00000553066.5	0.9257885962724686	0.735401839017868
ENST00000553458.6	0.9498374462127686	0.9620094299316406
ENST00000553612.6	0.862731546163559	0.6966926455497742
ENST00000553645.7	1.4902434945106506	1.595332682132721
ENST00000553804.6	-0.10141975153237581	0.19093943759799004
ENST00000554335.6	0.11733378469944	0.09382545575499535
ENST00000554659.6	-0.10192500874400139	-0.12565168365836143
ENST00000554880.5	1.7268867890040078	1.9379671017328899
ENST00000554943.5	-0.4574345052242279	-0.008878199383616447
ENST00000555265.6	-0.4842681884765625	-0.5036541074514389
ENST00000555661.5	0.611901193857193	0.7537476122379303
ENST00000556147.5	0.19081026315689087	0.18868675827980042
ENST00000556564.6	-0.6201264659563701	-0.7613276839256287
ENST00000556994.5	0.907418854534626	0.8665668442845345
ENST00000557016.6	1.7346151471138	1.4486891627311707
ENST00000557943.6	0.6786401569843292	1.418820321559906
ENST00000558017.5	0.49936366081237793	0.302840918302536
ENST00000558311.5	0.38009799644351006	0.41244319826364517
ENST00000559488.7	0.17931966048975786	0.4316703031460444
ENST00000559717.6	-0.004339381121098995	0.1331819947808981
ENST00000559844.6	0.436289444565773	0.6321863830089569
ENST00000560079.7	-0.202248252928257	-0.23630046596129733
ENST00000560869.6	-0.7567649185657501	-0.4912166893482208
ENST00000560955.5	-0.6678299009799957	-0.8098827004432678
ENST00000561678.6	-0.34397926429907477	-0.49763456483682
ENST00000562188.6	0.08266718834638595	-0.05364139471203089
ENST00000562336.5	0.8849918643633525	1.4347458481788635
ENST00000563281.2	-0.5825240264336268	-0.5741668244202931
ENST00000563290.6	-0.47798567414283755	-0.4776120066642761
ENST00000563588.6	0.46899624168872833	0.326611191034317
ENST00000563694.6	-0.3221621960401535	-0.35230445861816406
ENST00000564079.6	0.16770824417471886	0.1660058842971921
ENST00000564088.5	0.5130091607570648	0.6718354821205139
ENST00000564104.5	1.205898622671763	0.7158590455849965
ENST00000565263.6	0.24250354121128717	-0.15695865203936893
ENST00000565488.6	0.8647834459940593	0.7153914372126262
ENST00000566044.5	-0.3474879991263151	-0.17319157347083092
ENST00000566157.6	0.41482608765363693	0.5565319657325745
ENST00000566228.6	0.21129250153899193	0.06333232793258503
ENST00000566423.5	1.5021186918020248	1.1318093165755272
ENST00000566454.5	0.11997634172439575	0.601660003264745
ENST00000566780.6	0.3735320568084717	0.336427241563797
ENST00000568000.6	0.25081387162208557	0.20702004432678223
ENST00000568223.7	-0.25966140379508335	-0.09900000784546137
ENST00000568546.6	0.2355731998880704	0.2262805551290512
ENST00000568606.5	-0.16861645753184956	-0.18255683158834773
ENST00000568956.1	-0.5044760331511497	-0.16297568567097187
ENST00000569437.5	-0.2624301314353943	-0.3162836283445358
ENST00000569529.6	0.25066450983285904	0.320557102560997
ENST00000569691.2	0.3699536398053169	0.36466769129037857
ENST00000570101.5	0.11527680046856403	0.2818302549421787
ENST00000570137.7	0.27370311319828033	0.4323558807373047
ENST00000570628.6	-0.16499557346105576	0.1392696015536785
ENST00000570896.5	-0.2536157835274935	-0.3843562602996826
ENST00000571133.6	0.35250212252140045	0.8366650342941284
ENST00000571995.6	-0.23350899945944548	-0.462165966629982
ENST00000572195.3	0.5429322868585587	0.378192737698555
ENST00000572681.6	-0.1869324306026101	-0.34648662246763706
ENST00000573034.7	0.19330391474068165	0.06625452544540167
ENST00000575771.5	1.2345735728740692	0.8093227967619896
ENST00000577222.5	1.7081578969955444	1.907790869474411
ENST00000577745.2	1.0445508360862732	0.5010407567024231
ENST00000577830.6	-0.55339714884758	-0.38014882802963257
ENST00000578049.4	1.040196716785431	1.003371961414814
ENST00000578681.5	0.25926644603411353	0.049464632757008076
ENST00000578921.6	0.33288125693798065	-0.01096166018396616
ENST00000579534.5	0.2785532623529434	-0.12322725355625153
ENST00000579991.3	1.6907797455787659	1.7343101104100547
ENST00000580018.4	0.9316234787305196	0.9865070382754009
ENST00000581216.6	0.32499922811985016	0.279277540743351
ENST00000581312.6	-0.5430569648742676	-0.7081937789916992
ENST00000581407.5	-0.14519749581813812	-0.1895657628774643
ENST00000582401.6	0.7019861519336701	0.47707135081291197
ENST00000583509.7	0.2957897484302521	0.2646193355321884
ENST00000583931.6	1.0045583546161652	1.3752211034297943
ENST00000584164.6	1.2651940385500589	1.162729909022649
ENST00000584307.5	0.2969719171524048	0.0510651171207428
ENST00000584667.6	1.0119836330413818	0.4841580092906952
ENST00000585313.5	0.6988237202167511	0.7228148579597473
ENST00000585482.6	0.2899765521287918	0.1639176532626152
ENST00000585603.6	0.6501572489738465	0.5857846826314926
ENST00000585933.2	0.9772212008635204	0.5385949214299519
ENST00000586178.6	-0.1929328888654709	-0.4203781634569168
ENST00000586600.5	-0.12805566936731339	0.12165707722306252
ENST00000586602.5	-0.20275063067674637	-0.48428022861480713
ENST00000586802.5	-0.7722004950046539	-0.5777417421340942
ENST00000587091.6	0.7517284750938416	0.5043751001358032
ENST00000587250.4	-0.18462522327899933	0.067842997610569
ENST00000587424.2	0.6431054174900055	0.8750528991222382
ENST00000587834.6	0.5653735473752022	1.1272528171539307
ENST00000588030.5	0.3837754428386688	1.2401407361030579
ENST00000588649.7	-0.3840191264947256	-0.3829258531332016
ENST00000588815.5	0.9440975487232208	1.1166908343633017
ENST00000589666.6	0.1339859627187252	0.13782404828816652
ENST00000590151.5	0.5772148668766022	0.5433834493160248
ENST00000590247.7	0.7809382379055023	1.0312558487057686
ENST00000591022.6	-0.14641370344907045	-0.271194014698267
ENST00000591090.5	0.6083173155784607	0.666996531188488
ENST00000591247.6	0.5776809304952621	0.45260094851255417
ENST00000591885.5	-0.5655896365642548	-0.41223354637622833
ENST00000592062.5	-0.7768170535564423	-0.5160739794373512
ENST00000592141.6	0.7668249408404033	1.4151180783907573
ENST00000592502.2	-0.25874990224838257	-0.2982235513627529
ENST00000592524.6	0.40991855412721634	0.10420706029981375
ENST00000592540.5	0.8034141585230827	0.7087844163179398
ENST00000593690.5	0.10892384499311447	-0.12446174770593643
ENST00000593829.6	1.1582671701908112	1.569360613822937
ENST00000594824.5	-0.8983737130959829	-0.8976181745529175
ENST00000595090.6	0.7539106657107671	1.0645260661840439
ENST00000595358.5	0.24341053515672684	0.08079122612252831
ENST00000596148.3	0.9468632439772289	0.5605803728103638
ENST00000596358.6	0.5949878394603729	0.4201386421918869
ENST00000597198.5	0.10404208675026894	-0.01245655445381999
ENST00000597436.5	0.432544469833374	0.5084311664104462
ENST00000598441.6	0.5686407585938771	0.7272761861483257
ENST00000598742.6	1.1100115180015564	1.8430436849594116
ENST00000599117.5	0.3275342024862766	0.40015769749879837
ENST00000599218.6	-0.19678570330142975	-0.03204016014933586
ENST00000599612.3	0.5795930922031403	0.5118440389633179
ENST00000600228.6	-0.6034963726997375	-0.4075222462415695
ENST00000600659.3	1.628382384777069	1.4034836888313293
ENST00000600737.5	-0.6653230786323547	-0.7022645771503448
ENST00000602063.5	-0.4866444855928421	-0.40697537958621977
ENST00000602402.6	0.8308807114760082	1.0048087537288666
ENST00000602465.5	0.05463637504726648	0.0065163555555045605
ENST00000602845.2	0.9027644693851471	0.9541420936584473
ENST00000604000.4	0.7412526905536652	0.7413196464379628
ENST00000605895.6	0.9833351671695709	1.2047773599624634
ENST00000606117.2	-0.03763555036857724	-0.02338402345776558
ENST00000607016.2	0.6051643788814545	0.18867100775241852
ENST00000607197.6	0.355644628405571	0.6866107185681661
ENST00000607357.2	1.6539371311664581	0.968243271112442
ENST00000607778.2	1.6507685780525208	1.210521012544632
ENST00000608424.6	-0.14733682200312614	-0.187755536288023
ENST00000608872.6	-0.2500323951244354	-0.5658363699913025
ENST00000609923.6	0.1562243876978755	-0.258158206474036
ENST00000610322.5	-0.13089810870587826	-0.21286133443936706
ENST00000610343.4	-0.2603461444377899	-0.22308684140443802
ENST00000610426.5	0.8708913624286652	1.5034696757793427
ENST00000610704.5	0.12876228243112564	0.139505073428154
ENST00000610854.2	1.0059335629145305	0.8877857724825542
ENST00000610935.2	-0.1370645019536217	-0.27891139065225923
ENST00000610970.1	0.8362555503845215	0.8321928083896637
ENST00000611050.4	0.9595315754413605	1.2081977725028992
ENST00000611055.4	0.6725766162077587	0.6260970532894135
ENST00000611208.4	0.5827527567744255	0.642603412270546
ENST00000611255.5	0.9028264433145523	0.6069394201040268
ENST00000611551.1	0.8243583589792252	0.9542584866285324
ENST00000611621.2	-0.2428441358109315	-0.322599766155084
ENST00000611665.4	0.930770143866539	0.7802341431379318
ENST00000611712.4	-0.24247441813349724	-0.05574087146669626
ENST00000612501.2	-0.1299663633108139	0.021570255979895592
ENST00000612750.5	0.5773731470108032	0.9313458502292633
ENST00000612899.5	-0.25227440893650055	-0.36323942244052887
ENST00000613071.1	-0.05956281861290336	-0.18439507856965065
ENST00000613322.4	0.5128903388977051	0.6455451250076294
ENST00000613394.4	-0.9954966604709625	-0.7794438004493713
ENST00000613416.4	-0.6009477078914642	-0.5924039781093597
ENST00000613466.4	0.5230269730091095	0.2128736972808838
ENST00000613503.5	0.46795229613780975	0.5152122676372528
ENST00000613569.4	-0.5221602320671082	0.2586110383272171
ENST00000613694.5	0.7057690471410751	0.6665518283843994
ENST00000614032.5	0.7474583610892296	0.5682003684341908
ENST00000614058.4	0.411941389242808	0.4647464255491892
ENST00000614167.2	0.31578192114830017	0.5283234044909477
ENST00000614302.5	0.04849259369075298	-0.22581083327531815
ENST00000614342.1	-0.03821771405637264	-0.017208680510520935
ENST00000614499.4	-0.6828302939732869	-0.5472552279631296
ENST00000614556.5	0.9114181995391846	1.082805573940277
ENST00000614565.5	0.18268996973832446	0.04858125591029723
ENST00000614616.4	-0.3936280161142349	-0.33084748685359955
ENST00000614654.2	-0.6385639756917953	-0.7465138584375381
ENST00000614766.5	0.03306907135993242	-0.04526675771921873
ENST00000614790.5	0.3752440735697746	0.5467091351747513
ENST00000614830.5	0.9718547662099202	1.1326778133710227
ENST00000614891.5	1.1406627893447876	0.8691920787096024
ENST00000615189.5	0.6918087800343831	0.5635028878847758
ENST00000615277.5	-0.4061582684516907	-0.68553027510643
ENST00000615550.5	0.019939026795327663	0.37821143865585327
ENST00000615612.2	0.21748052164912224	-0.299300704151392
ENST00000615670.5	-0.8610701858997345	-0.8573996722698212
ENST00000615891.2	0.6272563934326172	0.6340189278125763
ENST00000615982.4	-0.20675524324178696	-0.016424616798758507
ENST00000616140.2	-0.08615363528952003	0.08273191936314106
ENST00000616265.4	0.9126889904340109	1.3448656797409058
ENST00000616305.2	0.0127860593299071	-0.21743300929665565
ENST00000616600.5	0.030406221747398376	0.4652889668941498
ENST00000616640.1	0.2898804359138012	0.4137168601155281
ENST00000617275.5	-0.4432700127363205	-0.737682044506073
ENST00000617316.2	-0.005282219499349594	-0.19069398939609528
ENST00000617388.4	0.23928709824879962	0.2741837029655775
ENST00000617875.6	-0.6471364100774128	-0.7821433941523234
ENST00000617928.5	0.26738306879997253	0.38332727551460266
ENST00000617979.5	0.5293576021989186	0.7038183808326721
ENST00000618014.1	0.6817461550235748	0.8854217827320099
ENST00000618098.4	-0.5928598716855049	-0.517985250800848
ENST00000618156.5	1.2405328750610352	1.0475594401359558
ENST00000618172.4	0.720487117767334	0.5178753038247427
ENST00000618548.4	-0.03295226115733385	0.06411883980035782
ENST00000618550.5	-0.11391959339380264	-0.5761943757534027
ENST00000618562.2	-0.4137634187936783	-0.09344614669680595
ENST00000618852.5	0.45707728900015354	0.39630325324833393
ENST00000618853.5	-0.2738969540223479	-0.24286522157490253
ENST00000619039.4	-0.1362285241484642	-0.45901206880807877
ENST00000619168.4	0.5742793381214142	0.6948176920413971
ENST00000619189.5	-0.10070890560746193	-0.13561525320013365
ENST00000619269.4	-0.5106578965981802	-0.5298971980810165
ENST00000619301.4	0.8372449576854706	0.38923231065273284
ENST00000619850.2	0.2934829406440258	-0.17895525321364403
ENST00000619929.5	-0.4765530526638031	-0.5400310456752777
ENST00000620048.6	-0.28756523318588734	-0.4279364477843046
ENST00000620134.4	0.24406611422697705	-0.006860413899024327
ENST00000620157.4	0.6114514768123627	0.5104817152023315
ENST00000620771.4	0.9805367489655812	0.6136320481697719
ENST00000621003.4	-0.27969367802143097	0.0068321991711854935
ENST00000621116.4	-0.4461248442530632	-0.6532032489776611
ENST00000621158.5	0.20023512188345194	0.10134864458814263
ENST00000621332.5	-0.8531020134687424	-0.6872209832072258
ENST00000621356.3	0.6450012922286987	0.9812733829021454
ENST00000621565.4	0.20480872690677643	0.04547777958214283
ENST00000621663.4	0.3243643045425415	0.26657554507255554
ENST00000621784.4	1.229128122329712	1.6627362668514252
ENST00000621943.4	0.41870400309562683	0.9294949620962143
ENST00000621999.5	1.082221547762553	1.1460818847020466
ENST00000622235.5	-0.5687611997127533	-0.5377967357635498
ENST00000622277.4	0.5753432313601177	0.39005518704652786
ENST00000622375.4	-0.8109073862433434	-0.8139486089348793
ENST00000622395.4	-0.31794364750385284	-0.6344863673051198
ENST00000622513.4	0.5285437405109406	0.5543543621897697
ENST00000622544.4	0.8705610831578572	0.77523073554039
ENST00000622567.4	0.3112448435276747	0.4542850386351347
ENST00000622683.5	-0.3191016763448715	-0.47123388946056366
ENST00000622746.4	0.7087173908948898	0.2392909787595272
ENST00000622789.5	0.6737513244152069	0.6992682218551636
ENST00000622845.5	0.4208728224039078	0.37787098437547684
ENST00000623063.3	0.3669964248935382	0.5096493462721507
ENST00000623276.3	-0.2117283542950948	-0.11158840979139009
ENST00000623400.3	-0.18269620649516582	-0.47073253989219666
ENST00000624776.3	-0.5223933905363083	-0.8969506621360779
ENST00000625761.2	-0.2471817536279559	-0.05279518477618694
ENST00000632009.1	-0.03641377203166485	-0.13529712334275246
