transcript_id	mrna_only_median_te	mrna_t5u_median_te
ENST00000000233.10	1.1321828564008076	1.3437579870224
ENST00000000412.8	0.7632727697491646	1.0497671365737915
ENST00000001008.6	1.0640467504660287	0.9903589089711508
ENST00000002125.9	0.5329584181308746	0.36204804480075836
ENST00000002165.11	0.3217148184776306	0.33958491310477257
ENST00000003100.13	0.42035222947597506	0.5053474307060242
ENST00000003302.8	-0.17058992385864258	-0.26809442043304443
ENST00000005178.6	0.5864764750003815	0.5607080161571503
ENST00000005260.9	0.3136139387885729	0.18586710840463638
ENST00000005340.10	0.2748801112174988	0.10908896755427122
ENST00000005386.8	0.44604695836702984	0.45003844300905865
ENST00000008527.10	-0.035562384873628616	0.2876335736364126
ENST00000011619.6	-0.2833831310272217	-0.03993019834160805
ENST00000012049.10	0.12563158739358188	0.2705345352180302
ENST00000014914.6	0.699489563703537	0.692039281129837
ENST00000014930.9	1.5539913773536682	1.3006008863449097
ENST00000025301.4	-0.33351792643467587	-0.5221822808186213
ENST00000029410.10	-0.44622547924518585	-0.441969096660614
ENST00000037243.7	1.6463698943456015	1.4276517033576965
ENST00000037869.7	0.4110962599515915	0.34056003391742706
ENST00000039989.9	0.03682728856801987	0.20152518525719643
ENST00000040584.6	0.6985682249069214	0.5518143773078918
ENST00000040663.8	0.8140447636445363	0.6083421409130096
ENST00000042381.9	-0.7392509132623672	-0.5677498057484627
ENST00000043402.8	-0.49229828268289566	-0.44734660536050797
ENST00000054666.11	1.6927233338356018	1.4223396182060242
ENST00000054950.4	1.0462081730365753	1.2132704257965088
ENST00000056217.10	-1.042094111442566	-0.8611968159675598
ENST00000060969.6	0.9010079105695089	0.9106486042340596
ENST00000066544.8	-0.23638132338722545	0.006149720400571822
ENST00000075120.12	0.8105951845645905	0.7539518574873607
ENST00000078429.9	-0.08285536244511604	-0.06263164430856705
ENST00000083182.8	0.4873591214418411	0.3334316536784172
ENST00000084798.9	0.07793675983945528	0.31868771463632584
ENST00000156471.10	0.1631529089063406	0.3934628814458847
ENST00000157600.8	0.47646460930506385	0.6873329480489095
ENST00000159087.7	-0.5525480508804321	-0.7507753372192383
ENST00000159111.9	-0.09448275761678815	-0.4268031418323517
ENST00000160298.8	-0.4369695807496707	-0.40718354284763336
ENST00000161863.9	-0.1618017479777336	-0.12434733845293522
ENST00000162749.7	-0.2797669321298599	-0.3796726018190384
ENST00000163416.7	-0.3323532647142808	-0.06579843039313953
ENST00000164133.7	-0.41556139290332794	-0.5026731938123703
ENST00000164227.10	-0.1539607016990582	0.08153362354884544
ENST00000164305.10	-0.20517609268426895	-0.02077644784003496
ENST00000166139.9	0.35920293629169464	0.45980726182460785
ENST00000166345.8	0.24297816306352615	-0.08007033914327621
ENST00000168216.11	1.4245886504650116	0.9418691843748093
ENST00000169551.11	0.34325946494936943	0.30766628310084343
ENST00000170168.9	-0.8563598692417145	-1.04732616742452
ENST00000173229.7	0.28746993839740753	0.5440369844436646
ENST00000174618.5	0.522875984509786	0.4349613686402639
ENST00000175756.10	-0.5069908872246742	-0.5930625349283218
ENST00000176763.10	0.2754651941359043	0.12702242191880941
ENST00000178640.10	-0.03681711293756962	-0.0928393118083477
ENST00000179259.6	0.7706033289432526	0.6895767450332642
ENST00000181839.10	-0.7195903956890106	-0.49921164413293206
ENST00000184266.3	1.0381082221865654	1.6782493442296982
ENST00000186436.10	-0.9345904886722565	-0.49949774146080017
ENST00000187762.7	-0.025657445192337036	0.5528413131833076
ENST00000188312.6	0.4201735109090805	0.589918702840805
ENST00000192788.6	-0.5625324894984564	-0.712034394343694
ENST00000193322.8	0.08179136600908046	0.678800215323766
ENST00000194214.9	1.0617667585611343	0.6492238789796829
ENST00000196061.5	0.4868275374174118	0.302445225417614
ENST00000196371.10	1.0713802874088287	1.0459454655647278
ENST00000199320.9	0.8985578417778015	0.8209589123725891
ENST00000199389.11	-0.0728451069444418	-0.4355245754122734
ENST00000199448.9	0.5250658492247263	1.0042237639427185
ENST00000199814.9	0.7746487458546957	0.7183685600757599
ENST00000200135.8	0.1417627891059965	0.12433089222759008
ENST00000200457.9	0.2585483342409134	0.05020575240875284
ENST00000201031.3	0.4498508473237356	0.509504477183024
ENST00000201647.11	0.02392292891939481	0.03146848035976291
ENST00000202017.6	1.3098123371601105	1.1092802286148071
ENST00000202556.14	0.08180109038949013	-0.08998288586735725
ENST00000202677.12	-0.7907838523387909	-0.9186732470989227
ENST00000202816.5	0.25352998776361346	-0.06583060789853334
ENST00000202917.10	0.15446021718283492	0.4328098098436991
ENST00000203001.7	0.4536941424012184	0.555390439927578
ENST00000203166.10	-0.05931692384183407	0.030965926125645638
ENST00000203407.6	0.449891597032547	0.9502765834331512
ENST00000203556.9	-0.07571820542216301	-0.3770800530910492
ENST00000204517.11	0.9412902891635895	0.6434445977210999
ENST00000204549.9	0.3823958734671275	0.37531787653764087
ENST00000204679.9	0.24079808592796326	0.5462252497673035
ENST00000204961.5	0.7050962150096893	0.33013251423835754
ENST00000205194.5	0.26979456283152103	0.3669769912958145
ENST00000205636.4	0.25955115258693695	0.6624673902988434
ENST00000206451.11	1.540668249130249	1.1620138883590698
ENST00000206542.9	0.7908490896224976	0.4122989624738693
ENST00000207549.8	-0.4766576550900936	-0.5185229331254959
ENST00000207870.8	0.6393367648124695	0.22794603928923607
ENST00000209873.9	0.2213295241817832	0.10058603808283806
ENST00000209884.5	0.35781489312648773	0.264947717388471
ENST00000210060.12	1.009220838546753	0.4448573589324951
ENST00000210444.6	0.7507209678490956	0.3805522918701172
ENST00000214869.7	0.3536514639854431	0.6178909093141556
ENST00000215565.3	1.2666447758674622	1.282188504934311
ENST00000215567.10	0.7915332615375519	0.7822816967964172
ENST00000215570.8	1.5361706912517548	1.4993440210819244
ENST00000215574.9	0.5699349343776703	0.4136667251586914
ENST00000215582.8	-0.06597670633345842	-0.14787255506962538
ENST00000215659.13	-0.4015595465898514	0.0066488212905824184
ENST00000215730.12	0.6488627716898918	0.8006821498274803
ENST00000215790.12	-0.013667682185769081	-0.17699416540563107
ENST00000215793.13	0.7238759696483612	0.6238297402858735
ENST00000215882.10	0.7797693312168121	0.5627907663583755
ENST00000215904.7	0.24591265618801117	0.20004711113870144
ENST00000215906.6	-0.23716852068901062	-0.43637917935848236
ENST00000215909.10	1.7459357678890228	1.8533098697662354
ENST00000215912.10	0.4899674206972122	0.4956694468855858
ENST00000215941.9	0.40036357045173643	0.26504524052143097
ENST00000216027.8	0.4314059565464655	0.15716009338696796
ENST00000216034.6	0.9252419074376423	0.7687782645225525
ENST00000216038.6	0.8659355044364929	0.45213328301906586
ENST00000216039.9	0.33480795845389366	-0.19885979406535625
ENST00000216085.12	0.1626556247472763	0.10840545780956745
ENST00000216106.6	-0.1413253927603364	-0.043956948444247246
ENST00000216117.9	0.5341824591159821	0.40337273478507996
ENST00000216121.12	0.643430123726527	0.7407807310422261
ENST00000216122.9	0.5220749266445637	0.5919358246028423
ENST00000216129.7	-0.20706330612301826	-0.28831250220537186
ENST00000216133.10	0.5911704152822495	0.31813616305589676
ENST00000216146.9	0.7041341625154018	0.9722325429320335
ENST00000216181.11	0.09928237274289131	0.4056868404150009
ENST00000216218.8	0.9406765997409821	1.3881993691126506
ENST00000216225.9	1.7677608728408813	1.446367084980011
ENST00000216252.4	1.2185253103574119	1.289341708024343
ENST00000216254.9	0.6316637992858887	0.7982443571090698
ENST00000216259.8	0.5488589257001877	0.5772457420825958
ENST00000216277.12	-0.4158499436452985	-0.08232436142861843
ENST00000216294.5	0.3926907330751419	0.38613271713256836
ENST00000216297.7	0.7401217669248581	0.8747095018625259
ENST00000216373.10	-0.7931269556283951	-0.6557900905609131
ENST00000216392.8	0.6660773232579231	0.6846008896827698
ENST00000216410.8	0.9077033301194509	0.7086849013964336
ENST00000216446.9	0.5006310790777206	0.19359777215868235
ENST00000216468.8	0.5480363592505455	0.04013456031680107
ENST00000216471.4	-0.342594342927138	0.18805133303006488
ENST00000216479.8	0.5962534546852112	0.7426063815752665
ENST00000216484.6	0.6306682229042053	0.6091905832290649
ENST00000216639.8	0.8089408278465271	0.6235514283180237
ENST00000216780.9	0.25662127137184143	0.5750043094158173
ENST00000216797.10	0.41490311920642853	0.20616057515144348
ENST00000216802.10	1.007461667060852	0.8130578696727753
ENST00000216807.12	0.7303247153759003	0.598567396402359
ENST00000216832.9	0.233564842492342	0.5498742163181305
ENST00000216879.8	-0.008665360510349274	0.11451005982235074
ENST00000216962.9	0.6765733510255814	0.751628965139389
ENST00000216968.5	0.6835238337516785	0.37867987155914307
ENST00000217026.5	-0.5510936006903648	-0.30451319366693497
ENST00000217109.9	0.878093034029007	0.6576119065284729
ENST00000217131.6	0.5384789705276489	0.7926078364253044
ENST00000217289.8	0.21745435148477554	0.1556733399629593
ENST00000217381.3	-0.01727137714624405	-0.15853199362754822
ENST00000217402.3	0.7997240424156189	1.1956084668636322
ENST00000217426.7	1.2967134714126587	1.1281307339668274
ENST00000217455.9	0.465167298913002	0.2885153442621231
ENST00000217456.3	0.24437633901834488	0.5773773789405823
ENST00000217901.10	1.0264796167612076	0.7272966206073761
ENST00000217971.8	1.5185768604278564	1.4208890795707703
ENST00000218104.6	0.06119054555892944	0.07607903704047203
ENST00000218230.6	0.4551915302872658	0.8144468665122986
ENST00000218340.4	0.7798241078853607	0.7318752805391948
ENST00000218348.7	0.3685203716158867	0.22631369158625603
ENST00000219069.6	-0.9726686477661133	-1.2027413249015808
ENST00000219070.9	0.5278400719165801	0.6375438541173934
ENST00000219204.8	0.3928649177153905	0.08396836680670579
ENST00000219240.9	0.3061976730823517	0.5613590478897095
ENST00000219252.10	0.42185793817043304	0.6928440928459167
ENST00000219271.4	-0.17493167147040367	0.22392614372074604
ENST00000219299.8	0.4750559777021408	0.2084926689664523
ENST00000219302.7	0.8181929886341095	0.8493583500385284
ENST00000219313.9	1.3414399226506553	1.2143997152646384
ENST00000219345.10	0.46910297870635986	0.5985816419124603
ENST00000219439.9	0.19326228524247807	0.5516087363163631
ENST00000219473.11	-0.1204220256768167	-0.3812987729907036
ENST00000219479.7	0.4168962091207504	0.2656307965517044
ENST00000219611.7	-0.8566564470529556	-0.8532770723104477
ENST00000219782.10	-0.6414879262447357	-0.4536169171333313
ENST00000219837.12	0.5764044523239136	0.40583033859729767
ENST00000220325.9	0.6162919998168945	0.7486723065376282
ENST00000220496.9	0.6537896990776062	0.4184611141681671
ENST00000220531.9	0.8831295818090439	0.7180356234312057
ENST00000220562.9	-0.6676284968852997	-0.7299304604530334
ENST00000220763.10	0.5262321184078852	0.2046776634330551
ENST00000220772.8	0.573966920375824	0.780306339263916
ENST00000220822.12	0.37223171442747116	0.4134318009018898
ENST00000220853.8	0.8436827212572098	0.907645046710968
ENST00000220913.10	0.6036471277475357	0.4671926982700825
ENST00000220959.8	-0.26057734340429306	-0.3178209885954857
ENST00000221086.8	0.34011633694171906	-0.1019885316491127
ENST00000221138.9	0.11937793840964636	0.5551491479078928
ENST00000221200.9	0.745434582233429	0.5574691742658615
ENST00000221233.9	0.851612776517868	0.42046738415956497
ENST00000221459.7	0.7292761206626892	0.5906863808631897
ENST00000221462.9	-0.8986482977867126	-0.8734845638275146
ENST00000221480.6	0.49114954471588135	0.5108814984560013
ENST00000221486.6	0.46701205273469293	0.33129959305127465
ENST00000221494.10	0.2460123971104622	0.70246821641922
ENST00000221543.10	0.2354094795882702	-0.0378870852291584
ENST00000221855.8	1.1440461874008179	0.8565666675567627
ENST00000221856.11	-0.21838917583227158	-0.5648015141487122
ENST00000221930.6	0.39821716398000717	0.419656902551651
ENST00000221980.5	0.00813164965560039	0.42821431159973145
ENST00000222219.8	0.22596736997365952	0.5072375684976578
ENST00000222329.9	-0.1512155557672183	-0.12540317450960478
ENST00000222345.11	-0.6868011802434921	-0.8900946229696274
ENST00000222374.3	0.07418679539114237	0.2382921613752842
ENST00000222399.11	-0.11375296488404274	0.23244937509298325
ENST00000222402.8	0.4800754263997078	1.0531345456838608
ENST00000222482.10	0.6689544022083282	1.1512459218502045
ENST00000222511.11	0.6744685272375743	0.5238781720399857
ENST00000222543.11	0.8791045645872753	1.1467256744702659
ENST00000222547.8	1.4989996552467346	1.0211226642131805
ENST00000222573.5	-0.17296285275369883	-0.01008186535909772
ENST00000222584.8	0.10979101310173671	0.3549766292174657
ENST00000222693.5	0.8275031745433807	1.2632861733436584
ENST00000222725.10	0.434677854180336	0.28187480568885803
ENST00000222726.4	0.6247279942035675	0.8237008452415466
ENST00000222800.7	0.3096805587410927	0.3322097957134247
ENST00000222803.10	0.9253087639808655	1.2864015847444534
ENST00000222812.8	1.0375345945358276	0.6637590229511261
ENST00000222990.8	0.08411487378180027	0.13776434771716595
ENST00000223023.5	0.15317360808451969	0.12218066863715649
ENST00000223095.5	0.6112267325321833	0.8557753761609395
ENST00000223136.5	1.3839762608210244	1.0302511552969615
ENST00000223145.10	0.042371673276647925	-0.04081438481807709
ENST00000223357.8	-0.026378408074378967	0.2988230332732201
ENST00000223369.3	0.6605197489261627	0.5191489160060883
ENST00000223500.9	1.64149409532547	1.5427933732668557
ENST00000223641.5	1.6622204035520554	1.2309369891881943
ENST00000223864.7	0.011880721896886826	1.183729112148285
ENST00000225174.8	1.1113982796669006	0.8639048635959625
ENST00000225235.5	-0.1776198116131127	-0.05067130201496184
ENST00000225296.8	0.10136910155415535	-0.08370910957455635
ENST00000225298.12	0.30938370525836945	0.4155635933081309
ENST00000225525.4	1.2983128875494003	0.5701739117503166
ENST00000225655.6	1.6262379089991252	1.8532896041870117
ENST00000225665.12	0.7570676108201344	0.6943722168604534
ENST00000225698.8	1.0567007213830948	1.0278757214546204
ENST00000225719.9	0.25772419571876526	0.3876313120126724
ENST00000225728.8	1.115892454981804	1.1924258470535278
ENST00000225729.8	0.7352737337350845	0.7041482329368591
ENST00000225737.11	-0.14209073334932326	-0.39449594020843504
ENST00000225916.10	-0.5905589461326599	-0.7296856939792633
ENST00000225927.7	-0.2955029308795929	0.18433335423469543
ENST00000225964.10	0.7282076179981232	0.3911588788032532
ENST00000225972.8	0.6829649806022644	0.8818372637033463
ENST00000226004.8	1.0476770997047424	0.7122696787118912
ENST00000226105.11	0.34323315136134624	0.41508633084595203
ENST00000226225.7	0.1966203699509303	0.33388944466908776
ENST00000226230.8	0.9697212636470794	0.8880179584026336
ENST00000227155.9	0.7514073550701141	1.1527065634727478
ENST00000227322.8	0.5283873155713081	0.6550125628709793
ENST00000227471.7	0.2156964937845866	0.04588511648277442
ENST00000227507.3	0.9634533822536469	0.7113929192225139
ENST00000227524.9	0.5540917217731476	0.6501791179180145
ENST00000227638.8	0.2971904017031193	0.1656948123127222
ENST00000227756.5	0.1294187791645527	0.48747624456882477
ENST00000228251.9	0.6678715348243713	1.0750052332878113
ENST00000228307.11	0.08582806587219238	0.5324718952178955
ENST00000228425.11	0.06733430176973343	0.11340248212218285
ENST00000228438.2	0.2889958322048187	0.24866191390901804
ENST00000228495.11	0.86309881011645	0.846968948841095
ENST00000228506.8	0.2280022744089365	0.06355389580130577
ENST00000228705.7	-0.10265802592039108	0.02660437673330307
ENST00000228740.7	0.5776723325252533	0.6687924563884735
ENST00000228799.7	0.5699106752872467	0.3633810542523861
ENST00000228825.12	0.9863399366537731	1.2040660381317139
ENST00000228827.8	0.872997373342514	0.7781809270381927
ENST00000228872.9	0.8182735741138458	0.7520820200443268
ENST00000229179.9	0.18301582410931588	0.27507323771715164
ENST00000229314.10	1.42533540725708	1.592580497264862
ENST00000229329.7	0.5771375596523285	0.22324973344802856
ENST00000229330.9	0.3206941485404968	0.23409665375947952
ENST00000229340.10	1.4334862232208252	0.9687110483646393
ENST00000229390.8	0.3425443656742573	0.679645786061883
ENST00000229595.6	0.9032700657844543	0.8946154415607452
ENST00000229633.7	0.9354951307177544	0.8196893259882927
ENST00000229794.8	0.6201414912939072	0.5608998090028763
ENST00000229812.8	0.7669311165809631	0.466512069106102
ENST00000229903.5	0.843419998884201	0.8201229274272919
ENST00000229922.7	0.7113455832004547	0.9996117353439331
ENST00000230050.4	1.536224404970805	1.6770247220993042
ENST00000230085.13	0.7043819427490234	0.7721291482448578
ENST00000230124.8	-0.24526358768343925	-0.40753447264432907
ENST00000230340.9	0.32090218365192413	0.507194846868515
ENST00000230419.9	-0.2081857199470202	-0.21649811665217084
ENST00000230431.11	0.9033971577882767	0.5691450051963329
ENST00000230449.9	0.1415806356817484	0.1255698800086975
ENST00000230461.11	0.7167209982872009	0.9513135850429535
ENST00000230771.9	0.5427380837500095	0.6273218542337418
ENST00000230792.7	0.3978511765599251	0.5732483565807343
ENST00000231061.9	0.903768926858902	1.3849347829818726
ENST00000231498.8	0.09309960901737213	0.16235371679067612
ENST00000231512.5	0.7707208096981049	0.9827181398868561
ENST00000231572.8	0.6108249217271805	0.6554006725549698
ENST00000231790.8	0.3280533105134964	0.2721575051546097
ENST00000231887.8	0.32700557013352716	0.2395858590801557
ENST00000231948.8	0.21519415949781734	0.3643312305212021
ENST00000232496.5	0.597943440079689	0.36913373321294785
ENST00000232607.7	0.7360572218894958	0.4717980623245239
ENST00000232744.13	0.36823090314865115	0.22857730835676193
ENST00000232766.6	0.33904360979795456	0.25391482934355736
ENST00000232888.7	0.34618607722222805	0.38177915289998055
ENST00000232905.4	1.7412909468015036	1.7206870317459106
ENST00000232974.11	-0.5070864707231522	-0.36563367396593094
ENST00000232975.8	1.7787107229232788	1.1379957795143127
ENST00000232978.13	-0.2548702172935009	-0.16800179984420538
ENST00000233027.10	-0.6552275717258453	-0.6537713805834453
ENST00000233099.6	-0.1331186592578888	-0.0696864128112793
ENST00000233121.7	1.250827932357788	0.9275870621204376
ENST00000233146.7	0.5327350348234177	0.3129030913114548
ENST00000233468.5	1.5962744653224945	1.181722342967987
ENST00000233535.9	-0.21352382143959403	-0.2987332362681627
ENST00000233575.7	0.21701304968446494	-0.032975193858146665
ENST00000233627.14	1.1554113725821178	1.075463593006134
ENST00000233668.9	-0.6314490884542465	-0.8446354766686757
ENST00000233813.5	0.6838634312152863	0.9583195447921753
ENST00000233838.9	0.009545573964715004	0.3041057586669922
ENST00000233893.10	1.7315663397312164	2.1298100352287292
ENST00000234160.5	0.5821765959262848	0.6804206669330597
ENST00000234170.10	0.17053924066325027	0.3494603385527929
ENST00000234256.4	0.4114556908607483	0.39611248672008514
ENST00000234296.7	-0.020516058430075645	0.21780598908662796
ENST00000234454.6	0.7235398689905803	0.7603897452354431
ENST00000234590.10	1.4198345243930817	1.1043920814990997
ENST00000234677.7	0.7271014153957367	0.9234583079814911
ENST00000234875.9	1.6383566856384277	1.9472630321979523
ENST00000235090.10	0.5192284435033798	0.6627910435199738
ENST00000235307.7	0.7672775536775589	0.6101402938365936
ENST00000235332.6	-0.20817923173308372	-0.2479524128139019
ENST00000235345.6	0.5460636615753174	0.46662700176239014
ENST00000235382.7	0.7972555756568909	0.4235977977514267
ENST00000235521.4	0.8974901288747787	0.7929770201444626
ENST00000235532.9	0.5174990942080815	0.5865683853626251
ENST00000235835.7	0.7681866586208344	0.7204122096300125
ENST00000236273.9	1.0695742219686508	0.9590427875518799
ENST00000236671.7	0.9589996784925461	1.2000048160552979
ENST00000236959.14	0.8394565532604853	0.6644430210192998
ENST00000237281.5	0.30959179252386093	0.09814542159438133
ENST00000237283.9	1.2063319087028503	0.8544950187206268
ENST00000237530.11	0.8440646305680275	1.1571812480688095
ENST00000237596.7	0.18726997822523117	-0.31283391267061234
ENST00000237642.6	0.474636306365331	0.26662538697322213
ENST00000237853.9	-0.013207135256379843	-0.36881957948207855
ENST00000238112.8	0.565468043088913	0.4497755616903305
ENST00000238146.9	0.3660275340080261	0.5200229287147522
ENST00000238561.10	0.6490906924009323	0.32894191642602283
ENST00000238647.5	0.07104388251900673	0.2464175820350647
ENST00000238667.9	0.6948876082897186	0.664921373128891
ENST00000238682.7	0.17829095075527826	0.4455573707818985
ENST00000238714.8	0.16217197477817535	0.5454602837562561
ENST00000238738.9	-0.15515149384737015	0.05657318544884522
ENST00000238823.13	0.6560858190059662	0.8329384624958038
ENST00000238875.10	0.6271906793117523	0.8598507046699524
ENST00000238892.4	1.4806033968925476	1.3362799286842346
ENST00000239223.4	0.5515591204166412	0.46355482935905457
ENST00000239440.9	-0.5900248289108276	-0.9167235294977825
ENST00000239878.9	1.6507872740427654	1.5572189490000405
ENST00000239891.4	0.2316947504878044	0.4401489794254303
ENST00000240123.11	-0.32852540761232374	-0.5139534205198288
ENST00000240139.9	0.048133937641978264	0.1627411904434363
ENST00000240185.8	0.8916719257831573	1.0029821991920471
ENST00000240285.10	0.3847921951673925	0.2960478141903877
ENST00000240316.5	0.24056251347064972	0.30042169615626335
ENST00000240328.4	-0.7152625322341919	-0.24697110801935196
ENST00000240364.7	-0.16876766085624695	-0.12301293388009071
ENST00000240423.9	0.4397785812616348	0.32949134707450867
ENST00000240488.8	0.5426712036132812	0.7304571568965912
ENST00000240587.5	-0.26496562361717224	-0.2906860411167145
ENST00000240617.10	0.5572391003370285	0.41219135001301765
ENST00000240651.14	0.631033793091774	0.5467027078072231
ENST00000241052.5	0.7086697220802307	0.9528535008430481
ENST00000241261.7	0.5400938441356022	0.6675834556420643
ENST00000241337.9	1.0468439906835556	1.4348500072956085
ENST00000241393.4	0.7211185395717621	0.5352196892102559
ENST00000241436.8	-0.032545916736125946	-0.3824543058872223
ENST00000241502.9	0.9189013838768005	0.9423360526561737
ENST00000242209.9	0.7184692025184631	0.47650426626205444
ENST00000242248.10	0.11962221562862396	-0.12794465851038694
ENST00000242465.4	1.1555097699165344	1.1774827539920807
ENST00000242576.7	0.5921140015125275	0.5359955132007599
ENST00000242592.9	0.3139229938387871	0.43786077201366425
ENST00000242728.5	0.39123979955911636	0.5498820394277573
ENST00000242729.6	0.7128205796082815	0.41975516080856323
ENST00000242776.9	0.728717003017664	1.0126521438360214
ENST00000242784.5	0.9593260511755943	0.47699547931551933
ENST00000242786.6	0.20349068939685822	0.2189769148826599
ENST00000242848.8	-0.403631005436182	0.07568125240504742
ENST00000243108.5	0.8048734962940216	0.5495514571666718
ENST00000243167.9	0.11387070082128048	0.309187687933445
ENST00000243253.8	0.8906811873118083	0.9666421016057332
ENST00000243298.3	1.002086102962494	0.9221447110176086
ENST00000243344.8	-0.09230430368334056	0.11160625852644443
ENST00000243346.10	0.6348094493150711	0.795713484287262
ENST00000243347.5	0.8637522161006927	0.8481287360191345
ENST00000243498.10	0.6972079972426097	0.5483250916004181
ENST00000243563.8	1.1648651957511902	1.3085082173347473
ENST00000243578.8	0.7457852562268574	0.438383827606837
ENST00000243662.11	1.3681707978248596	0.7011616379022598
ENST00000243776.11	-0.5445450842380524	-0.4036153107881546
ENST00000243878.9	0.022169186733663082	0.018003011122345924
ENST00000244007.7	-0.04163632169365883	-0.17413824051618576
ENST00000244020.5	0.8095198348164558	1.3566353172063828
ENST00000244040.4	-0.09134919662028551	-0.12377799674868584
ENST00000244043.5	0.1421816498041153	0.2895456738770008
ENST00000244051.3	0.689729670683543	0.538748453060786
ENST00000244137.12	0.6460571326315403	0.7972990721464157
ENST00000244204.11	0.602089174091816	0.4988815262913704
ENST00000244221.9	1.131717711687088	1.342821091413498
ENST00000244230.7	0.44108083844184875	0.41920042037963867
ENST00000244496.6	0.2955542542040348	0.28390617296099663
ENST00000244520.10	1.139542743563652	1.2345285713672638
ENST00000245046.6	0.600117564201355	0.9495913684368134
ENST00000245105.8	-0.824219137430191	-0.8008445650339127
ENST00000245206.10	0.8738365769386292	1.0406039357185364
ENST00000245304.5	0.25693732996781665	0.40088316798210144
ENST00000245407.8	0.08987022812167804	0.42737185458342236
ENST00000245479.3	0.6824596722920735	0.7216773827870686
ENST00000245539.11	0.697530061006546	0.9786503314971924
ENST00000245543.6	0.5465165277322133	0.30648743361234665
ENST00000245544.9	0.16892607230693102	0.17764218617230654
ENST00000245552.7	0.42158589512109756	0.34369827806949615
ENST00000245564.8	-0.07929411646910012	-0.026626868406310678
ENST00000245903.4	0.738269966095686	0.40186832286417484
ENST00000245907.11	0.251975583533446	0.4562094757954279
ENST00000245932.11	0.5436109304428101	0.6579128205776215
ENST00000245934.12	-0.1533832848072052	0.030086105689406395
ENST00000246024.7	0.8802086412906647	0.9264322817325592
ENST00000246069.12	1.1658860445022583	1.5643765330314636
ENST00000246117.9	-0.37612468749284744	-0.17645429447293282
ENST00000246151.9	0.6218867401281992	0.81576536099116
ENST00000246166.3	0.543791264295578	0.3188963830471039
ENST00000246190.10	0.21885210648179054	-0.05582296568900347
ENST00000246194.8	0.8252164423465729	0.8419366776943207
ENST00000246229.5	-0.5323285758495331	-0.6950646638870239
ENST00000246535.4	0.4192701056599617	0.010799331590533257
ENST00000246548.9	0.4623271971940994	0.5577874481678009
ENST00000247003.9	0.4998060862223307	0.3807557771603266
ENST00000247020.9	0.8548724949359894	1.316394031047821
ENST00000247191.7	0.13681895881891248	0.3952537775039673
ENST00000247194.9	0.5484273284673691	0.40009088069200516
ENST00000247225.7	0.27223278147478897	0.4587151209513346
ENST00000247291.8	1.5826641619205475	0.763852134346962
ENST00000247470.10	0.8242699205875397	1.1313737829526267
ENST00000247665.12	1.6308940172195436	1.4397804856300356
ENST00000247668.7	0.35112714767456055	0.11385723203420639
ENST00000247833.11	-0.2237564902752638	-0.3862023502588272
ENST00000247843.7	0.6215621531009674	0.4453315958380699
ENST00000247933.9	0.21014044682184857	0.0022449884563684464
ENST00000247977.9	0.36413686722517014	0.10561375599354506
ENST00000248054.9	-0.07652282466491064	-0.1293804987023274
ENST00000248071.6	0.8382612317800522	0.8333123028278351
ENST00000248121.7	0.40334997574488324	0.6093678077061971
ENST00000248244.5	-0.21304945647716522	-0.4146081805229187
ENST00000248248.8	-0.36450209096074104	-0.4675258547067642
ENST00000248306.8	0.19956707209348679	-0.07285349629819393
ENST00000248437.9	0.9775362014770508	1.3785470128059387
ENST00000248553.7	1.1534644961357117	1.4785856405893962
ENST00000248564.6	1.2529419561227162	1.603692352771759
ENST00000248594.11	0.019364040965835255	-0.055041984344522156
ENST00000248846.10	-0.2240225300192833	-0.5532176494598389
ENST00000248924.10	-0.03957806651790937	-0.006406737491488457
ENST00000248958.5	0.3614176735281944	0.30023620277643204
ENST00000248975.6	1.232751190662384	1.2611961364746094
ENST00000249014.5	-0.4875023365020752	-0.5580123290419579
ENST00000249064.9	0.6288871914148331	0.3054003119468689
ENST00000249269.9	0.4652363955974579	0.8826121985912323
ENST00000249289.5	1.4906695087750752	1.6256051063537598
ENST00000249344.7	0.06272503361105919	-0.07280362863093615
ENST00000249356.4	0.7265811562538147	1.15957111120224
ENST00000249442.11	0.4307631505653262	0.8058544397354126
ENST00000249636.10	0.14169425517320633	0.26096735149621964
ENST00000249647.8	1.2859765887260437	1.1335927049318948
ENST00000249700.9	0.5564418490976095	0.5668304935097694
ENST00000249750.9	0.9961904187997181	0.5263180385033289
ENST00000249806.11	0.3188050873577595	0.31708158925175667
ENST00000249883.9	-0.03357975992063681	-0.050526273126403495
ENST00000250092.11	0.36040225625038147	0.8722399473190308
ENST00000250101.10	1.3835376501083374	1.5324084162712097
ENST00000250111.9	1.3246750980615616	1.5980047583580017
ENST00000250113.12	-0.2528495602309704	-0.32041959650814533
ENST00000250237.10	0.6631480157375336	0.4657796174287796
ENST00000250340.9	0.554092526435852	0.7691033482551575
ENST00000250383.11	0.47306761145591736	0.28592952340841293
ENST00000250448.5	0.13393364722530046	0.32582713166872657
ENST00000250495.10	1.77253258228302	1.796595185995102
ENST00000250535.5	0.7250112742185593	0.7830758690834045
ENST00000250617.7	0.18730903354783854	0.0856675785034895
ENST00000250894.8	-0.04123401269316673	-0.18545290331045786
ENST00000251047.6	0.6285198926925659	0.9524318426847458
ENST00000251089.8	0.19763867557048798	0.16793657094240189
ENST00000251108.10	0.07991339638829231	0.2330053634941578
ENST00000251241.9	0.12711161188781261	-0.08489677682518959
ENST00000251287.3	-0.6086879074573517	-0.9155125319957733
ENST00000251412.8	0.5096959192305803	0.3405335433781147
ENST00000251413.8	0.5446135252714157	0.6132597625255585
ENST00000251496.7	0.09189590066671371	0.3906171520551046
ENST00000251507.8	0.23000493366271257	-0.014881914248690009
ENST00000251582.12	-0.8050387799739838	-0.6803023368120193
ENST00000251636.10	-0.25116046518087387	-0.21125199273228645
ENST00000251775.9	0.5436621010303497	0.18379071354866028
ENST00000251810.8	0.7870523929595947	0.9505397975444794
ENST00000251849.8	-0.26882174983620644	-0.6772564202547073
ENST00000251871.9	0.3200134299695492	0.2789630740880966
ENST00000251900.9	-0.03442755155265331	0.06382176745682955
ENST00000251968.4	0.7274254858493805	0.7687589228153229
ENST00000252032.9	0.025768239982426167	-0.1163010336458683
ENST00000252050.9	-0.26391945872455835	-0.3825410306453705
ENST00000252108.8	-0.018145228968933225	-0.027270765975117683
ENST00000252115.10	0.6293877065181732	0.6035454124212265
ENST00000252288.8	0.45644399523735046	0.7128883798917134
ENST00000252456.7	1.1391560236612954	0.9850460390249889
ENST00000252486.9	0.5823544561862946	1.309818148612976
ENST00000252542.9	0.11842130497097969	0.3954305201768875
ENST00000252593.7	0.8327451348304749	0.8613839745521545
ENST00000252599.9	0.3339789165183902	0.05791962953905265
ENST00000252603.7	0.5718915710846583	0.5307581375042597
ENST00000252622.15	1.635247826576233	1.633794128894806
ENST00000252674.9	-0.5550685524940491	-0.4393059095988671
ENST00000252804.9	-0.46937182545661926	0.3433370739221573
ENST00000252809.3	0.4988536089658737	0.4761323779821396
ENST00000252818.5	-0.23429042845964432	0.028856419026851654
ENST00000252826.10	-0.26927878335118294	-0.4412752017378807
ENST00000252891.8	-0.6008936166763306	-0.5393219888210297
ENST00000252934.10	0.845846543709437	0.5245135724544525
ENST00000252984.11	0.2196669578552246	0.044625140726566315
ENST00000253023.8	0.9591949731111526	0.8280431404709816
ENST00000253024.10	-0.18654406070709229	-0.10827068611979485
ENST00000253048.10	0.1451399135403335	0.2919852863997221
ENST00000253063.4	0.3813019245862961	0.16449622809886932
ENST00000253083.9	-0.013341565616428852	0.1555413231253624
ENST00000253108.9	0.8144495487213135	0.7251433730125427
ENST00000253110.16	0.24103127419948578	-0.18893329054117203
ENST00000253122.10	-0.5705718994140625	-0.3103279769420624
ENST00000253329.3	0.7516416311264038	0.5706419795751572
ENST00000253407.4	1.1168906688690186	0.9381556808948517
ENST00000253413.10	1.5524630347887673	1.473434646924337
ENST00000253457.8	0.839240312576294	0.44764793664216995
ENST00000253458.12	-0.15712797082960606	-0.23122739419341087
ENST00000253462.8	0.6613948494195938	0.9948712984720867
ENST00000253496.3	0.024332377687096597	0.1761887311935425
ENST00000253686.7	0.7055263221263885	1.100521981716156
ENST00000253754.8	0.3065608708808819	0.14465894550085068
ENST00000253778.13	0.5310944095253944	0.5006500631570816
ENST00000253794.7	1.2785526712735495	0.9060859779516856
ENST00000253796.10	0.8666520814100902	0.857097754875819
ENST00000253814.6	1.0788200497627258	0.694136381149292
ENST00000253861.5	0.3522406766812006	0.0007224644844730692
ENST00000253925.11	-0.4878860339522362	-0.4542924091219902
ENST00000254029.8	0.34476493299007416	0.2745727375149727
ENST00000254101.4	0.7705868184566498	0.747004359960556
ENST00000254190.4	-0.5540223121643066	-0.6689078708489735
ENST00000254193.11	0.9056820571422577	1.0051984389623008
ENST00000254260.8	0.27639253437519073	0.20904220174998045
ENST00000254286.9	0.634339913725853	0.5637843608856201
ENST00000254301.14	0.9071049640576045	1.266492818792661
ENST00000254322.3	0.5994162261486053	0.8959731161594391
ENST00000254337.10	0.14082405716180801	-0.13086092472076416
ENST00000254436.8	0.14579058438539505	0.05165916867554188
ENST00000254508.7	-0.18129576742649078	-0.30311111360788345
ENST00000254521.7	0.5564438303311665	0.357183555761973
ENST00000254528.4	-0.34925427536169684	0.07910558208823204
ENST00000254605.11	0.026558127254247665	0.20456762984395027
ENST00000254624.10	-0.1470928192138672	-0.17660267651081085
ENST00000254657.8	-0.20244337618350983	-0.2753350995481014
ENST00000254661.5	0.966747835278511	0.6768446117639542
ENST00000254718.8	-0.7262767404317856	-0.5051869973540306
ENST00000254719.10	0.6256296187639236	0.8863151520490646
ENST00000254722.9	0.39983707666397095	0.7525348961353302
ENST00000254730.11	0.2774142030005654	0.21110995734731358
ENST00000254770.2	0.0026373169384896755	0.21068038046360016
ENST00000254799.11	0.6270437935988109	0.8071985642115276
ENST00000254803.4	0.5832802653312683	0.5698908865451813
ENST00000254816.6	-0.12747254222631454	0.12275247648358345
ENST00000254878.8	1.386110007762909	1.4629642963409424
ENST00000254900.9	0.2154796589165926	0.0763468649238348
ENST00000254942.8	0.36183176934719086	0.10983386263251305
ENST00000254958.10	0.09239177033305168	0.07737888768315315
ENST00000254998.3	0.7979574501514435	1.0673701763153076
ENST00000255006.11	-0.07413578499108553	-0.15738853998482227
ENST00000255078.8	-0.2232727250084281	-0.14847732335329056
ENST00000255087.10	-0.6243963489929835	-0.12969924695789814
ENST00000255108.8	0.24932732805609703	-0.010784884914755821
ENST00000255152.3	0.02815160620957613	-0.1355157122015953
ENST00000255476.3	0.6087992042303085	0.6456583937009175
ENST00000255499.3	0.5543476641178131	0.3715260773897171
ENST00000255559.7	0.5796036645770073	0.39030536264181137
ENST00000255613.8	-0.35194143652915955	-0.7324824631214142
ENST00000255641.13	-0.7040176242589951	-0.49914682656526566
ENST00000255681.7	0.7850251197814941	0.5749673247337341
ENST00000255764.4	1.4673033952713013	1.1838113069534302
ENST00000255882.11	-0.5208360900481541	-0.5142933328946431
ENST00000255977.7	0.06581420637667179	0.02718058880418539
ENST00000256001.13	0.18678854405879974	0.139154352247715
ENST00000256015.5	0.8110848367214203	0.7655496895313263
ENST00000256079.9	0.20275366306304932	0.41115017235279083
ENST00000256108.10	1.0030180290341377	0.7233400344848633
ENST00000256190.12	-0.7302520126104355	-0.9225530922412872
ENST00000256196.9	0.8200994729995728	0.7023353079954783
ENST00000256255.11	0.49445585906505585	0.8659522235393524
ENST00000256319.7	1.0670441538095474	1.2659658789634705
ENST00000256367.3	-0.15809829905629158	0.12973248399794102
ENST00000256379.9	0.7381488382816315	0.703801840543747
ENST00000256398.13	0.3578488118946552	0.24385340884327888
ENST00000256429.8	-0.35959081538021564	-0.07619834039360285
ENST00000256458.5	0.32773111313581466	0.09476759433746337
ENST00000256460.8	0.33240989223122597	0.21060727164149284
ENST00000256538.9	1.029644658168157	0.6949138144652048
ENST00000256544.8	-0.10916454282899697	-0.17360691974560422
ENST00000256545.9	0.8088741153478622	1.0612601190805435
ENST00000256637.8	0.174231470329687	0.6727214455604553
ENST00000256689.10	0.7495011289914448	0.5322600156068802
ENST00000256854.10	0.5239066034555435	0.8927493989467621
ENST00000256897.9	0.4649086743593216	0.5284425020217896
ENST00000256996.9	0.04358320310711861	-0.09446711838245392
ENST00000256997.9	0.1803845874965191	0.42093376070261
ENST00000257013.9	1.3857620060443878	0.8704980909824371
ENST00000257181.10	0.2407451830804348	0.5863475725054741
ENST00000257570.9	0.3426850438117981	0.28971289098262787
ENST00000257700.7	-0.13257940113544464	0.03405538946390152
ENST00000257770.8	0.6221443712711334	0.8748027781645458
ENST00000257789.4	0.033615048974752426	0.1347796618938446
ENST00000257829.8	0.2223503589630127	0.2964003930489222
ENST00000257836.4	0.28277150448411703	0.018103611655533314
ENST00000257904.11	-0.46467702090740204	-0.5419667139649391
ENST00000257915.10	0.18504712730646133	0.2910832613706589
ENST00000257940.7	0.2250261977314949	0.2029982954263687
ENST00000258052.8	0.3152524381875992	0.11837852746248245
ENST00000258080.7	0.14440564811229706	0.0745214931666851
ENST00000258083.3	0.6226740678151449	0.14903974222640198
ENST00000258091.10	1.194531003634135	0.9467552900314331
ENST00000258105.8	1.6044917404651642	1.0112796425819397
ENST00000258111.5	0.12873265519738197	0.2767052501440048
ENST00000258145.8	0.6350048631429672	0.6008260548114777
ENST00000258201.9	-0.24391313269734383	-0.28584229201078415
ENST00000258214.3	-0.7187402248382568	-0.07661092653870583
ENST00000258301.6	0.719765804708004	0.7926110625267029
ENST00000258341.5	0.24346488217512768	0.7957802216211955
ENST00000258381.10	-0.23809581249952316	0.1794054601341486
ENST00000258415.9	0.12320524407550693	0.026773293502628803
ENST00000258424.3	1.6822341084480286	1.8263420760631561
ENST00000258455.8	0.2193136252462864	0.5951393246650696
ENST00000258484.11	-0.3207773119211197	-0.38846050202846527
ENST00000258494.14	0.6756218671798706	0.401109978556633
ENST00000258530.8	0.32652372121810913	0.0035276804119348526
ENST00000258648.7	0.6849063709378242	0.7158618569374084
ENST00000258662.3	0.6288640846808751	0.48527676363786065
ENST00000258729.8	0.3396633192896843	0.5566758960485458
ENST00000258742.10	0.3533528372645378	0.4844159558415413
ENST00000258884.5	0.7751604318618774	0.4250612109899521
ENST00000258886.13	0.1865730583667755	0.20513436198234558
ENST00000258955.7	-0.46212904155254364	-0.5978879332542419
ENST00000258962.5	1.1543152183294296	1.639208048582077
ENST00000258975.7	0.5650581469138464	0.46632158259550727
ENST00000259008.7	-0.03346853703260422	-0.10964297875761986
ENST00000259037.8	1.3470905224482217	1.4878654877344768
ENST00000259154.9	-0.08122364804148674	-0.5195697844028473
ENST00000259241.7	-0.6165566742420197	-0.5629733800888062
ENST00000259339.7	0.8842706978321075	0.7610650062561035
ENST00000259467.9	1.1088476081689198	0.541163722674052
ENST00000259526.4	0.6099319532513618	0.7922239750623703
ENST00000259667.6	0.8270089328289032	0.6801868379116058
ENST00000259711.11	-0.6562253832817078	-0.5624373853206635
ENST00000259818.8	0.933196410536766	0.9595952779054642
ENST00000259963.4	0.5249753793080648	0.5525644570589066
ENST00000260102.9	0.5958303138613701	0.8565344214439392
ENST00000260129.6	0.47044966369867325	-0.040208812803030014
ENST00000260187.7	-0.5443854555487633	-0.5966805815696716
ENST00000260210.5	0.1632063388824463	0.039479030296206474
ENST00000260270.3	0.8872985243797302	1.0514652729034424
ENST00000260356.6	0.3540031984448433	0.7000451236963272
ENST00000260361.9	0.46466606855392456	0.28892090916633606
ENST00000260372.8	0.8187376111745834	0.5120815001428127
ENST00000260382.9	-0.4256382236878077	-0.6048560390869777
ENST00000260386.7	-0.5248867645859718	-0.6941887587308884
ENST00000260403.7	-0.05466223259766896	-0.03591605772574742
ENST00000260443.9	1.2048165996869407	1.4845197796821594
ENST00000260447.6	1.1600162535905838	1.2317343354225159
ENST00000260453.4	0.20869015157222748	0.3055044561624527
ENST00000260526.11	-0.5731356739997864	-0.7985016405582428
ENST00000260570.8	0.20172357000410557	0.07418159209191799
ENST00000260641.9	0.8136619478464127	0.9500709027051926
ENST00000260643.7	-0.10969295725226402	-0.4624701738357544
ENST00000260665.12	0.2194703370332718	0.5657607614994049
ENST00000260702.4	0.1451318897306919	0.17453464344143865
ENST00000260731.5	0.13666332575182122	0.10587482713162899
ENST00000260746.6	1.20444655418396	1.1041651964187622
ENST00000260753.8	-0.29812388122081757	-0.1336573250591755
ENST00000260803.9	0.6365131884813309	0.11504197120666504
ENST00000260810.10	-0.32154131929079693	-0.25917946050564444
ENST00000260947.9	0.41049982607364655	0.24700190871953964
ENST00000261015.5	0.594291290268302	0.6365491598844528
ENST00000261024.7	0.8105883449316025	0.527862161397934
ENST00000261167.7	0.4001068025827408	0.5547046661376953
ENST00000261183.8	-0.35756501853466033	-0.3695350684225559
ENST00000261191.12	0.2614385299384594	0.14547768607735634
ENST00000261226.9	0.42405821879704797	0.2063176929950714
ENST00000261245.9	0.6423831135034561	0.6114041656255722
ENST00000261249.7	0.5288719311356544	0.4706278368830681
ENST00000261254.8	0.9445437689622243	0.5986484487851461
ENST00000261313.3	1.1482673287391663	1.5346963703632355
ENST00000261326.6	-0.5566868980725607	-0.6906760980685551
ENST00000261369.9	0.7059608797232311	0.418177326520284
ENST00000261381.7	-0.3037476260215044	-0.21923556877300143
ENST00000261407.9	0.025271193590015173	0.4604681134223938
ENST00000261413.9	0.29852432012557983	0.7392684519290924
ENST00000261435.11	-0.6112682372331619	-0.799918994307518
ENST00000261439.9	-0.9186319410800934	-0.9473230391740799
ENST00000261455.8	0.4886402815580368	0.20990360248833895
ENST00000261461.7	-0.2009915417681138	0.26769736657540005
ENST00000261475.9	0.1951284185051918	0.2671959549188614
ENST00000261479.9	0.9827920794487	1.2453422248363495
ENST00000261497.9	0.21636618673801422	0.23669855296611786
ENST00000261499.10	0.9467258751392365	0.5824477672576904
ENST00000261507.11	0.5989630222320557	1.1562922596931458
ENST00000261520.9	-0.5702002048492432	-0.3682181239128113
ENST00000261531.12	0.5266053974628448	0.4546635150909424
ENST00000261537.6	-0.3080616556107998	-0.007498342543840408
ENST00000261584.9	-0.675222173333168	-0.5698765307664871
ENST00000261588.9	-0.3572528436779976	-0.6051726341247559
ENST00000261596.8	-0.2474582480887572	-0.12189247955878577
ENST00000261597.9	0.23722058162093163	0.25381534174084663
ENST00000261600.11	0.15573040520151454	0.5086177388827006
ENST00000261601.8	0.6793877085049947	0.8646640876928966
ENST00000261622.5	0.1371833011507988	0.37363892793655396
ENST00000261637.5	-0.1868191659450531	-0.01687294989824295
ENST00000261647.10	0.43820804357528687	0.1870504543185234
ENST00000261653.10	-0.0868599209934473	0.03922438761219382
ENST00000261667.8	0.6456339657306671	0.7742130756378174
ENST00000261674.8	0.013216229900717736	-0.18201552964746953
ENST00000261681.9	0.12542507300774255	0.21058908849954605
ENST00000261692.7	0.8332892060279846	1.106936901807785
ENST00000261700.8	0.9221262633800507	1.040052354335785
ENST00000261708.9	0.383095383644104	0.5378888845443726
ENST00000261714.11	0.3371012806892395	0.7968677878379822
ENST00000261721.9	-0.3927563149482012	-0.4396854067842165
ENST00000261733.7	0.9848286708196003	0.806650052467982
ENST00000261735.4	1.105287879705429	1.4813723266124725
ENST00000261769.10	0.7775153070688248	0.8062229305505753
ENST00000261772.13	0.7540566027164459	0.5526784360408783
ENST00000261776.10	-0.08957960829138756	-0.4341351389884949
ENST00000261778.2	-0.6988305350144705	-0.616406112909317
ENST00000261783.4	0.7210938632488251	0.37295499444007874
ENST00000261797.7	0.04029102064669132	-0.04863804206252098
ENST00000261798.10	0.6654357463121414	0.5590008720755577
ENST00000261799.9	0.018772269909580547	-0.019270047545433044
ENST00000261811.6	1.12149977684021	1.3882847428321838
ENST00000261813.9	1.3461418151855469	1.3701592087745667
ENST00000261819.8	0.21628455072641373	0.2197636067867279
ENST00000261839.12	-0.2562023103237152	-0.5358682572841644
ENST00000261842.10	-0.3795084971934557	-0.3885803259909153
ENST00000261845.7	-0.12466900981962681	-0.32013627886772156
ENST00000261854.10	0.6083832234144211	0.5085824131965637
ENST00000261867.5	-0.4091274179518223	-0.3220019917935133
ENST00000261868.10	0.6269311532378197	0.9647523537278175
ENST00000261875.10	0.464262418448925	0.8597120940685272
ENST00000261880.10	0.8282650113105774	0.5775346159934998
ENST00000261881.9	0.6579410632451375	0.5931479434172312
ENST00000261884.8	0.13576295971870422	0.10976938903331757
ENST00000261888.10	0.4036507159471512	0.5572467595338821
ENST00000261900.8	0.30254068970680237	0.18295040726661682
ENST00000261918.9	-0.19753109104931355	-0.1556661743670702
ENST00000261921.8	-0.790192723274231	-0.5722216069698334
ENST00000261942.7	0.3566458560526371	0.47292519360780716
ENST00000261965.8	-0.3535778820514679	-0.5475238859653473
ENST00000262027.10	0.1532406210899353	0.27782219648361206
ENST00000262030.8	1.271591087182363	0.9588204423586527
ENST00000262031.10	0.7303677399953207	0.7945657471815746
ENST00000262039.9	0.40811479091644287	0.24666331335902214
ENST00000262056.13	0.6118775705496471	0.9562526444594066
ENST00000262061.7	1.5784838398297627	1.3370352983474731
ENST00000262067.5	1.2405968308448792	1.2777099609375
ENST00000262093.11	-0.03227008879184723	0.31735973060131073
ENST00000262094.10	0.5164472013711929	0.809832826256752
ENST00000262096.13	-0.32514097169041634	-0.5947065874934196
ENST00000262109.8	0.08769280835986137	0.5277677774429321
ENST00000262120.10	0.28814046767850715	0.7851754625638326
ENST00000262127.7	-0.04969853721559048	-0.1958385854959488
ENST00000262133.11	-0.7515114322304726	-0.4325105845928192
ENST00000262144.11	-0.2194674164056778	-0.15074779838323593
ENST00000262187.10	0.6962134838104248	0.701185792684555
ENST00000262193.7	1.1152548789978027	1.2352617979049683
ENST00000262210.9	-0.10387368896044791	0.018815820571035147
ENST00000262215.8	-0.16734538227319717	-0.13911211723461747
ENST00000262225.8	1.244900127251943	1.2268505692481995
ENST00000262238.10	0.3357239620139202	0.14909885699550313
ENST00000262241.7	0.5655522048473358	0.5088260769844055
ENST00000262244.6	0.22837547088662782	0.474435364206632
ENST00000262302.14	0.318448378238827	0.33714161440730095
ENST00000262316.10	-0.5018660177787145	-0.6405292252699535
ENST00000262319.11	-0.07725905332093437	0.09691872540861368
ENST00000262352.8	1.0358253121376038	0.7334895730018616
ENST00000262367.10	-0.8145206421613693	-0.6742841154336929
ENST00000262384.4	-0.5856683552265167	-0.7169070839881897
ENST00000262395.10	-0.19907435091833275	-0.04228367656469345
ENST00000262415.8	0.22453307434916497	0.2502576068043709
ENST00000262426.6	0.61522709329923	0.45106139282385505
ENST00000262428.5	1.6631360054016113	1.7887356281280518
ENST00000262435.14	-0.28789158165454865	-0.4178558811545372
ENST00000262455.7	0.6685717701911926	1.0582137703895569
ENST00000262460.5	1.21567103266716	1.0959604978561401
ENST00000262461.7	-0.05876623218258222	0.21306126316388446
ENST00000262498.8	1.056295931339264	1.27183198928833
ENST00000262506.8	-0.4015711545944214	-0.2450665608048439
ENST00000262507.11	0.36612052718798316	0.5331596334775288
ENST00000262519.14	-0.6894259651501974	-0.5982269545396168
ENST00000262525.6	-0.21720850467681885	-0.26967576953272027
ENST00000262577.6	-0.09786551569898924	-0.2897770578662554
ENST00000262613.10	0.3886737823486328	0.4300893098115921
ENST00000262644.9	0.3442410839100679	0.5924606422583262
ENST00000262646.12	1.2748756483197212	1.5108194798231125
ENST00000262719.10	-0.05714792211074382	-0.1580802844837308
ENST00000262768.11	0.7488993704319	0.9475777745246887
ENST00000262776.8	0.27437685430049896	0.4506112411618233
ENST00000262812.9	0.5345448963344097	0.8673761710524559
ENST00000262815.13	0.10346848610788584	0.1359591679647565
ENST00000262887.10	0.39659440517425537	0.08604203164577484
ENST00000262891.9	-0.33882978558540344	-1.110952615737915
ENST00000262903.9	-0.29085725359618664	-0.4744054675102234
ENST00000262919.10	-0.24675899247328442	0.20173018891364336
ENST00000262932.5	0.5500519201159477	0.8321295976638794
ENST00000262948.10	-0.4579307809472084	-0.3919593617320061
ENST00000262962.12	0.6199211180210114	0.42999856173992157
ENST00000262971.3	0.8564969152212143	0.34728673100471497
ENST00000262982.3	0.11263714451342821	0.66656344383955
ENST00000262990.9	0.6785085499286652	0.5768913924694061
ENST00000262995.8	0.28043305377165473	0.3511168658733368
ENST00000263026.10	0.5289392471313477	0.21235881000757217
ENST00000263035.9	-0.5703043043613434	-0.31742534041404724
ENST00000263038.9	0.4444989562034607	0.09358535706996918
ENST00000263063.8	0.18960261220733327	0.16300129517912865
ENST00000263073.11	-0.04050325136631727	-0.1554299108684063
ENST00000263093.7	0.2395152896642685	0.16929604671895504
ENST00000263100.8	0.6130489607652028	0.6436946491400402
ENST00000263102.7	0.6570087373256683	0.4386158287525177
ENST00000263125.10	0.4423575848340988	0.1366637498140335
ENST00000263174.9	-0.07366975583136082	0.27547891438007355
ENST00000263181.7	-0.25227314606308937	-0.3334752097725868
ENST00000263202.15	0.9577478369077046	0.8767407834529877
ENST00000263208.5	-1.0081461568673453	-0.9397539695103962
ENST00000263212.10	-0.3354295790195465	-0.33262262493371964
ENST00000263228.4	0.5113695338368416	0.6948316395282745
ENST00000263238.7	0.6970965266227722	0.7357808649539948
ENST00000263239.7	0.5310778419176738	0.9207241634527842
ENST00000263245.10	0.5633530765771866	0.6058453470468521
ENST00000263253.9	-0.16187407076358795	-0.160751111805439
ENST00000263256.7	0.7966273128986359	0.4698316752910614
ENST00000263257.6	0.393521492369473	0.5474179107695818
ENST00000263270.11	0.8792093247175217	1.252360850572586
ENST00000263275.5	0.8255003392696381	0.9142637252807617
ENST00000263277.8	0.9122545197606087	0.906019426882267
ENST00000263278.9	0.8231888711452484	0.49775056168437004
ENST00000263280.11	-0.11201832816004753	-0.10435264557600021
ENST00000263346.13	0.3368905037641525	0.1435331106185913
ENST00000263354.8	1.491582453250885	0.9884718954563141
ENST00000263368.9	1.0346232950687408	0.9631337374448776
ENST00000263370.3	-0.2761924061924219	-0.39026230946183205
ENST00000263379.4	-0.6576284219821295	-0.3727132578690847
ENST00000263382.8	0.8062861263751984	0.8777154684066772
ENST00000263383.8	0.15434474498033524	-0.052088746801018715
ENST00000263388.7	-0.5272067487239838	-0.3637659251689911
ENST00000263390.8	-0.8506288826465607	-1.0307626128196716
ENST00000263461.11	0.036902714520692825	-0.15608704090118408
ENST00000263549.8	0.13544540479779243	0.12301452830433846
ENST00000263563.7	-1.0188960433006287	-0.8321989476680756
ENST00000263578.10	0.42784664034843445	0.04975580424070358
ENST00000263579.5	0.3863973617553711	0.418875515460968
ENST00000263593.8	0.6173259317874908	0.6651421785354614
ENST00000263620.8	0.037820806726813316	-0.2522346042096615
ENST00000263635.8	-0.6897694170475006	-0.481030598282814
ENST00000263650.12	-0.1356290951371193	-0.4005165994167328
ENST00000263657.7	0.8954907059669495	1.139790137608846
ENST00000263666.9	-0.3605906218290329	-0.5657997379700342
ENST00000263672.11	1.1942977905273438	1.365565299987793
ENST00000263674.4	-0.38106389343738556	-0.6201324909925461
ENST00000263681.7	0.8119414895772934	0.7407671809196472
ENST00000263688.4	-0.3410334326326847	-0.30347777903079987
ENST00000263694.9	0.5334212183952332	0.4683295115828514
ENST00000263697.6	0.812511682510376	0.946425716082255
ENST00000263702.11	0.5689766108989716	0.6313345432281494
ENST00000263733.5	-0.4745285212993622	-0.4441346079111099
ENST00000263734.5	0.20450136624276638	-0.06425271555781364
ENST00000263735.9	1.0949254035949707	1.3332189619541168
ENST00000263754.5	-0.3439619690179825	-0.15032882243394852
ENST00000263773.10	0.4200586825609207	0.14329838752746582
ENST00000263776.9	0.1670738935470581	0.2178777977824211
ENST00000263791.10	-0.6532438099384308	-0.7458300292491913
ENST00000263801.7	-0.4817110523581505	-0.22640350461006165
ENST00000263847.6	0.15163857862353325	0.019324383698403835
ENST00000263849.9	0.5562245051066081	0.47996981938680017
ENST00000263856.9	0.939157885313034	0.8860288739204407
ENST00000263864.10	1.7635540962219238	1.4261626601219177
ENST00000263881.8	-0.5942211523652077	-0.5122781321406364
ENST00000263897.10	0.3093826323747635	0.30074775218963623
ENST00000263915.8	0.0025644839042797685	-0.45761843025684357
ENST00000263921.8	0.4706339120864868	0.022001400589942932
ENST00000263925.8	-0.1553528169170022	-0.30129650235176086
ENST00000263966.8	0.4300278518348932	0.39312207512557507
ENST00000263967.4	-0.5763860791921616	-0.613063246011734
ENST00000263980.8	0.16085374106963474	0.33527734875679016
ENST00000263985.11	0.25947679579257965	-0.015192067716270685
ENST00000263997.11	0.7034917920827866	0.5625195577740669
ENST00000264012.9	0.6338178515434265	0.792940154671669
ENST00000264025.8	0.02897133305668831	0.2601492740213871
ENST00000264036.6	0.21989458054304123	0.6336235329508781
ENST00000264039.7	0.30921800434589386	0.3888667970895767
ENST00000264042.8	-0.2890256643295288	-0.3284149020910263
ENST00000264059.8	1.1325997710227966	0.657393753528595
ENST00000264079.11	0.11714302313824496	0.005430062611897787
ENST00000264080.11	0.7369494289159775	0.5710348933935165
ENST00000264093.9	0.6937386095523834	0.56431445479393
ENST00000264094.8	0.18331044726073742	0.18459417670965195
ENST00000264108.5	0.3525521010160446	0.39047712087631226
ENST00000264144.5	0.004927065844337145	0.4814273715019226
ENST00000264167.10	0.43028032779693604	0.48656125366687775
ENST00000264198.5	0.4688107259571552	0.3748921323567629
ENST00000264220.6	0.5389449596405029	0.18217498809099197
ENST00000264230.5	0.27548697404563427	-0.02852090448141098
ENST00000264245.9	-0.6000489890575409	-0.6991457343101501
ENST00000264254.11	1.2922915071249008	0.9197445213794708
ENST00000264255.8	0.8577023595571518	1.186393290758133
ENST00000264265.4	0.6835358366370201	1.0485281348228455
ENST00000264276.11	-0.5216413214802742	-0.5298541709780693
ENST00000264279.10	0.4228576198220253	1.0418592393398285
ENST00000264313.11	-0.3358208189407984	-0.10465791262686253
ENST00000264344.10	-0.1667003333568573	-0.5091449618339539
ENST00000264346.12	-0.14449920132756233	-0.02586759626865387
ENST00000264350.8	-0.3148658946156502	-0.01712819281965494
ENST00000264380.9	-0.6322540243466694	-0.7783108552296957
ENST00000264381.8	0.32370539009571075	0.459400475025177
ENST00000264389.7	0.5934896245598793	0.9502229616045952
ENST00000264414.9	0.3110312148928642	0.1597828964392344
ENST00000264424.12	0.15342595055699348	0.09012707963120192
ENST00000264433.11	-0.6929265558719635	-0.7949794332186382
ENST00000264449.14	0.13216378539800644	0.29606859385967255
ENST00000264451.12	0.10174426157027483	0.4549403563141823
ENST00000264499.9	0.3277556002140045	0.3800073340535164
ENST00000264515.11	0.54615518450737	0.7522136718034744
ENST00000264538.4	0.8250233232975006	0.6782213002443314
ENST00000264552.14	0.7278703351815541	0.5766644279162089
ENST00000264595.7	0.8397105261683464	0.7477509304881096
ENST00000264607.9	0.41742223501205444	0.20129239559173584
ENST00000264638.9	-0.07093976810574532	0.01562766171991825
ENST00000264639.9	0.29732130467891693	0.5089291632175446
ENST00000264669.10	-0.6776352922121684	-0.23933833092451096
ENST00000264670.11	-0.03362098056823015	0.10578138008713722
ENST00000264689.11	0.3463827595114708	0.03941492456942797
ENST00000264705.9	0.09578430435309808	-0.20912195245424908
ENST00000264771.9	0.11008271761238575	0.00667025288566947
ENST00000264805.9	0.02160451840609312	-0.2617015838623047
ENST00000264827.9	-0.46728765964508057	-0.3963327258825302
ENST00000264832.8	0.23534519473711651	0.621190036336581
ENST00000264864.8	-0.18328141421079636	0.24575384706258774
ENST00000264896.8	0.7542501787344615	0.9080288310845692
ENST00000264908.11	0.7505085915327072	1.2182579934597015
ENST00000264914.10	0.3113038018345833	0.35383007675409317
ENST00000264926.7	0.3770439699292183	0.41770774871110916
ENST00000264932.11	0.531930185854435	0.73109470307827
ENST00000264935.6	0.006918999366462231	-0.3093212991952896
ENST00000264954.5	1.0347916781902313	1.1007799208164215
ENST00000264963.8	0.4297715574502945	0.5811604658762615
ENST00000264995.8	0.6532040933767955	0.7242647111415863
ENST00000265000.9	0.5006067007780075	0.6594706177711487
ENST00000265038.9	0.3646929617971182	0.6080779358744621
ENST00000265056.12	0.4603340867906809	0.5632557645440102
ENST00000265062.8	1.023276795943578	0.9488778809706371
ENST00000265069.13	0.2754003722220659	0.4895397573709488
ENST00000265070.7	0.8545842319726944	0.8465109765529633
ENST00000265071.3	0.6072050034999847	0.7183539569377899
ENST00000265081.7	-0.4037989874680837	-0.6955903122822444
ENST00000265097.9	0.7307412475347519	0.5488834381103516
ENST00000265136.12	-0.8594240248203278	-0.9512834310531617
ENST00000265138.4	0.3165457397699356	0.3404494971036911
ENST00000265148.9	-0.17216970585286617	-0.08922337274998426
ENST00000265174.5	0.8600251972675323	0.6659571826457977
ENST00000265245.10	-0.023316952399909496	0.025813795626163483
ENST00000265260.8	1.1441438496112823	0.9558644493420918
ENST00000265271.7	-0.12365743471309543	0.009663410484790802
ENST00000265293.8	-0.7632491290569305	-1.0453639030456543
ENST00000265295.9	-0.136140126734972	0.030318906530737877
ENST00000265316.9	0.24617056921124458	0.027229036204516888
ENST00000265322.8	0.39748365581035616	0.027320396900177
ENST00000265343.10	-0.63994300365448	-0.1502135694026947
ENST00000265348.9	-0.16670754551887512	-0.5251733958721161
ENST00000265351.12	-0.056814126670360565	0.13929430907592177
ENST00000265354.6	-0.37995266914367676	-0.11665497720241547
ENST00000265388.9	-0.14037252496927977	-0.045365176163613796
ENST00000265395.7	0.7432312965393066	0.7004488706588745
ENST00000265421.9	0.6573424935340881	0.6074426174163818
ENST00000265465.8	0.19154195114970207	-0.021091355476528406
ENST00000265564.8	1.2598693519830704	0.5134880207479
ENST00000265565.10	-0.6633450090885162	-0.6669911444187164
ENST00000265594.9	0.38539458215236666	0.18205609545111656
ENST00000265616.10	0.594742476940155	0.3910778909921646
ENST00000265634.4	0.3162367343902588	0.506833977997303
ENST00000265643.4	1.0413667559623718	0.9613199234008789
ENST00000265686.8	0.16109797358512878	0.053179225884377956
ENST00000265689.9	0.13626208528876305	0.28197092190384865
ENST00000265717.5	0.3666335232555866	0.5095362961292267
ENST00000265742.8	-0.5039364447196325	-0.6109603742758434
ENST00000265748.7	0.13156913220882416	0.07669558003544807
ENST00000265758.7	0.5902764995892842	0.553232232729594
ENST00000265838.9	1.355585664510727	0.7695079743862152
ENST00000265846.10	-0.5928567051887512	-0.4858890175819397
ENST00000265849.12	0.19917961806058884	0.08416701816022396
ENST00000265857.8	0.2688324302434921	0.2752729617059231
ENST00000265896.10	0.23281734436750412	0.3693424165248871
ENST00000265965.10	-0.09857884670297304	-0.18302525083223978
ENST00000265981.7	0.24984590833385786	0.0686851479113102
ENST00000265986.11	0.46995410323143005	0.6920990248521168
ENST00000266022.9	0.14205613002801937	0.1656172089278698
ENST00000266025.4	0.07835542038083076	0.42534053325653076
ENST00000266079.5	0.4499654769897461	0.40269606560468674
ENST00000266085.6	0.9954886237780254	1.1081528464953105
ENST00000266087.12	0.04290618747472763	0.38881899788975716
ENST00000266304.9	0.5769088566303253	0.7502362728118896
ENST00000266383.10	-0.9227988868951797	-0.8635227382183075
ENST00000266529.8	0.3859545961022377	0.5516508569320042
ENST00000266542.9	-0.21725797404845557	0.23730865276108187
ENST00000266546.11	0.19072396960109472	0.23338066413998604
ENST00000266556.8	0.1759144626557827	0.36824333667755127
ENST00000266659.8	0.3752652034163475	0.45869445614516735
ENST00000266673.10	0.15161854649583498	0.20449128995339075
ENST00000266679.8	0.20226160436868668	0.6988321244716644
ENST00000266712.11	-0.04507165464262168	0.0909683679540952
ENST00000266718.5	0.7257347255945206	1.0769156515598297
ENST00000266735.9	1.7169784009456635	1.8504654467105865
ENST00000266943.11	0.42411600053310394	0.3675321340560913
ENST00000267103.10	0.5947002917528152	0.19541307538747787
ENST00000267116.8	-0.3586984947323799	-0.5506569743156433
ENST00000267163.5	-0.09074783325195312	0.1998588014394045
ENST00000267199.9	0.44654855132102966	0.3955190032720566
ENST00000267202.7	0.5519792884588242	0.5118765793740749
ENST00000267328.5	0.6032983362674713	0.2879537008702755
ENST00000267339.6	0.5837961435317993	0.22076962888240814
ENST00000267750.9	0.9463583827018738	0.8170213848352432
ENST00000267812.4	1.165385107199351	0.6599555015563965
ENST00000267814.14	0.6299426853656769	0.6877260208129883
ENST00000267838.7	0.22191092744469643	0.14695766428485513
ENST00000267842.10	0.6586292882760366	0.4171587030092875
ENST00000267884.11	1.6179022789001465	1.4151416420936584
ENST00000268057.9	0.274866114060084	0.19277537614107132
ENST00000268058.8	0.15624391240999103	0.18605538457632065
ENST00000268097.10	0.21165241114795208	0.6658306270837784
ENST00000268099.13	0.8666465580463409	1.119911789894104
ENST00000268182.10	0.4607325941324234	0.23847553692758083
ENST00000268206.12	0.3319016396999359	0.08280275017023087
ENST00000268261.9	0.8145080457131069	0.8632347484429677
ENST00000268379.9	1.061563789844513	1.3774410784244537
ENST00000268383.7	0.1389528065919876	-0.27108369767665863
ENST00000268482.8	-0.37918588519096375	0.027238626964390278
ENST00000268533.9	1.0353049039840698	0.6261286735534668
ENST00000268603.9	0.22682230453938246	0.2862739823758602
ENST00000268668.11	0.8694591894745827	0.9186504036188126
ENST00000268695.10	0.16731444001197815	0.28612206876277924
ENST00000268699.9	0.5107744410634041	0.5661621540784836
ENST00000268711.4	0.622748501598835	0.7068199515342712
ENST00000268717.10	0.5666608661413193	0.5765067338943481
ENST00000268719.9	0.7646197974681854	0.5773394703865051
ENST00000268797.12	-0.7867066860198975	-0.7093078792095184
ENST00000268835.7	0.7115743458271027	0.5803270290295284
ENST00000268989.8	-0.7963380813598633	-1.019439458847046
ENST00000269033.7	-0.17455697804689407	-0.3884444385766983
ENST00000269141.8	0.781622052192688	0.7328857928514481
ENST00000269142.10	-0.025152549147605896	-0.08774212747812271
ENST00000269143.8	0.2972331941127777	0.41138502955436707
ENST00000269159.8	0.3526976555585861	0.09996272390708327
ENST00000269195.5	0.23508794109026593	0.4995593925317129
ENST00000269228.10	0.10433380926648776	0.32709457973639167
ENST00000269260.7	0.8988629430532455	0.5596148557960987
ENST00000269298.10	0.7434810400009155	0.8443157970905304
ENST00000269385.9	0.3502799030393362	0.37578823417425156
ENST00000269397.9	-0.004257256165146828	-0.1660197311080992
ENST00000269445.10	-0.4855790386597315	-0.24530072572330633
ENST00000269601.10	1.024015262722969	0.6599586755037308
ENST00000269701.7	0.5447141528129578	0.21813563257455826
ENST00000269740.9	0.08793140575289726	-0.06905773095786572
ENST00000269856.5	-0.5250566154718399	-0.5090504239002864
ENST00000269886.7	0.8124693036079407	0.5494341254234314
ENST00000269919.11	0.5170336365699768	0.4850919395685196
ENST00000269967.4	0.8668410778045654	0.30339042594035465
ENST00000270139.8	-0.2818845510482788	0.17203020676970482
ENST00000270142.11	1.6549518257379532	1.724877491593361
ENST00000270223.7	-0.5136986374855042	-0.155613511800766
ENST00000270225.12	0.7531882524490356	0.9376426637172699
ENST00000270517.12	0.023407893255352974	0.1054595373570919
ENST00000270586.8	0.8713189512491226	1.10643270611763
ENST00000270625.7	1.6345725059509277	1.7740941643714905
ENST00000270645.8	0.5329711139202118	0.9752555986245472
ENST00000270776.13	0.8234322220087051	1.1377081274986267
ENST00000270824.1	0.38226892737050855	0.07518190704286098
ENST00000271064.12	0.38943713903427124	0.5012824833393097
ENST00000271277.11	-0.08752804435789585	0.18762203492224216
ENST00000271308.9	1.3995161056518555	1.6083967089653015
ENST00000271526.9	0.26057206839323044	0.3157370015978813
ENST00000271620.8	0.3550208881497383	0.3289269879460335
ENST00000271628.9	0.9362420737743378	0.836365818977356
ENST00000271638.3	1.7402321497599282	1.5916059613227844
ENST00000271690.12	1.1070572972297668	1.1405278086662292
ENST00000271732.8	0.7449024220307667	1.0874473750591278
ENST00000271764.7	-0.20337785501033068	-0.06704680994153023
ENST00000272091.8	0.9536150991916656	0.7160278409719467
ENST00000272139.5	0.49179449677467346	0.15846830792725086
ENST00000272217.7	0.9317614138126373	1.0124008655548096
ENST00000272233.6	1.1975074410438538	0.814513623714447
ENST00000272252.10	0.30832210928201675	0.34882108867168427
ENST00000272424.11	0.3273387774825096	0.46651577949523926
ENST00000272427.11	0.1735624335706234	0.2552439980208874
ENST00000272430.10	-0.03927720384672284	-0.13803656795062125
ENST00000272444.7	0.3465166240930557	0.3670022785663605
ENST00000272542.8	0.5930887460708618	0.3799828290939331
ENST00000272638.14	0.4873911216855049	0.571220800280571
ENST00000272732.11	0.6063506454229355	0.4921894371509552
ENST00000272748.9	0.24750825390219688	0.3538643978536129
ENST00000272928.4	0.9232487231492996	0.44613562896847725
ENST00000273130.9	0.565753385424614	0.590106338262558
ENST00000273258.4	1.5352502763271332	1.090096265077591
ENST00000273308.9	0.6197062432765961	0.8572000861167908
ENST00000273359.8	0.7490178644657135	0.43212060928344725
ENST00000273398.8	1.24041086435318	1.1570576429367065
ENST00000273596.8	-0.34415982104837894	-0.35015925485640764
ENST00000273668.7	0.631452277302742	0.5251706913113594
ENST00000273814.8	-0.35156480222940445	-0.6376267770926157
ENST00000273853.11	-0.05498516311248143	-0.020615268809099994
ENST00000273859.8	-0.4327474981546402	-0.5837644338607788
ENST00000273861.5	0.4466724842786789	0.35610014013946056
ENST00000273920.8	1.4621224403381348	0.7306776642799377
ENST00000273968.5	1.4093888476490974	1.2706878185272217
ENST00000273986.10	0.9717507511377335	1.6712969243526459
ENST00000274000.10	0.4715992361307144	0.6196222603321075
ENST00000274008.5	0.5170899033546448	0.19242199510335922
ENST00000274031.7	0.7062485456466674	0.3649582028388977
ENST00000274054.3	0.23000504324833554	0.37196501841147744
ENST00000274065.9	1.6791614890098572	1.6297743618488312
ENST00000274192.7	-0.22386285476386547	0.17011797986924648
ENST00000274217.4	-0.19440880417823792	0.10684089735150337
ENST00000274276.8	0.1680632308125496	0.22260529547929764
ENST00000274364.11	0.22185419499874115	0.18220530450344086
ENST00000274569.9	0.32206249982118607	0.40183207392692566
ENST00000274605.6	0.01973831281065941	-0.14088814705610275
ENST00000274813.4	0.4761694222688675	0.5851241946220398
ENST00000274849.3	0.7413066526254019	0.8257538775602977
ENST00000275227.9	0.05589452665299177	0.09484188305214047
ENST00000275364.8	-0.22655771672725677	-0.43221811950206757
ENST00000275428.9	0.4996701553463936	0.6043119132518768
ENST00000275493.7	0.12363410865267117	0.17778539036711055
ENST00000275517.8	0.4752355416615804	0.655435601870219
ENST00000275603.9	0.9257536232471466	1.0496866007645924
ENST00000275766.2	0.5800721347332001	0.2614711672067642
ENST00000275820.4	0.360899955034256	0.4398345425724983
ENST00000276055.4	-0.09432548843324184	-0.20322876051068306
ENST00000276202.8	-0.11699935421347618	-0.21239662915468216
ENST00000276282.7	-0.8382041454315186	-1.0279499292373657
ENST00000276416.11	0.6705598086118698	0.8413637578487396
ENST00000276500.4	0.40669864416122437	0.6173846423625946
ENST00000276569.8	0.014571789652109146	0.08724432904273272
ENST00000276689.8	1.068523039420446	1.0479813317457833
ENST00000276692.11	0.6015429943799973	0.7322151213884354
ENST00000276826.5	-0.43566907942295074	-0.5390724241733551
ENST00000276893.10	0.22785411278406778	0.10973146619896093
ENST00000276914.7	0.7920040190219879	0.7425724565982819
ENST00000276925.7	0.8915343731641769	0.7936700880527496
ENST00000277010.9	0.25432542618364096	0.4680503805478414
ENST00000277165.11	-0.8709298968315125	-1.007305383682251
ENST00000277458.5	0.19844533503055573	0.4245932251214981
ENST00000277540.7	0.06384597299620509	0.020169432274997234
ENST00000277570.10	-0.39978963509202003	-0.2698957622051239
ENST00000277632.8	0.3511276891721147	0.3220895401069096
ENST00000277865.5	0.9806581139564514	0.8574991524219513
ENST00000278412.7	0.7530512064695358	0.6092783659696579
ENST00000278422.9	0.8523886054754257	0.9677153527736664
ENST00000278460.12	0.5590387806296349	0.14718525856733322
ENST00000278483.8	0.39172425866127014	0.8173608779907227
ENST00000278505.5	0.731117347876231	0.8288830022017161
ENST00000278612.9	-0.1540684551000595	-0.1990102082490921
ENST00000278618.9	0.844036865234375	0.6280337870121002
ENST00000278671.10	0.33469417691230774	0.21959369629621506
ENST00000278823.7	0.11268454045057297	0.1194449970498681
ENST00000278840.9	0.5708378367125988	0.6221363209187984
ENST00000278886.11	-0.9370891749858856	-1.0588034987449646
ENST00000278935.8	-0.6598333045840263	-0.32339970767498016
ENST00000279022.7	1.602493623892466	1.4196818470954895
ENST00000279068.11	-0.021727748215198517	0.3700397958358129
ENST00000279146.8	0.559088056286176	0.4787877400716146
ENST00000279263.13	-0.06618939526379108	0.28186845500022173
ENST00000279394.7	-0.4088326469063759	-0.5877829015254974
ENST00000279488.8	0.8981621861457825	0.6767892837524414
ENST00000279839.8	0.711374928553899	0.7560208638509114
ENST00000279907.12	-0.7575311809778214	-0.7752216458320618
ENST00000280326.9	0.9678788483142853	1.0302385985851288
ENST00000280333.9	-0.5565717866023381	-0.5783280531565348
ENST00000280346.11	0.5004820451140404	0.7325126677751541
ENST00000280557.11	0.7966634333133698	0.9723966121673584
ENST00000280571.9	0.5705181807279587	0.4016953706741333
ENST00000280612.9	0.5007026880979538	0.6326688289642335
ENST00000280614.4	0.17408730238676073	-0.0038624376058578494
ENST00000280665.11	-0.15262405574321747	0.1917627826333046
ENST00000280700.10	-0.27477748692035675	-0.117557343095541
ENST00000280701.8	0.5118844453245401	0.10718308156356215
ENST00000280758.10	-0.13738396763801575	-0.5692817270755768
ENST00000280871.9	0.22390276193618774	0.5502672716975212
ENST00000280886.12	-0.2671443695823352	-0.2008091335495313
ENST00000281031.5	1.4181100130081177	1.485913634300232
ENST00000281038.10	0.32999660074710846	0.20161420851945877
ENST00000281141.9	0.47423577308654785	0.31136031448841095
ENST00000281142.10	-0.23871861211955547	-0.12289374073346457
ENST00000281182.9	0.5628008544445038	0.33341988921165466
ENST00000281243.10	0.9107881933450699	1.0861500203609467
ENST00000281273.8	0.16662108805030584	0.3454272486269474
ENST00000281282.5	-0.05457272008061409	0.019587207585573196
ENST00000281405.9	0.22856579720973969	0.2510191351175308
ENST00000281419.8	0.376920647919178	0.08292769081890583
ENST00000281456.11	1.2333938082059224	0.9121337433656057
ENST00000281543.6	0.3008634001016617	0.11355120688676834
ENST00000281623.8	0.19986985716968775	0.1379094673320651
ENST00000281701.11	0.30460797250270844	0.2054039165377617
ENST00000281741.9	-0.29440081616242725	-0.19770804047584534
ENST00000281938.7	0.7963677048683167	1.0878600835800172
ENST00000281950.8	0.9729334861040115	0.6894457638263702
ENST00000282003.7	0.21837972104549408	0.06587921269237995
ENST00000282032.4	0.4538426473736763	0.41919445246458054
ENST00000282058.11	0.7507921457290649	0.6432567238807678
ENST00000282096.9	-0.4934308926264445	-0.5499131580193837
ENST00000282226.5	0.7173385769128799	0.5251381918787956
ENST00000282251.9	0.1375816846266389	0.040616164449602365
ENST00000282272.15	0.39017656445503235	0.11857666727155447
ENST00000282276.8	0.4753827601671219	0.2854791320860386
ENST00000282344.11	-0.16788559127599	-0.03025662526488304
ENST00000282397.9	0.016385415568947792	0.07617470156401396
ENST00000282412.9	0.8384987910588582	0.6766199270884197
ENST00000282441.10	-0.04113566502928734	0.3030976504087448
ENST00000282541.10	0.7715518027544022	0.946404755115509
ENST00000282561.4	0.598770909011364	0.6786625236272812
ENST00000282570.4	-0.36870049436887103	-0.26440106580654776
ENST00000282633.10	-0.010180141776800156	-0.3055065721273422
ENST00000283033.9	-0.5317305723826091	-0.34106160451968515
ENST00000283109.8	0.5516646206378937	0.46377881368001306
ENST00000283131.4	0.3520350530743599	0.6023039221763611
ENST00000283206.9	0.5853863283991814	0.5096952207386494
ENST00000283290.10	0.6517429202795029	0.47374720126390457
ENST00000283351.9	-0.31319907307624817	-0.07838445343077183
ENST00000283629.8	-0.0966052170842886	0.002462690696120262
ENST00000283632.5	-0.04263101890683174	-0.004450359381735325
ENST00000283646.5	0.4399700462818146	0.36474326252937317
ENST00000283875.6	0.9785820841789246	0.6595317721366882
ENST00000283882.4	0.3423078954219818	0.12642714381217957
ENST00000284061.8	0.3498641178011894	0.20700747519731522
ENST00000284116.9	0.49698569873968756	0.39812182386716205
ENST00000284136.10	0.48596668243408203	0.637508362531662
ENST00000284202.9	0.4273190051317215	0.2647477090358734
ENST00000284268.8	0.5301327854394913	0.3608260502417882
ENST00000284273.6	-0.3918609619140625	0.09384116530418396
ENST00000284274.5	0.01963764149695635	0.20051266252994537
ENST00000284320.6	0.697388619184494	0.6902669370174408
ENST00000284376.7	-0.23923577057818574	-0.16521688282955438
ENST00000284476.7	-0.09495574422180653	-0.12280792184174061
ENST00000284551.11	0.2331545079747836	0.2499392032623291
ENST00000284637.14	-0.4207096447547277	-0.37784994641939795
ENST00000284690.4	-0.5701984882354736	-0.3810430705547333
ENST00000284719.8	0.8635497987270355	1.0329098105430603
ENST00000284771.7	0.45165620744228363	0.4515519142150879
ENST00000284818.7	1.1013096570968628	0.9101399481296539
ENST00000284881.9	0.612921953201294	0.34965571761131287
ENST00000284984.8	0.15355275571346283	0.2622949033975601
ENST00000285021.12	0.01824605418369174	0.09173575043678284
ENST00000285039.12	-0.5902558505535126	-0.3794644802808762
ENST00000285093.15	0.9536992410818736	0.8248063027858734
ENST00000285106.10	-0.5272161513566971	-0.48019765317440033
ENST00000285243.7	-0.5769231468439102	-0.5426691994071007
ENST00000285379.10	1.2118133703867595	1.141572137673696
ENST00000285398.7	0.07878917083144188	0.22746659815311432
ENST00000285419.8	0.687309592962265	0.4855220541357994
ENST00000285518.11	0.8505008816719055	0.7210128605365753
ENST00000285599.8	-0.3177326377481222	-0.20019464660435915
ENST00000285667.4	0.7042891085147858	0.9344545900821686
ENST00000285689.8	-0.12587188929319382	-0.0126515943557024
ENST00000285737.9	0.5813867673277855	0.28007395192980766
ENST00000285814.9	0.4566992521286011	0.49953856567541755
ENST00000285873.8	-0.1850670650601387	-0.23087654262781143
ENST00000285930.9	0.6621615638335546	0.8450716833273569
ENST00000285968.11	-0.1489085555076599	-0.1261957250535488
ENST00000286070.10	0.4083920468886693	0.415806382894516
ENST00000286096.9	-0.018057038076221943	0.09744765609502792
ENST00000286186.11	0.0776146799325943	0.28496912121772766
ENST00000286234.6	0.2508798763155937	-0.11153810595472655
ENST00000286298.5	0.1880493238568306	0.025615987367928028
ENST00000286364.9	-0.11485611895720163	-0.17666171149661142
ENST00000286371.8	0.8868807852268219	1.3574466109275818
ENST00000286428.7	1.483701229095459	1.1226915121078491
ENST00000286448.12	1.0079699059327445	0.9646724263827007
ENST00000286548.9	0.3849780112504959	-0.27107807993888855
ENST00000286648.10	0.7725258767604828	0.894043505191803
ENST00000286713.7	0.7013415644566219	1.0371887187163034
ENST00000286788.9	1.060989578564962	0.9139311015605927
ENST00000286827.7	-0.8711505606770515	-0.9817536175251007
ENST00000286835.12	-0.7774345129728317	-0.3770729675889015
ENST00000287008.7	-0.23808704564968747	-0.14785327451924485
ENST00000287156.9	1.1705472618341446	1.113683819770813
ENST00000287387.7	0.6867633759975433	0.7066380778948467
ENST00000287394.10	0.13508173450827599	0.15118002146482468
ENST00000287598.11	-0.2457885891199112	-0.10369063168764114
ENST00000287600.9	0.7492456138134003	0.7858912944793701
ENST00000287675.10	0.6788180768489838	0.6908263266086578
ENST00000287713.7	1.0437939266363778	0.6140072047710419
ENST00000287859.11	0.20730933034792542	0.17841604724526405
ENST00000287878.9	0.36701562255620956	0.2344356384128332
ENST00000287934.4	0.2751273214817047	0.6474484503269196
ENST00000287957.5	0.4428953379392624	0.2340158571799596
ENST00000287996.8	-0.2748367004096508	-0.27482423558831215
ENST00000288078.11	-0.2464054822921753	-0.5640218555927277
ENST00000288087.12	0.5831908285617828	0.3126178868114948
ENST00000288207.7	0.7693890631198883	0.7094395458698273
ENST00000288235.9	0.06849981285631657	0.08188893459737301
ENST00000288266.8	0.001611625775694847	0.09270140156149864
ENST00000288670.14	-0.464150071144104	-0.1929537057876587
ENST00000288937.7	0.8409056216478348	1.067528858780861
ENST00000289119.7	0.4745508302003145	0.2919596480205655
ENST00000289359.6	0.44191668927669525	0.2962328866124153
ENST00000289361.11	-0.14636484533548355	0.3214903622865677
ENST00000289805.10	-0.15960662253201008	-0.04560641385614872
ENST00000289968.11	-0.28331585228443146	-0.6215570271015167
ENST00000290039.6	-0.10676387324929237	0.0807400606572628
ENST00000290079.9	1.1501944661140442	0.9324856400489807
ENST00000290130.4	0.486243337392807	0.60332390666008
ENST00000290155.8	0.8728443086147308	1.128391683101654
ENST00000290158.9	0.37757164239883423	0.8153404742479324
ENST00000290209.9	0.42492543160915375	0.3786214143037796
ENST00000290231.11	0.3021470829844475	0.47517138719558716
ENST00000290271.7	0.746157705783844	1.2255820035934448
ENST00000290291.10	-0.44224609434604645	-0.3595139943063259
ENST00000290299.7	1.3662554323673248	1.3845841586589813
ENST00000290341.8	0.5751199275255203	0.6339010745286942
ENST00000290349.11	0.7031740546226501	0.8903574347496033
ENST00000290354.6	0.940002366900444	0.8954182416200638
ENST00000290378.6	1.2184559404850006	1.2348266541957855
ENST00000290429.11	0.3567042350769043	0.2929732948541641
ENST00000290510.10	-0.21021631360054016	-0.017736351117491722
ENST00000290573.7	0.5663621872663498	0.44541821628808975
ENST00000290649.10	0.03191634453833103	0.020174449309706688
ENST00000290913.8	0.24344637691974638	0.3343278020620346
ENST00000291386.4	1.0245867520570755	0.7340357005596161
ENST00000291442.3	-0.5899839550256729	-0.7745126783847809
ENST00000291547.10	-0.12228661775588989	-0.11999284103512764
ENST00000291565.9	0.3387295678257942	0.49317241460084915
ENST00000291568.7	1.5678543746471405	1.9586990773677826
ENST00000291574.9	-0.7879945933818817	-0.701034665107727
ENST00000291592.6	-0.10019390657544136	0.04599047638475895
ENST00000291900.7	-0.23473208397626877	-0.43435150384902954
ENST00000291906.5	-0.4845316906770071	-0.8238575061162312
ENST00000292035.10	0.48123030861218774	0.5012097706397374
ENST00000292090.8	0.553822527329127	0.2988806590437889
ENST00000292140.9	-0.808535099029541	-0.6596236526966095
ENST00000292147.7	0.6240192850430806	0.5686537325382233
ENST00000292211.5	-0.08778181858360767	0.3684462681412697
ENST00000292431.5	-0.21997512876987457	-0.5012491643428802
ENST00000292566.4	0.31410668293635047	0.09612649182478587
ENST00000292577.11	-0.32624951004981995	-0.6163828074932098
ENST00000292599.4	-0.9551813304424286	-0.9472503066062927
ENST00000292782.9	0.838966891169548	1.2881149351596832
ENST00000293195.10	0.15251650847494602	0.08527889475226402
ENST00000293261.8	0.3355068936944008	0.37079424411058426
ENST00000293328.8	0.15751646924763918	0.14492576266638935
ENST00000293350.9	0.1291845738887787	0.09267657622694969
ENST00000293379.9	-0.05654124356806278	0.2503064312040806
ENST00000293443.12	-0.6146850883960724	-0.6627258509397507
ENST00000293695.8	0.5989464819431305	0.5788322687149048
ENST00000293777.6	1.1513371467590332	0.9953616559505463
ENST00000293872.12	0.5444397901495297	0.6457194065054258
ENST00000293883.9	-0.27116898400709033	-0.19243284035474062
ENST00000293971.10	-0.02531934715807438	-0.006127422675490379
ENST00000294168.8	0.01719118406375249	0.04618441996475061
ENST00000294179.8	0.5614579021930695	0.6772021949291229
ENST00000294244.9	-0.3935573399066925	-0.24686340987682343
ENST00000294258.8	0.48471038043498993	0.2749507154027621
ENST00000294304.12	-0.6847192347049713	-0.49150194227695465
ENST00000294353.7	-0.33870744705200195	-0.04907963642229637
ENST00000294360.5	1.6672290364901223	1.1630158523718517
ENST00000294543.10	0.18963232388099033	-0.20051165918509167
ENST00000294794.7	0.435014083981514	0.3819866478443146
ENST00000294952.13	0.060570692643523216	0.09494663961231709
ENST00000295006.6	0.08407260105013847	0.371894970536232
ENST00000295030.6	0.5597022846341133	0.5715891048312187
ENST00000295050.12	0.27332348516210914	-0.1682628821581602
ENST00000295083.8	0.7422491982579231	0.6285598874092102
ENST00000295087.13	0.1738543137907982	0.6350518465042114
ENST00000295124.9	-0.2471339851617813	-0.17243599146604538
ENST00000295148.9	-0.48928050696849823	-0.5994093716144562
ENST00000295321.9	0.36047352850437164	0.4009050577878952
ENST00000295414.7	0.10238120704889297	-0.2883099615573883
ENST00000295448.8	0.9115357100963593	1.1314139366149902
ENST00000295491.9	1.370303988456726	1.1673690676689148
ENST00000295588.9	0.52559395134449	0.48966821283102036
ENST00000295628.4	0.1464184845487277	0.23193415875236195
ENST00000295633.8	0.8380060493946075	1.1795065999031067
ENST00000295682.5	1.3621813456217446	1.2644320527712503
ENST00000295688.8	1.0387337803840637	0.7600017488002777
ENST00000295704.7	0.17173945158720016	-0.09901748845974605
ENST00000295746.13	0.11662033163011074	-0.129031652957201
ENST00000295754.10	-0.19756723195314407	-0.435509629547596
ENST00000295766.9	1.1464344561100006	1.2537918388843536
ENST00000295770.4	-0.3921651989221573	0.18483788520097733
ENST00000295797.5	0.3834770768880844	0.34033478796482086
ENST00000295802.9	0.39618082344532013	0.3576231598854065
ENST00000295822.7	0.9695165753364563	1.756010115146637
ENST00000295887.6	-0.36173809645697474	-0.17275748657993972
ENST00000295890.8	0.3985223099589348	0.11465031653642654
ENST00000295901.8	0.5466941073536873	0.9738375246524811
ENST00000295902.11	0.05333495202163855	0.03691788576543331
ENST00000295927.4	0.5432815402746201	0.5321989953517914
ENST00000295958.10	1.4690526127815247	1.4467326700687408
ENST00000296003.9	-0.4187734052538872	-0.9381139278411865
ENST00000296015.9	0.12093762680888176	-0.00804872578009963
ENST00000296048.10	0.2530956231057644	0.5745085875193278
ENST00000296051.7	-0.09560242481529713	-0.15750188007950783
ENST00000296102.8	1.6629451513290405	1.938769280910492
ENST00000296129.6	0.09953600913286209	0.243087038397789
ENST00000296135.11	0.8412950187921524	0.618378110229969
ENST00000296137.7	-0.5107426941394806	-0.08683865144848824
ENST00000296161.9	0.5104468166828156	0.46498946845531464
ENST00000296181.9	-0.8689908236265182	-0.4964844584465027
ENST00000296215.8	0.47947806119918823	0.4628308340907097
ENST00000296252.9	0.33203666657209396	0.5205051302909851
ENST00000296257.10	0.18391387909650803	0.10643663257360458
ENST00000296350.10	0.2347255473335584	0.35888197273015976
ENST00000296370.4	1.6605850060780842	1.7589250206947327
ENST00000296388.10	0.3387850299477577	0.32169709354639053
ENST00000296411.11	0.6377489864826202	0.6619262993335724
ENST00000296412.13	0.8036181330680847	0.9734661281108856
ENST00000296424.9	1.5009597142537436	0.9989882012208302
ENST00000296468.8	0.11492772190831602	0.15393225476145744
ENST00000296490.8	0.7258294150233269	0.6429870463907719
ENST00000296504.4	0.8753295838832855	0.6119985580444336
ENST00000296509.11	1.1988256573677063	1.1237668693065643
ENST00000296511.10	1.4445149302482605	1.1559171080589294
ENST00000296522.11	1.1814032942056656	0.7248115092515945
ENST00000296543.10	0.37997420132160187	0.7290261387825012
ENST00000296564.9	-0.8483026027679443	-0.816576212644577
ENST00000296577.9	0.6948820501565933	0.8815315663814545
ENST00000296582.8	0.0172077976167202	0.25010790675878525
ENST00000296585.10	0.2630377411842346	0.5064013004302979
ENST00000296597.10	0.7802903453509014	0.8867600659529369
ENST00000296603.5	-0.021113980561494827	0.2842767834663391
ENST00000296674.13	1.5630243420600891	1.7478455305099487
ENST00000296684.10	1.1622126996517181	1.3108607232570648
ENST00000296721.9	-0.4144086539745331	-0.46940968185663223
ENST00000296785.8	0.1247564951578776	-0.10670641188820203
ENST00000296786.8	0.4612589627504349	0.5969492793083191
ENST00000296792.9	0.2694709487259388	0.4472288265824318
ENST00000296795.8	-0.26041997224092484	-0.023295285801092785
ENST00000296824.4	0.7632148265838623	0.38001061975955963
ENST00000296861.2	-0.5140846346815426	-0.38436250761151314
ENST00000296933.10	0.4412383511662483	0.2298576459288597
ENST00000296953.6	0.19957988585035005	0.027246011421084404
ENST00000297056.11	0.16515177153050897	-0.050198391638696195
ENST00000297071.9	1.1932180523872375	1.0672782063484192
ENST00000297107.11	-0.609122117360433	-0.16608392012615997
ENST00000297109.11	0.0785402343608439	0.031790219247341156
ENST00000297135.7	0.25129942782223225	0.23044647462666035
ENST00000297151.9	0.5510857254266739	0.3445023025075594
ENST00000297156.4	0.5130917519330979	0.4826636493206024
ENST00000297185.9	1.1345000267028809	1.2067164778709412
ENST00000297205.7	0.2879084348678589	0.33863408366839093
ENST00000297258.11	1.2544065713882446	1.5772308111190796
ENST00000297265.5	0.10918309539556503	0.4567912071943283
ENST00000297273.9	-0.42200924828648567	-0.52704057097435
ENST00000297293.6	-0.3797155097126961	-0.5131847932934761
ENST00000297338.7	0.5938521226247152	1.0140838027000427
ENST00000297350.9	0.39688125252723694	0.543479859828949
ENST00000297431.9	0.22850611805915833	0.20459923148155212
ENST00000297440.11	-0.026360051706433296	0.3283996880054474
ENST00000297477.10	-0.3220023321919143	-0.5853302404284477
ENST00000297508.8	-0.5594793111085892	-0.2901141047477722
ENST00000297534.7	1.623029202222824	1.0153613686561584
ENST00000297578.9	0.3178980052471161	-0.0020079929381608963
ENST00000297591.10	-0.14401097781956196	0.03219580464065075
ENST00000297625.8	-0.4191301316022873	-0.275052011013031
ENST00000297632.7	0.5675951689481735	0.027275055026014648
ENST00000297785.8	0.8627519706885021	0.6521523197491964
ENST00000297788.9	-0.5411047227680683	-0.4569861628115177
ENST00000297814.7	-0.21645373292267323	-0.2108615804463625
ENST00000297990.9	-0.45224542170763016	-0.12205789191648364
ENST00000298125.7	0.21891184151172638	0.26009793020784855
ENST00000298139.7	-0.43553027510643005	-0.5022936090826988
ENST00000298198.5	0.5044022351503372	0.5326009690761566
ENST00000298229.7	-0.7456702440977097	-0.901190385222435
ENST00000298248.12	0.6791197061538696	0.45309387147426605
ENST00000298281.8	-0.23818102478981018	0.002924205269664526
ENST00000298288.11	-0.3958609402179718	-0.16144467890262604
ENST00000298289.7	1.5667667984962463	1.6940567096074424
ENST00000298292.12	-0.03821883350610733	0.06917383708059788
ENST00000298299.4	0.19213311895728113	-0.03397374376654625
ENST00000298310.10	0.32919835671782494	0.35340818762779236
ENST00000298316.7	0.9326248541474342	1.1120093688368797
ENST00000298351.5	0.07293582707643509	-0.12000400200486183
ENST00000298532.2	-0.8326083322366078	-1.0504563550154367
ENST00000298556.8	1.5446232557296753	0.9201344326138496
ENST00000298630.8	-0.6976655498147011	-0.6712315678596497
ENST00000298717.9	0.3265427201986313	0.09211096912622452
ENST00000298743.9	-0.04376581311225891	0.010830547660589218
ENST00000298746.5	0.5436784327030182	0.46654920279979706
ENST00000299045.8	0.24303915351629257	0.43597739934921265
ENST00000299084.9	-0.05666660641630491	0.03261212259531021
ENST00000299138.12	0.40355725586414337	0.7064691781997681
ENST00000299157.5	0.29903583228588104	0.7247247695922852
ENST00000299192.8	0.3274051994085312	0.2904719766229391
ENST00000299213.10	-0.11278965324163437	-0.17166350036859512
ENST00000299238.7	-0.40124641358852386	-0.33432912826538086
ENST00000299299.4	1.3095659613609314	1.2425431609153748
ENST00000299300.11	1.09889155626297	1.0444747805595398
ENST00000299314.12	-0.7475911974906921	-0.4631587266921997
ENST00000299424.9	0.5559507682919502	0.6643356531858444
ENST00000299427.12	0.4762292355298996	0.5414374470710754
ENST00000299492.9	-0.21990912221372128	-0.24783896903196972
ENST00000299505.7	-0.25674543576315045	-0.2289604339748621
ENST00000299518.7	1.143464207649231	0.9679918885231018
ENST00000299563.5	0.04921435068051021	0.1258585136383772
ENST00000299601.10	0.5050516376892726	0.6644735038280487
ENST00000299608.7	0.9029613931973774	1.17874675989151
ENST00000299638.8	0.3471667766571045	0.16710305958986282
ENST00000299705.10	0.7070499956607819	0.751073956489563
ENST00000299767.10	0.7927627861499786	1.2986498475074768
ENST00000299853.10	-0.3932397663593292	-0.1553373709321022
ENST00000299957.11	0.5065050572156906	0.7789876063664753
ENST00000300026.4	1.7909748554229736	1.4555277228355408
ENST00000300030.8	1.083460807800293	0.8100430369377136
ENST00000300060.7	0.2906428575515747	0.8638833165168762
ENST00000300069.5	0.9975368678569794	0.8160923272371292
ENST00000300086.5	0.8966925740242004	0.54714635014534
ENST00000300093.9	0.5403926558792591	0.3263568580150604
ENST00000300107.7	0.44202209264039993	0.6830985248088837
ENST00000300151.5	1.156799554824829	0.9758485853672028
ENST00000300176.9	0.15074999071657658	0.09373984159901738
ENST00000300181.7	-0.42694808542728424	-0.6155798137187958
ENST00000300213.9	0.8352863788604736	0.7421858906745911
ENST00000300249.10	0.7894899547100067	1.1213708420594535
ENST00000300255.7	-0.09342160075902939	0.05469759926199913
ENST00000300403.11	0.050271922567238406	0.1942418608814478
ENST00000300413.10	1.4863304197788239	1.6551116704940796
ENST00000300452.8	0.30817220360040665	0.5544200800359249
ENST00000300456.5	-0.7800890505313873	-0.5988420769572258
ENST00000300605.11	0.1683262400329113	0.574810579419136
ENST00000300619.12	-0.7342467904090881	-0.5536779165267944
ENST00000300651.11	-0.30242136120796204	0.12747760427494842
ENST00000300737.8	0.004924272419884801	0.31430070102214813
ENST00000300738.10	0.6257174809773762	0.6783320605754852
ENST00000300747.10	-0.02970554493367672	-0.2569348216056824
ENST00000300784.8	0.594817986090978	0.6839930613835652
ENST00000300870.15	-0.47373171150684357	-0.3171534091234207
ENST00000300896.9	-0.7050241678953171	-0.6759422421455383
ENST00000300976.9	0.3777856081724167	0.31378181278705597
ENST00000301015.14	-0.8169905543327332	-0.6683606505393982
ENST00000301019.9	0.2665913961827755	0.10360494628548622
ENST00000301021.7	1.1730073690414429	1.0783095955848694
ENST00000301061.9	0.06975218690931798	0.06744518727064133
ENST00000301072.11	1.2340450882911682	1.492957890033722
ENST00000301180.10	-0.32248997688293457	-0.13625184384485084
ENST00000301244.12	0.7891074270009995	0.9110583513975143
ENST00000301280.10	0.06148413009941578	-0.28454796969890594
ENST00000301281.11	-0.12249144290884337	0.01439597923308611
ENST00000301327.5	-0.15804360806941986	-0.13836272805929184
ENST00000301329.10	0.7984920243422191	1.0783125460147858
ENST00000301364.10	0.07303026737645268	0.29602578841149807
ENST00000301391.8	0.42282774299383163	0.6350841919581096
ENST00000301458.10	0.3517663925886154	0.49526941776275635
ENST00000301463.9	0.6350098699331284	0.26760945096611977
ENST00000301464.4	0.7099894881248474	0.7429279386997223
ENST00000301522.3	1.1330297589302063	1.394095003604889
ENST00000301587.9	1.6238475441932678	1.7763122916221619
ENST00000301608.8	0.33293188860019046	0.4320475657780965
ENST00000301634.12	1.184846818447113	0.6370140910148621
ENST00000301729.9	0.4749619712432226	0.507461706797282
ENST00000301738.9	0.5523417741060257	0.6050950288772583
ENST00000301740.13	-0.7855228384335836	-0.424115426838398
ENST00000301764.12	0.5127947429815929	0.45112480223178864
ENST00000301785.7	0.3692287914454937	0.670488029718399
ENST00000301831.9	-0.5286297500133514	-0.3759855329990387
ENST00000301838.5	0.7130133733153343	0.8368018567562103
ENST00000301873.10	-0.8035915419459343	-0.5796998292207718
ENST00000301905.9	0.7142390757799149	0.6769929826259613
ENST00000301981.8	-0.05680085392668843	-0.1402140730060637
ENST00000302118.5	0.09420105069875717	0.15010011196136475
ENST00000302165.5	0.525934524834156	0.2999039366841316
ENST00000302188.8	0.8269322216510773	0.4746582359075546
ENST00000302279.8	0.2893553773562113	0.292563925186793
ENST00000302327.4	-0.3367602601647377	-0.23093699663877487
ENST00000302362.11	0.43970349431037903	-0.05972688086330891
ENST00000302418.5	0.3799029290676117	-0.009825005972137053
ENST00000302503.8	0.7473155036568642	0.44703493639826775
ENST00000302550.16	0.04491471312940121	-0.21942423190921545
ENST00000302609.8	-0.3169991374015808	-0.3865245655179024
ENST00000302692.7	-0.3378223657608032	-0.6059535712003707
ENST00000302708.9	-0.15698428452014923	0.06483390927314758
ENST00000302746.11	0.7875759899616241	0.7052915394306183
ENST00000302754.6	0.7912885944048564	0.74356609582901
ENST00000302763.12	0.8243468254804611	0.534707747399807
ENST00000302764.9	0.7716331779956818	1.3216780424118042
ENST00000302787.3	0.41717127338051796	0.47289612889289856
ENST00000302819.10	-0.28166235238313675	-0.004317393526434898
ENST00000302824.7	0.5997048020362854	0.5180552899837494
ENST00000302874.9	0.2229537833482027	0.093219886533916
ENST00000302955.11	0.5765222311019897	0.16489285230636597
ENST00000302979.5	0.28467195108532906	0.6738893985748291
ENST00000303004.5	0.9885432124137878	0.7736251652240753
ENST00000303115.8	0.29264442063868046	0.42121079936623573
ENST00000303127.12	0.40597330033779144	0.441040001809597
ENST00000303142.11	0.5304349809885025	0.4148818850517273
ENST00000303236.9	-0.1866452880203724	0.0031774211674928665
ENST00000303305.11	1.0297363301118216	1.0199256440003714
ENST00000303334.9	0.4638829082250595	0.7011776963869731
ENST00000303375.10	-0.23035207328697044	-0.1873185435930888
ENST00000303383.8	0.6144001558423042	0.3026012796908617
ENST00000303400.9	0.6020476281642914	0.5531012296676636
ENST00000303407.12	-0.11460676292578378	0.10369755451877913
ENST00000303436.11	1.2987996141115823	1.4340537786483765
ENST00000303538.13	-0.5748061736424764	-0.2512779235839844
ENST00000303545.4	-0.439547116557757	-0.3304475508630276
ENST00000303577.7	1.1488338708877563	0.5428695380687714
ENST00000303596.3	0.20107950642704964	0.22870360501110554
ENST00000303698.7	0.3551253378391266	0.7532301247119904
ENST00000303714.8	0.2680961973965168	0.31117064505815506
ENST00000303795.9	0.2602904178202152	0.18708043731749058
ENST00000303887.10	0.42591288685798645	0.568890392780304
ENST00000303927.4	0.5671194791793823	0.42531725764274597
ENST00000303965.9	-0.30083025246858597	-0.3297642767429352
ENST00000303991.5	-0.7525785267353058	-0.1457827351987362
ENST00000304031.8	0.27567231158415473	0.37825343012809753
ENST00000304056.9	-0.5154441669583321	-0.377736184746027
ENST00000304061.8	-0.058801194652915	-0.17707582066456476
ENST00000304141.5	0.42338278191164136	0.5111661851406097
ENST00000304191.4	1.1896765381097794	1.2271595150232315
ENST00000304312.5	1.6804850399494171	1.7822394669055939
ENST00000304330.9	-0.5815170705318451	-0.7440317273139954
ENST00000304400.11	-0.5981563925743103	-0.48768116533756256
ENST00000304430.10	0.44405046105384827	0.44053690135478973
ENST00000304434.11	0.7943569719791412	0.8453578054904938
ENST00000304478.9	0.3462627728780111	0.10366323093573253
ENST00000304511.7	0.2380308136343956	0.26491500437259674
ENST00000304611.13	-0.06696583330631256	-0.11406894400715828
ENST00000304636.9	0.4861788749694824	0.3180898427963257
ENST00000304658.9	-0.9229798913002014	-0.8968583941459656
ENST00000304786.11	1.6242307126522064	1.514875590801239
ENST00000304788.4	0.346993625164032	0.5015235841274261
ENST00000304858.7	0.6711242735385895	1.16797251701355
ENST00000304863.6	0.9886650443077087	1.5737742185592651
ENST00000304895.9	-0.07039154786616564	-0.006617519538849592
ENST00000304916.4	0.5402093827724457	0.1944504901766777
ENST00000304979.8	1.6954266428947449	1.282522439956665
ENST00000304987.4	0.15562590956687927	0.09168372116982937
ENST00000305105.3	0.8861253261566162	0.5373327434062958
ENST00000305135.10	-0.4511110633611679	-0.23711060732603073
ENST00000305218.9	1.0660883982976277	0.9949290653069813
ENST00000305242.10	0.19075732491910458	0.2970281292994817
ENST00000305264.8	0.3190450519323349	0.13669686438515782
ENST00000305386.4	-0.17953549325466156	-0.1710437834262848
ENST00000305476.10	0.05276499688625336	-0.04247402958571911
ENST00000305513.12	-0.3940921649336815	-0.6193227395415306
ENST00000305533.10	0.5102870464324951	0.6133374174435934
ENST00000305536.11	0.6611961126327515	0.5132600739598274
ENST00000305560.11	0.12724454514682293	-0.05201242212206125
ENST00000305626.6	0.987667053937912	0.679024413228035
ENST00000305641.7	0.11640623374842107	-0.01565345749258995
ENST00000305768.10	-0.14681452605873346	-0.20919375121593475
ENST00000305783.13	-0.04431144706904888	0.07116181403398514
ENST00000305784.7	0.2796964918573698	0.6487453679243724
ENST00000305798.8	0.1788443699479103	0.6322843134403229
ENST00000305866.10	0.081367922325929	0.14388180275758108
ENST00000305877.13	-0.5427355219920476	-0.8630614181359608
ENST00000305885.3	0.6881527602672577	0.8240136802196503
ENST00000305949.6	-0.16492362320423126	-0.20265081897377968
ENST00000305963.2	1.2279634475708008	0.8533059060573578
ENST00000305997.8	0.04237995110452175	0.006507338955998421
ENST00000306010.8	0.3272596001625061	0.41502252221107483
ENST00000306014.9	-0.2364424504339695	-0.08315513655543327
ENST00000306024.4	1.6049348413944244	1.6808931529521942
ENST00000306042.9	0.3315623179078102	0.13041474297642708
ENST00000306052.12	-0.40405248291790485	-0.0469105476513505
ENST00000306065.9	-0.509967565536499	-0.7203353941440582
ENST00000306077.5	0.597606897354126	0.8602356165647507
ENST00000306108.10	0.44019188483556115	0.18976977467536926
ENST00000306125.12	0.3140507861971855	0.30285923928022385
ENST00000306177.9	-0.8552603125572205	-0.7985689342021942
ENST00000306185.8	0.677752822637558	1.1484776139259338
ENST00000306193.8	1.1704471111297607	0.7809220552444458
ENST00000306243.7	0.1880020573735237	-0.04157739877700806
ENST00000306315.9	-0.17860450595617294	0.06042962893843651
ENST00000306384.5	1.1333650946617126	0.8354537487030029
ENST00000306434.8	1.2783432304859161	0.9581346611181896
ENST00000306480.11	0.3959044739603996	0.31440113484859467
ENST00000306562.8	-0.16234616935253143	-0.31796106696128845
ENST00000306688.8	-0.8078197836875916	-0.4098726809024811
ENST00000306730.8	0.09072509035468102	0.29529406130313873
ENST00000306735.10	0.8394172787666321	0.23654135316610336
ENST00000306773.5	0.5642716884613037	0.6798523366451263
ENST00000306801.8	-0.09041465818881989	-0.06799151748418808
ENST00000306858.8	-0.2769335135817528	-0.2802392542362213
ENST00000306917.5	0.16643538574377698	-0.10186400761206944
ENST00000306984.8	0.7150262147188187	1.045104056596756
ENST00000306999.7	0.7882711067795753	0.5007359832525253
ENST00000307063.9	0.06818985193967819	0.14832749962806702
ENST00000307102.10	0.6770517528057098	0.4944492280483246
ENST00000307149.10	0.22847795486450195	0.13175786286592484
ENST00000307201.5	0.1168045736849308	-0.20136009824151796
ENST00000307227.9	1.1289839148521423	1.0788870453834534
ENST00000307259.9	0.39558289386332035	0.4444521367549896
ENST00000307358.7	-0.17234018445014954	0.18989898264408112
ENST00000307422.9	0.305571548640728	0.43943019211292267
ENST00000307450.11	1.4921115636825562	0.10734705999493599
ENST00000307522.5	-0.3510679031411807	0.04353046137839556
ENST00000307630.5	1.3374619285265605	1.5703802506128945
ENST00000307650.9	0.4607476045687994	0.13944765428702038
ENST00000307662.5	-0.6217645406723022	-0.21279528737068176
ENST00000307720.4	0.762075200676918	1.0523586869239807
ENST00000307741.11	-0.30645981431007385	-0.016485001891851425
ENST00000307750.5	0.28019126007954276	0.21146658807992935
ENST00000307771.7	0.06950991554185748	0.1472347527742386
ENST00000307877.7	0.490204855799675	0.6458930522203445
ENST00000307892.13	1.1984684467315674	1.1272504031658173
ENST00000307921.7	-0.3863762132823467	-0.25955959036946297
ENST00000307961.11	0.9116809964179993	1.1305991262197495
ENST00000307980.7	0.36340983510017394	0.19852191507816314
ENST00000308020.6	0.2723279381170869	0.2556634992361069
ENST00000308025.8	0.004512175917625427	0.09277951717376709
ENST00000308127.9	-0.0946093387901783	-0.49006277322769165
ENST00000308153.9	1.24792609612147	1.6528315742810566
ENST00000308158.10	0.6981032490730286	0.2147064357995987
ENST00000308159.10	0.2888953387737274	0.28347331285476685
ENST00000308177.5	0.07191847451031208	0.11957689188420773
ENST00000308249.4	0.16243697951237362	0.2759304245313009
ENST00000308271.14	-0.12995977699756622	0.022736210376024246
ENST00000308360.8	0.5698132067918777	0.7807813435792923
ENST00000308418.10	1.0220803916454315	0.8403200387954712
ENST00000308508.5	-0.10535615310072899	-0.06486696749925613
ENST00000308595.10	-0.0020831748843193054	-0.07614556327462196
ENST00000308677.9	0.9989392906427383	0.9953191578388214
ENST00000308683.3	0.6598618775606155	0.43630707263946533
ENST00000308696.11	0.3916570544242859	0.7231665849685669
ENST00000308736.7	-0.028633251786231995	-0.12007644586265087
ENST00000308742.9	0.48390449583530426	0.5331984311342239
ENST00000308807.12	0.030644111335277557	0.38071322441101074
ENST00000308831.7	0.1268959728380044	0.046852609142661095
ENST00000308860.11	0.377314954996109	0.2882493585348129
ENST00000308961.5	1.6227739254633586	1.0096893012523651
ENST00000308982.12	0.45483963191509247	0.5815701186656952
ENST00000308987.6	1.7364834944407144	1.6350739200909934
ENST00000309061.12	0.22278054803609848	0.06673018261790276
ENST00000309100.8	-0.9225627481937408	-1.1466811075806618
ENST00000309244.9	1.389422357082367	1.289058228333791
ENST00000309295.9	-0.8090602159500122	-0.7179387907187144
ENST00000309311.7	0.6125928461551666	0.9535900354385376
ENST00000309318.8	0.1924353614449501	0.012086061295121908
ENST00000309324.8	1.1069687008857727	1.3255295753479004
ENST00000309415.8	-0.8018485903739929	-0.8096201866865158
ENST00000309428.10	-0.04783541802316904	-0.12413687817752361
ENST00000309451.7	0.4596354216337204	0.4054827094078064
ENST00000309594.5	1.646692305803299	1.0075972229242325
ENST00000309733.6	0.8378970324993134	0.786822497844696
ENST00000309822.7	0.3454756736755371	0.35318778455257416
ENST00000309851.10	1.6008058190345764	1.4506890177726746
ENST00000309859.8	0.21480413153767586	0.24082429707050323
ENST00000309863.11	-0.23254961462225765	-0.019152595894411206
ENST00000309922.7	0.4407747909426689	0.4393042102456093
ENST00000309971.9	0.14497372414916754	0.30588283141454065
ENST00000309983.5	0.24151896685361862	0.21502045542001724
ENST00000310054.9	0.25967878103256226	0.35275715589523315
ENST00000310074.8	-0.6438702344894409	-0.21193151672681174
ENST00000310109.5	0.6470169611275196	0.49717632308602333
ENST00000310118.9	0.05690860818140209	0.42489590868353844
ENST00000310137.5	0.7361993342638016	0.7341786473989487
ENST00000310144.11	0.9368520975112915	0.8401365578174591
ENST00000310193.4	-0.04604356214404106	0.12882506833411753
ENST00000310300.11	-0.238476000726223	-0.12959845503792167
ENST00000310325.10	0.4334743022918701	0.5563562512397766
ENST00000310380.11	-0.31005276180803776	-0.29908061493188143
ENST00000310392.5	0.2753666564822197	0.06677650225659212
ENST00000310418.8	0.7388148307800293	1.3728289604187012
ENST00000310421.5	0.25835486253102624	-0.10902223053077857
ENST00000310430.11	0.37608368694782257	0.1755419597029686
ENST00000310442.5	0.4200893044471741	0.018463749438524246
ENST00000310447.10	0.362038845817248	0.3280646006266276
ENST00000310496.9	-0.25813505332916975	-0.44985977932810783
ENST00000310512.4	0.09405581932514906	-0.053485359996557236
ENST00000310571.8	0.34435042242209113	0.5194829205671946
ENST00000310597.6	0.3103213352151215	0.2683982501427332
ENST00000310682.6	0.2115022512152791	0.05433532828465104
ENST00000310775.12	-0.13732154419024786	0.07390549841026464
ENST00000310806.9	-0.12209343537688255	-0.037626306526362896
ENST00000310823.8	0.324263279636701	0.3596873184045156
ENST00000310864.11	-0.2823917716741562	-0.11405187007039785
ENST00000310926.11	0.5334370036919912	0.500881681839625
ENST00000310942.9	0.15061397571116686	-0.25051435083150864
ENST00000310999.11	0.7459557354450226	0.9029086232185364
ENST00000311086.9	0.7431445121765137	0.9212011992931366
ENST00000311117.8	-0.8006665408611298	-0.8084808886051178
ENST00000311124.9	0.09749313537031412	0.13028435711748898
ENST00000311127.9	-0.8405003398656845	-0.5302578955888748
ENST00000311128.10	-0.184172585606575	-0.12501472234725952
ENST00000311141.6	0.36847392842173576	0.38687704503536224
ENST00000311160.14	-0.2925805399815241	-0.45464151104291284
ENST00000311180.9	0.2871639281511307	0.3915390372276306
ENST00000311181.5	0.5479553043842316	0.254488468170166
ENST00000311208.13	0.8477518111467361	1.1079815328121185
ENST00000311320.9	-0.29961659386754036	-0.3634096756577492
ENST00000311351.9	1.3610427379608154	1.064600646495819
ENST00000311459.12	0.27780857495963573	0.5066654160618782
ENST00000311481.11	1.4484443068504333	1.4479617476463318
ENST00000311502.12	-0.8942677602171898	-0.9967921823263168
ENST00000311575.6	0.5328102856874466	0.693705141544342
ENST00000311601.6	0.17140193283557892	-0.1529560126364231
ENST00000311604.8	0.20814682294925052	0.24333355451623598
ENST00000311630.7	0.05407181195914745	0.06670818850398064
ENST00000311635.12	0.20820174738764763	0.19448018074035645
ENST00000311669.12	0.14940176283319792	0.1047116176535686
ENST00000311672.10	1.5385957658290863	1.5662997364997864
ENST00000311765.4	0.4798111617565155	0.3384544402360916
ENST00000311772.10	0.619231566786766	0.4939801419774691
ENST00000311806.8	0.5250160197416942	0.3935398459434509
ENST00000311832.5	0.8037442266941071	0.8242701093355814
ENST00000311852.11	0.5778466314077377	0.4909188002347946
ENST00000311893.13	1.489873969554901	1.3056286931037904
ENST00000311916.8	-0.20672734011895955	-0.48971721778313315
ENST00000311956.9	0.38222374518712365	0.39375520745913184
ENST00000312090.10	-0.044136425480246544	-0.028777585132047534
ENST00000312184.6	0.9730363190174103	0.8360796123743057
ENST00000312196.10	-0.0415356419980526	0.0438945721834898
ENST00000312397.10	0.35466655592123664	0.13086741790175438
ENST00000312423.4	0.6148836016654968	0.4079134464263916
ENST00000312515.7	1.0905587077140808	0.7693334370851517
ENST00000312561.9	-0.7443516999483109	-0.7130669206380844
ENST00000312562.7	0.1502971425652504	0.42822875579198205
ENST00000312579.4	-0.18553340807557106	-0.4036812484264374
ENST00000312629.10	0.1321386769413948	-0.30156727135181427
ENST00000312637.5	0.6530135869979858	0.8429194539785385
ENST00000312916.12	0.2868152273197969	-0.05427097125599782
ENST00000313010.8	0.6980512738227844	0.849787563085556
ENST00000313056.10	-0.1936962604522705	0.4290388375520706
ENST00000313093.6	-0.8144522905349731	-0.6565496921539307
ENST00000313244.14	-0.11549132922664285	-0.0819766167551279
ENST00000313288.9	0.053401047363877296	-0.017275284742936492
ENST00000313368.8	0.604723185300827	0.14655285328626633
ENST00000313468.10	1.274654428164164	1.1820807456970215
ENST00000313486.12	0.7927858531475067	0.8214026242494583
ENST00000313511.8	0.6283023953437805	0.7050642848014832
ENST00000313525.4	0.4577402248978615	0.7607267796993256
ENST00000313546.8	0.19930014573037624	0.21965044364333153
ENST00000313601.11	0.7271381715933481	0.6435091396172841
ENST00000313608.13	1.0912004113197327	1.0349817872047424
ENST00000313655.5	0.540225200355053	0.668246403336525
ENST00000313683.15	0.6150945276021957	0.470161609351635
ENST00000313708.11	0.4286560118198395	0.3312082067131996
ENST00000313766.6	-0.8232687562704086	-0.9890083521604538
ENST00000313843.8	0.5018518790602684	0.17486655712127686
ENST00000313871.9	0.03934459015727043	-0.04228946100920439
ENST00000313961.10	1.4729487597942352	0.8689653724431992
ENST00000314103.6	0.30834875255823135	0.4234101325273514
ENST00000314144.10	0.908235361178716	1.0421305795510611
ENST00000314256.12	-0.9759254654248556	-0.975239634513855
ENST00000314340.10	0.6834359541535378	1.0296608656644821
ENST00000314355.7	1.7375695705413818	1.53986257314682
ENST00000314358.10	-0.3026653379201889	-0.39308619499206543
ENST00000314423.12	0.24615555629134178	0.2023630402982235
ENST00000314607.11	-0.29445631988346577	-0.40287718921899796
ENST00000314622.9	0.6446398794651031	0.5197009816765785
ENST00000314666.11	0.0012284982949495316	-0.14218724332749844
ENST00000314787.8	0.5779921412467957	0.604704737663269
ENST00000314940.7	1.248690903186798	1.3789101243019104
ENST00000315073.10	0.07388932257890701	0.3563654124736786
ENST00000315082.9	0.0331999734044075	0.038864586502313614
ENST00000315144.14	-0.5988030582666397	-0.2558038979768753
ENST00000315251.11	-0.4645584002137184	-0.4454974476248026
ENST00000315286.13	0.965771421790123	0.7686462551355362
ENST00000315323.5	0.5158982574939728	0.4811851978302002
ENST00000315368.7	-0.1418483629822731	0.15526693438490233
ENST00000315423.12	-0.46613338589668274	-0.6792344748973846
ENST00000315436.7	-0.7003164440393448	-0.7833959013223648
ENST00000315467.9	0.8177935183048248	1.2582881251970928
ENST00000315491.12	1.0212749242782593	0.8732109516859055
ENST00000315579.10	-0.052032110281288624	0.0645176088437438
ENST00000315580.9	-0.07309404388070107	-0.1193000772036612
ENST00000315616.12	0.32281579077243805	0.1516566425561905
ENST00000315691.8	-0.13854973763227463	0.23569071292877197
ENST00000315732.3	0.32202096516266465	0.5233597569167614
ENST00000315758.10	1.3392024636268616	1.5309630036354065
ENST00000315869.8	-0.6401693820953369	-0.17793988436460495
ENST00000315927.8	0.9888840615749359	0.7395516932010651
ENST00000315948.11	0.2585979914292693	0.10911453142762184
ENST00000315970.12	0.48075120896101	0.6074195206165314
ENST00000316052.6	0.6089184172451496	0.500163409858942
ENST00000316084.10	1.4568291902542114	1.2683457732200623
ENST00000316149.8	0.4621804654598236	0.57753586769104
ENST00000316218.12	0.8015043437480927	0.7888770997524261
ENST00000316273.11	0.40314140915870667	0.5220121443271637
ENST00000316292.13	0.8152080774307251	0.7558361738920212
ENST00000316308.9	0.263235442340374	0.08421303890645504
ENST00000316334.5	0.26997681707143784	-0.092458157800138
ENST00000316448.10	1.507784366607666	1.6960447430610657
ENST00000316519.11	0.46930932998657227	0.3749254308640957
ENST00000316549.11	0.008170141528050104	0.16658978412548703
ENST00000316594.6	0.7932027876377106	1.0143424421548843
ENST00000316610.7	0.7836930751800537	0.7371348440647125
ENST00000316715.9	0.49430714547634125	0.6313181072473526
ENST00000316757.4	-0.2751160189509392	-0.3464699387550354
ENST00000316788.12	1.1533508002758026	1.2085155248641968
ENST00000316836.5	0.14126677811145782	0.20818353816866875
ENST00000316843.9	-0.07176289334893227	-0.1845279261469841
ENST00000316851.11	0.6250627984603245	0.9152321020762126
ENST00000316902.12	0.49828026195367175	0.6972294449806213
ENST00000316937.8	-0.43199290335178375	-0.2712492495775223
ENST00000316963.8	0.6595579187075298	0.8968249956766765
ENST00000317058.8	0.8175651729106903	0.506158709526062
ENST00000317089.10	0.922076404094696	1.1800633072853088
ENST00000317096.9	0.1680209757760167	0.44934801757335663
ENST00000317147.10	-0.411160409450531	-0.16914180417855582
ENST00000317370.13	0.7300668507814407	0.5319436937570572
ENST00000317459.11	-0.05534100532531738	0.04099406162276864
ENST00000317479.8	-0.1320154219865799	0.17315389215946198
ENST00000317534.6	1.0678938627243042	0.6462735285361608
ENST00000317568.10	0.07784562557935715	0.1811753784616788
ENST00000317571.8	-0.046767445746809244	-0.11452455539256334
ENST00000317578.7	0.11983928456902504	-0.05526891350746155
ENST00000317582.10	0.10718079097568989	-0.010752875357866287
ENST00000317683.4	-0.5656868517398834	-0.7414320409297943
ENST00000317702.10	0.7277552485466003	0.856846034526825
ENST00000317811.6	-0.5089647471904755	-0.8028510510921478
ENST00000317881.9	1.528321921825409	0.9658818244934082
ENST00000317905.10	0.18218628503382206	-0.28938834369182587
ENST00000317907.9	-0.08222323935478926	0.03014842653647065
ENST00000318003.11	-0.29232311248779297	-0.15878230333328247
ENST00000318006.9	-0.0849185660481453	-0.03203073889017105
ENST00000318010.12	-0.0956745482981205	0.33751967549324036
ENST00000318037.3	-0.16465215058997273	0.047408435959368944
ENST00000318063.10	0.1031622567679733	0.10685290163382888
ENST00000318066.7	1.523706078529358	1.6905922293663025
ENST00000318080.7	0.128128195181489	0.28957241401076317
ENST00000318129.6	0.996265321969986	0.7752552330493927
ENST00000318158.11	0.5938532799482346	0.647348091006279
ENST00000318217.10	0.24674135198195773	0.04048757751782735
ENST00000318348.9	0.6087036728858948	0.7785814106464386
ENST00000318388.11	0.9516829252243042	0.7588277384638786
ENST00000318407.5	-0.3289395421743393	-0.4956481456756592
ENST00000318410.12	-0.2684489440172911	0.04016109146177768
ENST00000318522.10	0.03854911029338837	0.027889208868145943
ENST00000318528.8	0.6870645508170128	0.6481592059135437
ENST00000318596.8	0.1571471095085144	0.018282752484083176
ENST00000318602.12	0.044284345116466284	0.1649400657042861
ENST00000318607.10	0.5839374164740245	0.8778847257296245
ENST00000318663.5	-0.23750675966342288	-0.4613756587107976
ENST00000318709.9	-0.1183915523191293	-0.12278094794601202
ENST00000318887.8	0.4237033650279045	0.5220864564180374
ENST00000318911.5	0.4765927121043205	0.8434566408395767
ENST00000318950.11	0.2572457939386368	0.5090140849351883
ENST00000318974.14	0.5885598510503769	0.10089111234992743
ENST00000319017.5	0.8126420080661774	0.5549857169389725
ENST00000319023.7	0.05466513056308031	0.020324960350990295
ENST00000319121.4	0.4309616684913635	0.3197125717997551
ENST00000319172.10	-0.3697545677423477	-0.18057391047477722
ENST00000319190.11	0.14320261403918266	-0.6185385286808014
ENST00000319211.5	0.41907260815302527	0.18975557821492356
ENST00000319212.9	-0.0951410342628757	-0.13135186086098352
ENST00000319264.4	0.4581108788649241	0.4686252027750015
ENST00000319283.7	0.10758918151259422	0.24021175131201744
ENST00000319285.5	0.7571563720703125	0.4812895357608795
ENST00000319331.4	0.2965652048587799	0.3619707052906354
ENST00000319332.10	0.7774266600608826	0.4485838711261749
ENST00000319357.6	0.5593352168798447	0.4329428871472677
ENST00000319359.8	0.23129446431994438	-0.25420217774808407
ENST00000319397.6	0.3574111039439837	0.33086972435315454
ENST00000319518.13	-0.011966510365406673	-0.3199056486288706
ENST00000319550.9	0.5413059592247009	0.5220695734024048
ENST00000319555.8	-0.73383695880572	-0.8184188703695934
ENST00000319562.11	-0.5432608773310978	-0.7795562048753102
ENST00000319653.14	-0.8366194367408752	-0.6373690366744995
ENST00000319725.10	0.27346928169329965	0.7005161742369334
ENST00000319863.13	0.7136634141206741	0.662591889500618
ENST00000319974.6	0.5219487100839615	0.0712905302643776
ENST00000320027.10	0.6245882213115692	0.9123662511507671
ENST00000320033.5	1.0618052631616592	0.6283677667379379
ENST00000320152.11	1.237703263759613	0.9054305851459503
ENST00000320172.11	0.562751618027687	0.6557690382003785
ENST00000320270.4	0.4180455729365349	0.6678375154733658
ENST00000320285.9	0.4368826597929001	0.41444477438926697
ENST00000320574.10	0.02401641383767128	-0.11899607442319393
ENST00000320578.3	0.4314308762550354	0.20538734644651413
ENST00000320580.9	-0.355826735496521	-0.3881575856357813
ENST00000320585.11	0.7957166433334351	0.8971350789070129
ENST00000320676.11	0.4081423804163933	1.2353553473949432
ENST00000320717.8	0.6121665835380554	0.4392208978533745
ENST00000320743.7	-0.11955965310335159	-0.13319802284240723
ENST00000320776.5	0.685962071021398	0.6807950635751089
ENST00000320785.10	-0.7797845005989075	-0.7569138705730438
ENST00000320805.8	0.2263578400015831	0.31453000009059906
ENST00000320876.11	-0.022955055038134255	0.13792279983560246
ENST00000320954.11	0.9647167697548866	0.6637680977582932
ENST00000321027.8	-0.20935702230781317	0.05442463420331478
ENST00000321037.5	0.675600270430247	0.8418418963750204
ENST00000321256.10	1.0433683395385742	1.2052310109138489
ENST00000321264.9	-0.15206618420779705	-0.6019485630095005
ENST00000321265.10	0.6552020609378815	0.9689780473709106
ENST00000321297.10	0.04674047231674194	-0.29018615186214447
ENST00000321341.11	0.46175532042980194	0.7972720265388489
ENST00000321356.9	0.15742395259439945	0.03281937539577484
ENST00000321358.12	0.7650780379772186	1.2779417634010315
ENST00000321394.12	1.19755357503891	1.0850476622581482
ENST00000321407.3	0.15229655802249908	0.16975020120541257
ENST00000321442.10	0.9132734388113022	0.9054166078567505
ENST00000321560.4	0.5802520314852397	0.3688452442487081
ENST00000321612.8	-0.0022531691938638687	0.1875789910554886
ENST00000321685.7	0.08113349042832851	-0.14342188835144043
ENST00000321757.11	0.7049330870310466	0.47004248698552453
ENST00000321764.4	0.8689442276954651	0.894101470708847
ENST00000321765.10	-0.4248221566279729	-0.6151630977789561
ENST00000321867.6	-0.6333668082952499	-0.8674455285072327
ENST00000321895.7	-0.13331271428614855	-0.019958134274929762
ENST00000321919.14	0.6315348595380783	0.5296205133199692
ENST00000321949.13	0.5968896150588989	0.41204412281513214
ENST00000322030.13	1.3463619152704873	1.5216262936592102
ENST00000322048.12	0.42630376219749455	0.36320001166313887
ENST00000322054.10	0.00901901675388217	0.176964505109936
ENST00000322088.11	0.7180022150278091	0.9425727128982544
ENST00000322090.8	0.3476010486483574	0.7142532765865326
ENST00000322128.5	0.6638134618600209	0.6155145863691966
ENST00000322203.7	1.5686565935611725	1.4448947608470917
ENST00000322213.9	0.9169990569353104	0.4029112234711647
ENST00000322244.10	-0.1786559447646141	0.37139013409614563
ENST00000322310.10	1.1354012191295624	1.1415953636169434
ENST00000322313.9	-0.14527454723914462	0.39270531137784326
ENST00000322342.4	0.24195558577775955	0.43711361351112527
ENST00000322349.13	-0.03666358906775713	0.26183309964835644
ENST00000322396.7	0.1986841782927513	-0.20821437612175941
ENST00000322535.11	0.65422123670578	0.34529250115156174
ENST00000322716.8	0.5075508058071136	0.43271926045417786
ENST00000322723.9	1.1448374390602112	1.3767590522766113
ENST00000322764.10	-0.06199438497424126	0.2394115850329399
ENST00000322897.11	1.027362883090973	0.9271605610847473
ENST00000322927.3	-0.623104989528656	-0.6680071353912354
ENST00000322940.11	0.3225056231021881	0.79786416888237
ENST00000322954.11	-0.0255484189838171	-0.08909423276782036
ENST00000323019.9	0.056157900020480156	0.3877660259604454
ENST00000323037.5	-0.31260235607624054	-0.31906574964523315
ENST00000323061.7	1.4559228867292404	1.17973954975605
ENST00000323116.10	-0.5389450788497925	-0.4900640472769737
ENST00000323303.9	0.9758048156897228	1.0770790378252664
ENST00000323482.9	0.4432830363512039	0.4356691539287567
ENST00000323523.8	0.5139876008033752	0.589983731508255
ENST00000323534.5	1.2384989658991497	1.2613696455955505
ENST00000323544.5	0.22197437100112438	0.3759402185678482
ENST00000323557.11	-0.4106567054986954	-0.47917815297842026
ENST00000323570.8	0.9568478465080261	0.6916411419709524
ENST00000323588.9	0.06785972230136395	-0.14581025391817093
ENST00000323666.10	0.6246070936322212	1.0070567280054092
ENST00000323798.8	0.41669289767742157	0.30368388444185257
ENST00000323853.10	0.3814278617501259	0.20476407930254936
ENST00000323929.8	0.3496190855900446	0.41568323969841003
ENST00000323959.9	0.4773080497980118	0.5914903879165649
ENST00000324093.8	-0.7663122713565826	-0.4196231886744499
ENST00000324109.9	-0.241412952542305	-0.40352408587932587
ENST00000324194.12	0.33094679564237595	-0.07141493493691087
ENST00000324198.11	-0.21317995339632034	-0.015402684919536114
ENST00000324238.7	0.04623538504044215	0.11833377306660016
ENST00000324300.10	0.5612063854932785	0.40275249630212784
ENST00000324306.11	0.14034339040517807	0.0518932119011879
ENST00000324453.13	0.5356950461864471	0.5165033638477325
ENST00000324460.7	1.2479382157325745	1.5583361983299255
ENST00000324464.8	-0.11617620786031088	0.002214464048544566
ENST00000324607.8	0.4138677269220352	0.1045357994735241
ENST00000324679.5	-0.5491802990436554	-0.2398778609931469
ENST00000324685.10	-0.3359471410512924	-0.2284296452999115
ENST00000324817.6	0.03761618584394455	0.038197656627744436
ENST00000324849.9	0.08845034800469875	0.23196610435843468
ENST00000324856.13	-0.6236349989970524	-0.1967056281864643
ENST00000324862.7	0.6822766438126564	0.4528548866510391
ENST00000324868.13	0.3378409706056118	0.2628267165273428
ENST00000324871.12	0.610000342130661	0.5871074236929417
ENST00000324873.8	1.0618075132369995	0.6135320961475372
ENST00000324907.14	0.49266310781240463	0.3339089900255203
ENST00000324913.9	0.24880507215857506	0.22740866988897324
ENST00000324932.12	-0.14122663748761016	-0.09651048543552557
ENST00000325144.5	0.48109377920627594	0.21413815021514893
ENST00000325278.6	0.5724698553482692	0.3682292575637499
ENST00000325285.8	-0.6645521894097328	-0.5627229511737823
ENST00000325324.10	0.04574376973323524	0.4650840237736702
ENST00000325366.14	0.16884277760982513	-0.29492609575390816
ENST00000325404.3	0.40201181173324585	0.03718859702348709
ENST00000325418.5	-0.14758012779057025	-0.23891389220952988
ENST00000325421.7	0.11641348991543055	-0.1282471138983965
ENST00000325495.9	0.9599685470263163	0.9416039288043976
ENST00000325542.10	0.07704429235309362	0.052845414727926254
ENST00000325680.12	-0.21887236088514328	0.16505753062665462
ENST00000325748.9	0.6038923859596252	0.4980628341436386
ENST00000326153.9	0.2586582750082016	-0.01810426078736782
ENST00000326181.11	-0.6412075658639271	-0.8723405301570892
ENST00000326266.13	0.7008671760559082	0.4059052839875221
ENST00000326291.11	-0.205178031232208	0.08151607261970639
ENST00000326317.11	0.27729828655719757	0.35631680488586426
ENST00000326427.11	1.1109346002340317	0.7463723421096802
ENST00000326448.12	-0.020242408849298954	0.1408701178928216
ENST00000326648.4	-0.4491328150033951	-0.38488875329494476
ENST00000326739.9	0.9891243278980255	0.7222513258457184
ENST00000326793.11	0.318166047334671	0.25263034366071224
ENST00000326840.11	-0.28428687155246735	-0.3027537763118744
ENST00000326925.11	1.09139417608579	0.8025349875291188
ENST00000326974.9	0.07796858474612237	-0.08002247363328933
ENST00000327031.9	-0.08953744755126536	-0.015149021870456636
ENST00000327134.7	0.6381595929463704	0.5475485374530156
ENST00000327141.9	0.535401850938797	0.143805427942425
ENST00000327214.5	0.8531678915023804	0.846598207950592
ENST00000327300.12	0.8176687061786652	0.6363778412342072
ENST00000327304.10	0.5229904353618622	0.4726916551589966
ENST00000327347.10	0.5500421226024628	-0.1561790555715561
ENST00000327374.9	0.266172144562006	0.3581951856613159
ENST00000327428.10	0.7371155172586441	0.9725438207387924
ENST00000327435.11	1.125093698501587	1.2665879726409912
ENST00000327443.9	0.24464530497789383	0.392386515935262
ENST00000327490.8	0.8104844391345978	0.3612763434648514
ENST00000327532.7	-0.18000397148231667	-0.2967571740349134
ENST00000327697.11	-0.5933784693479538	-0.7545081675052643
ENST00000327773.7	-0.8375807404518127	-0.6351119726896286
ENST00000327787.13	-0.2692276081070304	-0.254726710729301
ENST00000327858.11	0.39582955837249756	0.3434888571500778
ENST00000328024.11	1.2714113891124725	1.2786831259727478
ENST00000328046.8	0.32916997000575066	0.09092053258791566
ENST00000328194.8	-0.8340824246406555	-0.999264270067215
ENST00000328257.13	0.9020456969738007	0.5410037934780121
ENST00000328381.10	-0.072261738901337	-0.08241102720300356
ENST00000328649.11	0.7322557866573334	0.6903593242168427
ENST00000328666.11	0.047503783367574215	-0.02190656866878271
ENST00000328697.11	0.02937295101583004	0.27667321264743805
ENST00000328703.12	0.11839941143989563	0.7290607988834381
ENST00000328771.9	-0.7595963776111603	-0.7728439569473267
ENST00000328827.9	0.7246351540088654	0.7913607060909271
ENST00000328834.9	0.04068512097001076	0.11195054401954016
ENST00000328848.6	1.7090193331241608	1.067974492907524
ENST00000328850.8	0.0852869339287281	-0.3424385065833727
ENST00000328879.9	0.11668881960213184	-0.030025233747437596
ENST00000328965.9	-0.34328093007206917	-0.18434138991869986
ENST00000329117.10	-0.005003421567380428	0.13724640011787415
ENST00000329138.9	0.39760319888591766	0.5701808929443359
ENST00000329146.9	1.1238455772399902	1.0885748267173767
ENST00000329271.8	1.0747743050257366	0.7512124379475912
ENST00000329276.10	0.500830739736557	0.5767066776752472
ENST00000329286.7	-0.10908202081918716	-0.26188118755817413
ENST00000329399.7	1.0233352184295654	0.940705418586731
ENST00000329421.8	1.0538461208343506	1.3836150169372559
ENST00000329474.7	-0.03130912221968174	-0.026837331242859364
ENST00000329478.4	-0.04436739441007376	-0.3701722323894501
ENST00000329713.5	0.6435374816258748	0.4784694363673528
ENST00000329759.6	0.6652025282382965	0.194369874894619
ENST00000329841.10	0.4759240597486496	0.536763533949852
ENST00000329970.8	0.3547818511724472	-0.014391341246664524
ENST00000330029.6	1.6235039830207825	1.7964494228363037
ENST00000330062.8	0.7341693788766861	0.6478092223405838
ENST00000330143.8	0.039924826472997665	-0.12042858451604843
ENST00000330263.5	0.6337415774663289	0.8515480061372122
ENST00000330288.6	1.7148695588111877	1.141278088092804
ENST00000330342.8	0.24178624153137207	0.2854509651660919
ENST00000330368.3	0.6207063769300779	0.39721374462048215
ENST00000330374.6	1.4721139073371887	1.23934668302536
ENST00000330387.11	0.2972779721021652	0.5029609600702921
ENST00000330394.3	0.014246784150600433	0.0397888133302331
ENST00000330398.9	1.604766696691513	1.8286855816841125
ENST00000330430.10	0.9948443621397018	0.865997239947319
ENST00000330494.12	-0.49156925827264786	-0.45699358731508255
ENST00000330501.12	-0.19822427444159985	-0.04505483185251554
ENST00000330574.2	-0.728113666176796	-0.6648273915052414
ENST00000330579.6	-0.1076023206114769	0.5523585677146912
ENST00000330636.8	1.5975897550582885	1.411587083339691
ENST00000330720.7	1.1491568684577942	1.189567744731903
ENST00000330817.11	0.16308129904791713	0.40541763603687286
ENST00000330843.9	0.2325206696987152	0.04515286907553673
ENST00000330877.6	0.04049774445593357	-0.012124555185437202
ENST00000330899.5	0.8004642128944397	1.1098056435585022
ENST00000330964.10	1.4219914972782135	1.5148313343524933
ENST00000331075.10	-0.44160936772823334	-0.35574647784233093
ENST00000331079.11	0.24889555325110752	0.26255806783835095
ENST00000331134.11	-0.06855061743408442	0.4345261678099632
ENST00000331173.6	0.5403065979480743	0.7345167100429535
ENST00000331200.8	1.1002076268196106	0.8072234094142914
ENST00000331203.7	-0.15996280685067177	0.3229151964187622
ENST00000331272.9	-0.8172848622004191	-0.7297264436880747
ENST00000331314.11	0.061077434569597244	-0.004049783572554588
ENST00000331320.12	0.32564176619052887	0.19932837784290314
ENST00000331334.5	0.6194350123405457	0.6049622893333435
ENST00000331335.9	-0.5832440455754598	-0.3469775319099426
ENST00000331366.10	0.648288865884145	0.5683208207289377
ENST00000331426.6	0.599391870200634	0.6626125425100327
ENST00000331434.7	0.3837007085482279	0.29011137783527374
ENST00000331457.9	1.085184894502163	1.137731984257698
ENST00000331483.9	1.3106369972229004	1.478387713432312
ENST00000331552.12	0.913220152258873	0.7286444008350372
ENST00000331563.7	-0.16536211222410202	-0.05467673701544602
ENST00000331569.6	1.0345333218574524	0.7576068937778473
ENST00000331683.10	0.11052141338586807	-0.11567261815071106
ENST00000331710.10	0.15896190640827018	0.13745995238423347
ENST00000331738.12	0.5763504803180695	0.5174759030342102
ENST00000331758.8	0.12912644632160664	0.40222103893756866
ENST00000331817.6	0.9275484010577202	0.8235121071338654
ENST00000331923.9	0.06728240987285972	0.2789236083626747
ENST00000332118.11	1.158041089773178	0.4743863294521967
ENST00000332180.10	0.21585262815157574	0.15574042374889058
ENST00000332290.3	0.807643473148346	0.9544630944728851
ENST00000332349.5	0.15271009008089703	0.019310686737298965
ENST00000332499.4	0.5468861386179924	0.24053551722317934
ENST00000332503.6	0.7418045848608017	0.5276941508054733
ENST00000332509.8	0.40105667151510715	0.13071725703775883
ENST00000332556.5	0.7088178768754005	1.1590988039970398
ENST00000332707.10	-0.26342110335826874	0.15459177643060684
ENST00000332780.4	-0.41668979823589325	-0.2162196859717369
ENST00000332822.6	0.2135588750243187	0.6476279050111771
ENST00000332830.9	-0.7970528999964396	-0.6342483758926392
ENST00000332853.9	0.0655405935831368	-0.11281611490994692
ENST00000332859.11	1.3468697468439739	1.3736127018928528
ENST00000332884.11	0.22969653457403183	0.287643950432539
ENST00000333003.10	0.2829372063279152	0.22721699873606366
ENST00000333050.7	0.5823459714651107	0.47617178559303286
ENST00000333119.7	1.264200508594513	0.6596919596195221
ENST00000333130.3	0.7885063588619232	0.698807954788208
ENST00000333167.13	0.517938494682312	0.6109199225902557
ENST00000333188.10	0.4936698451638222	0.6959663480520248
ENST00000333213.11	-0.31871436536312103	-0.2606678456068039
ENST00000333219.9	0.6292914748191833	0.4151209890842438
ENST00000333421.6	0.9244678616523743	0.37999849021434784
ENST00000333467.4	0.34282510727643967	0.5120123624801636
ENST00000333479.12	-0.6469667653242747	-0.5418765097856522
ENST00000333486.4	0.003246094798669219	0.013834885787218809
ENST00000333503.8	0.004335582256317139	-0.18389078322798014
ENST00000333602.13	-0.7876852353413899	-0.8704635302225749
ENST00000333610.4	0.9631242156028748	0.7860148400068283
ENST00000333628.4	1.0915280878543854	1.0205240547657013
ENST00000333651.11	0.3871912658214569	0.22390532493591309
ENST00000333916.8	0.11807562517268316	0.12064936597432409
ENST00000333926.6	1.635789394378662	1.8914276361465454
ENST00000334047.12	0.660456907004118	0.9036238268017769
ENST00000334121.11	0.5482533723115921	0.5177024230360985
ENST00000334126.11	-0.5898642589648564	-0.6598450044790903
ENST00000334133.9	0.3539416566491127	0.10540987644344568
ENST00000334163.4	0.3986115207274755	0.3953995257616043
ENST00000334220.9	0.884232759475708	1.010116308927536
ENST00000334256.9	0.5674391269683838	0.7217907279729843
ENST00000334304.10	-0.7445730169614156	-0.6897700031598408
ENST00000334350.7	1.7426302035649617	1.6960554321606955
ENST00000334398.8	0.4541483223438263	0.3317663297057152
ENST00000334463.4	-0.07406237814575434	-0.06540532223880291
ENST00000334464.7	-0.46881628036499023	-0.6857062876224518
ENST00000334512.10	-0.31611506827175617	-0.18837979342788458
ENST00000334527.11	0.04064811393618584	0.12810956314206123
ENST00000334534.10	0.20789509266614914	0.06945031508803368
ENST00000334651.11	0.3065750226378441	0.22567880526185036
ENST00000334696.10	-0.04258105903863907	0.16457903385162354
ENST00000334731.7	0.7771850228309631	0.6865226924419403
ENST00000334785.11	0.18677186127752066	0.29317284747958183
ENST00000334801.7	-0.4710823595523834	-0.048266179859638214
ENST00000334828.6	1.399759590625763	1.5439479549725852
ENST00000334956.15	0.7868834932645161	1.060761551062266
ENST00000334982.9	1.0581339200337727	0.9101047118504842
ENST00000335016.9	-0.16831261664628983	-0.2719012200832367
ENST00000335099.8	-0.26486801356077194	-0.23139992728829384
ENST00000335181.10	0.8942032158374786	0.713712066411972
ENST00000335209.12	0.8552862107753754	0.4610556016365687
ENST00000335255.10	-0.6330750584602356	-0.601098321378231
ENST00000335272.10	0.7643845081329346	0.9979222416877747
ENST00000335327.6	-0.2215960629284382	-0.26301951706409454
ENST00000335420.10	0.2808046117424965	0.2601938657462597
ENST00000335508.11	0.45921179155508673	0.4713875999053319
ENST00000335514.10	1.5455989638964334	1.318145235379537
ENST00000335754.8	0.10712723154574633	0.0542647372931242
ENST00000335765.9	0.4131978526711464	0.19208410009741783
ENST00000335783.4	0.4955720057090124	0.5584468692541122
ENST00000335968.8	-0.10033032049735387	0.3176278645793597
ENST00000335999.7	-0.8662961274385452	-1.0751389861106873
ENST00000336023.9	1.2874069511890411	1.403620570898056
ENST00000336138.4	0.8076522548993429	0.4895069748163223
ENST00000336174.12	0.3237868156284094	0.29099536687135696
ENST00000336180.7	-0.4516178265213966	-0.6307956665754318
ENST00000336273.8	0.2154489979147911	0.4908415675163269
ENST00000336278.8	0.40590486489236355	0.3496813792735338
ENST00000336283.7	-0.20309617603197694	0.007081557530909777
ENST00000336292.11	-0.17120689153671265	0.0738394744694233
ENST00000336294.10	0.08105455338954926	-0.04343823855742812
ENST00000336314.9	-0.06552300928160548	0.1951430570334196
ENST00000336418.9	1.245418131351471	1.246280163526535
ENST00000336498.8	-0.15143987629562616	-0.2605114858597517
ENST00000336576.9	-0.05390561930835247	-0.007145712152123451
ENST00000336592.11	0.19828514754772186	0.5250558257102966
ENST00000336735.9	0.584840502589941	0.8351173475384712
ENST00000336767.6	0.49807994067668915	0.8515160456299782
ENST00000336783.8	0.06405688946445784	-0.12069002787272134
ENST00000336812.5	0.4995206221938133	0.40736085176467896
ENST00000336854.8	1.4410561323165894	0.5950425565242767
ENST00000336868.8	-0.07518641899029413	0.553844690322876
ENST00000336926.11	0.1213408981760343	0.3429519434769948
ENST00000337109.9	0.7805631458759308	1.2616525888442993
ENST00000337137.9	-0.5259020030498505	-0.09579217433929443
ENST00000337227.9	0.6307632227738698	0.7179399331410725
ENST00000337233.8	-0.2743839714676142	-0.411902017891407
ENST00000337288.9	-0.2774661844596267	-0.4169961754232645
ENST00000337491.7	0.5502951554954052	0.3523469101637602
ENST00000337537.8	0.20191479474306107	0.7068634331226349
ENST00000337702.5	1.0280089378356934	0.6924875676631927
ENST00000337743.9	0.26903431862592697	0.0741768516600132
ENST00000337859.11	0.8032042384147644	0.7968165576457977
ENST00000337975.6	0.25967105105519295	0.1470031589269638
ENST00000338034.9	0.12322349846363068	-0.0759103074669838
ENST00000338045.7	0.23545998086531955	0.5835106074810028
ENST00000338128.13	0.5126849487423897	0.6313928067684174
ENST00000338134.8	0.32010945677757263	0.29394418001174927
ENST00000338179.6	0.5489021763205528	0.7770169526338577
ENST00000338193.11	0.4141901358962059	0.5005879774689674
ENST00000338222.6	0.6312763839960098	0.652300551533699
ENST00000338380.2	1.1817840933799744	1.2505295276641846
ENST00000338399.9	0.47697626799345016	0.39982086420059204
ENST00000338415.8	0.5114216715097427	0.5481292963027954
ENST00000338448.10	0.19314508388439816	0.4530775124828021
ENST00000338492.9	0.7870566174387932	0.6149714849889278
ENST00000338560.12	0.15153981000185013	-0.050751710310578346
ENST00000338625.9	0.2743905534346899	0.15466212791701156
ENST00000338663.11	0.3560071587562561	0.8444864973425865
ENST00000338702.3	0.8991992076237996	0.4064715454975764
ENST00000338758.11	0.4293426411847273	0.7633122404416401
ENST00000338821.6	0.1063467413187027	0.11497868224978447
ENST00000338825.5	0.9813630878925323	1.09483806292216
ENST00000339157.10	-0.7300557792186737	-0.5617433786392212
ENST00000339276.6	1.0921001061797142	1.3524643033742905
ENST00000339364.10	-0.39314989745616913	-0.4281267821788788
ENST00000339365.2	-0.29850607365369797	0.24781547610958418
ENST00000339399.5	1.2975275963544846	1.3812518417835236
ENST00000339600.6	1.6436824798583984	1.6918073296546936
ENST00000339697.5	0.7583046555519104	0.8306125104427338
ENST00000340020.11	-0.36002786457538605	-0.4234197437763214
ENST00000340067.4	0.7632053196430206	0.653664693236351
ENST00000340093.8	0.5415528044104576	0.7078465223312378
ENST00000340096.11	-0.07991575449705124	-0.5519683659076691
ENST00000340124.9	-0.3750165104866028	-0.13957330584526062
ENST00000340126.9	-0.40551862120628357	0.1373041917880376
ENST00000340253.10	0.013577542267739773	0.1354475598782301
ENST00000340258.10	0.027949357638135552	-0.0664688739925623
ENST00000340281.9	0.6541425883769989	0.5512675121426582
ENST00000340356.9	0.7287731965382893	0.651234820485115
ENST00000340381.11	0.2981325685977936	0.22110891217986745
ENST00000340384.5	0.9231090247631073	1.0923981666564941
ENST00000340385.6	1.0828142364819846	1.3898563385009766
ENST00000340413.7	0.5579901725053786	0.40508785247802737
ENST00000340438.6	0.6177981197834015	0.668413519859314
ENST00000340473.8	0.734179933865865	0.7316268483797709
ENST00000340578.10	0.5570588111877441	0.47665584459900856
ENST00000340607.5	0.9875550866127014	1.4117769598960876
ENST00000340736.10	-0.7185032069683075	-0.5412547886371613
ENST00000340748.8	-0.046279576917489365	-0.07749465418358643
ENST00000340766.9	0.46699774265289307	0.7828627526760101
ENST00000340811.9	0.117297338321805	0.030624613165855408
ENST00000340825.7	-0.8346373736858368	-0.7103173434734344
ENST00000340852.9	0.8909138292074203	0.9130702316761017
ENST00000340855.11	0.14718457870185375	0.08490789433320363
ENST00000340934.10	0.659048855304718	0.9042781591415405
ENST00000340941.11	0.6508671641349792	0.4455137153466543
ENST00000341049.7	1.3875842690467834	1.516570270061493
ENST00000341068.8	-0.6014369353652	-0.511608675122261
ENST00000341119.10	0.2610579455892245	0.13790733988086382
ENST00000341170.5	-0.12143344804644585	0.10581098403781652
ENST00000341197.9	0.16445672512054443	0.006894555874168873
ENST00000341247.8	0.2240243460983038	0.19936536997556686
ENST00000341259.7	-0.6992515027523041	-0.9462214857339859
ENST00000341446.9	0.7398133277893066	1.0547188818454742
ENST00000341460.6	-0.15689148443440595	-0.4197411214311918
ENST00000341567.8	-0.2176960464566946	-0.019728516694158316
ENST00000341657.9	0.19852843135595322	0.247754896680514
ENST00000341864.6	0.9624006673693657	0.7766833305358887
ENST00000341928.6	-0.21591670624911785	-0.05210347846150398
ENST00000341942.9	1.5770769317944844	1.0339524845282237
ENST00000342016.8	0.18986313790082932	0.2650447487831116
ENST00000342058.8	0.08474245108664036	0.46705522388219833
ENST00000342166.10	1.4780515134334564	1.3975945264101028
ENST00000342192.9	1.3586028516292572	1.550464928150177
ENST00000342232.5	0.35488346219062805	0.2931486666202545
ENST00000342245.9	-0.4953031688928604	-0.024014835245907307
ENST00000342480.7	0.20765213668346405	0.2034441903233528
ENST00000342679.9	0.2803680549065272	0.3406160523494085
ENST00000342694.6	0.18905258178710938	-0.02651354856789112
ENST00000342784.7	-0.7095672786235809	-0.5079383552074432
ENST00000342854.10	0.2705471900602182	0.25919657200574875
ENST00000342932.8	0.6040183454751968	0.553275503218174
ENST00000343053.5	-0.4199334681034088	-0.13232394866645336
ENST00000343262.9	0.6861515641212463	1.0435767769813538
ENST00000343307.5	0.5409148931503296	-0.09242326021194458
ENST00000343411.8	-0.6154598891735077	-0.24653934687376022
ENST00000343484.10	0.38894982635974884	0.4112869203090668
ENST00000343537.12	0.05481124669313431	-0.11665788851678371
ENST00000343575.10	1.6102431178092957	1.576822078227997
ENST00000343629.11	0.13387013226747513	0.2672858238220215
ENST00000343632.9	0.11670977156609297	0.026659757597371936
ENST00000343744.6	0.11249477416276932	0.20409250259399414
ENST00000343813.10	0.1001596680531899	0.18265320360660553
ENST00000343818.11	0.7565627098083496	0.5150439888238907
ENST00000343938.9	-0.13972229324281216	0.2802559807896614
ENST00000343979.6	-0.3735877275466919	-0.13795004598796368
ENST00000344034.5	0.9449191018939018	0.6234089806675911
ENST00000344099.4	-0.6469452480475107	-0.5183048844337463
ENST00000344111.4	1.1339948624372482	1.2615662515163422
ENST00000344293.6	-0.35780826956033707	-0.5012408122420311
ENST00000344318.4	0.9498326182365417	0.7109512984752655
ENST00000344337.11	0.7605699002742767	0.7911230723063152
ENST00000344366.7	0.5696493983268738	0.47961798310279846
ENST00000344420.10	0.6889491975307465	0.6664556115865707
ENST00000344517.5	0.23612134903669357	0.14960820972919464
ENST00000344537.10	0.3902224600315094	0.17666812986135483
ENST00000344595.10	0.7767953634262086	0.34448862820863724
ENST00000344641.8	0.9079809188842773	0.7960751354694366
ENST00000344726.9	1.6305944323539734	1.6201327443122864
ENST00000344733.9	-0.9063759297132492	-1.005171924829483
ENST00000344762.6	-0.12996813654899597	-0.05525514576584101
ENST00000344843.12	0.7416765354573727	0.7597987577319145
ENST00000344887.10	1.0646138191223145	0.8051372369130452
ENST00000345057.9	0.24143747985363007	0.3552556112408638
ENST00000345317.7	0.9119538515806198	0.7294429987668991
ENST00000345330.9	1.0063969492912292	1.2680160999298096
ENST00000345617.7	-0.6459352597594261	-0.4447563197463751
ENST00000346234.7	1.2209355384111404	0.7846507877111435
ENST00000346299.10	-0.2878236286342144	-0.10702619329094887
ENST00000346416.7	0.1568132434040308	-0.09465564601123333
ENST00000346436.11	0.28705449402332306	0.01450948091223836
ENST00000346618.8	0.42541531721750897	0.4235584189494451
ENST00000346798.8	0.9145143330097198	0.6132424771785736
ENST00000347230.9	-0.7905075699090958	-0.8089208751916885
ENST00000348035.9	1.561558187007904	1.2039424180984497
ENST00000348165.10	-0.8374776840209961	-0.879321813583374
ENST00000348227.4	0.7083437840143839	0.1156200903157393
ENST00000348335.7	-0.0037300214171409607	-0.29596081376075745
ENST00000348367.9	-0.4409446269273758	-0.3656621742993593
ENST00000348459.10	0.23286624997854233	0.09245182946324348
ENST00000348462.6	1.6203169226646423	1.8553726971149445
ENST00000348547.6	0.5981282144784927	0.4083889089524746
ENST00000348956.7	0.9173807799816132	1.3440347015857697
ENST00000349004.6	0.3500205371528864	0.5181623548269272
ENST00000349048.9	0.3089844938367605	0.30770995281636715
ENST00000349062.6	0.5706080496311188	0.2936136747399966
ENST00000349129.6	-0.6436502449214458	-0.5261447615921497
ENST00000349139.6	0.5042300000786781	0.47973117232322693
ENST00000349215.8	-0.3595399633049965	-0.23860193975269794
ENST00000349456.8	-0.025574713945388794	0.1177634671330452
ENST00000349485.9	0.32849128916859627	0.28443510085344315
ENST00000349533.11	-0.6270363827546437	-0.5822223027547201
ENST00000349598.6	0.18208305723965168	0.1855931083361308
ENST00000349703.7	0.15345117449760437	0.08606447651982307
ENST00000349995.10	-0.07828267353276411	0.06465296198924382
ENST00000350148.9	0.23068577400408685	0.17356059048324823
ENST00000350320.10	0.5210617817938328	0.7984846010804176
ENST00000350498.8	0.5778035745024681	0.8158905431628227
ENST00000350612.11	-0.6155074834823608	-0.19741052389144897
ENST00000350690.10	0.3093560189008713	0.2554819621145725
ENST00000350697.8	0.6044418811798096	0.7735790312290192
ENST00000350721.9	-0.3961254209280014	-0.14884336292743683
ENST00000350997.12	-0.07859412394464016	0.2778762485831976
ENST00000351017.8	-0.6141471415758133	-0.49699974805116653
ENST00000351486.9	0.6687548061211903	0.4780762394269308
ENST00000351698.5	0.6695212026437124	0.8177783091862997
ENST00000351808.9	0.5870997309684753	0.32034043967723846
ENST00000352251.8	-0.3420378354688486	-0.2629227638244629
ENST00000352410.9	0.5274961888790131	0.8872606754302979
ENST00000352645.5	-0.5352872963994741	-0.3253524601459503
ENST00000352983.7	1.6855581998825073	1.5605714321136475
ENST00000353107.8	1.7540915211041768	1.598245163758596
ENST00000353172.6	0.2902788370847702	0.6497465968132019
ENST00000353234.5	-0.07733545079827309	-0.03366994298994541
ENST00000353258.8	0.20957569374392432	0.14405552484095097
ENST00000353265.8	0.24345365539193153	0.06585119292140007
ENST00000353341.8	0.8923877477645874	1.2118346095085144
ENST00000353379.12	0.42416950315237045	0.3405200242996216
ENST00000353442.10	-0.13746266439557076	-0.22228766232728958
ENST00000354105.10	0.23698371089994907	0.34274666756391525
ENST00000354161.8	0.024463649839162827	0.024405980482697487
ENST00000354185.9	0.40969642996788025	0.7333022356033325
ENST00000354193.5	1.1993246302008629	0.9483034759759903
ENST00000354221.5	0.42054007947444916	0.2478935420513153
ENST00000354268.8	0.2117704041302204	0.13284406065940857
ENST00000354287.5	0.2380957081913948	0.5529322624206543
ENST00000354293.9	0.3049509897828102	0.12482487037777901
ENST00000354300.5	0.5199214518070221	0.2617916911840439
ENST00000354464.11	-0.037345480329046644	0.15039461478590965
ENST00000354475.5	0.24634281545877457	0.07862436212599277
ENST00000354488.8	0.5137573232253392	0.42208854854106903
ENST00000354546.10	0.7818069458007812	0.9013381600379944
ENST00000354567.7	0.27147358655929565	0.4383091479539871
ENST00000354570.7	0.11803865805268288	0.32665443420410156
ENST00000354611.9	0.5402917489409447	0.6192508339881897
ENST00000354619.10	0.21758709847927094	0.501964844763279
ENST00000354666.4	0.391046774884065	0.9068831900755565
ENST00000354694.12	0.41445015370845795	0.5106720924377441
ENST00000354700.10	-0.1284693187723557	-0.40130455791950226
ENST00000354724.8	0.8231150209903717	0.4560767933726311
ENST00000354725.8	0.643678292632103	0.6850201338529587
ENST00000354775.4	0.27362483739852905	0.3602825254201889
ENST00000354817.8	0.6103705763816833	0.676508754491806
ENST00000354831.11	-0.013846678038438162	-0.022683573265870415
ENST00000354862.4	0.3732713535428047	0.12598898634314537
ENST00000354926.9	0.6372160067160925	0.5757586260636647
ENST00000354981.6	0.08817882370203733	-0.02234823675826192
ENST00000355091.9	0.16733887791633606	0.3526695966720581
ENST00000355112.8	-0.13454855978488922	-0.07989168725907803
ENST00000355119.8	0.23668605585892993	0.2579961369434992
ENST00000355221.7	0.6512011488278706	0.7799374858538309
ENST00000355280.11	-0.47759758681058884	-0.4027584299445152
ENST00000355286.12	0.28851643204689026	0.14876747131347656
ENST00000355295.5	-0.11969168235858281	-0.4010250121355057
ENST00000355315.8	1.4934407472610474	1.2136650681495667
ENST00000355327.7	0.23685871809720993	0.4315997511148453
ENST00000355431.8	0.1865894398652017	0.0706434166058898
ENST00000355451.8	0.7511927783489227	0.7852918207645416
ENST00000355520.6	0.2719864398241043	0.18731427565217018
ENST00000355528.9	-0.21262658884127936	0.07190971945722897
ENST00000355585.9	-0.41788774728775024	-0.5319380760192871
ENST00000355610.9	0.2534691169857979	-0.19241325184702873
ENST00000355619.10	-0.4141259007155895	-0.2209034590050578
ENST00000355624.8	-0.07289842516183853	-0.02917072270065546
ENST00000355653.8	0.9742204546928406	0.6776549518108368
ENST00000355673.8	-0.9594961255788803	-0.9608680009841919
ENST00000355689.6	0.6711132824420929	0.6712140142917633
ENST00000355697.7	-0.5763284862041473	-0.3453945219516754
ENST00000355703.3	-0.9764272719621658	-1.0573216527700424
ENST00000355749.7	1.1909218430519104	1.5177069306373596
ENST00000355765.11	-0.15937404458721477	0.09961204354961714
ENST00000355773.6	-0.1387263536453247	0.30683577060699463
ENST00000355832.10	0.05684220123415192	-0.3130239893992742
ENST00000355849.10	-0.12764990632422268	0.26108261942863464
ENST00000355857.7	1.6742774844169617	2.058685819307963
ENST00000355893.11	0.9316867515444756	1.0297990068793297
ENST00000355904.9	0.704535648226738	0.7784925103187561
ENST00000355999.5	0.7355072051286697	0.5465148687362671
ENST00000356063.9	-0.11017932742834091	-0.2443503960967064
ENST00000356126.8	0.6412004977464676	0.9021950960159302
ENST00000356136.8	-0.1922206524759531	-0.38263633102178574
ENST00000356183.9	-0.20137076079845428	-0.3412432223558426
ENST00000356189.6	1.6517478227615356	1.7918070554733276
ENST00000356231.4	-0.1552613079547882	-0.35205522179603577
ENST00000356260.10	0.48740047216415405	0.6240008473396301
ENST00000356264.7	0.30058762431144714	0.427047461271286
ENST00000356286.10	-0.5349757671356201	-0.3397674262523651
ENST00000356321.4	-0.4581243544816971	-0.8897455930709839
ENST00000356388.9	-0.03348849853500724	-0.20280176436062902
ENST00000356454.5	-0.5560342490673065	-0.5764397621154784
ENST00000356455.9	1.3990565836429596	1.3983582258224487
ENST00000356467.4	1.0147368609905243	0.8596653193235397
ENST00000356487.11	0.9116873443126678	1.17435222864151
ENST00000356537.9	1.3062530159950256	1.1388583183288574
ENST00000356554.7	-0.03857471297184627	0.04449441470205784
ENST00000356575.9	-0.2868913412094116	-0.26280395686626434
ENST00000356577.10	-0.1414598673582077	0.3848268836736679
ENST00000356692.10	0.5922316014766693	0.8088829517364502
ENST00000356708.12	1.4663828015327454	1.3980632424354553
ENST00000356713.5	0.06076224520802498	-0.04836651310324669
ENST00000356763.8	-0.10793852619826794	-0.03027208987623453
ENST00000356805.9	-0.1199405761435628	0.18734133103862405
ENST00000356824.9	0.5544583797454834	0.680467963218689
ENST00000356847.8	-0.23553476948291063	-0.15853039175271988
ENST00000356891.4	0.6831107437610626	0.5636696517467499
ENST00000356924.9	0.12151353744169076	0.1847872038682302
ENST00000356940.11	1.2192646265029907	0.9829822480678558
ENST00000356970.6	0.47164211670557654	0.6171571314334869
ENST00000356971.3	-0.36553945019841194	-0.47684161365032196
ENST00000357037.6	0.778223842382431	0.43112245202064514
ENST00000357081.7	-0.5942866802215576	-0.610636293888092
ENST00000357085.5	0.24204040318727493	0.17844419181346893
ENST00000357103.5	0.11114661023020744	0.49265699088573456
ENST00000357156.6	1.2849342823028564	1.5658067464828491
ENST00000357164.4	0.9788580238819122	1.5370302498340607
ENST00000357182.9	-0.5816043317317963	-0.4197530522942543
ENST00000357348.9	0.6828530728816986	0.6805396974086761
ENST00000357360.4	0.8369459956884384	0.7216139286756516
ENST00000357387.8	-0.27622024342417717	-0.16601261869072914
ENST00000357460.7	0.01080254279077053	0.025163608603179455
ENST00000357479.10	-0.17072949558496475	-0.26833389699459076
ENST00000357500.5	0.9286668598651886	0.8162180632352829
ENST00000357503.3	-0.2115374468266964	-0.06417291238904
ENST00000357578.8	0.6064518094062805	0.4249346822500229
ENST00000357606.7	-0.12239343486726284	-0.26116437651216984
ENST00000357641.10	-0.8004269450902939	-0.7056118249893188
ENST00000357654.9	-0.31645461916923523	-0.2312567581733068
ENST00000357749.7	0.19623484835028648	0.46719782799482346
ENST00000357765.6	0.46228794753551483	0.5720500946044922
ENST00000357785.9	0.14776345156133175	0.22851046174764633
ENST00000357799.9	-0.22516054411729178	-0.14874769871433574
ENST00000357849.9	0.6035845180352528	1.0585808753967285
ENST00000357997.10	-0.21015161275863647	-0.275077223777771
ENST00000358007.7	0.6020917743444443	0.7355406284332275
ENST00000358015.8	0.638664369781812	0.6800658206144969
ENST00000358022.4	0.48889513313770294	0.36281036461393035
ENST00000358065.4	0.2586938664317131	0.024531501810997725
ENST00000358102.8	-0.09797185636125505	-0.2874533459544182
ENST00000358130.7	0.9818095614512761	1.1067500114440918
ENST00000358149.8	0.3858950212597847	0.3677190840244293
ENST00000358154.8	-0.41857036451498664	-0.48667050898075104
ENST00000358173.8	-0.419334314763546	-0.38831633515655994
ENST00000358196.8	0.6759143397212029	0.4435998350381851
ENST00000358201.9	-0.03339022770524025	-0.015471838042140007
ENST00000358204.9	0.7228000462055206	0.6226402223110199
ENST00000358227.5	1.6124608516693115	1.3450077176094055
ENST00000358232.11	0.3342892676591873	0.24443919956684113
ENST00000358290.9	0.7493844032287598	0.7503007054328918
ENST00000358321.4	0.11124152752260366	0.3768981173634529
ENST00000358337.9	0.504014641046524	0.41130276024341583
ENST00000358369.8	-0.637035584449768	-0.6025800943374634
ENST00000358406.10	0.9099533259868622	0.8004343807697296
ENST00000358432.8	0.16893609054386616	0.23857242241501808
ENST00000358485.8	0.12257857993245125	0.5403388142585754
ENST00000358514.9	1.0213817954063416	1.0007671862840652
ENST00000358572.10	0.8541877865791321	0.8668861985206604
ENST00000358625.3	0.5864060744643211	0.529824748635292
ENST00000358752.3	-0.036134323105216026	-0.29078206419944763
ENST00000358769.7	0.6162580400705338	0.5013100653886795
ENST00000358776.7	0.6135513484477997	0.618584930896759
ENST00000358784.11	0.825155146420002	0.7903416380286217
ENST00000358807.8	0.03974723559804261	-0.24736938998103142
ENST00000358812.9	0.14385013468563557	0.23876623809337616
ENST00000358869.5	0.5128024518489838	0.5192106664180756
ENST00000358901.11	0.7701919972896576	0.7613664170106252
ENST00000358933.10	-0.34373994171619415	-0.3834930956363678
ENST00000358935.3	0.7233823239803314	0.27364933770149946
ENST00000358951.7	0.038497039737800755	0.12659399708112082
ENST00000359015.5	-0.3075188547372818	-0.5064927041530609
ENST00000359039.5	0.5895278230309486	0.39204323291778564
ENST00000359062.3	0.058145598508417606	-0.20105402544140816
ENST00000359154.6	0.015824230387806892	0.05169420316815376
ENST00000359204.5	0.6530301123857498	0.6683762669563293
ENST00000359209.11	0.30526063218712807	0.4843396916985512
ENST00000359232.8	0.10206183581613004	0.18389273225329816
ENST00000359236.10	-0.1919924095273018	-0.06365655921399593
ENST00000359246.9	-0.37006091202298796	-0.6220353742440541
ENST00000359271.4	0.4065394923090935	-0.04698787163943052
ENST00000359314.5	0.1487660426646471	0.3312664763070643
ENST00000359362.6	0.640693262219429	0.6694680601358414
ENST00000359426.6	0.41705867648124695	0.2838587872684002
ENST00000359429.11	1.195473700761795	1.1374255120754242
ENST00000359511.4	0.4239424094557762	0.07390421256422997
ENST00000359520.12	-0.8568098783493042	-0.7343835830688477
ENST00000359523.7	0.7339346011479696	0.8278054197629292
ENST00000359534.4	0.43478038907051086	0.2702360711991787
ENST00000359541.6	-0.24317213147878647	-0.2637050524353981
ENST00000359591.9	-0.7909025251865387	-0.6929688453674316
ENST00000359655.9	0.13592884689569473	0.08396206051111221
ENST00000359678.10	0.6590668380260467	0.7048359572887422
ENST00000359943.8	0.6766302138566971	0.7666104733943939
ENST00000360001.11	-0.09588637016713619	0.17794557809829714
ENST00000360057.7	1.1562994122505188	0.6919810076554617
ENST00000360150.9	-0.0997448085496823	0.0022504869848489757
ENST00000360270.7	1.184674084186554	0.993394672870636
ENST00000360370.8	-0.24751459062099457	-0.2068421021103859
ENST00000360416.8	0.11744989268481731	0.42249802500009537
ENST00000360428.9	0.46993338565031684	0.7356373469034831
ENST00000360467.7	-0.16435851342976093	-0.02297626994550228
ENST00000360472.9	1.4787001609802246	1.0548655539751053
ENST00000360476.8	0.3208281074961027	0.5701436996459961
ENST00000360534.8	0.26040294766426086	0.6684943735599518
ENST00000360538.7	-0.21699711866676807	-0.2805781103670597
ENST00000360541.10	-0.00963439978659153	0.4132664352655411
ENST00000360565.8	-0.4083361569792032	-0.34730770625174046
ENST00000360586.8	0.11894004295269649	0.3377646903196971
ENST00000360596.7	0.3122693821787834	0.20660853199660778
ENST00000360631.7	0.694045466184616	0.08437841013073921
ENST00000360663.9	-0.3701485420266787	-0.294625885784626
ENST00000360768.5	0.6203755537668865	0.6896903564532597
ENST00000360820.7	-0.13994022458791733	0.07812964916229248
ENST00000360840.9	-0.18310271948575974	-0.239724799990654
ENST00000360845.3	0.16239700466394424	0.05741800740361214
ENST00000360864.9	0.6366368979215622	0.6405311226844788
ENST00000360909.7	-0.23298602178692818	-0.003918646834790707
ENST00000360943.10	0.30911245197057724	0.475270576775074
ENST00000360961.11	1.4600348273913066	1.7525899211565654
ENST00000361060.5	0.8168026357889175	0.8161295801401138
ENST00000361066.7	0.8952297270298004	1.0008496046066284
ENST00000361092.9	0.695092536509037	0.893256664276123
ENST00000361113.10	0.12257752195000648	-0.15550179034471512
ENST00000361114.10	0.47231440246105194	0.3544395714998245
ENST00000361131.5	-0.21354033797979355	0.3033151738345623
ENST00000361138.7	-0.17861634492874146	0.33497190475463867
ENST00000361162.10	0.6293194095293682	0.4778743634621302
ENST00000361170.7	0.046098128582040473	-0.019790504748622578
ENST00000361175.8	0.4528469145298004	0.4590637609362602
ENST00000361183.8	0.8454930186271667	1.2086478471755981
ENST00000361204.9	-0.7338463008403778	-0.4669832408428192
ENST00000361228.5	0.6545815964539845	0.40483301381270087
ENST00000361234.9	0.2388521209359169	0.10808416828513145
ENST00000361246.7	-0.8926701943079631	-0.848943293094635
ENST00000361264.9	-0.2467886358499527	-0.27534254640340805
ENST00000361271.8	-0.0075978003442287445	0.46931420266628265
ENST00000361272.9	0.2860346585512161	0.7168618738651276
ENST00000361288.9	0.9189806133508682	0.9158381074666977
ENST00000361297.7	-0.8223269581794739	-1.118773341178894
ENST00000361309.5	0.3256115118662516	0.67193403840065
ENST00000361311.4	0.3521408587694168	0.28598231077194214
ENST00000361314.5	1.0279996991157532	0.9511619806289673
ENST00000361337.3	0.8303218980630238	0.7533615231513977
ENST00000361367.7	0.29986459016799927	0.25367485731840134
ENST00000361383.11	0.6421731611092885	0.6072121063868204
ENST00000361413.8	-0.3272986263036728	-0.7833907008171082
ENST00000361421.2	0.3114417567849159	0.5251973792910576
ENST00000361428.3	-0.6972308456897736	-0.4395083487033844
ENST00000361432.3	0.7577587366104126	0.5805689692497253
ENST00000361439.9	-0.04047160968184471	0.6365831792354584
ENST00000361445.9	-0.04971376922912896	-0.03790904674679041
ENST00000361464.8	0.2340027503669262	0.230483029037714
ENST00000361475.7	0.4408435523509979	0.4705551937222481
ENST00000361479.10	0.42965178936719894	0.13550227507948875
ENST00000361488.7	-0.32350997378428775	-0.22544921934604645
ENST00000361505.10	0.717450350522995	0.9765865802764893
ENST00000361518.10	-0.042391309048980474	-0.014422158943489194
ENST00000361573.2	0.3871947030226389	0.45063418646653497
ENST00000361575.4	1.7730749249458313	1.9964666962623596
ENST00000361603.7	0.28098904341459274	0.4242498651146889
ENST00000361605.4	0.4469667971134186	0.3355935215950012
ENST00000361648.6	0.05157478339970112	0.07820697873830795
ENST00000361671.10	0.2030334179289639	0.3142298646271229
ENST00000361673.4	-0.8270550966262817	-0.7481809655825298
ENST00000361722.7	-0.24609536677598953	-0.23335562646389008
ENST00000361735.4	-0.30020570755004883	0.09469916702558596
ENST00000361804.5	0.2856801152229309	0.5587238073348999
ENST00000361813.5	-0.8689663261175156	-0.8486335128545761
ENST00000361822.8	0.27711015194654465	0.29771208576858044
ENST00000361891.9	0.5815624892711639	0.9677860935529072
ENST00000361908.8	-0.2292350505789121	0.050256602466106415
ENST00000361927.9	0.5568229854106903	0.5318258553743362
ENST00000361952.5	0.662940189242363	0.5081353709101677
ENST00000361983.7	0.4623178094625473	0.32190795987844467
ENST00000362011.7	0.043952604134877525	0.49137352406978607
ENST00000362031.10	0.2994142174720764	0.39009809494018555
ENST00000362034.7	0.6841210722923279	0.868167906999588
ENST00000362057.4	-0.21693898364901543	-0.41413889825344086
ENST00000362091.8	-0.6442994922399521	-0.7883498320976894
ENST00000366472.6	-0.04542200826108456	-0.19958993792533875
ENST00000366513.9	-0.5236330777406693	-0.47921285778284073
ENST00000366514.5	0.07180658355355263	0.3614226058125496
ENST00000366535.4	0.7596269398927689	0.6508937627077103
ENST00000366553.2	-0.032595048658549786	-0.057764969766139984
ENST00000366560.4	1.3394711414972942	0.845639447371165
ENST00000366582.8	-0.18772107362747192	0.27242013812065125
ENST00000366607.5	1.3591165840625763	1.0249318927526474
ENST00000366609.3	0.46945610642433167	-0.007245288696140051
ENST00000366621.8	0.5482983787854513	0.46996359030405677
ENST00000366624.8	-0.6658123135566711	-1.0159792304039001
ENST00000366628.10	0.8363438546657562	0.45464130491018295
ENST00000366639.9	0.8091141879558563	0.7037778198719025
ENST00000366641.4	-0.09613150637596846	-0.38722968101501465
ENST00000366645.1	0.479642778635025	0.3516909331083298
ENST00000366647.9	-0.01697707362473011	-0.17046260926872492
ENST00000366651.7	0.7055770218372345	0.6248715579509736
ENST00000366654.5	0.3960087522864342	0.4115191623568535
ENST00000366661.9	0.09399253129959106	0.34115178883075714
ENST00000366667.5	0.6654469221830368	0.605541780591011
ENST00000366672.5	0.25844599306583405	0.4338492428263029
ENST00000366690.5	0.693612664937973	0.3265045719842116
ENST00000366794.10	0.5885452330112457	0.6624536216259003
ENST00000366812.6	0.3731936477124691	0.6193250119686127
ENST00000366835.8	0.011668965220451355	0.13227733969688416
ENST00000366910.10	0.4394989535212517	0.40114422887563705
ENST00000366913.8	0.6832362413406372	0.4664553105831146
ENST00000366922.3	-0.5205613076686859	0.02595628798007965
ENST00000366923.8	0.3127405047416687	0.4692263901233673
ENST00000366932.4	1.31749427318573	0.85549196600914
ENST00000366933.5	0.6108232289552689	0.4799574762582779
ENST00000366957.10	0.3547370284795761	-0.08830974996089935
ENST00000366962.8	-0.2540609538555145	-0.12874115941425163
ENST00000366971.9	0.26605703185002005	0.3732095857461294
ENST00000366988.5	0.8994925618171692	0.9419847130775452
ENST00000366997.9	-0.2078333329409361	-0.1158011956140399
ENST00000367001.5	0.03875662386417389	0.3841450959444046
ENST00000367029.5	1.0932170152664185	1.185651957988739
ENST00000367034.5	0.6625659763813019	0.8591712117195129
ENST00000367089.8	1.6885732114315033	1.5495880246162415
ENST00000367103.4	-0.43026280403137207	-0.532622367143631
ENST00000367142.5	1.447694718837738	1.0889290571212769
ENST00000367145.4	0.057933541014790535	-0.22842838242650032
ENST00000367157.6	0.35254621878266335	0.06531303247902542
ENST00000367182.8	0.10672889649868011	-0.12862814714511234
ENST00000367188.5	0.1442066878080368	0.11705917492508888
ENST00000367202.9	-0.6835059523582458	-0.374750480055809
ENST00000367249.9	0.6917108297348022	0.9430704414844513
ENST00000367261.8	0.4947510287165642	-0.051255520433187485
ENST00000367262.4	1.2776505947113037	1.1306222975254059
ENST00000367265.9	-0.09782099910080433	-0.17136761918663979
ENST00000367287.5	1.1946633458137512	1.2638673782348633
ENST00000367294.4	0.3466829642653465	0.31890828609466554
ENST00000367311.5	0.6784244775772095	0.3929440975189209
ENST00000367352.3	-0.2961250841617584	-0.08442278951406479
ENST00000367405.4	-0.31463833153247833	-0.4503858834505081
ENST00000367411.7	0.683553010225296	0.4864606633782387
ENST00000367429.9	-0.5649901330471039	0.6615431308746338
ENST00000367435.5	0.611469566822052	0.7036314904689789
ENST00000367439.7	0.9437676767508189	0.8266558150450389
ENST00000367463.5	-0.5037779907385509	-0.541676973303159
ENST00000367466.4	0.3122521837552389	0.12962128532429534
ENST00000367467.8	-0.7690164297819138	-0.7589614987373352
ENST00000367468.10	0.5586275085806847	0.8565099388360977
ENST00000367478.9	-0.08405409101396799	0.29872043058276176
ENST00000367481.7	-0.5778244137763977	-0.46125011146068573
ENST00000367495.4	0.43100442488988244	0.2193964325512449
ENST00000367498.8	0.48201767106850946	0.1344622429460287
ENST00000367506.10	0.013328445454438528	0.02582451794296503
ENST00000367510.8	0.1323763206601143	0.13090888410806656
ENST00000367511.4	0.2616778314113617	0.19969148188829422
ENST00000367569.4	1.7464295029640198	1.9450324475765228
ENST00000367576.6	0.4304829885562261	0.4297911723454793
ENST00000367590.9	-0.02427757764235139	-0.037843412098785244
ENST00000367591.5	0.3717545419931412	0.7196872532367706
ENST00000367602.8	0.2650303319096565	0.4690725803375244
ENST00000367619.8	0.5592750012874603	0.4712387025356293
ENST00000367627.8	-0.4421965807676316	-0.22647860497236252
ENST00000367635.7	-0.4148870185017586	-0.6452278941869736
ENST00000367649.7	-0.0988766560330987	-0.24814435839653015
ENST00000367658.3	0.228408083319664	0.35703666508197784
ENST00000367660.4	1.7722622156143188	1.652037262916565
ENST00000367669.8	-0.2348606400191784	-0.345836341381073
ENST00000367679.7	1.0211642235517502	1.1405262053012848
ENST00000367739.9	0.3575149873892466	0.43421317140261334
ENST00000367749.4	-0.14605221152305603	0.341252401471138
ENST00000367763.7	0.1937706023454666	0.3108033835887909
ENST00000367811.8	0.48469995707273483	0.3728085085749626
ENST00000367816.5	1.010744959115982	1.3396790424982707
ENST00000367833.7	0.8008889332413673	0.7485563158988953
ENST00000367837.10	0.5430136695504189	0.37663740664720535
ENST00000367879.9	0.9624665379524231	0.8326106518507004
ENST00000367922.7	0.2100893921451643	0.025225031073205173
ENST00000367924.1	0.843327522277832	0.5819011926651001
ENST00000367942.4	0.17863766849040985	0.45691169798374176
ENST00000367963.8	-0.03509964421391487	0.009483668953180313
ENST00000367975.7	1.5292093753814697	1.5002506971359253
ENST00000367976.4	0.6793663601080577	0.9853449861208597
ENST00000367988.8	-0.49474871158599854	-0.32253696024417877
ENST00000367993.7	0.6547853276133537	0.5779406577348709
ENST00000367999.9	0.16152933488289514	0.2131197527050972
ENST00000368003.6	1.2006607353687286	0.8754313588142395
ENST00000368072.9	0.6699192374944687	0.623249962925911
ENST00000368090.5	0.16630692593753338	0.4100054129958153
ENST00000368097.9	1.0218358635902405	1.2692152857780457
ENST00000368128.6	0.0011625871062278747	0.262681320309639
ENST00000368149.3	0.3357909719149272	0.18878649547696114
ENST00000368192.9	0.0898541184142232	0.1459381701424718
ENST00000368211.8	0.7021015286445618	0.8249505559603374
ENST00000368223.4	-0.3858020603656769	-0.057799945274988815
ENST00000368232.8	-0.2987162619829178	-0.36630603671073914
ENST00000368305.9	1.621136724948883	0.8952683508396149
ENST00000368309.4	-0.24095946922898293	0.16921759024262428
ENST00000368321.8	0.4216291606426239	0.30614908039569855
ENST00000368324.5	0.6195227205753326	0.23872798681259155
ENST00000368378.7	0.22254535928368568	0.3902108743786812
ENST00000368407.8	0.7849818989634514	0.787178598344326
ENST00000368440.5	0.4216558709740639	0.3492536097764969
ENST00000368457.3	-0.37439896911382675	-0.3157415837049484
ENST00000368467.4	0.48107077181339264	0.3836032897233963
ENST00000368468.4	0.4738478809595108	0.570140928030014
ENST00000368474.9	-0.5215719267725945	-0.11666096188127995
ENST00000368491.8	-0.3660478889942169	-0.17257533967494965
ENST00000368494.4	-0.19649290293455124	-0.1290326565504074
ENST00000368521.9	0.07566285319626331	-0.14261296764016151
ENST00000368547.4	0.9409377078215282	0.8064769506454468
ENST00000368576.8	-0.3041423335671425	-0.15038162469863892
ENST00000368594.8	-0.2833510140577952	-0.6154488722483318
ENST00000368599.4	0.6258784830570221	0.6771963089704514
ENST00000368608.4	0.6615716516971588	0.6974988579750061
ENST00000368633.2	0.0986407216017445	-0.0025024594118197756
ENST00000368648.8	-0.49166397005319595	-0.5239733755588531
ENST00000368662.10	0.49561649560928345	0.26759998997052514
ENST00000368679.8	-0.3531104475259781	-0.35963489674031734
ENST00000368685.6	0.8146833976109822	0.7599740624427795
ENST00000368706.9	1.5057061314582825	1.5256046652793884
ENST00000368713.8	1.053237035870552	1.6270169913768768
ENST00000368797.10	-0.18940826877951622	-0.5466081202030182
ENST00000368811.8	1.7196318805217743	1.735716700553894
ENST00000368814.8	0.6536848396062851	0.454317107796669
ENST00000368836.7	0.11992014199495316	-0.059138890355825424
ENST00000368842.10	0.8753113249937693	0.6582465966542562
ENST00000368845.6	0.9984425157308578	0.7848812490701675
ENST00000368849.8	0.5263213366270065	0.3500663712620735
ENST00000368868.10	0.5208429147799809	0.8095019857088726
ENST00000368874.8	-0.2356213852763176	-0.3671564906835556
ENST00000368884.8	1.388229270776113	1.0548960665861764
ENST00000368885.8	0.7636780887842178	0.5910061001777649
ENST00000368892.9	0.596508115530014	0.36863569915294647
ENST00000368908.10	0.6160826720297337	0.3431180752813816
ENST00000368911.8	0.17640158906579018	0.1946055656298995
ENST00000368918.8	0.04373771604150534	0.17261404792467755
ENST00000368921.5	1.6058076918125153	1.0653662085533142
ENST00000368926.6	0.6620922684669495	0.6062184174855549
ENST00000368932.5	0.42947596311569214	0.592382162809372
ENST00000368977.9	0.472610667347908	0.5312475934624672
ENST00000368984.8	1.1537175476551056	0.5097985193133354
ENST00000368985.8	0.6064724326133728	1.0918980836868286
ENST00000369002.9	0.47118675212065375	0.7268849611282349
ENST00000369005.6	-0.3947369083762169	-0.26302191242575645
ENST00000369023.8	0.2333642765879631	0.46722306311130524
ENST00000369026.3	0.9212077260017395	0.8398450314998627
ENST00000369037.9	0.5467058718204498	0.3850854287544886
ENST00000369046.8	0.211680809656779	-0.017527045371631782
ENST00000369047.9	0.34163499320857227	0.6993463337421417
ENST00000369063.8	0.7540416717529297	0.645208477973938
ENST00000369064.8	-0.21371808275580406	-0.03424065001308918
ENST00000369075.8	0.21744877099990845	0.14424654096364975
ENST00000369076.8	0.39880857368310296	0.7502914170424143
ENST00000369077.3	-0.0022442741319537163	0.271029818803072
ENST00000369085.8	0.6870186924934387	0.8537713289260864
ENST00000369103.3	1.0225408673286438	0.5714847445487976
ENST00000369124.5	-0.7380175590515137	-0.4735288470983505
ENST00000369146.8	0.21852318197488785	0.2235957346856594
ENST00000369153.2	0.8811106979846954	0.869790107011795
ENST00000369162.7	-0.26395200192928314	-0.31461384892463684
ENST00000369244.7	-0.1914687603712082	-0.20041466504335403
ENST00000369248.9	0.13462851320703825	0.1916221802433332
ENST00000369256.6	-0.5264744535088539	-0.0350397489964962
ENST00000369258.8	-0.2103864550590515	-0.3698449283838272
ENST00000369278.5	0.41427131742239	0.4183369427919388
ENST00000369303.9	0.2334497943520546	0.2038460299372673
ENST00000369314.2	0.708212673664093	0.809133730828762
ENST00000369329.8	0.36134185642004013	0.23296990618109703
ENST00000369415.9	-0.25188973546028137	-0.1459571192972362
ENST00000369448.4	0.6510608404874803	0.5013121351599694
ENST00000369452.9	-0.23389002159237862	-0.29282747507095336
ENST00000369454.4	0.5127980709075928	0.14347697794437408
ENST00000369462.5	0.4437851856152216	0.16833626727263132
ENST00000369466.9	-0.021810193546116352	-0.13779162801802158
ENST00000369485.9	0.5286003053188324	0.5766171813011169
ENST00000369498.8	0.7921192646026611	1.1859495639801025
ENST00000369534.8	0.8534388244152069	0.4337170720100403
ENST00000369535.5	0.7359405696392058	0.8012945979833603
ENST00000369536.10	0.20873785763978958	0.4426063150167465
ENST00000369541.4	0.5676406621932983	0.9606137871742249
ENST00000369550.10	0.9085915088653564	0.9197599291801453
ENST00000369569.6	0.29315105577309925	0.12663825104633966
ENST00000369603.10	1.1181067526340485	1.0260021686553955
ENST00000369622.8	0.7381335993607838	0.8541613022486368
ENST00000369660.9	0.7716920375823975	0.6294485429922739
ENST00000369681.10	-0.12291952967643738	-0.046470882371068
ENST00000369702.5	0.1029158253222704	-0.058745539747178555
ENST00000369705.4	0.8625272214412689	0.748417894045512
ENST00000369709.3	1.0151192545890808	1.2215299010276794
ENST00000369722.8	0.9751972854137421	1.7230530977249146
ENST00000369724.5	0.6471952497959137	0.5112624516089758
ENST00000369763.5	0.09375782776623964	0.05541381053626537
ENST00000369797.8	0.06429158337414265	0.25142037123441696
ENST00000369799.10	0.6356207728385925	0.7541455447673797
ENST00000369825.6	1.4557027220726013	1.9356607794761658
ENST00000369838.6	1.1143763661384583	1.6126241087913513
ENST00000369849.9	0.5741232559084892	0.80449178814888
ENST00000369851.7	0.9176861246426901	1.0306688348452249
ENST00000369864.5	0.03917415626347065	0.07010696828365326
ENST00000369872.4	1.0413259118795395	1.1624936759471893
ENST00000369886.8	-0.02649342454969883	-0.4213910177350044
ENST00000369889.5	-0.007750555034726858	0.03282696008682251
ENST00000369893.10	0.5336767137050629	0.7737360894680023
ENST00000369902.8	0.3835258334875107	0.30400165915489197
ENST00000369937.5	0.776718482375145	0.37120984494686127
ENST00000369939.8	0.25144822150468826	0.4306437075138092
ENST00000369966.8	-0.04561182437464595	0.05449683335609734
ENST00000369983.3	-0.3892030864953995	-0.5057260692119598
ENST00000369984.4	-0.14438621699810028	-0.377904687076807
ENST00000370008.4	0.4957473687827587	0.5027110315859318
ENST00000370025.9	0.4393521845340729	0.6813076138496399
ENST00000370033.9	0.21107683889567852	0.23662126623094082
ENST00000370060.7	0.2772975414991379	0.13720564544200897
ENST00000370078.2	0.3777471582094828	0.23639067262411118
ENST00000370110.5	1.1072056889533997	1.3368124961853027
ENST00000370128.8	0.09203328937292099	-0.25564004480838776
ENST00000370179.8	1.1540996432304382	0.8433919449647268
ENST00000370192.8	0.45097120106220245	0.20702604825297993
ENST00000370205.6	0.7897482514381409	0.5109791457653046
ENST00000370206.9	1.4657204747200012	0.8596861660480499
ENST00000370214.9	0.5832132796446482	0.4022526293992996
ENST00000370238.8	0.24061748385429382	0.3472417742013931
ENST00000370249.3	-0.065971071831882	-0.21618558652698994
ENST00000370272.9	1.1519086360931396	1.1852018237113953
ENST00000370277.5	1.7470198273658752	1.5291482210159302
ENST00000370282.8	0.9961615204811096	1.1178516149520874
ENST00000370315.4	0.2255388324459394	0.5080202917257945
ENST00000370321.8	1.515353798866272	1.233454704284668
ENST00000370339.8	-0.31728888799746835	-0.09831940506895384
ENST00000370355.3	0.924869030714035	0.8488667607307434
ENST00000370360.8	-0.1148128118366003	0.3357387110590935
ENST00000370372.7	1.4118278622627258	1.1163674195607505
ENST00000370397.8	-0.07922085002064705	-0.3776705265045166
ENST00000370435.5	-0.14837446063756943	-0.17566341906785965
ENST00000370440.5	-0.4250374188025792	-0.3810866102576256
ENST00000370454.9	0.27545461244881153	0.22554361820220947
ENST00000370455.8	0.7042006850242615	0.5767726302146912
ENST00000370473.5	0.30134259909391403	0.5817582905292511
ENST00000370476.10	0.6736145168542862	0.425837941467762
ENST00000370481.9	0.0969213554635644	0.4082411304116249
ENST00000370487.5	-0.14815521271278462	-0.20525376498699188
ENST00000370489.5	0.16585261095315218	0.0031862929463386536
ENST00000370495.6	-0.39111562073230743	-0.29785628616809845
ENST00000370500.10	0.7770780175924301	0.6172174364328384
ENST00000370508.7	0.8172662779688835	0.8877504467964172
ENST00000370509.5	0.9582615792751312	1.3376237750053406
ENST00000370521.8	0.04896615569790204	-0.1905224695801735
ENST00000370544.10	1.0091243088245392	0.6447579463322957
ENST00000370574.4	0.7872361342112224	0.7655076583226521
ENST00000370575.5	0.3823363184928894	0.22959022223949432
ENST00000370630.6	0.9396621882915497	1.0584444403648376
ENST00000370631.3	0.22567831724882126	0.40235386043787
ENST00000370664.4	-0.4941662847995758	-0.5892773270606995
ENST00000370685.7	0.2573908753693104	0.5467904657125473
ENST00000370693.5	0.9033879141012827	0.6097340881824493
ENST00000370747.9	0.43359851837158203	0.46643154323101044
ENST00000370751.10	0.5947769403457641	0.6215693533420563
ENST00000370752.4	0.08079630322754383	0.08710199408233166
ENST00000370763.6	0.582224428653717	0.709639236330986
ENST00000370783.8	0.3885940471664071	0.4834369979798794
ENST00000370801.8	-0.5282352603971958	-0.4615989029407501
ENST00000370812.8	0.9443921744823456	1.0657326579093933
ENST00000370818.8	0.6889536678791046	0.5853551924228668
ENST00000370828.4	0.9741344551245372	0.959751437107722
ENST00000370841.9	0.95296411216259	0.8121721968054771
ENST00000370873.9	1.4310308396816254	1.2738315165042877
ENST00000370874.2	0.8876437594493229	1.1271081964174905
ENST00000370888.6	0.381752073764801	0.25249760411679745
ENST00000370898.7	0.1562784593552351	0.030106685124337673
ENST00000370902.8	0.9868528187274932	0.5498162508010864
ENST00000370938.8	0.6827837725480398	0.588693271080653
ENST00000370952.4	0.07242202820877233	0.34951663513978326
ENST00000370963.9	0.8426209986209869	1.158096730709076
ENST00000370978.9	0.018856368958950043	0.09675981352726618
ENST00000370982.4	1.256500482559204	1.3432919383049011
ENST00000370995.6	0.8993408679962158	1.1420249938964844
ENST00000370996.5	0.6480108499526978	0.5468234419822693
ENST00000371065.9	1.333848019440969	1.0320592721303303
ENST00000371072.8	-0.30813443660736084	-0.22040191665291786
ENST00000371084.8	1.0308379083871841	0.9926561266183853
ENST00000371088.5	0.1811256092041731	0.03248454304412007
ENST00000371103.8	0.2718535605818033	0.027259426191449165
ENST00000371113.9	0.2302490845322609	-0.06739707570523024
ENST00000371141.8	0.4947105422616005	0.22349639050662518
ENST00000371208.5	0.26418179273605347	0.5738812386989594
ENST00000371222.4	0.4624459370970726	0.9706370085477829
ENST00000371224.7	0.42702987790107727	0.21791879336039227
ENST00000371226.8	0.11311954073607922	0.4276605000098546
ENST00000371227.8	-0.31785384751856327	-0.2839957159012556
ENST00000371244.9	0.6257184892892838	0.49919071793556213
ENST00000371250.4	0.7305576503276825	0.6002114713191986
ENST00000371279.4	0.4883514523506165	0.30482040951028466
ENST00000371281.4	0.22439264971762896	0.44265755265951157
ENST00000371317.10	1.156699538230896	1.2780901789665222
ENST00000371361.3	0.16339094191789627	0.37409159541130066
ENST00000371370.8	-0.007656892140706381	0.11255163792520761
ENST00000371383.7	0.4687403738498688	0.7810309529304504
ENST00000371384.4	0.6426939591765404	0.6182076930999756
ENST00000371410.5	0.34544306000073755	0.30868325630823773
ENST00000371421.9	0.055340279159801345	0.09052255004644394
ENST00000371429.4	0.165573475882411	0.26025984436273575
ENST00000371437.5	1.7353626191616058	1.8035483360290527
ENST00000371442.4	1.1263909836610158	0.4160613318284353
ENST00000371443.6	1.1290949583053589	1.5047436952590942
ENST00000371471.6	-0.6447114944458008	-0.4666975438594818
ENST00000371477.4	0.4586702734231949	0.47722090780735016
ENST00000371485.8	0.002678539603948593	0.34525489807128906
ENST00000371514.8	0.7172481715679169	0.5851560831069946
ENST00000371522.9	0.7784489691257477	0.5043159127235413
ENST00000371527.6	-0.034049347043037415	-0.025318093597888947
ENST00000371538.5	0.9048172384500504	0.9899416565895081
ENST00000371568.8	-0.02878460163871447	-0.011541410349309444
ENST00000371588.9	0.7509011129538218	0.4176325549681982
ENST00000371610.7	0.34732259809970856	0.4062180817127228
ENST00000371614.2	0.41487623006105423	0.2944692336022854
ENST00000371620.4	0.5841364040970802	0.5649080201983452
ENST00000371621.5	0.4268346935510635	0.3323466882109642
ENST00000371626.9	1.3538554906845093	1.1480216979980469
ENST00000371697.3	0.4072818234562874	0.26176436990499496
ENST00000371703.7	0.3160136826336384	0.21231659408658743
ENST00000371711.4	-0.059125905856490135	-0.5098587572574615
ENST00000371712.4	-0.5039745519558589	-0.7475150972604752
ENST00000371738.4	0.4615757241845131	0.47576504200696945
ENST00000371756.4	0.009441271424293518	0.2094740066677332
ENST00000371785.5	-0.14960332959890366	-0.5623913407325745
ENST00000371795.5	0.5976017812887828	0.6739855607350667
ENST00000371804.4	0.48503097891807556	0.6238328963518143
ENST00000371817.8	0.18025948479771614	0.011694696421424547
ENST00000371856.6	0.37279799580574036	0.5120230168104172
ENST00000371941.4	-0.6406407505273819	-1.030869573354721
ENST00000371945.9	-0.1672164499759674	0.0025926623493433
ENST00000371984.8	-0.8609475294748943	-0.5438849205772083
ENST00000371996.9	0.32207340002059937	0.4635821382204691
ENST00000372014.5	0.7804316878318787	0.7366811335086823
ENST00000372017.4	1.6018612384796143	1.1429487466812134
ENST00000372088.8	-0.5767286419868469	-0.6654769281546276
ENST00000372097.9	-0.2252959068864584	-0.08773031225427985
ENST00000372114.4	1.0216597318649292	0.7474554479122162
ENST00000372146.5	0.1136504327878356	0.06322211772203445
ENST00000372159.7	-0.020318418741226196	-0.08065314342578253
ENST00000372172.5	0.2657428979873657	0.029433472082018852
ENST00000372195.5	-0.9372470875581105	-0.8746888538201649
ENST00000372201.5	0.1835743971168995	-0.1747061163187027
ENST00000372215.5	-0.2728175176307559	-0.2394945975393057
ENST00000372224.9	0.3500713755687078	0.008000710979104042
ENST00000372232.8	0.19187374413013458	0.18697942048311234
ENST00000372257.7	-0.13105167029425502	-0.20115461526438594
ENST00000372285.8	0.5051136389374733	0.47949671372771263
ENST00000372289.7	0.39384687319397926	0.38890089839696884
ENST00000372336.4	0.003164494875818491	0.24097483977675438
ENST00000372343.8	-0.44463272392749786	-0.4020085632801056
ENST00000372371.8	0.17812342569231987	0.11819893618424734
ENST00000372394.5	0.2527850270271301	-0.1459714761003852
ENST00000372396.4	0.011496444543202717	-0.20314937581618628
ENST00000372409.8	-0.7153956815600395	-0.24022838613018394
ENST00000372422.7	0.433732308447361	0.5525427609682083
ENST00000372435.10	1.539076805114746	1.0582806915044785
ENST00000372447.7	0.8635813891887665	0.7029049247503281
ENST00000372457.9	0.4871124029159546	0.5757976720730464
ENST00000372462.1	0.1380953248590231	0.42036401480436325
ENST00000372517.8	-0.184894360601902	-0.27639817632734776
ENST00000372524.5	0.07053135335445404	0.44109364598989487
ENST00000372538.8	0.4234033301472664	0.43113069236278534
ENST00000372542.5	-0.6073605418205261	-0.8668661266565323
ENST00000372546.9	0.554858033855756	0.7404356002807617
ENST00000372548.9	0.014363217167556286	0.02676486549898982
ENST00000372561.4	0.5844334363937378	0.550582230091095
ENST00000372564.7	0.0628445508579413	0.11847152933478355
ENST00000372577.2	-0.30331404507160187	-0.2714955359697342
ENST00000372586.4	0.2661629915237427	0.01976715587079525
ENST00000372622.8	0.32986458763480186	0.12372671812772751
ENST00000372628.5	0.142427334561944	0.44740425050258636
ENST00000372648.10	0.23468255251646042	0.10013842582702637
ENST00000372685.8	0.9711903780698776	1.1842953860759735
ENST00000372715.6	0.0014200499281287193	0.17012924700975418
ENST00000372718.8	0.06657838076353073	0.4452130198478699
ENST00000372748.8	0.3673025071620941	0.43745023012161255
ENST00000372759.4	0.463030606508255	0.9207349717617035
ENST00000372806.8	0.5962021052837372	0.6196937263011932
ENST00000372811.10	0.15730111487209797	0.28404451409975684
ENST00000372813.4	0.3781062886118889	0.04878630302846432
ENST00000372829.8	0.5265558660030365	0.1959790214896202
ENST00000372833.6	0.7933861712614696	0.8245467742284138
ENST00000372836.5	0.45064833263556164	0.7966491281986237
ENST00000372839.7	0.7256533900896709	1.2084488471349082
ENST00000372876.2	0.7221552729606628	0.4784742295742035
ENST00000372890.6	0.6993401050567627	0.360269695520401
ENST00000372899.5	-0.20420712232589722	-0.08583436906337738
ENST00000372904.7	0.3810280213753382	0.5953065454959869
ENST00000372945.8	1.144086996714274	1.3586076299349465
ENST00000372950.6	0.7207873165607452	0.7494526207447052
ENST00000372979.9	0.3382560908794403	0.42331983894109726
ENST00000372991.9	0.22729741036891937	0.359619602560997
ENST00000373001.4	-0.3157392293214798	0.11568874213844538
ENST00000373016.4	0.6281425952911377	0.5344625115394592
ENST00000373019.5	0.7852891385555267	0.5510441958904266
ENST00000373042.5	0.4897759109735489	0.21975816786289215
ENST00000373045.10	0.1484227553009987	0.013779266737401485
ENST00000373049.8	0.06242431327700615	0.29024429619312286
ENST00000373055.6	0.7038494795560837	0.8367393016815186
ENST00000373062.8	0.6030670702457428	0.5001774877309799
ENST00000373087.7	-0.7925496771931648	-0.8237389512360096
ENST00000373095.6	-0.09792360477149487	-0.20224126055836678
ENST00000373115.5	-0.45303943380713463	-0.20202834531664848
ENST00000373116.6	-0.1703628716059029	0.14071447309106588
ENST00000373119.9	0.4753786213696003	0.07972154440358281
ENST00000373166.8	1.3107481002807617	1.098895013332367
ENST00000373189.6	0.15619254112243652	0.3517850339412689
ENST00000373202.8	0.5940959105889002	0.5377867420514424
ENST00000373210.4	-0.5155605152249336	-0.23452346329577267
ENST00000373212.6	1.639749139547348	1.8527919352054596
ENST00000373218.5	1.55517578125	1.1238707304000854
ENST00000373237.4	1.2762861847877502	1.500494658946991
ENST00000373255.9	0.7433482259511948	0.8292741924524307
ENST00000373264.5	0.9001466110348701	0.4722480848431587
ENST00000373279.6	0.9789021611213684	1.1033875346183777
ENST00000373284.10	0.3197818845510483	0.34873124957084656
ENST00000373299.5	0.6612373689810436	0.59939440091451
ENST00000373316.5	1.599046766757965	1.6970521807670593
ENST00000373358.8	1.2094524800777435	1.0834548771381378
ENST00000373365.5	1.3818932175636292	1.2862168848514557
ENST00000373383.9	0.4958261176943779	0.5899743636449177
ENST00000373408.4	0.8567553162574768	0.6029229313135147
ENST00000373425.8	-0.5210115313529968	-0.5374883115291595
ENST00000373433.9	0.8829996585845947	0.8120964467525482
ENST00000373451.9	0.34773953507343924	0.21514957646528882
ENST00000373477.8	0.8091670572757721	0.9594891369342804
ENST00000373491.3	0.019260716624557972	-0.21411124430596828
ENST00000373547.8	1.071195662021637	1.151301234960556
ENST00000373548.8	1.0789190530776978	0.8223754465579987
ENST00000373555.9	-0.6991420239210129	-0.3128321208059788
ENST00000373573.9	0.5385931730270386	0.3380033721526464
ENST00000373578.6	0.12059187889099121	0.15280045568943024
ENST00000373586.1	0.9709025621414185	0.9077894389629364
ENST00000373602.9	0.6870807558298111	0.38738028332591057
ENST00000373624.6	-0.3957408368587494	-0.31958514265716076
ENST00000373625.8	0.5614674190680187	0.6394348641236622
ENST00000373647.9	-0.24110464751720428	0.07246395759284496
ENST00000373669.8	1.7570586204528809	1.425340473651886
ENST00000373699.6	1.6376742124557495	1.1482632160186768
ENST00000373700.8	0.031926920637488365	0.07221384346485138
ENST00000373719.8	0.4592461511492729	0.3479716628789902
ENST00000373731.7	0.49389761686325073	0.5918402448296547
ENST00000373758.5	0.3984900116920471	0.35816731552282965
ENST00000373768.4	0.7569451034069061	0.7316307326157887
ENST00000373783.3	0.2644183039665222	-0.1726127564907074
ENST00000373795.7	-0.4172252813975016	0.3215690851211548
ENST00000373816.5	-0.23886281624436378	-0.3623187206685543
ENST00000373830.4	0.5468610674142838	0.7035263031721115
ENST00000373839.8	0.03216501325368881	0.164387962470452
ENST00000373840.9	1.2266151309013367	1.318156898021698
ENST00000373855.5	-0.7213394045829773	-0.6056906282901764
ENST00000373894.8	0.36214954778552055	0.7581887394189835
ENST00000373930.4	-0.28397028148174286	-0.04997558891773224
ENST00000373932.3	0.589035302400589	0.5762006938457489
ENST00000373935.4	0.39592205484708154	0.23687425628304482
ENST00000373943.9	0.6995919346809387	0.6305326223373413
ENST00000373954.10	0.5479493625462055	0.4888043999671936
ENST00000373970.4	0.5310300290584564	0.8668600122133892
ENST00000374011.6	-0.8712677359580994	-0.9491549730300903
ENST00000374012.8	-0.06387344747781754	-0.1724134087562561
ENST00000374023.8	0.15671461820602417	0.09533544722944498
ENST00000374103.9	0.11108070611953735	0.47015151381492615
ENST00000374114.8	0.5616417407989502	0.9085288226604462
ENST00000374126.9	-0.3239906579256058	-0.6042853643496832
ENST00000374135.9	0.5757144749164581	0.6492379665374756
ENST00000374140.6	-0.513807624578476	-0.8408734649419785
ENST00000374142.9	-0.2540567045410474	-0.23893247358500957
ENST00000374171.5	1.0220934748649597	1.0235909223556519
ENST00000374199.9	0.7611619432767232	0.5503308027982712
ENST00000374206.4	0.6861749887466431	0.3375647962093353
ENST00000374212.5	0.5855181366205215	1.1683880686759949
ENST00000374222.5	-0.4078976511955261	-0.6236540724833807
ENST00000374232.8	0.5321604609489441	0.5367127954959869
ENST00000374242.9	1.0783454378445942	0.7820450762907664
ENST00000374259.8	-0.2955378219485283	-0.10957109120984872
ENST00000374266.7	0.5476522048314412	0.6266631881395976
ENST00000374279.4	0.6179403513669968	0.34939657896757126
ENST00000374296.3	0.04719532579183579	0.021267527341842653
ENST00000374332.8	-0.12644025078043342	-0.12031267955899239
ENST00000374338.5	0.39350011199712753	0.44801459461450577
ENST00000374343.5	-0.4436042010784149	-0.21446453034877777
ENST00000374403.4	-0.04229736328125	-0.050355978310108185
ENST00000374466.4	-0.212602399289608	-0.16682736203074455
ENST00000374467.4	0.2021437669172883	0.41640516743063927
ENST00000374514.8	1.0158934593200684	0.9459885060787201
ENST00000374517.6	1.7588590234518051	1.9512904733419418
ENST00000374518.6	0.14619820316632587	0.3216705123583476
ENST00000374541.4	-0.226537823677063	-0.48130178451538086
ENST00000374550.8	1.6059391796588898	1.4235488176345825
ENST00000374586.8	-0.0016732998192310333	0.12388041708618402
ENST00000374617.9	0.09046075958758593	0.23522724956274033
ENST00000374694.2	-0.0146234892308712	0.2207756690680981
ENST00000374700.7	0.24866294860839844	0.002896137535572052
ENST00000374704.8	-0.24014917016029358	-0.4637598991394043
ENST00000374741.4	0.48459458351135254	0.5555916130542755
ENST00000374759.8	-0.6453304290771484	-0.1391882412135601
ENST00000374767.5	0.9056602120399475	1.202291578054428
ENST00000374811.7	0.11575007004042466	-4.855605463186972e-06
ENST00000374840.8	0.8920557200908661	1.1510363221168518
ENST00000374852.4	0.2952720870574315	-0.047631411968419954
ENST00000374865.5	1.0862305164337158	1.0301654785871506
ENST00000374884.3	1.5954031348228455	0.6143990755081177
ENST00000374888.2	0.21007070690393448	-0.05392099730670452
ENST00000374980.3	0.4933565557003021	0.825027123093605
ENST00000374987.4	0.45604050159454346	0.14770488440990448
ENST00000374994.9	0.29390261322259903	0.26880874298512936
ENST00000375071.4	0.9813916236162186	0.5023023784160614
ENST00000375078.4	0.872477759917577	0.7156817118326824
ENST00000375128.5	0.632952481508255	0.7690139611562092
ENST00000375135.4	-0.6831079304218293	-0.8503646492958069
ENST00000375147.8	0.20606669783592224	0.6694754958152771
ENST00000375180.7	0.15316992128888768	-0.049577499118944005
ENST00000375249.5	-0.06070020919044812	0.3202006220817566
ENST00000375250.9	-0.4249338358640671	-0.2901522070169449
ENST00000375255.8	0.34851037710905075	0.364318884909153
ENST00000375299.8	-0.03285682946443558	0.07021763299902281
ENST00000375341.8	0.7516866505146027	0.6513826102018356
ENST00000375360.7	-0.4277505944482982	-0.2767438869923353
ENST00000375370.10	0.7245737910270691	0.268273189663887
ENST00000375377.2	-0.9534763395786285	-1.0291157960891724
ENST00000375431.9	0.4018734097480774	0.11784943751990795
ENST00000375442.8	0.5304437180360158	0.32711299757162726
ENST00000375446.5	0.7521363000075023	0.4969124346971512
ENST00000375464.7	0.8478905459245045	0.8333196441332499
ENST00000375486.9	0.3735807314515114	0.2849779464304447
ENST00000375490.9	0.6421253196895123	0.6455970928072929
ENST00000375541.10	-0.6886474589506786	-0.4491418351729711
ENST00000375571.6	1.54053995013237	1.2702564001083374
ENST00000375592.8	-0.3817073777318001	-0.42597298324108124
ENST00000375599.8	0.40166623890399933	0.2291581705212593
ENST00000375643.7	0.013871968723833561	0.1372743919491768
ENST00000375708.4	-0.11680290102958679	-0.1496982748309771
ENST00000375712.4	0.31253921682946384	0.18990945350378752
ENST00000375731.9	0.5770553648471832	0.4891362860798836
ENST00000375734.6	0.6252339432636896	0.28580877681573236
ENST00000375749.8	0.13536404073238373	0.04115591011941433
ENST00000375771.5	0.06102888938039541	0.44884739567836124
ENST00000375807.8	-0.30419430136680603	-0.2551897168159485
ENST00000375820.10	0.11709258239716291	0.2208674605935812
ENST00000375826.4	0.4237325737873713	0.4780538628498713
ENST00000375856.5	-0.5777430037657421	-0.5479555875062943
ENST00000375859.4	0.93198361992836	0.5098177194595337
ENST00000375898.4	0.3841331861913204	0.4002075493335724
ENST00000375963.8	-0.17529001211126646	-0.23658419524629912
ENST00000375980.9	0.7774601951241493	0.5981961935758591
ENST00000375991.9	0.3080911487340927	0.7823603749275208
ENST00000375992.4	1.0116992096106212	0.8817055722077688
ENST00000376032.9	0.21055198647081852	0.294833168387413
ENST00000376065.8	0.18371514976024628	0.23345373074213663
ENST00000376112.4	1.079189439614614	0.7615742981433868
ENST00000376227.4	0.19204605246583623	0.06242498507102331
ENST00000376234.7	-0.5616338402032852	-0.5294593721628189
ENST00000376281.8	0.756441593170166	1.061054304242134
ENST00000376285.6	0.593449557820956	0.5094357977310817
ENST00000376327.6	0.9047859410444896	1.0729892949263256
ENST00000376344.8	0.3953670710325241	0.3567414917051792
ENST00000376355.7	0.6254155933856964	0.5357624068856239
ENST00000376371.7	-0.24571606516838074	-0.10429498925805092
ENST00000376395.9	0.3601533994078636	0.5912732481956482
ENST00000376454.8	0.1297684982419014	-0.2044789344072342
ENST00000376510.8	0.719002366065979	0.6381998658180237
ENST00000376582.7	0.8711967766284943	1.1434687972068787
ENST00000376588.4	0.8449687361717224	0.7842288414637247
ENST00000376619.6	-0.07146789552643895	-0.07931315409950912
ENST00000376693.3	0.730959752202034	0.4123902350664139
ENST00000376729.10	0.3048549145460129	0.29245834052562714
ENST00000376736.6	1.2372604608535767	0.9181897789239883
ENST00000376741.5	-0.023808322846889496	0.17658844124525785
ENST00000376745.9	0.5734594265619914	0.9902158975601196
ENST00000376753.9	0.22866870649158955	0.08281200844794512
ENST00000376759.8	1.6052637100219727	1.2928468585014343
ENST00000376770.5	-0.14408568665385246	0.25902509968727827
ENST00000376771.9	-0.07737313583493233	0.03525060415267944
ENST00000376836.8	0.8235515058040619	0.873978778719902
ENST00000376874.9	0.04555402385691802	0.19912038929760456
ENST00000376918.7	0.8538693338632584	1.0212349891662598
ENST00000376936.9	0.1417664686838786	0.00029666349291801447
ENST00000376957.7	0.2128473613411188	0.22285481169819832
ENST00000376958.5	0.2206258922815323	0.27095159888267517
ENST00000376962.10	0.48752375692129135	1.0278303176164627
ENST00000376980.8	0.12611635588109493	0.21237150579690933
ENST00000376983.8	0.4355079513043165	0.06840970937628299
ENST00000377022.8	-0.48565707355737686	-0.5763567760586739
ENST00000377026.4	0.9538424909114838	0.9973665177822113
ENST00000377038.8	0.2551821582019329	0.35085849960645044
ENST00000377044.9	-0.14204682689160109	-0.1843964233994484
ENST00000377045.9	-0.01336584985256195	-0.18110306933522224
ENST00000377047.9	0.44081227481365204	0.8711828887462616
ENST00000377071.9	-0.45642856508493423	-0.496903233230114
ENST00000377075.3	0.14919943114121753	0.04707121352354686
ENST00000377182.5	0.33511149883270264	0.3807133063673973
ENST00000377191.5	0.13269040919840336	0.38202352821826935
ENST00000377255.3	-0.4620499114195506	-0.1581366298099359
ENST00000377275.4	1.1087504029273987	1.1277338862419128
ENST00000377294.3	-0.15112474607303739	0.032488876953721046
ENST00000377304.7	0.15424201699594658	0.15829541410009068
ENST00000377325.2	-0.38433314859867096	-0.28721271455287933
ENST00000377326.7	0.2490786612033844	0.23007522523403168
ENST00000377340.6	0.4486526697874069	0.8164665400981903
ENST00000377346.9	-0.18034615367650986	-0.34222621843218803
ENST00000377350.7	-0.16362586617469788	-0.6069183349609375
ENST00000377386.8	0.9140535295009613	0.9845223426818848
ENST00000377474.4	0.7676435485482216	0.4810062386095524
ENST00000377482.10	-0.6465572615464528	-0.6071022152900696
ENST00000377524.8	0.7600334584712982	0.6813470721244812
ENST00000377526.4	-0.7384095887343088	-0.8577049473921458
ENST00000377575.3	1.4101341366767883	1.7824209332466125
ENST00000377603.5	0.6753331422805786	0.6370782554149628
ENST00000377674.9	0.009202562272548676	-0.23840844631195068
ENST00000377694.2	0.7561271488666534	0.8532067835330963
ENST00000377698.4	0.30748191537956393	0.26228077212969464
ENST00000377707.4	-0.49686606228351593	-0.3382914215326309
ENST00000377710.10	0.2633548974990845	0.17495784908533096
ENST00000377768.7	0.6388802131017048	0.6712031066417694
ENST00000377798.9	0.42656702548265457	0.5404407754540443
ENST00000377811.3	1.4324165185292563	1.0452022552490234
ENST00000377813.6	0.09851837903261185	0.282455176115036
ENST00000377818.4	1.4480735460917153	1.246230940024058
ENST00000377960.9	0.9647773653268814	1.1902364194393158
ENST00000377966.4	-0.15177091552565497	0.19349000665048757
ENST00000377967.8	-0.01928547862917185	-0.08443072345107794
ENST00000378026.5	0.3207653686404228	0.49439139664173126
ENST00000378045.5	1.1394925912221272	1.0655804375807443
ENST00000378069.5	0.8332552512486775	0.37715435276428855
ENST00000378078.5	-0.37673310687144596	-0.49619020024935406
ENST00000378103.7	-0.5861940011382103	-0.4116721861064434
ENST00000378106.10	0.7277320871750514	0.7529052992661794
ENST00000378116.9	-0.9360536932945251	-0.9379002451896667
ENST00000378156.9	-0.4150456339120865	-0.6488121698300044
ENST00000378164.7	-0.30442846566438675	-0.20695894584059715
ENST00000378165.9	0.33848919595281285	0.377948614458243
ENST00000378198.9	0.36929449439048767	0.27869440615177155
ENST00000378230.8	-0.2559812627732754	-0.6594509184360504
ENST00000378247.8	-0.9171123603979746	-0.9414874613285065
ENST00000378251.3	0.4523461014032364	0.3223763778805733
ENST00000378302.7	0.15743433870375156	0.006144575774669647
ENST00000378313.7	0.5260835886001587	0.16979633271694183
ENST00000378319.8	0.14076504856348038	0.4039405733346939
ENST00000378344.7	0.4401135891675949	0.34036360681056976
ENST00000378364.8	0.8228969275951385	0.6706956624984741
ENST00000378392.6	0.07333871396258473	-0.46831198036670685
ENST00000378460.6	-0.037167433028419815	0.015433392487466335
ENST00000378495.7	-0.26178857435782754	-0.418851042787234
ENST00000378526.9	0.36546972021460533	0.27099253609776497
ENST00000378531.8	0.053920530403653785	-0.26019543036818504
ENST00000378536.5	-0.6394205888112385	-0.677426666021347
ENST00000378567.8	-0.6922717094421387	-0.35781151056289673
ENST00000378572.8	0.6561616857846578	0.5646528750658035
ENST00000378578.9	0.9736954569816589	0.8458666801452637
ENST00000378605.3	-0.2570682764053345	-0.10663582384586334
ENST00000378623.6	-0.5063471719622612	-0.08330587297677994
ENST00000378643.8	-0.22766340523958206	-0.10908309184014797
ENST00000378669.5	1.1748441755771637	1.5825753211975098
ENST00000378670.8	1.373503863811493	1.8968904614448547
ENST00000378719.7	0.44227970391511917	0.3523838482797146
ENST00000378720.8	0.7695197761058807	0.8689468204975128
ENST00000378750.10	0.5178279330333074	0.5726005136966705
ENST00000378756.8	-0.04563489245871703	0.43009185791015625
ENST00000378802.5	0.19780395028647035	0.22150289453566074
ENST00000378842.8	0.23934313282370567	0.3532325103878975
ENST00000378852.7	0.49731429666280746	0.8762738108634949
ENST00000378887.3	1.0168319344520569	0.7939473390579224
ENST00000379019.7	0.02869241312146187	-0.20383627712726593
ENST00000379031.10	0.2942666759093603	0.09373288849989574
ENST00000379066.5	-0.26530775241553783	-0.4828060604631901
ENST00000379095.5	0.505798950791359	0.36663699646790826
ENST00000379160.3	1.0556033849716187	1.0672358721494675
ENST00000379198.5	0.11318583600223064	-0.23034613858908415
ENST00000379214.9	-0.5334314703941345	-0.19975508749485016
ENST00000379215.9	0.24025599285960197	0.13374239020049572
ENST00000379245.8	-0.2514072333772977	-0.21508193761110306
ENST00000379287.4	-0.05798131972551346	-0.23398448526859283
ENST00000379310.8	0.030645457096397877	0.09415624290704727
ENST00000379333.5	0.3421168774366379	0.4739786386489868
ENST00000379341.9	0.9069792032241821	1.0922781825065613
ENST00000379359.4	0.6990212798118591	0.5042251944541931
ENST00000379370.7	-0.12238024920225143	0.06845149397850037
ENST00000379378.8	-0.07126174308359623	-0.09780614264309406
ENST00000379380.9	1.1690621674060822	1.285611242055893
ENST00000379400.8	0.46675461530685425	0.29297424852848053
ENST00000379406.8	0.18852270394563675	0.5706596076488495
ENST00000379454.9	0.3692101687192917	0.6997766494750977
ENST00000379480.9	0.17844585329294205	-0.09282420016825199
ENST00000379483.4	0.44897009134292604	0.006193776428699493
ENST00000379484.10	0.3379434198141098	0.31293734908103943
ENST00000379485.2	0.3891527861356735	0.0023535436019301416
ENST00000379487.5	0.6760988235473633	0.49030113220214844
ENST00000379504.7	0.523959755897522	0.4283595085144043
ENST00000379509.7	0.46081942319869995	0.4737442582845688
ENST00000379516.7	0.5801535248756409	0.8066949546337128
ENST00000379540.8	-0.2887384295463562	-0.26521794497966766
ENST00000379561.6	0.1987192655603091	0.07080298786362012
ENST00000379562.9	0.8002805709838867	0.9861287325620651
ENST00000379565.9	-0.22477644681930542	-0.35543958842754364
ENST00000379589.4	0.27943865954875946	0.2199711576104164
ENST00000379600.8	0.782158762216568	0.7819723188877106
ENST00000379607.10	1.602252572774887	1.7923029363155365
ENST00000379638.9	1.476727028687795	1.700343906879425
ENST00000379643.10	-0.05027806696792444	-0.2013789787888527
ENST00000379644.9	0.2931854948401451	0.3364197723567486
ENST00000379661.8	-0.7775794863700867	-0.5261011123657227
ENST00000379715.10	0.9123759865760803	1.3570981621742249
ENST00000379719.8	0.028353799134492874	0.47431495785713196
ENST00000379731.4	0.5141308009624481	-0.20691432803869247
ENST00000379802.8	0.10590238124132156	0.4472729489207268
ENST00000379834.7	0.8025966485341389	0.29928559313217795
ENST00000379847.8	1.2071559578180313	1.569043606519699
ENST00000379883.3	0.2942075803875923	0.2698589786887169
ENST00000379942.5	-0.012830928588906925	-0.00047137743482987093
ENST00000379965.8	0.5980419814586639	0.3861478790640831
ENST00000380034.8	0.5512630343437195	0.3625846356153488
ENST00000380050.8	0.37897011637687683	0.3350020498037338
ENST00000380060.7	-0.1913179662078619	-0.33253684267401695
ENST00000380071.8	0.6684809923171997	0.6303659081459045
ENST00000380087.7	0.5660934150218964	0.8854554295539856
ENST00000380094.10	0.2184092402458191	-0.13068677484989166
ENST00000380110.8	0.8434171825647354	0.9156765937805176
ENST00000380113.8	0.8646481037139893	0.8466258943080902
ENST00000380122.10	0.23545822997887927	0.33779872953891754
ENST00000380155.4	0.8142127990722656	0.8502609431743622
ENST00000380191.9	0.8188260992368063	1.0438062846660614
ENST00000380198.6	0.3866579011082649	0.057713487185537815
ENST00000380254.7	0.33724919954935706	0.18688347190618515
ENST00000380266.4	-0.15281401691026986	-0.0009140807669609785
ENST00000380274.2	0.6604455709457397	0.4677174389362335
ENST00000380283.5	-0.33316051959991455	-0.5014932751655579
ENST00000380379.10	0.7415038496255875	0.5615425556898117
ENST00000380394.9	0.8258099357287089	1.4689267873764038
ENST00000380421.3	0.7464660108089447	0.8891808241605759
ENST00000380445.8	0.19376402348279953	0.23137564584612846
ENST00000380455.9	0.8939627259969711	0.9685328304767609
ENST00000380488.9	0.1738684143250187	0.2830274499331911
ENST00000380492.8	0.28486329068740207	0.4085562850038211
ENST00000380516.7	0.11407384648919106	0.3073439449071884
ENST00000380607.5	0.7720271348953247	0.5288134813308716
ENST00000380647.8	-0.2600364610552788	-0.20941076427698135
ENST00000380649.8	0.6032590568065643	0.5757691860198975
ENST00000380668.9	1.5430001020431519	1.2743884325027466
ENST00000380698.5	0.4694032520055771	0.8937799632549286
ENST00000380737.8	0.7919291853904724	0.7321975231170654
ENST00000380738.8	0.7054269909858704	0.645083412528038
ENST00000380739.6	0.9743353426456451	1.1406934261322021
ENST00000380749.10	1.6867323815822601	1.690921574831009
ENST00000380752.10	0.5439775635798771	0.6917280654112499
ENST00000380753.8	0.16407420486211777	0.49266955256462097
ENST00000380815.5	1.012243241071701	0.630441203713417
ENST00000380817.8	-0.9356651306152344	-1.2021348178386688
ENST00000380834.7	-0.20730598643422127	-0.061532625928521156
ENST00000380842.5	0.9322771430015564	1.125545620918274
ENST00000380843.9	0.9793003648519516	0.6659846156835556
ENST00000380872.9	0.7554419934749603	0.8472611010074615
ENST00000380916.8	-0.060526520013809204	-0.22454220801591873
ENST00000380950.7	-0.030586833134293556	-0.378390084952116
ENST00000380958.8	-0.25645718444138765	-0.2511564726009965
ENST00000380985.10	0.4757426232099533	0.5212172567844391
ENST00000380986.9	1.0875767350196839	1.3979485988616944
ENST00000380996.9	-0.1260034367442131	-0.24282250553369522
ENST00000381006.8	0.29008898884058	0.467463955283165
ENST00000381007.9	0.5890448093414307	0.7695685625076294
ENST00000381031.8	0.1128770299255848	0.4987536519765854
ENST00000381070.8	0.3723773757616679	0.3549204419056574
ENST00000381077.10	1.1656630992889405	0.899230009317398
ENST00000381154.6	0.020212233066558838	0.2719616927206516
ENST00000381163.7	-0.11211322993040085	0.08117477223277092
ENST00000381192.10	1.0989388823509216	1.5129955410957336
ENST00000381209.7	0.5477223843336105	0.3423844128847122
ENST00000381213.7	0.6715196222066879	0.343881793320179
ENST00000381223.9	-0.6461922265589237	-0.8749240264296532
ENST00000381249.4	0.10301527520641685	0.4236654080450535
ENST00000381254.7	-0.21948306635022163	-0.4689149484038353
ENST00000381271.7	-0.0036143790930509567	-0.2582310885190964
ENST00000381309.7	0.05879807472229004	-0.10015664994716644
ENST00000381334.10	-0.07189969345927238	0.40581776574254036
ENST00000381346.9	0.681544711192449	0.4405091454585393
ENST00000381401.11	0.9508783320585886	0.9599614938100178
ENST00000381410.5	0.4034204383691152	0.5280096332232158
ENST00000381431.10	0.7159340530633926	0.7564505487680435
ENST00000381440.4	-0.4703660309314728	-0.6004996597766876
ENST00000381486.7	-0.8773139119148254	-0.7353876084089279
ENST00000381501.8	0.20454146216313046	0.1080812799433867
ENST00000381527.8	-0.09623542241752148	-0.07036599237471819
ENST00000381554.8	0.5491567328572273	0.4895031824707985
ENST00000381569.5	0.1657436043024063	0.020935355685651302
ENST00000381571.6	0.9132291078567505	0.6644309759140015
ENST00000381577.4	0.7543943772713343	0.8676366060972214
ENST00000381588.9	-0.616003692150116	-0.26128561794757843
ENST00000381647.7	0.8755211234092712	0.9102659523487091
ENST00000381652.4	-0.45161639153957367	-0.3390759117901325
ENST00000381685.10	0.15907927230000496	0.5079491585493088
ENST00000381714.7	0.2773432582616806	0.4447360895574093
ENST00000381750.9	0.5879673957824707	0.42557187378406525
ENST00000381774.9	0.8115555942058563	0.6286953488985697
ENST00000381801.5	0.13739356398582458	-0.11553729325532913
ENST00000381809.8	0.5699335336685181	1.0641133189201355
ENST00000381844.8	1.4159710009892783	1.566541095574697
ENST00000381883.5	0.5427823662757874	0.5947004482150078
ENST00000381884.9	-0.3368876576423645	-0.5101459622383118
ENST00000381967.9	0.5847979635000229	0.7099892646074295
ENST00000381989.4	-0.21917631700634954	-0.04566431250423193
ENST00000382038.7	0.45959682824711	0.5224890361229578
ENST00000382125.8	0.23476797714829445	0.3810192048549652
ENST00000382142.8	-0.06602298468351364	-0.23537875711917877
ENST00000382159.8	1.3000457286834717	1.4227741658687592
ENST00000382172.4	0.24455796740949154	0.33226747065782547
ENST00000382203.5	0.0012349868193268776	0.01424495899118483
ENST00000382252.6	-0.6123870372772218	-0.4535625234246254
ENST00000382263.3	-0.043115622363984585	-0.23928869143128395
ENST00000382361.8	0.6895169913768768	0.9294078350067139
ENST00000382368.8	0.025802938267588615	-0.1025148294866085
ENST00000382374.9	0.22708551958203316	0.23613284900784492
ENST00000382409.4	0.34645509719848633	0.14247479662299156
ENST00000382422.6	-0.2986608073115349	-0.3063846851388613
ENST00000382554.4	-0.28802894055843353	-0.09649186581373215
ENST00000382564.8	0.7718798667192459	1.0108966678380966
ENST00000382592.5	-0.773113340139389	-0.9039612412452698
ENST00000382745.9	-0.3172779083251953	-0.12268836423754692
ENST00000382753.5	0.7017901241779327	0.47266338765621185
ENST00000382758.6	0.929624930024147	0.7025530487298965
ENST00000382952.7	-0.4872458875179291	-0.29447581246495247
ENST00000383432.8	-0.2599088288843632	-0.33433371502906084
ENST00000383657.10	0.7703441679477692	0.9498350620269775
ENST00000383791.8	0.01752518443390727	-0.24679826200008392
ENST00000383794.7	0.35849334796269733	0.43342325091362
ENST00000388712.7	0.3855339139699936	0.9010981619358063
ENST00000388752.8	1.0598044395446777	0.7115557193756104
ENST00000388820.5	-0.44535460472106936	-0.4248094201087952
ENST00000388822.10	0.6668945312500001	0.5455971598625182
ENST00000388837.6	0.08252684834102789	0.4285292228062948
ENST00000388901.10	0.5705554783344269	0.8504929542541504
ENST00000389017.6	0.024697748012840748	-0.11748372646979988
ENST00000389032.8	0.649118572473526	0.5831605792045593
ENST00000389082.10	-0.6564091742038727	-0.6135341227054596
ENST00000389100.9	-0.06752316281199455	-0.2509385794401169
ENST00000389120.8	0.32322242856025696	0.2218395248055458
ENST00000389131.8	0.40209999307990074	0.4857460558414459
ENST00000389231.9	0.5435315370559692	0.55917888879776
ENST00000389266.8	0.6908693909645081	0.605511486530304
ENST00000389386.8	0.09219285100698471	-0.22138651460409164
ENST00000389501.9	0.37004292756319046	0.2568821497261524
ENST00000389532.9	-0.7357614934444427	-0.7430701553821564
ENST00000389658.4	-0.17651512660086155	0.17624377459287643
ENST00000389704.4	0.8126835525035858	0.5829770863056183
ENST00000389749.9	0.2805546373128891	0.2599368765950203
ENST00000389759.7	-0.8443581461906433	-0.7867867946624756
ENST00000389805.9	0.28812845423817635	0.8777481317520142
ENST00000389834.9	0.3808462396264076	0.4589044749736786
ENST00000389857.11	-0.3474087566137314	-0.5570830702781677
ENST00000389879.9	0.3223399631679058	0.1760527305305004
ENST00000390645.2	0.28409752575680614	0.176846731454134
ENST00000391911.5	-0.4678638428449631	0.13758358010090888
ENST00000391945.10	0.3141125589609146	0.09102341532707214
ENST00000392038.7	0.148475281894207	0.10442782565951347
ENST00000392055.7	0.6454676985740662	0.2009032741189003
ENST00000392062.7	0.31134967412799597	0.4974781163036823
ENST00000392129.10	1.4843447804450989	1.5414226651191711
ENST00000392133.7	0.25855470448732376	0.4872354567050934
ENST00000392246.7	1.5924854278564453	1.6030986905097961
ENST00000392271.6	-0.40644870698451996	-0.35611577332019806
ENST00000392283.9	1.4647817462682724	1.2517409324645996
ENST00000392325.9	-0.3771759420633316	-0.08279144018888474
ENST00000392328.6	-0.6373997628688812	-0.34766137413680553
ENST00000392329.7	0.48502594232559204	0.3858172371983528
ENST00000392386.8	-0.22288744524121284	0.3943650498986244
ENST00000392396.7	0.3021787069737911	0.371426597237587
ENST00000392481.6	0.6122569143772125	0.7160158753395081
ENST00000392547.6	0.6133201122283936	0.9447758495807648
ENST00000392568.7	0.5876391530036926	0.4148700535297394
ENST00000392634.9	-0.10393277928233147	-0.13679386675357819
ENST00000392678.7	-0.1967103723436594	-0.7058176249265671
ENST00000392701.8	0.43115729093551636	0.29561470448970795
ENST00000392825.8	0.021472716704010963	0.280572393288215
ENST00000392870.3	0.296928271651268	0.029414091259241104
ENST00000392876.8	0.5084324851632118	0.2758042849600315
ENST00000392920.8	0.4660372957587242	0.6961669921875
ENST00000392959.5	-0.5094841942191124	-0.3712671175599098
ENST00000392981.6	-0.20321349799633026	0.023829272016882896
ENST00000392993.7	0.4507829546928406	0.1205914355814457
ENST00000393081.5	0.003868691623210907	0.33569711446762085
ENST00000393085.4	1.5864259600639343	1.4597725510597228
ENST00000393196.7	1.4191514253616333	1.5649473269780478
ENST00000393203.3	0.18414191156625748	0.4387420117855072
ENST00000393218.6	0.6683786511421204	0.9628058075904846
ENST00000393238.7	-0.3227812498807907	0.26233333349227905
ENST00000393261.8	-0.03869212232530117	-0.1428137794137001
ENST00000393408.7	1.0240570306777954	1.121370643377304
ENST00000393459.5	-0.016370002180337906	0.2737247757613659
ENST00000393473.6	0.14092982560396194	0.15031615644693375
ENST00000393486.5	0.23810134083032608	0.21031465753912926
ENST00000393545.9	-0.10832349956035614	-0.23979358673095702
ENST00000393565.5	0.5165201425552368	0.5367884834607443
ENST00000393593.8	0.8216338952382405	0.584906021753947
ENST00000393599.3	0.17851794976741076	-0.019127904903143644
ENST00000393600.8	1.1114314198493958	0.70721435546875
ENST00000393609.7	-0.6928971409797668	-0.6703319996595383
ENST00000393623.6	-0.8255438208580017	-0.9776052534580231
ENST00000393700.8	0.36069236074884736	0.4084477027257284
ENST00000393743.8	-0.283045157790184	-0.11549396812915802
ENST00000393784.8	0.7588126361370087	0.7685607671737671
ENST00000393792.3	0.7594707111517589	0.7148482898871105
ENST00000393795.7	1.1382295489311218	0.7277814745903015
ENST00000393892.8	0.0760591346770525	-0.1873474158346653
ENST00000393931.8	0.6732288002967834	0.5117057263851166
ENST00000393952.3	-0.4567934423685074	-0.28666016459465027
ENST00000394053.7	1.1239497661590576	0.7937436203161876
ENST00000394140.9	0.9189565926790237	1.006468951702118
ENST00000394152.7	-0.2854398973286152	-0.2565483842045069
ENST00000394164.5	0.0015787482261657715	0.21079314220696688
ENST00000394196.9	-0.5112246483564378	-0.473288232088089
ENST00000394231.8	1.0680629312992096	1.1244965195655823
ENST00000394236.9	0.43194208294153214	0.5977954268455505
ENST00000394264.7	-0.07053116708993912	-0.5081033408641815
ENST00000394295.6	0.9759621620178223	1.3114540576934814
ENST00000394303.8	-0.23676837980747223	-0.5376177132129669
ENST00000394391.9	0.788247138261795	0.9571324288845062
ENST00000394412.8	-0.9183648824691772	-0.976762443780899
ENST00000394419.8	0.6793012171983719	0.5386354774236679
ENST00000394422.8	0.06488181091845036	0.10163173940964043
ENST00000394434.7	0.47508977353572845	0.7611351013183594
ENST00000394440.8	0.8131841719150543	0.8516980409622192
ENST00000394485.5	1.7414639194806416	1.5966036121050515
ENST00000394532.7	0.19265643631418547	0.03749719510475794
ENST00000394553.6	-0.653773620724678	-0.8805843442678452
ENST00000394555.6	0.2616672093669573	0.7748882273832957
ENST00000394566.5	0.03765804469585418	0.2283070608973503
ENST00000394650.7	-0.3931940048933029	-0.25562921166419983
ENST00000394666.7	1.4097955822944641	0.9930219501256943
ENST00000394671.7	0.2400790024548769	0.19474352383986115
ENST00000394672.8	-0.4368377551436424	-0.3207479193806648
ENST00000394718.4	-0.07191851859291395	-0.07848678715527058
ENST00000394752.8	-0.5685079544782639	-0.4131952077150345
ENST00000394773.6	-0.8665044158697128	-0.8744312822818756
ENST00000394780.8	0.40985792502760887	-0.08658211585134268
ENST00000394836.7	-0.45957890152931213	-0.6237091422080994
ENST00000394854.8	0.6025426884492238	0.731137643257777
ENST00000394855.7	0.4847501516342163	0.698404997587204
ENST00000394863.8	-0.3390147636334101	-0.09377786191180348
ENST00000394869.7	-0.8404718041419983	-0.8656312972307205
ENST00000394885.8	1.022110439836979	1.1045186966657639
ENST00000394900.7	-0.4160415977239609	-0.19060450047254562
ENST00000394908.9	0.8166035115718842	0.676975429058075
ENST00000394919.5	0.4832049012184143	0.42399609088897705
ENST00000394936.8	0.5552573800086975	1.433229684829712
ENST00000394951.5	0.10667885964115462	-0.06816436971227328
ENST00000394957.8	0.35957053303718567	0.2768694832921028
ENST00000394963.9	0.6264767870306969	0.8292780220508575
ENST00000395042.2	0.21740105748176575	0.09671839326620102
ENST00000395047.6	1.4968416690826416	0.9042105376720428
ENST00000395074.6	0.19294085428118707	0.2780773499980569
ENST00000395076.9	0.7538002729415894	0.3985789169867833
ENST00000395176.3	0.8865374326705933	0.44822247326374054
ENST00000395284.8	0.6756637195746105	0.7812244991461437
ENST00000395321.6	0.9007865339517593	1.1305610239505768
ENST00000395326.8	0.8732830435037613	0.9573946818709373
ENST00000395348.7	0.1270824298262596	-0.3379714898765087
ENST00000395353.5	0.09852621285244823	0.4305369704961777
ENST00000395366.3	0.9002262155214946	1.2942195534706116
ENST00000395422.4	0.9921138733625412	1.105505347251892
ENST00000395510.6	-0.37745710015296935	-0.024331294745206834
ENST00000395544.9	-0.7805611044168472	-0.8543553352355957
ENST00000395595.7	0.27425722777843475	0.2552266791462898
ENST00000395631.6	0.5703044533729553	0.2512158155441284
ENST00000395686.8	0.4824867844581604	0.4883813112974167
ENST00000395694.7	0.3059362545609474	0.15916847810149193
ENST00000395699.5	0.21715455564359826	0.40096768736839294
ENST00000395718.6	-0.33380237221717834	-0.43690070261557895
ENST00000395744.7	-0.8791397213935852	-0.7458533644676208
ENST00000395748.8	0.8661856800317764	0.9733413010835648
ENST00000395787.4	0.7959720194339752	0.6937121003866196
ENST00000395834.5	0.3991375267505646	0.1644126307219267
ENST00000395925.8	-0.7007043436169624	-0.8027506321668625
ENST00000395965.8	0.6606130003929138	1.060430034995079
ENST00000396033.6	0.11774320900440216	0.6042912304401398
ENST00000396076.5	0.9383705755074818	0.8126823008060455
ENST00000396081.5	0.005180334206670523	0.3448919206857681
ENST00000396083.7	0.8849931160608928	0.7429450452327728
ENST00000396124.9	0.1267232522368431	0.10145921097137034
ENST00000396137.5	-0.33990805596113205	-0.25962093845009804
ENST00000396153.7	0.2379618687555194	0.3997061103582382
ENST00000396197.8	0.5284902304410934	0.6037243455648422
ENST00000396203.7	0.47184592485427856	0.8871162533760071
ENST00000396212.6	-0.5393078823884327	-0.5635007470846176
ENST00000396319.6	0.3900867626070976	0.09481534315273166
ENST00000396330.6	0.07192444521933794	0.07851524744182825
ENST00000396334.8	0.34617167618125677	0.25436966493725777
ENST00000396373.9	-0.5927011966705322	-0.41510025411844254
ENST00000396394.6	0.91145358979702	1.2751340866088867
ENST00000396396.6	0.29744261503219604	0.39011169970035553
ENST00000396432.7	-0.7125559225678444	-0.6542191095650196
ENST00000396505.7	0.5563276633620262	0.8547783866524696
ENST00000396516.6	-0.4456402659416199	-0.4361364096403122
ENST00000396556.6	-0.13507426180876791	-0.2142916163429618
ENST00000396591.8	-0.6247631013393402	-0.36914126574993134
ENST00000396625.5	0.16592061263509095	0.04632769571617246
ENST00000396651.8	1.3259297211964924	1.4267210761706035
ENST00000396659.8	0.39952509105205536	0.4734242372214794
ENST00000396684.3	-0.7785378595193226	-0.6818333864212036
ENST00000396801.7	0.16840506810694933	0.22068971395492554
ENST00000396811.6	0.08064917102456093	-0.05997949093580246
ENST00000396813.5	0.7855989634990692	0.6231694221496582
ENST00000396825.4	0.7120492259661357	0.4855476866165797
ENST00000396842.7	0.6024489005406698	0.7448837856451671
ENST00000396861.5	1.1995221823453903	1.2900379449129105
ENST00000396912.2	-0.24599188566207886	-0.24018126726150513
ENST00000396914.4	0.9547572396695614	0.5299240574240685
ENST00000396954.8	0.395312137901783	0.39074230194091797
ENST00000396958.8	0.6368730664253235	0.5189622193574905
ENST00000396981.6	0.7903439849615097	1.0991867780685425
ENST00000396987.7	0.21412828378379345	0.003446657210588455
ENST00000397033.7	0.3000476111968359	0.4468400478363037
ENST00000397049.2	0.5853832066059113	0.4398387521505356
ENST00000397149.4	0.6750887831052145	0.5746133128801982
ENST00000397224.8	0.1929185725748539	0.2935519553720951
ENST00000397261.7	1.0304526686668396	1.101856291294098
ENST00000397292.8	0.40571803599596024	0.4719522073864937
ENST00000397299.9	0.10059728845953941	0.31355777382850647
ENST00000397333.4	-0.20076856389641762	-0.1042114682495594
ENST00000397410.10	0.47225646674633026	0.3326069861650467
ENST00000397412.8	-0.7667235285043716	-0.7611687282721202
ENST00000397525.5	-0.5349930077791214	-0.4952647015452385
ENST00000397560.7	0.21131290743748346	0.07589970653255781
ENST00000397609.6	0.5835027545690536	1.0597558245062828
ENST00000397621.6	-0.6457523107528687	-0.8038388689359028
ENST00000397622.7	0.21969981864094734	0.2730240598320961
ENST00000397625.8	0.07354665361344814	0.03362202178686857
ENST00000397641.8	-0.18354780351122219	-0.11605504403511682
ENST00000397677.6	-0.014286559075117111	-0.28401926159858704
ENST00000397728.8	0.2007136618097623	0.40949781239032745
ENST00000397752.7	-0.2683461761722962	0.027947371825575825
ENST00000397762.6	1.1346868723630905	1.109489619731903
ENST00000397778.7	-0.42036221623420716	-0.350055280327797
ENST00000397802.8	0.5955751538276672	0.7002097964286804
ENST00000397809.10	-0.180183507502079	-0.021662073209881783
ENST00000397821.8	0.3855111189186573	0.41046665981411934
ENST00000397826.7	0.650295227766037	0.646327793598175
ENST00000397843.7	-0.5441367328166962	-0.657916784286499
ENST00000397885.3	0.42655548453330994	0.7711210548877716
ENST00000397977.8	-0.46344687044620514	-0.3268236070871353
ENST00000398055.8	0.7150227725505829	0.47100671629110974
ENST00000398075.4	0.5889281332492828	0.4460333064198494
ENST00000398125.5	-0.07995443418622017	-0.12696761637926102
ENST00000398148.7	0.7087120115756989	0.6249144822359085
ENST00000398319.6	-0.9498686045408249	-0.7543429881334305
ENST00000398322.7	-0.05536096170544624	-0.1718776822090149
ENST00000398411.5	0.9160899072885513	1.5040678083896637
ENST00000398532.9	-0.7097417712211609	-0.48926639556884766
ENST00000398540.8	-0.07549637587120137	-0.06168705845872561
ENST00000398559.7	-0.1718563213944435	0.2222360596060753
ENST00000398576.6	0.7373773008584976	0.564000092446804
ENST00000398594.4	0.0038094818592071533	0.07457077596336603
ENST00000398606.10	1.1451979279518127	1.3200297951698303
ENST00000398675.8	0.4548966884613037	0.4991338551044464
ENST00000398712.7	-0.20969287492334843	-0.4697611555457115
ENST00000398793.6	-0.010333580275376637	0.23084973792235058
ENST00000398805.8	1.0449351370334625	0.9579346626996994
ENST00000398844.7	-0.043294575065374374	0.21790585666894913
ENST00000398955.2	1.2479325532913208	1.0755163878202438
ENST00000399002.7	0.26454412192106247	0.43823322653770447
ENST00000399022.9	0.6288756877183914	0.6196280345320702
ENST00000399061.3	0.4475078508257866	0.3535003364086151
ENST00000399151.3	-0.31799648702144623	-0.20311513543128967
ENST00000399262.7	-0.30328549693028134	-0.4046232501665751
ENST00000399300.6	0.1289744470268488	0.7401870340108871
ENST00000399312.3	1.2683195322752	1.5535451769828796
ENST00000399409.7	-0.5363630950450897	-0.30790040642023087
ENST00000399598.7	0.5357022285461426	0.5692655742168427
ENST00000399668.7	-0.3065323643386364	-0.1383948555837075
ENST00000399672.5	0.2657144243518511	-0.09715875455488762
ENST00000399793.6	0.43145064264535904	0.43029364943504333
ENST00000399794.6	0.3629056438803673	1.3095663487911224
ENST00000399799.3	-0.12001911923289299	-0.26564250886440277
ENST00000399820.8	0.25486650690436363	0.044237496331334114
ENST00000399892.7	0.43577971309423447	0.28428842313587666
ENST00000399921.5	-0.2824848759919405	-0.0882456423714757
ENST00000399932.8	-0.3887857273221016	0.175500413402915
ENST00000400000.7	1.1999564170837402	1.1819371382395425
ENST00000400137.9	1.2474645733833314	1.670955514907837
ENST00000400198.8	0.896707167228063	0.9190594653288524
ENST00000400256.5	-0.1858094958588481	-0.2066730596125126
ENST00000400335.8	-0.2056160538146893	-0.1620333530008793
ENST00000400485.6	0.35455456376075745	0.20284854123989743
ENST00000400788.9	0.8474755883216858	0.9647616147994995
ENST00000401073.7	-0.8680413961410522	-0.8842965811491013
ENST00000401500.7	-0.32504985481500626	-0.6018124222755432
ENST00000401642.8	0.3055730412403742	-0.003016458203395208
ENST00000401707.7	-0.14224691324246425	-0.1764093128343423
ENST00000401850.5	-0.42539258301258087	-0.5237526968121529
ENST00000401959.6	1.3457112312316895	1.5073044300079346
ENST00000402050.7	-0.8204401195049286	-1.1554104089736938
ENST00000402198.7	-0.7706281493107477	-0.6297647853692372
ENST00000402306.7	-0.1365233501419425	-0.23397140949964523
ENST00000402412.5	-0.7909562662243843	-0.5761055648326874
ENST00000402508.5	-0.0949148933092753	-0.3621130734682083
ENST00000402744.9	0.6388884584108988	0.6452883084615071
ENST00000402774.8	0.3326514884829521	0.3613865375518799
ENST00000402802.7	0.42341190576553345	0.3100164234638214
ENST00000402924.5	0.31350503116846085	0.13259905856102705
ENST00000403092.5	0.7562776207923889	0.45338717103004456
ENST00000403245.8	-0.3139251619577408	-0.31582383811473846
ENST00000403707.7	-0.7935583889484406	-0.7764143645763397
ENST00000403714.8	-0.7447457909584045	-0.6568168178200722
ENST00000403729.7	0.34869274497032166	0.6536812980969747
ENST00000403766.8	0.3243582919239998	0.1748827857275804
ENST00000403825.8	0.7469964325428009	0.6757841606934865
ENST00000404125.6	-0.3386285752058029	-0.2009185366332531
ENST00000404138.5	-0.6434006989002228	-0.4133891984820366
ENST00000404141.6	-0.8800617456436157	-0.773565948009491
ENST00000404767.8	-0.827194834748904	-0.8287959794203441
ENST00000404816.7	-0.43988698720932007	-0.11544660106301308
ENST00000404933.7	-0.04123978937665621	0.1366373657559355
ENST00000405141.5	-0.8528623183568318	-0.6105716327826182
ENST00000405266.5	0.07849928364157677	0.12388884648680687
ENST00000405315.9	0.5228229115406673	0.7242681980133057
ENST00000405430.5	0.1839331234805286	0.30991699546575546
ENST00000405510.5	-0.275824137032032	0.074786894954741
ENST00000405598.5	-0.13554520532488823	0.11383362859487534
ENST00000405666.5	0.03362304624170065	-0.06459568440914154
ENST00000406397.1	1.1513453722000122	0.7178151868283749
ENST00000406438.5	-0.18049858137965202	-0.15756128914654255
ENST00000406452.8	0.5662767887115479	0.4363352954387665
ENST00000406470.6	-0.25356391817331314	-0.10372694581747055
ENST00000406610.7	-0.4414365738630295	-0.0739438442979008
ENST00000406902.6	-0.1676347628235817	0.10719593893736601
ENST00000406938.3	-0.15096855908632278	0.12628881260752678
ENST00000407315.6	-0.716752807299296	-0.5681695093711217
ENST00000407418.8	0.6290457844734192	0.2554798722267151
ENST00000407426.8	0.09937827289104462	0.18708588927984238
ENST00000407559.8	-0.33750157058238983	-0.49905532598495483
ENST00000407693.7	0.8028518358866374	0.8234130938847859
ENST00000407818.8	0.4395489953458309	0.35486962273716927
ENST00000408888.8	0.5227386355400085	0.49733642488718033
ENST00000408923.8	-0.8427444994449615	-1.0274965167045593
ENST00000408939.4	0.5972725450992584	0.5885953158140182
ENST00000408965.4	0.6798899869124094	0.5079650431871414
ENST00000409012.6	-0.32321826182305813	-0.39721889048814774
ENST00000409086.7	0.23180146515369415	0.14749721437692642
ENST00000409109.6	-0.7033904492855072	-0.3657409797112147
ENST00000409134.8	0.7117858827114105	0.7309999167919159
ENST00000409150.8	0.31361714005470276	-0.12222173903137445
ENST00000409155.8	0.2767130210995674	0.37352055311203003
ENST00000409190.8	-0.1170002861569325	0.11498875978092352
ENST00000409212.5	-0.3883340135216713	-0.2715986743569374
ENST00000409255.1	0.08466530963778496	0.07012755796313286
ENST00000409257.9	0.32930994406342506	0.2424925855981807
ENST00000409299.8	0.8218008130788803	0.7714161425828934
ENST00000409333.1	0.4359104782342911	0.9884633819262186
ENST00000409379.8	-0.27974478900432587	-0.4889884889125824
ENST00000409406.1	0.352381631731987	0.13960091397166252
ENST00000409418.9	-0.3895917981863022	0.08537717536091805
ENST00000409535.6	-0.5021632611751556	-0.5108731091022491
ENST00000409544.5	-0.6757879952589672	-0.5019767930110296
ENST00000409548.7	-0.7524361610412598	-0.8176283538341522
ENST00000409556.5	-0.05063370452262461	-0.12240949366241693
ENST00000409558.8	-0.6313244476914406	-0.645816758275032
ENST00000409573.7	0.7358797155320644	0.6458064988255501
ENST00000409587.5	0.47352564334869385	0.27473359555006027
ENST00000409600.6	0.9195338785648346	1.4093830585479736
ENST00000409618.5	-0.8667379319667816	-0.8969575762748718
ENST00000409624.1	0.6194238290190697	1.1983482241630554
ENST00000409652.5	0.4287847578525543	0.5519712492823601
ENST00000409682.8	0.2561070844531059	1.1453072428703308
ENST00000409690.4	0.08544307947158813	0.2453446239233017
ENST00000409746.5	0.6652430047591527	0.5217187727491062
ENST00000409753.8	1.579038143157959	1.5978572368621826
ENST00000409784.8	1.4598782658576965	1.5717065334320068
ENST00000409785.9	0.13700933754444122	0.25486719608306885
ENST00000409790.6	-0.41887061670422554	-0.4097622837871313
ENST00000409792.3	-0.6270727316538494	-0.48843985299269355
ENST00000409850.5	-0.08078202698379755	0.20049878768622875
ENST00000409906.9	1.1143925189971924	1.2620575726032257
ENST00000409939.8	-0.5445016920566559	-0.6876875907182693
ENST00000409990.7	0.1967911347746849	0.2934739738702774
ENST00000410023.6	-0.29129961133003235	-0.17840568721294403
ENST00000410053.8	-0.4349507912993431	0.043353643268346786
ENST00000410080.7	0.3477553650736809	0.7033444941043854
ENST00000410092.7	-0.6619618833065033	-0.6708451062440872
ENST00000411539.6	-0.5983675718307495	-0.22287416458129883
ENST00000411948.7	0.8919018507003784	0.9425438344478607
ENST00000412050.8	0.2746308073401451	0.4603383019566536
ENST00000412055.6	-0.1576116532087326	-0.08243203163146973
ENST00000412830.8	0.5948245078325272	0.5340948849916458
ENST00000412916.7	0.7898906469345093	0.7344108819961548
ENST00000412923.6	-0.10254896339029074	-0.30470409244298935
ENST00000413052.6	-0.13068078830838203	-0.10767324175685644
ENST00000413219.6	1.1311421295007071	0.9215012292067211
ENST00000413366.8	0.4326575845479965	0.47815942764282227
ENST00000413687.3	0.20682267844676971	-0.020948778837919235
ENST00000413817.8	-0.0953225139528513	-0.29463010281324387
ENST00000414202.7	-0.46122625966866815	-0.6421729922294617
ENST00000414423.8	0.10987379215657711	0.40229353308677673
ENST00000414487.7	1.5761951009432473	1.7832714517911274
ENST00000414645.6	0.3273667171597481	0.3707822486758232
ENST00000414773.5	0.4094003811478615	0.7649260014295578
ENST00000414820.6	0.006677699275314808	0.03904318809509277
ENST00000415229.6	0.873419851064682	0.43341657519340515
ENST00000415673.6	0.007584892213344574	0.21718032285571098
ENST00000415807.7	-0.045297760516405106	0.03087360132485628
ENST00000416614.7	0.03255712171085179	0.3204650245606899
ENST00000417368.7	0.4231310859322548	0.38643133640289307
ENST00000417550.6	-0.10311579098924994	-0.24159163050353527
ENST00000417564.3	-0.33176897962888086	-0.3369474013646444
ENST00000417647.7	1.0746997594833374	0.4525204300880432
ENST00000417775.5	0.7411552220582962	0.38186606019735336
ENST00000417856.5	0.3042653203010559	0.12559369020164013
ENST00000417901.5	-0.18264643289148808	-0.27074225433170795
ENST00000418115.6	1.598577857017517	1.3863270282745361
ENST00000418331.7	-0.544601559638977	0.08933622762560844
ENST00000418543.8	-0.5667625516653061	-0.2236707154661417
ENST00000418596.7	0.38249143958091736	0.17430902272462845
ENST00000419091.6	0.45281822979450226	0.3030203332503637
ENST00000419234.9	0.4464308023452759	0.2388806827366352
ENST00000419445.6	0.6131824523210525	0.584130311012268
ENST00000419617.7	0.8311505317687988	0.6119937300682068
ENST00000419869.7	0.9112657904624939	0.9677809278170267
ENST00000420283.3	0.6753582954406738	0.6364058256149292
ENST00000420353.7	0.33587511628866196	0.5215246826410294
ENST00000420843.7	0.8330896869301796	0.733624167740345
ENST00000420878.7	-0.08095292001962662	0.044906049966812134
ENST00000421367.7	0.494868703186512	0.8488452881574631
ENST00000421832.3	0.49232447147369385	0.38056641817092896
ENST00000421852.6	0.5460726320743561	0.5395267307758331
ENST00000422318.7	-0.12188825942575932	-0.31793348491191864
ENST00000422424.7	1.4810919761657715	0.7099145352840424
ENST00000422514.7	1.773501694202423	1.4817768335342407
ENST00000422556.1	-0.5974460691213608	-0.4884491637349129
ENST00000423207.6	-0.4619269445538521	-0.33123100735247135
ENST00000423485.6	0.38115598261356354	0.30320748686790466
ENST00000423656.5	0.01913103275001049	0.01380548533052206
ENST00000424014.7	0.7548819482326508	0.7115685045719147
ENST00000424086.5	-0.27804671600461006	-0.37810896833737695
ENST00000424325.6	0.7243665456771851	0.9693821966648102
ENST00000424362.6	-0.8763768374919891	-0.7871872186660767
ENST00000424542.7	-0.35564856231212616	-0.3617599830031395
ENST00000424576.6	0.5123997665941715	1.2991159558296204
ENST00000425241.5	0.19632276395956674	0.160580825060606
ENST00000425441.5	0.8792457580566406	0.9719041188557943
ENST00000425534.8	0.31492871046066284	-0.061367398127913475
ENST00000425673.6	-0.16045937687158585	-0.469403475522995
ENST00000425675.7	0.8149761706590652	0.5819311141967773
ENST00000426126.6	0.03475114144384861	0.34748097509145737
ENST00000426154.5	0.4330609142780304	0.28823653856913245
ENST00000426197.2	0.7215520143508911	0.389698788523674
ENST00000426263.9	0.675262560447057	0.7499015430609385
ENST00000426395.7	0.21815722466756898	0.5500634809335072
ENST00000426398.2	0.6430441439151764	0.7911276817321777
ENST00000426455.5	-0.20966792851686478	-0.08633244782686234
ENST00000426677.7	0.4152950942516327	0.4481409788131714
ENST00000426836.5	-0.365977880358696	-0.1470847398042679
ENST00000426837.6	0.07130973786115646	0.07916843518614769
ENST00000427159.7	-0.1433492327729861	-0.02825422522922357
ENST00000427358.3	0.43559685349464417	0.3794769048690796
ENST00000427575.6	0.20891650230623782	0.26291877776384354
ENST00000427926.6	0.11206977193554243	0.2124378358324369
ENST00000427980.7	-0.7168447971343994	-0.88468998670578
ENST00000428135.7	-0.252053419748942	-0.3165677463014921
ENST00000428149.6	-0.3232229178150495	-0.3042643070220947
ENST00000428239.5	-0.0749119259417057	0.28077054023742676
ENST00000428304.6	0.6918381750583649	0.6744358539581299
ENST00000428559.7	0.6880038380622864	0.7919614315032959
ENST00000429204.5	-0.7015837232271831	-0.4895097116629283
ENST00000429433.3	-0.7373609940210979	-0.6576586266358694
ENST00000429586.6	0.20138946757651865	0.53805335983634
ENST00000429644.7	0.2841319292783737	0.752744048833847
ENST00000429709.7	0.7200851440429688	1.054825335741043
ENST00000429722.3	-0.06808399905761083	-0.3536593380073706
ENST00000430046.7	0.28084033727645874	0.3039291054010391
ENST00000430223.7	0.384651189049085	0.16370196764667827
ENST00000430297.7	-0.39097392559051514	-0.059574900195002556
ENST00000430627.6	-0.5639974623918533	-0.28245997428894043
ENST00000430715.6	1.2642003297805786	1.3635932207107544
ENST00000430889.3	0.6109669506549835	0.6398674696683884
ENST00000431232.7	-0.8759197294712067	-0.6599771678447723
ENST00000431350.7	-0.4968944787979126	-0.44624562561511993
ENST00000431388.3	0.7908983156085014	0.28449819050729275
ENST00000431480.6	-0.6979656219482422	-0.8440970033407211
ENST00000431802.5	-0.34295688197016716	-0.16972707957029343
ENST00000431843.7	-0.22528903683026633	-0.32707998777429265
ENST00000431932.6	-0.5298074334859848	-0.4302869617938996
ENST00000431975.7	-0.05159814492799342	-0.12136951368302107
ENST00000432641.3	1.0395529121160507	0.9305472150444984
ENST00000432901.4	0.9761787056922913	1.31260085105896
ENST00000433078.5	0.1115151010453701	0.026085926219820976
ENST00000433197.4	0.2631627445419629	0.39360545078913367
ENST00000433351.7	0.8127423624197643	0.5984930545091629
ENST00000433985.7	1.140590500831604	0.5703804910182952
ENST00000434127.2	0.4464307501912117	0.43632441759109497
ENST00000434178.6	-0.04467685893177986	-0.4141658544540405
ENST00000434316.7	-0.6932480782270432	-0.6459440141916275
ENST00000434325.7	0.08107684087008238	0.34571869671344757
ENST00000434342.5	-0.40231783827766776	-0.4953736960887909
ENST00000434457.6	-0.2813591491430998	-0.7007671147584915
ENST00000434507.5	-0.28008516132831573	0.30196380615234375
ENST00000434758.7	0.6256519754727681	0.5266224046548208
ENST00000434821.7	-0.24196065962314606	0.07070253696292639
ENST00000435030.6	0.1643467384080092	0.15174272811661166
ENST00000435064.6	0.09808316081762314	0.003645174205303192
ENST00000435224.3	-0.6882113814353943	-0.7441400662064552
ENST00000435364.7	-0.1525191254913807	0.22393471375107765
ENST00000435456.7	0.5507621690630913	0.2499617412686348
ENST00000435532.7	0.2492757998406887	0.2087760977447033
ENST00000435634.3	0.5923433676362038	0.608344666659832
ENST00000435706.6	-0.059126855339854956	-0.21878452226519585
ENST00000435765.5	0.9133970811963081	1.1603271812200546
ENST00000435817.7	0.22099744528532028	-0.19076812267303467
ENST00000436063.7	0.455967977643013	0.2945098243653774
ENST00000436390.5	0.042544250686963395	-0.1222329984108607
ENST00000436587.7	0.16168588399887085	0.3046177811920643
ENST00000436639.6	-0.35217607766389847	-0.14493981935083866
ENST00000436644.6	0.08819176629185677	0.1594350580126047
ENST00000436697.3	1.8243182301521301	1.6893061995506287
ENST00000436784.7	-0.6672064960002899	-0.8102497309446335
ENST00000437043.8	-0.4868680387735367	-0.11137894044319788
ENST00000437304.6	-0.08378066495060921	-0.1560235470533371
ENST00000437508.6	0.10394556075334549	0.17998012900352478
ENST00000437553.6	-0.1748635657131672	0.21778663992881775
ENST00000437633.6	-0.25011272728443146	-0.39112745225429535
ENST00000437809.5	-0.6082066558301449	-0.7238916382193565
ENST00000438120.5	-0.3944551547368368	-0.1231533270329237
ENST00000438607.2	1.7774856686592102	2.067663550376892
ENST00000438747.7	0.36778626839319867	0.30412893245617545
ENST00000439040.5	-0.2712658792734146	-0.24792304635047913
ENST00000439174.7	0.41644781827926636	0.2719675227999687
ENST00000439351.5	0.5731436908245087	0.7719738682111105
ENST00000439502.6	0.37888719886541367	0.2591370493173599
ENST00000440314.7	-0.1685733962804079	-0.2094244249165058
ENST00000440411.7	-0.2617979968587557	-0.3479330831517776
ENST00000440685.6	1.7288879752159119	1.5885752737522125
ENST00000440859.8	0.4100837707519531	0.3972710967063904
ENST00000440940.7	0.2879192978143692	0.05625154823064804
ENST00000440944.6	-0.24004797637462616	-0.506116233766079
ENST00000441222.8	0.0312599902972579	-0.005326570011675358
ENST00000441448.7	0.6530144661664963	1.045352727174759
ENST00000441493.7	-0.8214814364910126	-0.7649385035037994
ENST00000441843.5	0.08061344176530838	-0.041441360488533974
ENST00000442011.7	0.4197509288787842	0.9009390324354172
ENST00000442241.9	0.2827678769826889	0.6132035255432129
ENST00000442371.5	-0.19060798361897469	-0.38890496641397476
ENST00000442628.7	-0.6175022721290588	-0.5300855934619904
ENST00000443185.7	-0.8180263936519623	-0.7985128462314606
ENST00000443585.6	1.3944575786590576	1.1161077121893563
ENST00000443597.7	0.42390580475330353	0.4210171898206075
ENST00000443824.5	0.05553553688029449	0.17143568272391957
ENST00000444035.6	-0.22191039100289345	-0.4266412605841955
ENST00000444129.7	0.35619331523776054	0.12275080848485231
ENST00000444321.2	0.15673501044511795	0.3723693937063217
ENST00000444469.4	0.5406899154186249	0.4017244105537732
ENST00000444623.5	0.09732881560921669	0.1755380630493164
ENST00000444643.7	0.45346042017141974	0.6603733003139496
ENST00000444739.7	0.1436268836259842	0.501372903585434
ENST00000444836.5	0.05095810412118833	0.041938359538714096
ENST00000445061.6	-0.28470490872859955	-0.24964147061109543
ENST00000445902.3	0.4710037261247635	0.2795896381139755
ENST00000445922.2	0.1614820472896099	0.11736122332513332
ENST00000446108.5	-0.3300590217113495	0.15658794343471527
ENST00000446465.3	0.22876416146755219	-0.19417176395654678
ENST00000446526.8	0.6240498224894206	0.49962340792020166
ENST00000446544.6	0.7875568866729736	0.9140149593353272
ENST00000447630.5	1.5730788946151733	1.0977664113044738
ENST00000447648.7	-0.9415865540504456	-0.9031186401844025
ENST00000447654.5	1.141892433166504	1.0734621584415436
ENST00000447750.7	1.234877347946167	1.2323693235715232
ENST00000447869.5	-0.35496026650071144	-0.2435468751937151
ENST00000447906.8	-0.6683148145675659	-0.7283136993646622
ENST00000447944.7	0.4502638876438141	0.3520762324333191
ENST00000447966.7	-0.6138032078742981	-0.5211005508899689
ENST00000447998.6	0.5309428870677948	0.6773630082607269
ENST00000448223.7	-0.29203638061881065	0.14775534626096487
ENST00000448775.4	-0.3372467408577601	0.20117636645833653
ENST00000449022.7	-0.7246190309524536	-0.17714179307222366
ENST00000449058.7	0.44643762707710266	0.35458479821681976
ENST00000449247.6	0.35181722790002823	0.7210914194583893
ENST00000449250.3	0.9392511993646622	0.9744613915681839
ENST00000449352.7	-0.4294269531965256	-0.7041595876216888
ENST00000449549.4	-0.4508671462535858	-0.907022088766098
ENST00000449692.3	0.5655052612225215	0.5275301436583202
ENST00000449825.5	0.1448548287153244	0.13588988780975342
ENST00000450053.8	-0.5555698186159134	-0.7595720678567885
ENST00000450114.7	0.3886686861515045	0.25902106799185276
ENST00000450136.1	0.20057851821184158	-0.24781504273414612
ENST00000450142.7	0.247782152146101	0.47932959347963333
ENST00000450168.2	0.2755509875714779	0.18534893356263638
ENST00000450251.5	-0.6367903649806976	-0.7220802903175354
ENST00000450295.5	-0.382732130587101	0.270917858928442
ENST00000450403.3	0.020035099238157272	0.11301184352487326
ENST00000450554.6	0.6252289563417435	0.5680636763572693
ENST00000450735.7	-0.17624990222975612	0.029299641959369183
ENST00000451137.7	0.5265597403049469	0.6763534843921661
ENST00000451249.6	0.5840365936358769	0.400940403342247
ENST00000451315.7	0.38270053267478943	0.6358053982257843
ENST00000451321.6	0.16129843890666962	0.32398977875709534
ENST00000451682.5	0.5292558073997498	0.6905200928449631
ENST00000452027.3	0.10196252912282944	0.24092348664999008
ENST00000452319.5	-0.1945300605148077	-0.18792865611612797
ENST00000452510.7	0.5466230412324269	0.5206186920404434
ENST00000452699.5	-0.8845857977867126	-0.7748012244701385
ENST00000452853.6	1.5464448928833008	1.855586677789688
ENST00000453089.2	-0.504788726568222	-0.41488397121429443
ENST00000453153.7	-0.7234974056482315	-0.21576311532408
ENST00000453318.6	-0.32175418734550476	-0.6799147129058838
ENST00000453386.7	0.7694168388843536	1.216038316488266
ENST00000453495.2	-0.7329523526132107	-0.6969955191016197
ENST00000453996.7	-0.3575205132365227	-0.07379961083643138
ENST00000454073.7	-0.2474675551056862	-0.1434125006198883
ENST00000454158.7	0.32204805314540863	0.38893046975135803
ENST00000454366.2	-0.01153439690824598	0.1709780916571617
ENST00000454402.7	0.7324947714805603	0.8249077200889587
ENST00000455077.5	0.10227537527680397	0.20514199137687683
ENST00000455140.7	0.03716400467480223	0.25931946436564124
ENST00000455146.8	0.0027662472178538637	0.17175640786687535
ENST00000455537.7	0.6232607563336691	0.36051782965660095
ENST00000455566.6	-0.5469095408916473	-0.2881592810153961
ENST00000455809.5	0.5866604348023732	0.26290372759103775
ENST00000455833.7	0.011138372588902712	0.14429042488336563
ENST00000455895.6	0.16198646277189255	0.39393650740385056
ENST00000456430.6	0.024968339363113046	0.3270987421274185
ENST00000456692.6	-0.01748069506138563	0.007969661988317967
ENST00000456829.7	0.3622927963733673	0.46488628536462784
ENST00000456909.6	-0.4719943255186081	-0.33968330919742584
ENST00000457308.6	-0.19207126088440418	-0.19405061937868595
ENST00000457354.7	0.8740828707814217	1.1549759805202484
ENST00000457542.7	-0.22711352010567984	-0.5298312058051426
ENST00000457714.5	-0.1369005140149966	0.1822947831824422
ENST00000457928.7	0.14972272142767906	0.5778714716434479
ENST00000458013.7	0.43463820964097977	0.15379118919372559
ENST00000458198.3	0.7626836895942688	1.0729958713054657
ENST00000458385.7	-0.11131270602345467	-0.02162072155624628
ENST00000458705.6	-0.46007636934518814	-0.3729286566376686
ENST00000460006.6	0.3608172396197915	0.8665464296936989
ENST00000460012.6	-0.10497502237558365	-0.5791541934013367
ENST00000460469.1	0.003303585574030876	0.583400696516037
ENST00000460843.6	-0.18692469596862793	-0.6070016175508499
ENST00000460911.5	-0.02744214702397585	-0.06710519641637802
ENST00000461988.6	0.43142570555210114	0.6787918011347454
ENST00000463745.6	0.783616950114568	0.8396036624908447
ENST00000464606.5	0.12581975292414427	0.008536191036303837
ENST00000464845.6	1.0898506045341492	0.9342277348041534
ENST00000465139.6	1.3292074352502823	1.4509532898664474
ENST00000465784.7	-0.32792216539382935	-0.22064878046512604
ENST00000465804.5	0.6359229683876038	0.7350519299507141
ENST00000466444.7	0.5056952890008688	0.730424378067255
ENST00000466490.7	-0.14830144153287012	0.16196221113204956
ENST00000466830.6	1.4469146132469177	1.0477174520492554
ENST00000467148.1	-0.3473302349448204	-0.20506253466010094
ENST00000467963.6	-0.014758149161934853	0.0754142552614212
ENST00000468148.6	0.10179136320948601	0.6452077329158783
ENST00000468812.6	1.684028685092926	1.4024052023887634
ENST00000469044.6	0.30390939116477966	0.42208293080329895
ENST00000469257.2	1.7132867376009622	1.712661544481913
ENST00000469520.6	0.7645164191722871	0.5173215031623841
ENST00000470487.6	-0.1061968975700438	0.33127058550183264
ENST00000471115.6	0.9647945165634155	0.9271931350231171
ENST00000471841.6	0.05347482394427061	0.3936799205839634
ENST00000472644.6	0.41533207396666205	0.8245870073636372
ENST00000473183.7	0.047968371771276	0.19450733810663223
ENST00000473414.6	0.872110441327095	0.8024675846099854
ENST00000473835.7	0.19327899906784296	0.21587965078651905
ENST00000474627.8	0.4441590756177902	0.49489234387874603
ENST00000474629.7	-0.2085891291499138	0.2592295855283737
ENST00000474879.7	-0.11121481036146483	-0.08396063310404618
ENST00000475153.6	0.06979034096002579	-0.0891873687505722
ENST00000475243.6	1.0949831008911133	1.2966307997703552
ENST00000475381.7	0.9812859098116556	0.9115061859289805
ENST00000476832.2	0.260221466422081	0.13942734897136688
ENST00000476907.6	0.09308751299977303	-0.1936323493719101
ENST00000476993.2	0.32940836250782013	0.4072692394256592
ENST00000477703.6	1.8342120051383972	1.7010236382484436
ENST00000478244.6	0.5035086944699287	1.0380741208791733
ENST00000479054.5	-0.24428324960172176	-0.4240434467792511
ENST00000479665.6	0.3566894183556239	-0.06069064637025197
ENST00000479870.6	0.11736628820654005	0.13758799619972706
ENST00000480456.6	0.7437144070863724	0.8102033138275146
ENST00000480687.5	0.37556817630926764	0.4865850160519282
ENST00000481195.6	0.9040388067563374	1.043257842461268
ENST00000481490.3	0.2453397959470749	0.05278028408065438
ENST00000481739.2	-0.2157970815896988	0.054613927379250526
ENST00000481752.6	0.6675953045487404	0.29158110171556473
ENST00000481909.2	0.2925506141036749	0.1879764199256897
ENST00000484302.3	0.4624420255422592	0.4969264566898346
ENST00000484457.6	0.2852097228169441	0.15333558805286884
ENST00000485303.6	0.07888607867062092	0.36744390055537224
ENST00000485972.6	0.27561769882837933	0.3910782958070437
ENST00000486442.6	-0.38385456800460815	-0.4140037000179291
ENST00000486685.3	-0.4290891632437706	-0.3249682925641537
ENST00000486715.6	0.6390197724103928	0.7637877613306046
ENST00000487273.7	0.1399596408009529	0.08992194011807442
ENST00000487519.6	0.6174556463956833	0.6554342657327652
ENST00000488423.2	1.5289974808692932	1.0989128947257996
ENST00000488633.2	0.6169254258275032	0.47242431342601776
ENST00000489418.6	0.48365482687950134	0.6042412519454956
ENST00000490103.5	0.19750257208943367	0.2711966410279274
ENST00000490107.6	0.3860320970416069	0.08086693845689297
ENST00000491935.5	0.634012758731842	1.0708985924720764
ENST00000492590.6	1.0491456985473633	0.9750482439994812
ENST00000493196.2	0.3620901480317116	0.5778217166662216
ENST00000493333.5	0.1906735623876254	0.5665587385495503
ENST00000493763.7	0.11821035016328096	0.5137436240911484
ENST00000494292.6	-0.3081123484298587	-0.22423855937086046
ENST00000494664.6	0.7724321782588959	0.6436638832092285
ENST00000495075.5	0.07810572721064091	0.48709632456302643
ENST00000495186.6	0.8176114857196808	0.7142968773841858
ENST00000495880.2	-0.2709501162171364	-0.5745855644345284
ENST00000496259.5	-0.7025399208068848	-0.5103525668382645
ENST00000496455.7	0.605325495203336	0.5628893276055654
ENST00000496811.6	0.3065113499760628	0.3882047161459923
ENST00000497547.2	0.14391133189201355	0.36588655412197113
ENST00000498508.6	0.16438444703817368	0.01570564927533269
ENST00000498729.8	-0.6025521457195282	-0.7472516596317291
ENST00000499023.7	0.5430782362818718	0.5795836448669434
ENST00000502346.2	0.4337714910507202	0.736462265253067
ENST00000502399.7	-0.851652204990387	-0.7319651246070862
ENST00000502412.1	-0.643993467092514	-0.5035509318113327
ENST00000502773.6	0.2953295558691025	0.23004896690448123
ENST00000502935.6	0.539787370711565	0.4020470306277275
ENST00000502976.5	1.2066824634869895	0.9805409610271454
ENST00000503176.6	0.2871880978345871	0.442394495010376
ENST00000503362.2	1.324832171201706	1.3317001461982727
ENST00000503771.2	0.6890215277671814	0.6907242685556412
ENST00000503780.6	0.11302105523645878	0.2193247452378273
ENST00000503787.6	0.9240190610289574	0.7762616500258446
ENST00000504148.3	1.6616133153438568	1.5515367984771729
ENST00000504156.7	0.34806868340820074	0.7494656220078468
ENST00000504169.2	0.29615427056948346	0.6027198284864426
ENST00000504273.5	-0.4207173138856888	-0.29065997898578644
ENST00000504771.3	0.8210288137197495	1.139070987701416
ENST00000505065.1	0.872130423784256	1.0093402862548828
ENST00000505658.6	0.7734663113951683	0.7474630028009415
ENST00000506030.5	-0.4723069369792938	-0.6896767020225525
ENST00000506197.2	1.39505202571551	1.420827070871989
ENST00000506351.6	0.18852233265837032	0.6524244646231334
ENST00000506447.5	-0.1388709028251469	-0.20760420709848404
ENST00000508394.6	0.031708963215351105	-0.15020130574703217
ENST00000508632.6	0.6316586807370186	0.9443739503622055
ENST00000509430.5	-0.30703504383563995	-0.29764295741915703
ENST00000509578.1	1.5783736109733582	1.910923808813095
ENST00000510118.5	0.39991405606269836	0.3267766535282135
ENST00000510708.6	0.5581841096282005	0.15338285639882088
ENST00000511217.1	0.04278469458222389	-0.373145267367363
ENST00000511320.6	0.17382011748850346	-0.22589586302638054
ENST00000511455.7	-0.863206535577774	-0.8863341013590494
ENST00000511577.5	-0.35947757214307785	-0.26570804230868816
ENST00000511817.1	0.5563882142305374	0.5327178090810776
ENST00000511912.6	0.03270584158599377	0.43659399449825287
ENST00000512528.3	0.5843480378389359	0.8861724585294724
ENST00000512805.6	1.079125416278839	0.9666659355163574
ENST00000512944.6	0.037647075951099396	0.06436054408550262
ENST00000513000.5	-0.46100475639104843	-0.16421906650066376
ENST00000513710.3	0.018896225141361356	0.27275991812348366
ENST00000513973.6	0.6690792739391327	0.7388760298490524
ENST00000514251.5	-0.5700370445847511	-0.47814563661813736
ENST00000515279.6	-0.23388364414374035	-0.18139898125082254
ENST00000517309.6	-0.059666461000839874	0.03848417227466901
ENST00000517490.6	0.8226057589054108	0.7935219705104828
ENST00000517562.3	0.5086652189493179	0.3787498474121094
ENST00000517566.6	0.21142685413360596	0.0837763911113143
ENST00000517970.6	-0.7168056666851044	-0.5704664289951324
ENST00000518421.5	0.08086102517942587	0.08236322055260341
ENST00000518547.5	0.5370553657412529	0.13699054345488548
ENST00000518738.2	1.1338602304458618	1.2698882818222046
ENST00000518868.5	-0.5358366618553798	-0.27070377518733346
ENST00000519065.6	1.0842094421386719	0.928766131401062
ENST00000519253.5	-0.2185901254415512	-0.3870573043823242
ENST00000519638.3	1.4147961139678955	1.1605946123600006
ENST00000519676.6	0.2970479428768158	0.26138605177402496
ENST00000519728.6	0.4627200017372767	0.46931255857149756
ENST00000519811.5	-0.27131614834070206	-0.27160309813916683
ENST00000519948.4	1.0717838406562805	0.9451890885829926
ENST00000519973.6	0.5427267402410507	0.007372914347797632
ENST00000520262.6	0.4901731163263321	0.46141937375068665
ENST00000521288.2	0.5355225205421448	0.6241676112016041
ENST00000521400.6	0.33806748191515607	0.41679085294405616
ENST00000521604.7	0.6255169610182444	0.6246756290396054
ENST00000521861.6	0.7331615537405014	0.9485001266002655
ENST00000522362.7	0.21529239043593407	0.6446568518877029
ENST00000523111.7	1.2076174815495808	1.4810947974522908
ENST00000523377.2	1.3277464509010315	1.258000522851944
ENST00000523731.6	-0.15514238784089684	-0.08783020218834281
ENST00000523908.5	0.37145476415753365	0.49573835730552673
ENST00000524189.6	-0.09613779932260513	-0.17333713546395302
ENST00000524413.5	-0.011406630277633667	-0.10368913691490889
ENST00000524782.6	0.6583025753498077	0.7690335810184479
ENST00000524821.6	0.4330701157450676	0.25103733936945594
ENST00000525074.5	0.18914350122213364	-0.0037409914657473564
ENST00000525077.2	-0.49969032406806946	-0.1008751168847084
ENST00000525451.6	1.4006239771842957	1.5431998372077942
ENST00000525621.6	-0.7254831492900848	-1.0410261750221252
ENST00000525634.6	1.6385401785373688	1.4692444503307343
ENST00000525754.5	0.549755871295929	0.41215746104717255
ENST00000526415.5	1.6805697530508041	1.2137683257460594
ENST00000526589.5	0.32373748222986853	0.44649579127629596
ENST00000526995.6	0.3312770128250122	0.28949327766895294
ENST00000527372.6	-0.6957812607288361	-0.3488988131284714
ENST00000527733.7	-0.29123455286026	-0.3873193562030792
ENST00000527786.7	0.35293760895729065	0.4126768112182617
ENST00000528157.7	0.7793752551078796	1.4497244954109192
ENST00000528416.6	0.7397595345973969	0.6508318185806274
ENST00000528718.6	-0.1346309930086136	-0.08983267098665237
ENST00000528896.7	-0.7975657135248184	-0.9706524312496185
ENST00000529221.5	0.10363957285881042	-0.12429076433181763
ENST00000529230.6	0.0763553169866403	0.2293184945980708
ENST00000529308.6	-0.2667282884940505	-0.1703718975186348
ENST00000530374.5	-0.18497126549482346	-0.6509322226047516
ENST00000530705.6	1.6347001194953918	1.815536767244339
ENST00000530797.5	1.0714091211557388	1.243475317955017
ENST00000530878.5	0.528179121017456	0.13018549233675003
ENST00000531072.1	0.08735657576471567	-0.1222878722473979
ENST00000531120.6	0.8306651413440704	1.129089891910553
ENST00000531165.5	0.3616135399788618	0.47779689356684685
ENST00000531323.1	0.6498399823904037	0.9694439470767975
ENST00000531380.2	-0.18249029768630862	-0.041952680423855776
ENST00000532090.3	-0.5146351158618927	-0.3593481779098511
ENST00000532097.6	0.5471547444661458	0.694730927546819
ENST00000532297.5	0.39356037974357605	0.23468230292201042
ENST00000532437.1	-0.4318700581789017	-0.17086077481508255
ENST00000533166.5	1.562463641166687	1.7941003739833832
ENST00000533211.5	-0.0006097061559557915	-0.041950568556785583
ENST00000533558.5	0.4904871235291163	0.7818228701750438
ENST00000533601.7	-0.07036301741997401	-0.05548504553735256
ENST00000533608.7	-0.3107990138232708	-0.2657497189939022
ENST00000533683.7	0.007833382425208885	0.13047180976718664
ENST00000534025.6	0.5623414181172848	0.6897713243961334
ENST00000534064.6	0.1497134268283844	0.28226591646671295
ENST00000534127.5	-0.9853355288505554	-1.1279056668281555
ENST00000534548.7	-0.17267920821905136	-0.04862638143822551
ENST00000534928.5	-0.41426881961524487	-0.12400748580694199
ENST00000534947.5	0.4161804566780726	0.800234963496526
ENST00000534961.5	0.3837156494458517	0.39576633771260583
ENST00000535286.5	0.007022647807995479	0.1696584808329741
ENST00000535373.5	0.06583892709265152	0.3529033660888672
ENST00000535401.5	0.49753526846567786	0.4906069387992223
ENST00000535420.5	-0.0993604538962245	-0.021333593875169754
ENST00000535456.7	0.35663095116615295	0.17147545143961906
ENST00000535601.5	0.32942433655261993	0.03969012480229139
ENST00000536438.5	0.902470774948597	0.8770494237542152
ENST00000536716.1	0.29493987560272217	0.5954088866710663
ENST00000536831.5	-0.12884718738496304	0.14988647401332855
ENST00000537025.6	0.5200319457799196	0.19027257151901722
ENST00000537098.7	-0.3499118387699127	-0.27282700687646866
ENST00000537505.6	-0.10553245153278112	0.01810344308614731
ENST00000537866.5	-0.6620746850967407	-0.7274624705314636
ENST00000537981.5	1.3968329230944314	1.4807095130284629
ENST00000538039.6	0.6062895357608795	0.4919118359684944
ENST00000538234.5	0.1274282770852248	-0.12470912312467893
ENST00000538320.5	1.2291638851165771	0.785753458738327
ENST00000538771.5	0.5998708188533783	0.3994946897029877
ENST00000539111.7	-0.03976734075695276	0.2801358634606004
ENST00000539247.5	0.2694452255964279	0.18183821439743042
ENST00000539517.7	1.0377223392327628	0.8581497768561046
ENST00000539589.5	-0.13374247091511887	0.12310006283223629
ENST00000539719.6	0.20437311381101608	0.16775791347026825
ENST00000539966.5	0.512762039899826	0.36631299555301666
ENST00000540052.5	0.11262411251664162	-0.292751282453537
ENST00000540200.6	-0.5373679101467133	-0.33021196722984314
ENST00000540288.5	-0.6356770396232605	-0.9107052087783813
ENST00000540393.6	0.22049655206501484	0.04092412255704403
ENST00000541323.1	0.5645263716578484	0.6025261431932449
ENST00000541412.5	1.6412887573242188	1.3054105639457703
ENST00000541640.5	0.7007002532482147	0.511756956577301
ENST00000541738.5	0.4924883246421814	0.20890798047184944
ENST00000541961.5	0.08058270160108805	0.4999203532934189
ENST00000542575.6	0.08018503338098526	0.37036485970020294
ENST00000542893.2	0.6697131633758545	0.8105700433254241
ENST00000542965.2	-0.6417530824740728	-0.7044887741406758
ENST00000543095.7	-0.13182836025953293	-0.21279416978359222
ENST00000543262.5	0.5295920570691426	0.5048348655303319
ENST00000543473.2	0.7964193224906921	0.5234837234020233
ENST00000543571.6	-0.46249373753865564	-0.23783396929502487
ENST00000543774.6	0.449833445250988	0.32059144228696823
ENST00000543796.6	1.6314156204462051	1.1075470298528671
ENST00000543872.6	0.03878454285829018	-0.012645633736004433
ENST00000544301.7	0.6571468412876129	0.7471090853214264
ENST00000544612.6	0.20009701028466226	0.264639374986291
ENST00000544844.6	1.5756858885288239	1.220526099205017
ENST00000544855.5	1.7170743743578591	1.7741559346516929
ENST00000545128.5	-0.40360357984900475	-0.026741179171949625
ENST00000545145.6	0.20055106033881503	0.27873592327038443
ENST00000545336.5	-0.1802399680018425	-0.29579512774944305
ENST00000545712.7	0.04006564989686012	0.5095430314540863
ENST00000545797.7	0.1636206340044737	0.1322623963157336
ENST00000545947.5	-0.023877082392573357	0.5882993042469025
ENST00000546361.7	0.016662824898958206	0.32123956084251404
ENST00000546463.6	1.1197634935379028	0.6981648504734039
ENST00000547530.7	-0.21830471605062485	-0.4700458496809006
ENST00000548065.7	0.890112966299057	0.5919303968548775
ENST00000548249.5	0.6020961552858353	0.6285328269004822
ENST00000548553.1	0.3576633632183075	0.5202942391236622
ENST00000548825.6	-0.3664560442169507	-0.31180214136838913
ENST00000550765.6	0.9589644521474838	0.9169027656316757
ENST00000551150.5	0.254479106515646	0.5785219594836235
ENST00000551295.7	0.11030883714556694	0.4068955108523369
ENST00000551590.5	-0.6225269436836243	0.18636848405003548
ENST00000552360.4	0.725213885307312	0.835683286190033
ENST00000552551.5	0.44037824869155884	0.7765325605869293
ENST00000552695.6	0.11997999980424841	0.16959173511713743
ENST00000552810.6	-0.23727024346590042	-0.12236987426877022
ENST00000552864.5	0.9300909638404846	0.9540614485740662
ENST00000553066.5	0.6930642351508141	0.3850981444120407
ENST00000553127.5	0.1338173821568489	0.021830997429788113
ENST00000553458.6	1.0317369252443314	0.9176705628633499
ENST00000553645.7	1.5138238072395325	1.7494515180587769
ENST00000553804.6	-0.14169840514659882	0.19472240656614304
ENST00000554335.6	-0.07898992742411792	-0.0003520096652209759
ENST00000554880.5	1.686642626921336	1.9826700091362
ENST00000554943.5	-0.3100877155860265	0.06328589655458927
ENST00000555265.6	-0.3230646550655365	-0.48801180720329285
ENST00000555661.5	0.5851665288209915	0.7564315597216288
ENST00000556143.6	-0.7545749247074127	-0.30706316232681274
ENST00000556147.5	0.26326581835746765	0.39807286858558655
ENST00000556492.6	0.8320049494504929	0.5812691450119019
ENST00000556564.6	-0.802876740694046	-0.7690387070178986
ENST00000556994.5	0.8821120411157608	0.913230836391449
ENST00000557016.6	1.7954106330871582	1.5183583498001099
ENST00000557943.6	0.6686865091323853	1.5053192377090454
ENST00000558311.5	0.6755454018712044	0.5720385015010834
ENST00000559488.7	0.4643085300922394	0.5809031426906586
ENST00000559717.6	-0.017777951434254646	0.0778838386759162
ENST00000559844.6	0.5873962789773941	0.6047244518995285
ENST00000560079.7	-0.37126167118549347	-0.2616855353116989
ENST00000560869.6	-0.6349670588970184	-0.2167076903084914
ENST00000560955.5	-0.48539992421865463	-0.8020850643515587
ENST00000561678.6	-0.24199770763516426	-0.6172124147415161
ENST00000562336.5	1.1016038656234741	1.2599466443061829
ENST00000563197.6	0.28911301493644714	0.1012114230543375
ENST00000563281.2	-0.5415418247381847	-0.11564042295018832
ENST00000563290.6	-0.4374270997941494	-0.4172012656927109
ENST00000563588.6	0.5521436929702759	0.35833515226840973
ENST00000563694.6	-0.2959568245957295	-0.29443243394295376
ENST00000563719.3	0.19737453013658524	0.36596212536096573
ENST00000564079.6	0.21230119839310646	0.1518385199209054
ENST00000564104.5	1.4956724643707275	0.5923730134963989
ENST00000564996.6	-0.5167792737483978	-0.5484361052513123
ENST00000565263.6	0.17161313295364378	-0.023087887465953826
ENST00000565488.6	0.8440743386745453	0.6347056180238724
ENST00000566044.5	-0.40865983565648395	-0.3467752983172735
ENST00000566228.6	0.14058019469181698	0.06957695819437504
ENST00000566423.5	1.4679959893226622	1.2073721170425415
ENST00000566454.5	0.10771316289901733	0.43958413104216254
ENST00000566780.6	0.4155758122603098	0.3026303847630819
ENST00000568000.6	0.3491143025457859	0.4169710837304592
ENST00000568223.7	-0.3123608723282814	-0.2791336003690958
ENST00000568546.6	0.22367221489548683	0.09417134430259466
ENST00000568606.5	0.002034539356827736	-0.17743373662233353
ENST00000568956.1	-0.28113313019275665	-0.21697794646024704
ENST00000569437.5	-0.13308626413345337	-0.352142351369063
ENST00000569529.6	0.27336303144693375	0.16721197497099638
ENST00000569691.2	0.748842865228653	0.5896965563297272
ENST00000570628.6	-0.34802327056725824	-0.06303813634440303
ENST00000570896.5	-0.24855466187000275	-0.4583573490381241
ENST00000571133.6	0.277784027159214	0.7878962953885396
ENST00000571995.6	-0.29964473843574524	-0.40375033020973206
ENST00000572195.3	0.609729491174221	0.3529371712356806
ENST00000572681.6	0.005360175545016926	-0.3418167680501938
ENST00000573034.7	0.261350616812706	0.0034015290439128876
ENST00000575771.5	1.0384542644023895	0.7992726961771648
ENST00000577222.5	1.629778802394867	1.7583086490631104
ENST00000577395.5	0.2832990686098734	-0.07304747278491655
ENST00000577745.2	0.9160865098237991	0.49100934714078903
ENST00000577830.6	-0.34771326929330826	-0.18250971846282482
ENST00000578049.4	0.9950528889894485	1.0247329026460648
ENST00000578681.5	0.16719911620020866	0.14522283896803856
ENST00000578921.6	0.175872465595603	-0.10110115027055144
ENST00000579534.5	0.08802961558103561	-0.16463265009224415
ENST00000580018.4	1.203813835978508	1.0243204832077026
ENST00000581216.6	0.09283621236681938	0.3943578749895096
ENST00000581312.6	-0.5064537525177002	-0.7304757833480835
ENST00000581407.5	-0.3237849324941635	-0.45089633266131085
ENST00000582401.6	0.7600816190242767	0.41256378094355267
ENST00000582693.5	0.31046711653470993	0.4538131281733513
ENST00000583509.7	0.3199159875512123	0.23295101150870323
ENST00000583931.6	1.0721422731876373	1.3277786175409951
ENST00000584164.6	1.6559561491012573	1.057383120059967
ENST00000584307.5	0.4199630916118622	0.3981348127126694
ENST00000584667.6	1.1206126809120178	0.5507549941539764
ENST00000585313.5	0.5421553269028663	0.588075840473175
ENST00000585482.6	0.30412565916776657	0.1463056467473507
ENST00000585603.6	0.6421544402837753	0.5026051849126816
ENST00000585933.2	0.47829344868659973	0.36633409559726715
ENST00000586178.6	-0.39820000529289246	-0.4134008213877678
ENST00000586569.3	0.3108082301914692	0.06688845809549093
ENST00000586600.5	-0.0968650309368968	-0.061577183194458485
ENST00000586602.5	-0.2285889908671379	-0.5848965048789978
ENST00000586802.5	-0.23001494258642197	-0.7064798027276993
ENST00000587091.6	0.690574437379837	0.30045285820961
ENST00000587250.4	0.22766805056016892	0.04460388142615557
ENST00000587424.2	0.28548579663038254	1.0425954163074493
ENST00000587834.6	0.6377221345901489	0.719747930765152
ENST00000588030.5	0.9039133389790852	1.3795180718104043
ENST00000588649.7	-0.15851705987006426	-0.427185432985425
ENST00000588815.5	0.9254877120256424	1.1774539649486542
ENST00000590151.5	0.6252286434173584	0.5134053379297256
ENST00000590247.7	0.6882812827825546	0.9789281984170278
ENST00000590602.5	-0.7580251693725586	-0.6720110476016998
ENST00000591022.6	-0.11906103044748306	-0.2505617067217827
ENST00000591090.5	1.024932324886322	0.7691101133823395
ENST00000591247.6	0.5519743859767914	0.6325520277023315
ENST00000591470.5	0.6066970676183701	0.3235756382346153
ENST00000591680.6	-0.05143112130463123	-0.25526273250579834
ENST00000591885.5	-0.2330762694279353	-0.4423031210899353
ENST00000592062.5	-0.4276568703353405	-0.4081876203417778
ENST00000592502.2	-0.31227681785821915	-0.38016995787620544
ENST00000592524.6	0.3926882743835449	-0.165087029337883
ENST00000592782.5	-0.05986486375331879	0.1651922247062127
ENST00000593690.5	0.21977143362164497	-0.005166499875485897
ENST00000593829.6	1.4587507843971252	1.5122191905975342
ENST00000594824.5	-0.765074111521244	-0.7842149659991264
ENST00000595090.6	0.7204465568065643	1.122560292482376
ENST00000595358.5	0.1879136967472732	0.04739472921937704
ENST00000595753.6	-0.13856158405542374	-0.3557218909263611
ENST00000596148.3	0.797347088654836	0.7493494053681692
ENST00000596358.6	0.5628567337989807	0.4438977390527725
ENST00000597198.5	0.2768830992281437	0.1793784759938717
ENST00000597229.2	-0.7032744238773981	-0.8934203038613001
ENST00000597436.5	0.30124834179878235	0.8804713189601898
ENST00000598441.6	0.5408323407173157	0.7211408019065857
ENST00000598742.6	1.0896254479885101	1.8115357756614685
ENST00000599117.5	0.263256698846817	0.2976990658789873
ENST00000599218.6	-0.0378291333715121	-0.14123543600241345
ENST00000600228.6	-0.683190330862999	-0.5268194004893303
ENST00000600659.3	1.7533338367938995	1.3434846997261047
ENST00000600737.5	-0.7174110412597656	-0.860299716393153
ENST00000602063.5	-0.5108065605163574	-0.29952485859394073
ENST00000602402.6	0.9323306381702423	1.06895312666893
ENST00000602465.5	-0.03200421668589115	-0.04030788814028104
ENST00000602845.2	1.0897361040115356	0.9399054497480392
ENST00000604000.4	0.8424164354801178	0.7307400405406952
ENST00000605895.6	0.7474849969148636	1.1187733113765717
ENST00000607016.2	0.2135074908534686	0.10281303524971008
ENST00000607197.6	0.08188496064394712	0.7521509230136871
ENST00000607357.2	1.5039629936218262	0.901342898607254
ENST00000607778.2	1.7700662016868591	1.1593003869056702
ENST00000608424.6	0.02253885567188263	-0.18174706399440765
ENST00000608872.6	-0.20279354602098465	-0.3223017156124115
ENST00000609923.6	0.16646567732095718	-0.13065259903669357
ENST00000610322.5	-0.23334583528339864	-0.45544495433568954
ENST00000610343.4	-0.11534228175878525	0.0037836595438420773
ENST00000610540.4	0.13168619945645332	0.2991087051729361
ENST00000610854.2	1.0336277484893799	0.9392143338918686
ENST00000610935.2	0.017227278013403218	-0.11578647419810295
ENST00000610970.1	0.7749448865652084	0.6392604261636734
ENST00000611050.4	1.0826333661874135	1.127434422572454
ENST00000611055.4	0.7552289903163909	0.5659189015626908
ENST00000611208.4	1.0367296934127808	1.0507931113243103
ENST00000611255.5	0.8725440949201584	0.6722564399242401
ENST00000611551.1	0.8992791473865509	0.8067822158336639
ENST00000611621.2	-0.261466770619154	-0.30376068502664566
ENST00000611712.4	-0.012983501888811588	-0.19434189796447754
ENST00000612501.2	-0.07922882353886962	-0.22966982331126928
ENST00000612750.5	0.6946942508220673	0.7970188856124878
ENST00000612867.4	-0.8692563250660896	-1.0438304990530014
ENST00000612899.5	-0.1840846488873164	-0.505307142312328
ENST00000613071.1	-0.1142185851931572	-0.2726355344057083
ENST00000613122.5	-0.03429488651454449	-0.18907330371439457
ENST00000613322.4	0.454001247882843	0.5983485728502274
ENST00000613394.4	-0.8936686813831329	-0.6414703726768494
ENST00000613416.4	-0.4992356300354004	-0.7198772430419922
ENST00000613466.4	0.36254899948835373	0.3599977344274521
ENST00000613503.5	0.5225208029150963	0.4980394095182419
ENST00000613569.4	0.014935364946722984	0.3611271381378174
ENST00000613694.5	0.74737848341465	0.613328218460083
ENST00000614032.5	0.7058982253074646	0.5681265145540237
ENST00000614058.4	0.3870653510093689	0.42563439905643463
ENST00000614167.2	0.37594788521528244	0.5833231111367544
ENST00000614302.5	0.14716054825112224	-0.25484939757734537
ENST00000614342.1	-0.015624944120645523	-0.035124778747558594
ENST00000614476.4	0.7303130328655243	0.41270753741264343
ENST00000614499.4	-0.811808705329895	-0.6049551516771317
ENST00000614556.5	0.9955179840326309	0.9758408864339192
ENST00000614616.4	-0.3686358481645584	-0.18676137924194336
ENST00000614654.2	-0.7678910791873932	-0.7370929718017578
ENST00000614766.5	0.17648357727254432	-0.025818687863647938
ENST00000615182.5	0.30595681071281433	0.448732852935791
ENST00000615189.5	0.6075616180896759	0.477017804980278
ENST00000615277.5	-0.4079916626214981	-0.5432155430316925
ENST00000615540.4	0.3369825556874275	0.37528834119439125
ENST00000615550.5	0.00477884616702795	0.14170988649129868
ENST00000615612.2	0.19031770527362823	-0.3403724581003189
ENST00000615670.5	-0.465163583556811	-0.42558589080969494
ENST00000615891.2	0.5349132344126701	0.5258300676941872
ENST00000615982.4	-0.10798095539212227	-0.24248693138360977
ENST00000616146.4	0.8961757123470306	1.6977649331092834
ENST00000616265.4	1.1066950460275014	1.4505910873413086
ENST00000616305.2	-0.0381481908261776	-0.4360409826040268
ENST00000616600.5	0.26895198225975037	0.4026387482881546
ENST00000616661.5	0.4842713624238968	0.4740207642316818
ENST00000617275.5	-0.4307643920183182	-0.7622002065181732
ENST00000617316.2	0.03751688823103905	-0.18865783512592316
ENST00000617388.4	0.3472479432821274	0.2736349552869797
ENST00000617875.6	-0.4343283772468567	-0.9639284610748291
ENST00000617928.5	-0.36208951473236084	0.06227034702897072
ENST00000617979.5	0.4999294628699621	0.6733996570110321
ENST00000618014.1	0.42704206705093384	0.7350597381591797
ENST00000618098.4	-0.8986482322216034	-0.6901920735836029
ENST00000618156.5	1.0604015737771988	1.143502563238144
ENST00000618172.4	0.5660401781400044	0.4896623442570368
ENST00000618548.4	0.18828501552343369	0.30277009308338165
ENST00000618562.2	-0.041439468041062355	0.16319017857313156
ENST00000618852.5	0.5874192466338475	0.3060885096589724
ENST00000618853.5	-0.08332884591072798	-0.23152593709528446
ENST00000619039.4	-0.03517962619662285	-0.6934186220169067
ENST00000619168.4	0.5590912401676178	0.6614811718463898
ENST00000619189.5	-0.021117979288101198	-0.1303559675812721
ENST00000619269.4	-0.4334579348564148	-0.5338169306516647
ENST00000619707.5	-0.1347426576539874	-0.19532038900069892
ENST00000619850.2	0.19958935181299847	-0.1969002615660429
ENST00000619929.5	-0.5536417067050934	-0.44789236287275946
ENST00000620048.6	-0.22930912673473358	-0.37553420662879944
ENST00000620134.4	0.25489456206560135	0.05197741091251373
ENST00000620157.4	0.6530453264713287	0.6512988110383351
ENST00000620771.4	0.9609670738379161	0.41212478528420127
ENST00000621003.4	-0.5291539132595062	-0.15099391341209412
ENST00000621116.4	-0.4348999261856079	-0.7759417295455933
ENST00000621158.5	0.05879873223602772	0.12417753413319588
ENST00000621198.5	0.4623782460888227	0.4268786211808523
ENST00000621332.5	-0.7846860066056252	-0.5890051238238811
ENST00000621356.3	0.5728387162089348	0.9465868473052979
ENST00000621565.4	0.09495382942259312	0.07389788702130318
ENST00000621663.4	0.3028581440448761	0.7801225483417511
ENST00000621784.4	1.5384945670763652	1.6209530234336853
ENST00000621943.4	0.28551413118839264	0.8906121551990509
ENST00000621999.5	0.9294266104698181	1.1738251745700836
ENST00000622132.5	0.4457831084728241	0.36228062212467194
ENST00000622235.5	-0.743999645113945	-0.7320097647607327
ENST00000622277.4	0.21524380147457123	0.6065826117992401
ENST00000622375.4	-0.7170393764972687	-0.7169926762580872
ENST00000622395.4	-0.4346382816632589	-0.513963058590889
ENST00000622513.4	0.5960265100002289	0.43822552263736725
ENST00000622567.4	0.1600016299635172	0.3499394878745079
ENST00000622683.5	-0.30413123965263367	-0.45739562809467316
ENST00000622789.5	0.6612202227115631	0.7301582892735798
ENST00000622845.5	0.5218710005283356	0.058819446712732315
ENST00000623063.3	0.3944491371512413	0.5155642777681351
ENST00000623400.3	-0.19875412434339523	-0.5653870105743408
ENST00000624776.3	-0.6183638572692871	-0.8550723493099213
ENST00000625761.2	-0.29963308572769165	-0.06629104446619749
ENST00000632009.1	0.11516602896153927	-0.2524152025580406
ENST00000633556.3	-0.3597281128168106	-0.40341421216726303
