transcript_id	mrna_only_median_te	mrna_t5u_median_te
ENST00000000412.8	0.7990841468175252	1.1130101680755615
ENST00000001008.6	0.7953023761510849	0.935250535607338
ENST00000002125.9	0.42582147320111596	0.4864872793356578
ENST00000002165.11	0.2039877288043499	0.4685407727956772
ENST00000003100.13	0.5729820529619853	0.5123932907978694
ENST00000003302.8	-0.42148856818675995	-0.40562228858470917
ENST00000005178.6	0.7100170254707336	0.5321195423603058
ENST00000005257.7	1.5373369455337524	1.1375510096549988
ENST00000005386.8	0.5286714881658554	0.41958533227443695
ENST00000006777.11	0.38479923208554584	0.1600427559266488
ENST00000007390.3	-0.2568552829325199	-0.5589738413691521
ENST00000008527.10	-0.11009371280670166	0.20193510502576828
ENST00000011619.6	-0.17285899817943573	-0.11226661130785942
ENST00000013125.8	-0.20974736971159777	-0.0541852059153219
ENST00000014914.6	0.531297504901886	0.46992120146751404
ENST00000014930.9	1.242585450410843	1.2521924078464508
ENST00000025301.4	-0.4156319896380106	-0.5427415122588475
ENST00000029410.10	-0.3296235203742981	-0.5115272104740143
ENST00000037243.7	1.5850641876459122	1.3460902720689774
ENST00000037869.7	0.34555330872535706	0.5971729457378387
ENST00000038176.8	-0.22279225289821625	-0.4593406915664673
ENST00000039989.9	-0.09331806264817714	0.013326370529830454
ENST00000040584.6	0.5775028318166733	0.5696808472275734
ENST00000042381.9	-0.3331989124417305	-0.580277293920517
ENST00000043402.8	-0.47473096350828803	-0.48505047957102454
ENST00000053867.8	-0.22575517743825912	0.4721904893716176
ENST00000056217.10	-0.8824644684791565	-0.8483658283948898
ENST00000060969.6	0.8200542852282524	0.8555836528539658
ENST00000066544.8	-0.23400721698999405	-0.1011521928012371
ENST00000075120.12	0.45758963376283646	0.5364192500710487
ENST00000078429.9	0.0971090542152524	-0.050816073548048735
ENST00000083182.8	0.4452606439590454	0.3099190294742584
ENST00000084798.9	-0.05039839819073677	0.3944670483469963
ENST00000157600.8	0.51017115265131	0.6381939798593521
ENST00000159087.7	-0.6565071940422058	-0.5348561555147171
ENST00000159111.9	-0.2157689779996872	-0.40259648486971855
ENST00000160298.8	-0.5093380610148113	-0.4325638711452484
ENST00000161863.9	-0.16960671854515869	-0.25331416726112366
ENST00000162749.7	-0.29387001413851976	-0.04371519107371569
ENST00000163416.7	-0.12298298627138138	-0.060914193745702505
ENST00000164133.7	-0.5809999704360962	-0.47426822781562805
ENST00000164227.10	-0.25484364479780197	-0.14029435813426971
ENST00000164305.10	-0.30408576875925064	-0.003897405850390593
ENST00000166139.9	0.27666135629018146	0.35784173756837845
ENST00000166345.8	0.19872213527560234	-0.12568570207804441
ENST00000168216.11	1.2456539273262024	0.9161431193351746
ENST00000170168.9	-0.7411319315433502	-0.9539985433220863
ENST00000173229.7	0.06811464903876185	0.5927491337060928
ENST00000174618.5	0.2971263974905014	0.225857425481081
ENST00000175756.10	-0.33458907902240753	-0.48548680543899536
ENST00000176763.10	0.13939596836765605	0.1233425207901746
ENST00000178640.10	-0.13487286865711212	-0.05614129826426506
ENST00000179259.6	0.7832166701555252	0.6216593384742737
ENST00000181839.10	-0.5190648088852565	-0.4509489635626475
ENST00000184266.3	1.2620762288570404	1.469225823879242
ENST00000185150.9	0.44180755565563834	0.5303700268268585
ENST00000186436.10	-0.6702471971511841	-0.6445133884747822
ENST00000187762.7	-0.06185210729017854	0.4229431748390198
ENST00000188312.6	0.5158786028623581	0.7301321029663086
ENST00000192788.6	-0.46024639407793677	-0.48059576749801636
ENST00000193322.8	0.257810115814209	0.7753355801105499
ENST00000194155.7	0.18809711933135986	0.2571229487657547
ENST00000196061.5	0.34243870060890913	0.2946251127868891
ENST00000196371.10	0.8823301196098328	0.8946848139166832
ENST00000199320.9	0.8151226043701172	0.7553184231122334
ENST00000199389.11	-0.15124771619836488	-0.4245945165554682
ENST00000199448.9	0.4363311156630516	0.842771515250206
ENST00000199814.9	0.4931488186120987	0.7316617071628571
ENST00000200135.8	0.2103215828537941	0.12612259760499
ENST00000200457.9	0.12537964270450175	0.07912926049903035
ENST00000201031.3	0.368602953851223	0.6753741502761841
ENST00000201647.11	-0.07802266255021095	-0.030560837360098958
ENST00000202017.6	1.1972010135650635	1.1076501905918121
ENST00000202556.14	-0.0046470072120428085	-0.16613957767064375
ENST00000202677.12	-0.8041241466999054	-0.8094817698001862
ENST00000202816.5	-0.017672058194875717	-0.17378410696983337
ENST00000202917.10	0.2646956890821457	0.41824808716773987
ENST00000203001.7	0.40858227759599686	0.45380549877882004
ENST00000203166.10	-0.33441245555877686	0.0769006684422493
ENST00000203407.6	0.8469822406768799	0.8918175995349884
ENST00000203556.9	-0.437409121543169	-0.584095224738121
ENST00000204517.11	0.5249667763710022	0.5298019647598267
ENST00000204549.9	0.2108791247010231	0.30995266139507294
ENST00000204679.9	0.26369746029376984	0.4219006523489952
ENST00000204961.5	0.5469040870666504	0.045088160783052444
ENST00000205194.5	0.43818096071481705	0.6661655753850937
ENST00000205636.4	0.5020372718572617	0.726322403550148
ENST00000206451.11	1.4896332025527954	1.2419339418411255
ENST00000206542.9	0.5815738439559937	0.5603713095188141
ENST00000207549.8	-0.600898765027523	-0.5135241821408272
ENST00000207870.8	0.5842756703495979	0.2603834979236126
ENST00000209873.9	0.20732400566339493	0.1256315764039755
ENST00000209884.5	0.4809672236442566	0.24378252029418945
ENST00000210060.12	0.9662118454774221	0.43287593623002374
ENST00000210444.6	0.7448927462100983	0.3290976881980896
ENST00000211287.9	0.2910038232803345	0.37047766149044037
ENST00000212015.11	0.1092463965760544	0.2092423103749752
ENST00000214869.7	0.3410935401916504	0.7424983084201813
ENST00000215565.3	1.2027090936899185	1.313901036977768
ENST00000215567.10	0.7521195908387501	0.7231064140796661
ENST00000215582.8	-0.03486398607492447	-0.049476027488708496
ENST00000215659.13	-0.2915593683719635	0.05898437835276127
ENST00000215730.12	0.8345883414149284	0.6837564930319786
ENST00000215790.12	-0.02002973109483719	-0.10504076071083546
ENST00000215793.13	0.3762103244662285	0.5589397475123405
ENST00000215882.10	0.792106678088506	0.4748121127486229
ENST00000215904.7	0.1372840777039528	0.13238414376974106
ENST00000215906.6	-0.34047931432724	-0.009260709630325437
ENST00000215909.10	1.6347890794277191	1.6973248422145844
ENST00000215941.9	0.6700922846794128	0.045066455379128456
ENST00000215957.10	-0.659054771065712	-0.5043804943561554
ENST00000216027.8	0.45416130622227985	0.3288051337003708
ENST00000216034.6	0.8367482771476109	0.9782250424226124
ENST00000216038.6	0.8286219984292984	0.550015389919281
ENST00000216039.9	0.21229246258735657	-0.29839013516902924
ENST00000216085.12	0.015909239649772644	-0.07464081048965454
ENST00000216106.6	-0.026517248790090285	0.06314497689406076
ENST00000216117.9	0.5680084278186163	0.38271793723106384
ENST00000216122.9	0.42217963437239325	0.5000513444344203
ENST00000216129.7	-0.03748970199376345	-0.4836951419711113
ENST00000216133.10	0.48790279403328896	0.3264556508511305
ENST00000216146.9	0.6306571513414383	0.7898644357919693
ENST00000216160.11	0.13643449192750268	0.2640756443142891
ENST00000216181.11	0.23913237266242504	0.3694306254386902
ENST00000216218.8	1.133044570684433	1.3267499506473541
ENST00000216225.9	1.5948630571365356	1.4119288126627605
ENST00000216237.10	0.4433049261569977	0.2714799493551254
ENST00000216252.4	1.6037384271621704	1.4854110479354858
ENST00000216254.9	0.6917105466127396	0.7166172862052917
ENST00000216259.8	0.5957531680663427	0.6948071618874867
ENST00000216264.13	-0.53791543841362	-0.4455825537443161
ENST00000216277.12	-0.2658117413520813	-0.14257337525486946
ENST00000216297.7	0.7250263810157775	0.8042760133743285
ENST00000216410.8	0.792891763150692	0.8649375066161156
ENST00000216446.9	0.4800155460834503	-0.08492201194167137
ENST00000216468.8	0.5566852986812592	0.39684635400772095
ENST00000216471.4	-0.16410183859989047	0.3073071291049322
ENST00000216479.8	0.5694669683774313	0.9055797259012859
ENST00000216484.6	0.6862089931964874	0.6175023913383484
ENST00000216639.8	0.8254233002662659	0.6398470401763916
ENST00000216780.9	0.07184462621808052	0.3579238951206207
ENST00000216802.10	0.9038787484169006	0.9767741560935974
ENST00000216807.12	0.8357592225074768	0.6260916193326314
ENST00000216832.9	0.24446387495845556	0.485626008361578
ENST00000216879.8	-0.012870389735326171	0.050509481225162745
ENST00000216962.9	0.7610265513261159	0.6592293679714203
ENST00000216968.5	0.5946349948644638	0.4189440831542015
ENST00000217026.5	-0.7219931930303574	-0.3708927556872368
ENST00000217109.9	0.6851729154586792	0.6806898713111877
ENST00000217131.6	0.32670786480108893	0.6127537886301677
ENST00000217289.8	0.2285208950440089	0.13652969275911647
ENST00000217381.3	-0.4239271407326063	-0.5439984699090321
ENST00000217402.3	1.0465217232704163	1.241714209318161
ENST00000217426.7	1.174135982990265	1.0801520943641663
ENST00000217455.9	0.22514325256148976	0.23223567629853886
ENST00000217456.3	0.2486259788274765	0.5496927574276924
ENST00000217901.10	1.0919324159622192	0.6516506373882294
ENST00000217958.8	1.290038287639618	0.6637677848339081
ENST00000217971.8	1.351571500301361	1.2750539630651474
ENST00000218104.6	0.26114875078201294	0.0646663960069418
ENST00000218230.6	0.22758665028959513	0.5999444872140884
ENST00000218340.4	0.7717845439910889	0.6560352593660355
ENST00000218348.7	0.35638466104865074	0.08195447362959385
ENST00000219069.6	-0.793342113494873	-0.9363720118999481
ENST00000219070.9	0.15356078930199146	0.5223928168416023
ENST00000219204.8	0.30597129464149475	0.24001655479272205
ENST00000219240.9	0.34178691109021503	0.49993746976057685
ENST00000219252.10	0.5915087163448334	0.893676221370697
ENST00000219271.4	-0.3596678674221039	0.3970329761505127
ENST00000219299.8	0.8429239690303802	0.10343428701162338
ENST00000219302.7	0.8640275597572327	0.9130433201789856
ENST00000219313.9	1.4680067300796509	1.14174085855484
ENST00000219345.10	0.4702095240354538	0.5922235250473022
ENST00000219439.9	0.7059844583272934	0.7318274974822998
ENST00000219473.11	-0.5786389708518982	-0.5514267086982727
ENST00000219479.7	0.5344336330890656	0.4544448107481003
ENST00000219548.9	0.3149138633161783	0.07383481366559863
ENST00000219611.7	-0.8798404335975647	-0.9976849555969238
ENST00000219782.10	-0.5598416924476624	-0.35059356689453125
ENST00000219837.12	0.5648188889026642	0.4551708772778511
ENST00000220325.9	0.445260734607776	0.7481248825788498
ENST00000220496.9	0.5693885236978531	0.4269967923561732
ENST00000220509.10	-0.17003871127963066	0.02075926358035455
ENST00000220531.9	0.9489174783229828	0.7510545253753662
ENST00000220562.9	-0.5544193685054779	-0.5325640141963959
ENST00000220751.5	-0.12197007331997156	0.018181243212893605
ENST00000220763.10	0.3720853353540102	0.26780296613772714
ENST00000220772.8	0.59255251288414	0.8833779394626617
ENST00000220822.12	0.16556040197610855	0.341288298368454
ENST00000220853.8	1.046187937259674	0.962188333272934
ENST00000220913.10	0.5760100856423378	0.30015455558896065
ENST00000220959.8	-0.12955156806856394	-0.27873316779732704
ENST00000221086.8	0.09447125531733036	0.04107465036213398
ENST00000221138.9	0.1154824011027813	0.6229779273271561
ENST00000221200.9	0.9000571668148041	0.48625612258911133
ENST00000221233.9	0.6137455999851227	0.3499559164047241
ENST00000221459.7	0.7352455705404282	0.7741303890943527
ENST00000221462.9	-0.7236180603504181	-0.7957423329353333
ENST00000221480.6	0.4593905657529831	0.6137812733650208
ENST00000221486.6	0.5877924561500549	0.21861190348863602
ENST00000221494.10	0.38521578907966614	0.742919921875
ENST00000221543.10	0.15255986154079437	-0.13737253099679947
ENST00000221566.7	1.0199863463640213	1.1983806192874908
ENST00000221855.8	1.4681571125984192	0.9918669164180756
ENST00000221856.11	-0.43890056014060974	-0.32615585811436176
ENST00000221930.6	0.24042746921380362	0.453253373503685
ENST00000221980.5	-0.01874647894874215	0.39869754761457443
ENST00000222005.7	0.782708615064621	0.6484541594982147
ENST00000222122.10	-0.09354568428049484	0.19636789957682294
ENST00000222219.8	0.2378096804022789	0.8103959560394287
ENST00000222256.9	1.564153790473938	1.1383116841316223
ENST00000222345.11	-0.7371533662080765	-0.8835579007863998
ENST00000222374.3	-0.06804741794864336	0.21974022034555674
ENST00000222402.8	0.4046724336221814	0.9676170945167542
ENST00000222482.10	0.7499634206295014	1.129322922229767
ENST00000222511.11	0.7889664322137833	0.5549864917993546
ENST00000222543.11	0.9311058521270752	1.1966819167137146
ENST00000222547.8	1.5488759279251099	0.9487461447715759
ENST00000222553.8	0.7454647223154705	0.487310657898585
ENST00000222567.6	0.6829010844230652	0.7114016115665436
ENST00000222573.5	0.09608009760268033	-0.1249830573797226
ENST00000222725.10	0.4257364645600319	0.25171762332320213
ENST00000222726.4	0.7673093378543854	0.8349012732505798
ENST00000222800.7	0.3355650007724762	0.3561151921749115
ENST00000222803.10	1.2081477046012878	1.1997089982032776
ENST00000222812.8	0.8775011301040649	0.9291455447673798
ENST00000222990.8	0.09573513393600783	0.15923555940389633
ENST00000223023.5	0.5388952493667603	0.21834123134613037
ENST00000223029.8	0.6303927004337311	0.9499731957912445
ENST00000223061.6	0.27180472016334534	0.5663161873817444
ENST00000223095.5	0.5087727308273315	0.7402301728725433
ENST00000223127.8	0.1554850577376783	0.18874244950711727
ENST00000223136.5	1.4629712104797363	1.094565987586975
ENST00000223145.10	-0.17973211000207812	0.04234771616756916
ENST00000223208.10	0.6187281161546707	0.4821207821369171
ENST00000223369.3	0.6269552260637283	0.4231236775716146
ENST00000223500.9	1.595970948537191	1.485316594441732
ENST00000223864.7	0.8728065490722656	1.0662244856357574
ENST00000224073.6	1.5206237435340881	1.287459909915924
ENST00000225171.7	0.30296894907951355	0.17063380032777786
ENST00000225174.8	1.0858337879180908	0.9101812615990639
ENST00000225235.5	-0.31711719185113907	-0.07530823443084955
ENST00000225296.8	0.06156619389851888	0.038191383704543114
ENST00000225525.4	1.2547829747200012	0.6790406852960587
ENST00000225655.6	1.4633654952049255	1.7757066488265991
ENST00000225665.12	0.8332527279853821	0.6722708344459534
ENST00000225698.8	1.0790296643972397	1.0704138576984406
ENST00000225719.9	0.31915416195988655	0.30122989416122437
ENST00000225728.8	1.247633159160614	1.0394006371498108
ENST00000225729.8	0.5933621376752853	0.843499556183815
ENST00000225737.11	-0.18989461567252874	-0.5122217200696468
ENST00000225916.10	-0.724802553653717	-0.5817978382110596
ENST00000225927.7	-0.2485750913619995	0.027333939680829644
ENST00000225964.10	0.220680832862854	0.4901454448699951
ENST00000225972.8	0.6957710683345795	0.7096663415431976
ENST00000226004.8	0.9897826835513115	0.59025639295578
ENST00000226091.3	0.03628726676106453	-0.1259309076704085
ENST00000226105.11	0.1281217336654663	0.44711823761463165
ENST00000226230.8	0.8801020781199138	0.989872415860494
ENST00000227155.9	0.9927079081535339	1.1403480172157288
ENST00000227322.8	0.5912399937709173	0.529695987701416
ENST00000227507.3	0.6827658712863922	0.6446922719478607
ENST00000227524.9	0.3633311092853546	0.643882542848587
ENST00000227638.8	0.5749382575352987	0.241276935984691
ENST00000227756.5	0.12238328531384468	0.14058302342891693
ENST00000228251.9	0.4151501407225927	1.0231536328792572
ENST00000228307.11	0.13781904242932796	0.5461960807442665
ENST00000228425.11	0.1183468361850828	0.10962379445845727
ENST00000228438.2	0.5152913630008698	0.6077775061130524
ENST00000228495.11	0.8903036862611771	0.8392388075590134
ENST00000228506.8	0.13386130488167208	0.20101620256900787
ENST00000228705.7	0.1576033818225066	0.18212858463327092
ENST00000228740.7	0.45700429677963256	0.5398975193500519
ENST00000228799.7	0.5056886151432991	0.3493157625198364
ENST00000228825.12	1.1783137917518616	1.1368639469146729
ENST00000228827.8	0.885610356926918	0.7240826338529587
ENST00000228922.11	0.3981514796614647	0.257515013217926
ENST00000228928.12	0.022696861065924168	0.22110068053007126
ENST00000229266.8	-0.3840826749801636	-0.19174656085669994
ENST00000229314.10	1.369869271914164	1.4824557503064473
ENST00000229329.7	0.17687345296144485	0.22100753709673882
ENST00000229330.9	0.37152231484651566	0.1956648826599121
ENST00000229340.10	1.2742511232693992	0.9271981716156006
ENST00000229390.8	0.2957072779536247	0.8148129731416702
ENST00000229633.7	1.152178704738617	0.79233618080616
ENST00000229812.8	0.7178748175501823	0.46325797587633133
ENST00000229903.5	0.9240576922893524	0.7981431484222412
ENST00000229922.7	0.23187413066625595	0.8870347440242767
ENST00000230050.4	1.6296277940273285	1.901098757982254
ENST00000230085.13	1.0490501523017883	0.8250242322683334
ENST00000230124.8	-0.10638132691383362	-0.6055178642272949
ENST00000230340.9	0.2900219075381756	0.5287326723337173
ENST00000230419.9	-0.18122653290629387	-0.17662197723984718
ENST00000230431.11	0.8213474303483963	0.7116572856903076
ENST00000230449.9	0.04024125821888447	0.1913577876985073
ENST00000230461.11	0.5394816100597382	1.1469868620236716
ENST00000230640.10	0.468946635723114	0.514273077249527
ENST00000230771.9	0.709452748298645	0.6522755175828934
ENST00000230792.7	0.5812839766343435	0.4832646201054255
ENST00000230895.11	1.4200803756713867	0.8389842092990876
ENST00000231004.5	0.6345723867416382	0.6052587330341339
ENST00000231061.9	0.6571067124605179	1.3184979856014252
ENST00000231198.12	0.6422985345125198	0.5664272978901863
ENST00000231498.8	0.06060724798589945	0.13678443431854248
ENST00000231572.8	0.49212148040533066	0.704983726143837
ENST00000231790.8	0.34257167130708693	0.24510484039783476
ENST00000231887.8	0.22095505148172379	0.20085065066814423
ENST00000231948.8	0.31174672581255436	0.24620860069990158
ENST00000232501.8	0.5739688873291016	0.20618038748701412
ENST00000232766.6	0.36350815991560614	0.3030302872260412
ENST00000232888.7	0.34363439306616783	0.41390932351350784
ENST00000232905.4	1.6755914390087128	1.5667691230773926
ENST00000232974.11	-0.3094741068780422	-0.45707111060619354
ENST00000232975.8	1.6316657662391663	1.235341707865397
ENST00000232978.13	-0.36537950237592065	-0.3352312818169594
ENST00000233027.10	-0.5410033166408539	-0.7373485863208771
ENST00000233099.6	-0.04164691083133221	-0.010252169333398342
ENST00000233121.7	1.0400226016839345	0.9005978008111318
ENST00000233143.6	1.6610762774944305	2.1455772519111633
ENST00000233468.5	1.5307066440582275	1.3591849505901337
ENST00000233535.9	-0.34489158540964127	-0.12407598318532109
ENST00000233575.7	0.4504576735198498	0.020235599899024237
ENST00000233596.8	0.8001754482587179	1.144739309946696
ENST00000233668.9	-0.5449124574661255	-0.555756151676178
ENST00000233809.9	0.47753669818242395	0.7196758588155111
ENST00000233813.5	0.6884876042604446	0.9046058356761932
ENST00000233838.9	0.08107801899313927	0.22035299986600876
ENST00000233893.10	1.6752075552940369	2.0282856225967407
ENST00000234160.5	0.3226632662117481	0.642722984155019
ENST00000234170.10	0.0903345433374246	0.2910214426616827
ENST00000234296.7	0.1327065471559763	0.2508625201880932
ENST00000234420.11	0.10284256190061569	-0.3319721221923828
ENST00000234454.6	0.7168075144290924	0.7595617026090622
ENST00000234590.10	1.2207695245742798	1.0262590050697327
ENST00000234677.7	0.7369888871908188	0.7496065646409988
ENST00000234875.9	1.5699942409992218	1.942708045244217
ENST00000235090.10	0.5911956652998924	0.49912291020154953
ENST00000235307.7	0.7888857622941334	0.5684027373790741
ENST00000235332.6	-0.23795131128281355	-0.16488642431795597
ENST00000235345.6	0.6014420986175537	0.5759996846318245
ENST00000235382.7	0.6466097831726074	0.3751198947429657
ENST00000235532.9	0.7377680639425914	0.5764269431432087
ENST00000236273.9	1.007421299815178	0.8853090703487396
ENST00000236671.7	0.9135636687278748	1.2590849796930947
ENST00000236959.14	0.7959953248500824	0.6272786855697632
ENST00000237281.5	0.3539232015609741	0.1129757771268487
ENST00000237283.9	1.101074367761612	0.8067662715911865
ENST00000237530.11	0.6215050891041756	1.1018365323543549
ENST00000237596.7	-0.02477504126727581	-0.21850888431072235
ENST00000237642.6	0.5147467851638794	0.2816683053970337
ENST00000237822.8	0.3759717047214508	0.5621078014373779
ENST00000237853.9	0.1258924873545766	-0.036541440174914896
ENST00000238112.8	0.6749535501003265	0.40407879153887427
ENST00000238146.9	0.4405050128698349	0.47195106744766235
ENST00000238497.10	0.8364440600077311	0.8494461377461751
ENST00000238561.10	0.5494550578296185	0.24971675965934992
ENST00000238616.10	0.23041542619466782	-0.01624724579354127
ENST00000238647.5	0.143357552587986	0.2369687780737877
ENST00000238667.9	0.6611997187137604	0.4825703650712967
ENST00000238682.7	0.23807230591773987	0.30952708423137665
ENST00000238714.8	0.25849578653772676	0.40944647789001465
ENST00000238738.9	0.02998169290367514	0.21549145365133882
ENST00000238789.10	-0.33116392605006695	0.08255290472880006
ENST00000238875.10	0.8335496783256531	0.72575344145298
ENST00000238892.4	1.5210806369781493	1.3501227855682374
ENST00000239223.4	0.4313989579677582	0.3080308760205905
ENST00000239440.9	-0.6164887100458145	-0.8224708884954453
ENST00000239878.9	1.6056554466485977	1.4776304215192795
ENST00000239891.4	0.35954308013121283	0.2286903051038583
ENST00000240123.11	-0.43581147491931915	-0.3687697649002075
ENST00000240139.9	0.13848642073571682	0.2296455278992653
ENST00000240185.8	0.8212628662586212	1.0589569658041
ENST00000240285.10	0.3074945956468582	0.3574322909116745
ENST00000240316.5	0.24134036526083946	0.2885092683136463
ENST00000240328.4	-0.42391401529312134	-0.3838806450366974
ENST00000240364.7	-0.12109251989750192	0.005080899398308247
ENST00000240423.9	0.4922740310430527	0.3144129067659378
ENST00000240488.8	0.44322454929351807	0.5546018481254578
ENST00000240587.5	-0.11826405278407037	-0.39037953689694405
ENST00000240617.10	0.2334810358782609	0.38608584056297934
ENST00000240651.14	0.7565165609121323	0.5684972852468491
ENST00000241052.5	0.6728804409503937	0.7943625003099442
ENST00000241261.7	0.4695766568183899	0.6681158244609833
ENST00000241337.9	1.041126362979412	1.4296246767044067
ENST00000241393.4	0.6891516447067261	0.491453617811203
ENST00000241502.9	0.8039599458376567	1.071546733379364
ENST00000242209.9	0.7133993208408356	0.711449533700943
ENST00000242248.10	0.19063671057422957	-0.03431926170984904
ENST00000242465.4	1.1629653334617616	1.2630781888961793
ENST00000242576.7	0.5187703967094421	0.5517795979976654
ENST00000242592.9	0.4588305354118347	0.4262510687112808
ENST00000242728.5	0.44200147688388824	0.49650811652342475
ENST00000242776.9	0.8924008905887604	1.0129836946725845
ENST00000242784.5	0.9651009142398834	0.530292421579361
ENST00000242786.6	0.3961254358291626	0.18814659863710403
ENST00000242848.8	-0.4536794051527977	0.04142748424783349
ENST00000243108.5	0.8226219614346822	0.6818033556143444
ENST00000243167.9	0.051726115169003606	0.1571765299886465
ENST00000243253.8	0.7757033258676529	1.018993854522705
ENST00000243298.3	0.984207272529602	0.9498833566904068
ENST00000243344.8	-0.26510443414251006	0.06841090973466635
ENST00000243346.10	0.5895961672067642	0.817723274230957
ENST00000243347.5	0.9496291726827621	0.7886039316654205
ENST00000243498.10	0.7914164264996847	0.47363571325937903
ENST00000243501.10	0.577614426612854	0.5540938377380371
ENST00000243563.8	1.028358280658722	1.217467725276947
ENST00000243578.8	0.7104425728321075	0.5526368767023087
ENST00000243662.11	1.511196345090866	0.6701476722955704
ENST00000243776.11	-0.569116435945034	-0.47733626514673233
ENST00000243878.9	-0.2180565930902958	-0.07442635064944625
ENST00000244007.7	-0.24449270591139793	-0.24546437710523605
ENST00000244020.5	0.7946397612492244	1.2900356948375702
ENST00000244040.4	0.18807829916477203	0.09056778624653816
ENST00000244043.5	0.34541498124599457	0.1537320613861084
ENST00000244137.12	0.5839487612247467	0.7364667057991028
ENST00000244204.11	0.8168690502643585	0.6278482973575592
ENST00000244221.9	1.2925861179828644	1.3369636535644531
ENST00000244230.7	0.3356613162904978	0.40544063225388527
ENST00000244289.9	-0.6996355205774307	-0.4541447311639786
ENST00000244496.6	0.05095246061682701	0.16758140921592712
ENST00000244520.10	0.9631086389223735	1.4098650813102722
ENST00000245046.6	0.6206116080284119	0.9964024722576141
ENST00000245105.8	-0.8238493442535401	-0.6505327016115189
ENST00000245304.5	0.3593437150120735	0.5044569373130798
ENST00000245407.8	-0.16630567610263824	0.4400577872991562
ENST00000245479.3	0.4626632630825043	0.5918877720832825
ENST00000245539.11	0.6483797580003738	0.7896228482325871
ENST00000245543.6	0.4387276619672775	0.41356052458286285
ENST00000245544.9	0.1922965869307518	0.07649458199739456
ENST00000245564.8	-0.2962614670395851	0.09186556283384562
ENST00000245812.8	-0.07823820412158966	0.23547938466072083
ENST00000245816.11	0.5314124047756195	0.7505172550678254
ENST00000245903.4	0.6430357098579407	0.4694076180458069
ENST00000245908.11	-0.7186385492483776	-0.6643320123354594
ENST00000245932.11	0.31858574599027634	0.4729681182652712
ENST00000245934.12	-0.16046638041734695	0.02215589117258787
ENST00000246024.7	0.8483128945032755	0.882097194592158
ENST00000246069.12	1.4867849349975586	1.5368250012397766
ENST00000246117.9	-0.5479805767536163	0.029877689899876714
ENST00000246151.9	0.46226082742214203	0.6680704951286316
ENST00000246166.3	0.5687063336372375	0.28851428627967834
ENST00000246194.8	0.8455834984779358	0.8118898868560791
ENST00000246229.5	-0.2899688482284546	-0.5277808010578156
ENST00000246535.4	0.3183258920907974	0.03588178889670719
ENST00000246792.4	0.6469870060682297	0.41560422629117966
ENST00000246868.7	1.4979190627733865	1.1647929747899373
ENST00000247003.9	0.30188601091504097	0.3747158944606781
ENST00000247020.9	0.9609342217445374	1.3707131445407867
ENST00000247191.7	0.07566053109864393	0.3276308700442314
ENST00000247194.9	0.6466326415538788	0.43373457094033563
ENST00000247225.7	0.34012311697006226	0.44427961111068726
ENST00000247291.8	1.501124083995819	0.6158379912376404
ENST00000247470.10	0.691173791885376	1.0919520407915115
ENST00000247665.12	1.5458868443965912	1.4702389538288116
ENST00000247668.7	0.18372105807065964	0.09640783071517944
ENST00000247933.9	-0.010115283890627325	-0.06281567579135298
ENST00000247977.9	0.3359888046979904	0.08406661404296756
ENST00000248054.9	-0.2019243637720744	-0.2693458447853724
ENST00000248071.6	0.2855083495378494	0.37152034044265747
ENST00000248121.7	0.13305848836898804	0.7919850647449493
ENST00000248244.5	-0.37626853585243225	-0.3121607303619385
ENST00000248248.8	-0.5038947761058807	-0.5521088764071465
ENST00000248306.8	0.2567360525329908	0.00908242321262757
ENST00000248437.9	1.0607263445854187	1.1343204379081726
ENST00000248553.7	1.0637925416231155	1.4277966916561127
ENST00000248564.6	1.417555034160614	1.3750543594360352
ENST00000248594.11	-0.25530623147885007	-0.032983864968021706
ENST00000248846.10	-0.24276361800730228	-0.4991105645895004
ENST00000248924.10	-0.4396151006221771	0.034598568454384804
ENST00000248958.5	0.43874114006757736	0.33959677070379257
ENST00000248975.6	1.3108482658863068	1.3662096410989761
ENST00000249014.5	-0.4603889137506485	-0.4889371444781621
ENST00000249064.9	0.4263567477464676	0.5331127047538757
ENST00000249269.9	0.7133292853832245	0.9344320297241211
ENST00000249289.5	1.584069093068441	1.504593273003896
ENST00000249344.7	0.14741989349325496	0.0487895052259167
ENST00000249356.4	0.9422353580594063	1.1795817613601685
ENST00000249442.11	0.19673855602741241	0.5242587029933929
ENST00000249636.10	0.2569102570414543	0.18325694650411606
ENST00000249647.8	1.430783212184906	1.1558538377285004
ENST00000249700.9	0.36919234693050385	0.5091496109962463
ENST00000249750.9	0.736935168504715	0.41472308337688446
ENST00000249806.11	0.20405076909810305	0.19654584117233753
ENST00000249883.9	-0.13858656771481037	-0.04430339182727039
ENST00000250092.11	0.4289765954017639	0.9475222527980804
ENST00000250101.10	1.3235361725091934	1.5250313729047775
ENST00000250111.9	1.2384158968925476	1.4747605621814728
ENST00000250113.12	-0.3480385864774386	-0.46898620824019116
ENST00000250237.10	0.5517131090164185	0.4600027948617935
ENST00000250340.9	0.6057494580745697	0.6990384161472321
ENST00000250383.11	0.4004189074039459	0.2709817849099636
ENST00000250448.5	0.18036049604415894	0.21138496821125347
ENST00000250495.10	1.6562722524007163	1.7463852365811665
ENST00000250535.5	1.0207944512367249	0.8508865237236023
ENST00000250617.7	0.10820979438722134	0.11295720003545284
ENST00000250894.8	-0.0837154776478807	-0.12715003763635954
ENST00000251047.6	0.5725959241390228	0.9690957814455032
ENST00000251089.8	0.2477025588353475	0.058589698281139135
ENST00000251108.10	0.18027137033641338	0.17305734939873219
ENST00000251241.9	-0.050018842332065105	-0.03817226202227175
ENST00000251412.8	0.5979884266853333	0.5490374267101288
ENST00000251413.8	0.805005818605423	0.6990939974784851
ENST00000251453.8	1.5240179300308228	1.499315094947815
ENST00000251496.7	0.21652104705572128	0.38861555606126785
ENST00000251507.8	0.3284684270620346	0.03997284173965454
ENST00000251582.12	-0.8331694006919861	-0.614666759967804
ENST00000251775.9	0.15047917515039444	0.09502093121409416
ENST00000251849.8	-0.46730533987283707	-0.8225326240062714
ENST00000251871.9	0.37120334059000015	0.27940431609749794
ENST00000251968.4	0.5599634051322937	0.6946796625852585
ENST00000252032.9	-0.029740898637101054	-0.07323950622230768
ENST00000252050.9	-0.3644215390086174	-0.4670038868983587
ENST00000252102.9	1.5710689425468445	1.7280621528625488
ENST00000252108.8	0.13899399898946285	0.03150801174342632
ENST00000252115.10	0.7444680482149124	0.6161557137966156
ENST00000252288.8	0.6838802993297577	0.7138797491788864
ENST00000252456.7	0.9395026862621307	0.9539600908756256
ENST00000252542.9	0.09898232854902744	0.36161641776561737
ENST00000252599.9	0.025448559783399105	0.03292383439838886
ENST00000252603.7	0.2900045166412989	0.36312825977802277
ENST00000252622.15	1.5276076793670654	1.7349713444709778
ENST00000252674.9	-0.5020840664704641	-0.5355249134202797
ENST00000252804.9	-0.19598945478598276	0.2034858767874539
ENST00000252809.3	0.464188389480114	0.5503415912389755
ENST00000252818.5	-0.3609136939048767	-0.06053047440946102
ENST00000252826.10	-0.21195917576551437	-0.4812578558921814
ENST00000252891.8	-0.7344066798686981	-0.5008362084627151
ENST00000252934.10	0.8419666886329651	0.5692641337712606
ENST00000252984.11	-0.007243959543605645	0.06621644446083035
ENST00000253023.8	0.854872852563858	0.7996019423007965
ENST00000253024.10	-0.4467560574412346	-0.2538847588002682
ENST00000253048.10	0.04976325493771583	0.2577922195196152
ENST00000253063.4	-0.002206349978223443	0.23045048862695694
ENST00000253083.9	-0.0639767557149753	0.16405529777208966
ENST00000253108.9	0.9572796523571014	0.671561062335968
ENST00000253110.16	-0.008124197367578745	-0.19183237850666046
ENST00000253237.10	0.38127005845308304	0.6844384223222733
ENST00000253329.3	0.6608017683029175	0.49182741343975067
ENST00000253407.4	0.5284685393174489	0.6504933089017868
ENST00000253413.10	1.5212294161319733	1.4990618526935577
ENST00000253457.8	0.6871796622872353	0.4529811143875122
ENST00000253458.12	-0.5601654648780823	-0.26864056289196014
ENST00000253462.8	0.770475372672081	0.962404265999794
ENST00000253496.3	0.06833236292004585	0.19010019302368164
ENST00000253693.7	0.18489736039191484	0.11775289848446846
ENST00000253754.8	0.27735482156276703	0.04962250031530857
ENST00000253778.13	0.7813662886619568	0.6000039577484131
ENST00000253794.7	1.0106668372948966	0.8317032953103384
ENST00000253796.10	1.0852181315422058	0.8928235769271851
ENST00000253814.6	0.9458677470684052	0.8155281841754913
ENST00000253861.5	0.3484439477324486	0.07395760389044881
ENST00000253925.11	-0.37745146080851555	-0.39045388624072075
ENST00000254029.8	0.4233260117471218	0.23651009239256382
ENST00000254101.4	0.7942200005054474	0.6418032795190811
ENST00000254190.4	-0.5845240751902263	-0.5585890362660091
ENST00000254193.11	0.9121791124343872	1.0179815515875816
ENST00000254260.8	0.2883305102586746	0.0867084227502346
ENST00000254322.3	0.6187789924442768	0.8660740032792091
ENST00000254325.9	-0.17124555259943008	0.05116655118763447
ENST00000254337.10	0.17657991374532384	-0.0547670554369688
ENST00000254436.8	0.32358215004205704	0.24300115555524826
ENST00000254480.10	0.17753811925649643	0.3558959513902664
ENST00000254508.7	-0.16305675357580185	-0.24246349185705185
ENST00000254521.7	0.525976687669754	0.3335276395082474
ENST00000254528.4	-0.4156038202345371	-0.10625594606002173
ENST00000254605.11	0.3662661090493202	0.2600860148668289
ENST00000254624.10	-0.009591382200596854	-0.16980945598334074
ENST00000254654.8	0.32389678061008453	0.15095343068242073
ENST00000254657.8	-0.16395162418484688	-0.2338901236653328
ENST00000254661.5	0.9821183582146962	0.7455435991287231
ENST00000254719.10	0.753652036190033	1.107706606388092
ENST00000254722.9	0.41654257476329803	0.7335974673430126
ENST00000254770.2	0.01499057188630104	0.13580290973186493
ENST00000254799.11	0.7496458888053894	0.7533182203769684
ENST00000254803.4	0.6105105429887772	0.4865814223885536
ENST00000254816.6	-0.15420007705688477	-0.08663738891482353
ENST00000254878.8	1.3719174265861511	1.4800413250923157
ENST00000254900.9	0.07510987296700478	-0.038643525913357735
ENST00000254940.10	1.5423825979232788	1.2038402557373047
ENST00000254950.13	0.20258641662076116	0.464975293725729
ENST00000254958.10	-0.057475268840789795	0.02097389195114374
ENST00000254998.3	1.0915388762950897	0.8125121295452118
ENST00000255006.11	-0.015932039823383093	-0.1456018015742302
ENST00000255108.8	0.006369790804455988	-0.14852145838085562
ENST00000255152.3	0.024889128282666206	-0.09317521468619816
ENST00000255476.3	0.4673667326569557	0.5991796851158142
ENST00000255499.3	0.4455149173736572	0.34572790563106537
ENST00000255559.7	0.5599855780601501	0.6063325107097626
ENST00000255613.8	-0.4121156334877014	-0.6022173513968786
ENST00000255641.13	-0.48431647196412086	-0.40010322630405426
ENST00000255681.7	0.653652235865593	0.5830951084693272
ENST00000255784.5	0.6912467579046885	0.8484027485052745
ENST00000255882.11	-0.7542923837900162	-0.618351399898529
ENST00000255977.7	-0.05713745951652527	0.46613582968711853
ENST00000256001.13	0.23077306151390076	0.13514515664428473
ENST00000256015.5	0.9594392776489258	0.17570392787456512
ENST00000256079.9	0.2470967027087075	0.48361853758494056
ENST00000256108.10	1.2524417638778687	0.7715065479278564
ENST00000256196.9	1.0258157402276993	0.6875246167182922
ENST00000256255.11	0.577630137403806	0.7708516418933868
ENST00000256319.7	1.2187719941139221	0.9231241941452026
ENST00000256367.3	0.05480421707034111	0.26474106311798096
ENST00000256379.9	0.7950771450996399	0.8771008551120758
ENST00000256398.13	0.35216138511896133	0.3133782297372818
ENST00000256429.8	-0.1393881570547819	-0.17463824525475502
ENST00000256458.5	0.1545089278370142	-0.0769999185577035
ENST00000256460.8	0.058072881773114204	0.10053867846727371
ENST00000256495.4	0.37826430797576904	0.30104103684425354
ENST00000256497.9	0.15426193177700043	0.21627237647771835
ENST00000256544.8	-0.1375667325531443	-0.33904032905896503
ENST00000256545.9	0.7107225656509399	1.061635971069336
ENST00000256637.8	0.12576520815491676	0.5983613133430481
ENST00000256689.10	0.8988101780414581	0.5537476018071175
ENST00000256854.10	0.5330707654356956	0.8870586454868317
ENST00000256897.9	0.4624581038951874	0.4422636851668358
ENST00000256996.9	0.23561453446745872	0.0021690474823117256
ENST00000256997.9	0.2789000291377306	0.4532758593559265
ENST00000257181.10	0.2989182025194168	0.4591475874185562
ENST00000257287.5	-0.35624856501817703	0.05881298193708062
ENST00000257347.9	0.05022207647562027	-0.04253638628870249
ENST00000257552.7	0.43639790266752243	0.6421775668859482
ENST00000257570.9	0.19613648392260075	0.1329436581581831
ENST00000257770.8	0.6512413769960403	0.7588236530621846
ENST00000257789.4	-0.07614624500274658	0.11829085275530815
ENST00000257829.8	0.2985338270664215	0.19884009659290314
ENST00000257836.4	0.4752763360738754	0.13383835926651955
ENST00000257904.11	-0.24110710062086582	-0.2449991551693529
ENST00000257915.10	0.22961734607815742	0.28913477063179016
ENST00000257940.7	0.269055113196373	0.48057714849710464
ENST00000258052.8	0.23541515804827212	0.031360540492460134
ENST00000258080.7	0.11766843808194002	0.15587783356507617
ENST00000258091.10	1.3352811932563782	0.8725766837596893
ENST00000258105.8	1.5273650288581848	1.0794159770011902
ENST00000258111.5	0.09872969891875982	0.15852471254765987
ENST00000258145.8	0.40687136352062225	0.4257826507091522
ENST00000258173.11	0.7569757997989655	0.7397143840789795
ENST00000258214.3	-0.4686073437333107	0.07399406470358372
ENST00000258243.7	-0.16916602663695812	-0.020143655128777027
ENST00000258301.6	0.7535669058561325	0.7952067032456398
ENST00000258341.5	-0.020209296606481075	0.6628467589616776
ENST00000258415.9	-0.092120504938066	0.0886071536806412
ENST00000258416.8	0.8337531983852386	0.9458880424499512
ENST00000258424.3	1.5156579613685608	1.7542684376239777
ENST00000258455.8	0.238860517507419	0.6723173558712006
ENST00000258457.7	0.7507702906926472	0.639816145102183
ENST00000258494.14	0.9279426336288452	0.5912434160709381
ENST00000258530.8	0.4228568747639656	0.07333445188123733
ENST00000258648.7	0.7603427991271019	0.7063924893736839
ENST00000258662.3	0.708023801445961	0.594023697078228
ENST00000258729.8	0.42667351067066195	0.5041581362485885
ENST00000258742.10	0.27227452397346497	0.5137834846973419
ENST00000258884.5	0.33729464933276176	0.3905849804480871
ENST00000258886.13	0.07123372834175826	0.10619479147717356
ENST00000258955.7	-0.3029398024082184	-0.4288163483142853
ENST00000258962.5	1.130856494108836	1.6241217454274497
ENST00000258975.7	0.4418957084417343	0.554713785648346
ENST00000259008.7	-0.12072219575444856	-0.16339491804440814
ENST00000259037.8	1.2048214375972748	1.6344652771949768
ENST00000259241.7	-0.45883043110370636	-0.4312126934528351
ENST00000259339.7	0.7283974687258402	0.7383589049180349
ENST00000259467.9	1.0485558956861496	0.46508844941854477
ENST00000259526.4	0.26474934816360474	0.6411150693893433
ENST00000259667.6	0.9583058059215546	0.9200776517391205
ENST00000259711.11	-0.5257273316383362	-0.6384050250053406
ENST00000259727.5	1.1847429275512695	0.7023401856422424
ENST00000259818.8	0.725351557135582	1.0777321606874466
ENST00000259963.4	0.39843565225601196	0.3479621186852455
ENST00000260045.8	-0.40406762063503265	-0.1991221159696579
ENST00000260102.9	0.5065267284711201	0.8332305252552032
ENST00000260118.7	0.6843136847019196	0.7727633118629456
ENST00000260129.6	0.5369432792067528	-0.08976418897509575
ENST00000260187.7	-0.4275320917367935	-0.2697941064834595
ENST00000260210.5	0.1541385562159121	0.05035222589503974
ENST00000260270.3	1.0332499841849008	1.0107921262582145
ENST00000260356.6	0.24863710775971412	0.6345164954662323
ENST00000260372.8	0.7257050722837448	0.6338184118270874
ENST00000260379.11	1.6594316959381104	1.9473806619644165
ENST00000260382.9	-0.312118798494339	-0.633204311132431
ENST00000260386.7	-0.3997228369116783	-0.6217140927910805
ENST00000260403.7	-0.29586248099803925	-0.005949645768851042
ENST00000260443.9	1.3299667239189148	1.4712461233139038
ENST00000260447.6	1.3289722800254822	1.3567561268806458
ENST00000260453.4	0.3616900332272053	0.3934362754225731
ENST00000260526.11	-0.6343280375003815	-0.769124299287796
ENST00000260570.8	0.24068574607372284	0.0399202611297369
ENST00000260600.9	0.010897426051087677	-0.1413958326447755
ENST00000260641.9	0.571918785572052	0.8922187983989716
ENST00000260643.7	-0.3410027250647545	-0.13381077100833255
ENST00000260665.12	0.2590564340353012	0.639118492603302
ENST00000260702.4	0.09310131659731269	0.18400728330016136
ENST00000260731.5	0.07457758734623592	0.023244738578796387
ENST00000260746.6	1.2893438339233398	1.0677077323198318
ENST00000260753.8	-0.13038052959988516	-0.10564797775199017
ENST00000260803.9	0.6852785646915436	0.1280549392104149
ENST00000260810.10	-0.21033292822539806	-0.30034566298127174
ENST00000260818.11	-0.20552519336342812	-0.1076643941923976
ENST00000261015.5	0.6455398112535476	0.6162069797515869
ENST00000261024.7	0.7803566058476766	0.4904714971780777
ENST00000261167.7	0.59278604388237	0.4536661207675934
ENST00000261183.8	-0.29744787886738777	-0.3604011982679367
ENST00000261191.12	0.04097423888742924	-0.15579524636268616
ENST00000261226.9	0.594558236002922	0.205198569688946
ENST00000261245.9	0.6939046084880829	0.613963782787323
ENST00000261249.7	0.5255872458219528	0.4194425269961357
ENST00000261254.8	1.1376363039016724	0.6822084188461304
ENST00000261313.3	1.331831455230713	1.536303699016571
ENST00000261326.6	-0.3887382224202156	-0.7092837691307068
ENST00000261366.10	0.6773038655519485	0.7566224113106728
ENST00000261369.9	0.6219152212142944	0.1983485445380211
ENST00000261381.7	-0.43820218493541085	-0.44868104159832
ENST00000261396.6	0.19542797654867172	0.1225859634578228
ENST00000261407.9	0.004289472475647926	0.4863003343343735
ENST00000261413.9	0.33352382481098175	0.8372373580932617
ENST00000261416.12	0.1947089359164238	0.31772617995738983
ENST00000261427.10	1.0203693211078644	1.1061663031578064
ENST00000261439.9	-0.8278198391199112	-0.8901620954275131
ENST00000261455.8	0.4792311415076256	0.26447661593556404
ENST00000261461.7	-0.46471017599105835	-0.038992566987872124
ENST00000261475.9	0.19544070959091187	-0.06865590438246727
ENST00000261479.9	0.9769667834043503	1.261372685432434
ENST00000261497.9	-0.14208946656435728	0.06474797334522009
ENST00000261499.10	0.8218978047370911	0.5500928342342377
ENST00000261507.11	0.6027737706899643	1.0142747908830643
ENST00000261531.12	0.6054082463184993	0.5680778622627258
ENST00000261556.11	-0.035503097188969455	0.047773756086826324
ENST00000261584.9	-0.6727028489112854	-0.6214062869548798
ENST00000261588.9	-0.36712775131066644	-0.40798868238925934
ENST00000261596.8	-0.004959402528281013	-0.2363789627949397
ENST00000261597.9	0.27577485144138336	0.351905882358551
ENST00000261600.11	0.3107454925775528	0.44932326674461365
ENST00000261601.8	0.740328773856163	0.7828378975391388
ENST00000261622.5	-0.03137880563735962	0.08523858711123466
ENST00000261623.8	1.196618139743805	1.0664146542549133
ENST00000261637.5	-0.17678625881671906	0.15630607679486275
ENST00000261647.10	0.4546724632382393	0.6574092656373978
ENST00000261667.8	0.6905925571918488	0.8229395151138306
ENST00000261674.8	0.19081320613622665	-0.14868691563606262
ENST00000261681.9	0.15096834301948547	0.12680744007229805
ENST00000261692.7	1.0480988125006356	0.854995995759964
ENST00000261700.8	1.2853808601697287	1.0657022595405579
ENST00000261708.9	0.2914048284292221	0.600752979516983
ENST00000261714.11	0.4501612991094589	0.7514598071575165
ENST00000261733.7	0.714576780796051	0.7460463345050812
ENST00000261735.4	1.0713142096996306	1.4875545620918273
ENST00000261769.10	0.7289338558912277	0.7774020582437515
ENST00000261776.10	-0.3461392198999723	-0.20558539281288785
ENST00000261778.2	-0.5819240510463715	-0.4092766890923182
ENST00000261783.4	0.6976162195205688	0.5352426245808601
ENST00000261797.7	-0.12135532568208873	-0.160000643809326
ENST00000261798.10	0.6578310032685597	0.7720080614089966
ENST00000261799.9	-0.11490151348213355	0.027008805656805634
ENST00000261811.6	1.318718671798706	1.2992058992385864
ENST00000261813.9	1.5314888954162598	1.4733423292636871
ENST00000261819.8	0.20346391573548317	0.10992463398724794
ENST00000261839.12	-0.30527173867449164	-0.29640661738812923
ENST00000261842.10	-0.43661580234766006	-0.29502578638494015
ENST00000261845.7	-0.09589732407281795	-0.3769603545467059
ENST00000261854.10	0.58754696448644	0.7060626745223999
ENST00000261867.5	-0.24513334408402443	-0.1889272816479206
ENST00000261868.10	0.7151789695024491	0.8562223434448242
ENST00000261875.10	0.5614247024059296	0.8473397791385651
ENST00000261881.9	0.7046992182731628	0.5569949944814045
ENST00000261884.8	0.21233209874480963	0.019423753954470158
ENST00000261888.10	0.6334265172481537	0.44877125322818756
ENST00000261900.8	0.15451186895370483	0.08191004395484924
ENST00000261918.9	-0.12514151322344938	-0.17027953142921132
ENST00000261921.8	-0.5833546022574108	-0.43733713527520496
ENST00000261965.8	-0.5513680428266525	-0.5280339494347572
ENST00000262027.10	0.24905283749103546	0.31684446334838867
ENST00000262030.8	1.414806842803955	1.109259307384491
ENST00000262031.10	0.6415599882602692	0.7423860530058544
ENST00000262039.9	0.281720906496048	0.19144177436828613
ENST00000262056.13	0.4228035509586334	0.8765484243631363
ENST00000262067.5	1.3843957781791687	1.1989231407642365
ENST00000262093.11	-0.031028744764626026	0.11960684135556221
ENST00000262094.10	0.8410271604855855	0.9703129430611928
ENST00000262096.13	-0.17722886987030506	-0.16835086978971958
ENST00000262109.8	0.15078475326299667	0.6013552248477936
ENST00000262120.10	0.11654465273022652	0.4201304614543915
ENST00000262127.7	0.13943284272681922	-0.07987692413735203
ENST00000262133.11	-0.6096252381801606	-0.49013751745224
ENST00000262134.10	0.6038741568724315	0.6151043474674225
ENST00000262144.11	-0.366307869553566	-0.4889700412750244
ENST00000262187.10	0.8799789547920227	0.3956717252731323
ENST00000262193.7	1.3384366631507874	1.2542929649353027
ENST00000262210.9	-0.08476122717062631	0.0634320838144049
ENST00000262215.8	-0.1896454244852066	-0.13744722679257393
ENST00000262225.8	1.1901829987764359	1.4153162986040115
ENST00000262238.10	0.27639701714118325	0.02110743336379528
ENST00000262241.7	0.463190034031868	0.5363086760044098
ENST00000262244.6	0.4196689575910568	0.4701079875230789
ENST00000262288.8	0.5226224362850189	0.5932158008217812
ENST00000262291.9	0.4477253928780556	0.7676706612110138
ENST00000262302.14	0.42947940031687415	0.5303137749433517
ENST00000262316.10	-0.7355984747409821	-0.6948396861553192
ENST00000262319.11	-0.17613254341995344	0.08203036850318313
ENST00000262367.10	-0.7918738424777985	-0.527776837348938
ENST00000262384.4	-0.482469841837883	-0.6008897920449574
ENST00000262395.10	-0.2806260548532009	0.0018212925642728806
ENST00000262415.8	0.2133206524886191	0.24452894739806652
ENST00000262424.10	0.4875643961131573	0.8479238077998161
ENST00000262426.6	-0.05711294338107109	0.449747234582901
ENST00000262428.5	1.5882825056711831	1.7590641975402832
ENST00000262435.14	-0.2946827560663223	-0.5317679047584534
ENST00000262460.5	1.2003610531489055	1.0652655561765036
ENST00000262461.7	0.10304177645593882	0.10353569500148296
ENST00000262498.8	0.7623762587706248	1.179451604684194
ENST00000262507.11	0.46820299327373505	0.6261487007141113
ENST00000262519.14	-0.9270100891590118	-0.7761631906032562
ENST00000262525.6	-0.3212670236825943	-0.4846966415643692
ENST00000262577.6	-0.24849258512258532	-0.3175792008638382
ENST00000262613.10	0.24903267606471974	0.49319813648859656
ENST00000262644.9	0.343192208558321	0.44041240215301514
ENST00000262646.12	1.4066269199053445	1.4931566715240479
ENST00000262719.10	-0.24752633273601532	-0.0782032459974289
ENST00000262768.11	0.7428197065989177	1.1756198406219482
ENST00000262776.8	0.22044820990413427	0.39875948056578636
ENST00000262812.9	0.6389379799365997	0.9444734752178192
ENST00000262815.13	0.10829612302283446	0.2723118538657824
ENST00000262887.10	0.16865337515870732	0.0528899512719363
ENST00000262891.9	-0.5473329027493794	-0.7040010293324788
ENST00000262903.9	0.08823713660240173	-0.3305210620164871
ENST00000262919.10	-0.2704113785177469	0.24575898945331576
ENST00000262932.5	0.6791352331638336	1.0243180990219116
ENST00000262948.10	-0.3356536030769348	-0.3000250421464443
ENST00000262962.12	0.5758344829082489	0.4573509097099304
ENST00000262971.3	0.5574737712740898	0.23428501561284065
ENST00000262982.3	0.09063532203435898	0.6545958817005157
ENST00000262990.9	0.6874340623617172	0.6976760625839233
ENST00000262995.8	0.2706125508993864	0.3332471400499344
ENST00000263026.10	0.49655941128730774	0.17144948989152908
ENST00000263035.9	-0.566582053899765	-0.2815067246556282
ENST00000263038.9	0.579105669632554	0.25534568540751934
ENST00000263063.8	0.12656484009930863	0.13536698510870337
ENST00000263087.9	0.22050143778324127	0.20804691314697266
ENST00000263092.11	-0.1464919149875641	0.07103598490357399
ENST00000263093.7	0.04250180348753929	0.16358774155378342
ENST00000263100.8	0.3472345247864723	0.6877617388963699
ENST00000263102.7	0.5658926069736481	0.4534197449684143
ENST00000263174.9	0.1011249665170908	0.2629920020699501
ENST00000263181.7	-0.2399890385568142	-0.41630803793668747
ENST00000263202.15	0.7130707502365112	0.8428120613098145
ENST00000263208.5	-0.7759227752685547	-0.8234623869260151
ENST00000263212.10	-0.1862338576465845	-0.23775924742221832
ENST00000263228.4	0.2424151748418808	0.36868222057819366
ENST00000263238.7	0.4624112620949745	0.7435589283704758
ENST00000263239.7	0.5409705601632595	0.8727255165576935
ENST00000263245.10	0.4457911550998688	0.6682024300098419
ENST00000263253.9	-0.3068428784608841	-0.1679961308836937
ENST00000263256.7	0.521573359767596	0.4394114390015602
ENST00000263257.6	0.5230505764484406	0.5477798581123352
ENST00000263265.11	-0.2535766251385212	-0.44936324656009674
ENST00000263270.11	1.3254408637682595	1.2079697450002036
ENST00000263275.5	0.8872889280319214	0.9615086019039154
ENST00000263277.8	0.7862410396337509	0.7882432490587234
ENST00000263278.9	0.8381245235602062	0.42821229000886285
ENST00000263346.13	0.10778809408657253	-0.04386957746464759
ENST00000263354.8	1.3639038801193237	1.024617850780487
ENST00000263368.9	1.011005461215973	0.9867824912071228
ENST00000263370.3	-0.10392818010101715	-0.3113817796111107
ENST00000263377.6	-0.6867936253547668	-0.2902647703886032
ENST00000263379.4	-0.47135987877845764	-0.4457612683375677
ENST00000263382.8	0.86002317070961	0.985123872756958
ENST00000263383.8	0.02737525353829066	0.14552096960445243
ENST00000263388.7	-0.6736796498298645	-0.6531680375337601
ENST00000263390.8	-0.6298904657363892	-0.8465501964092255
ENST00000263433.8	-0.7185875177383423	-0.6420989036560059
ENST00000263461.11	-0.11674228822812438	-0.25624188408255577
ENST00000263549.8	0.25724612176418304	0.16968244314193726
ENST00000263563.7	-0.7776956856250763	-0.7907118201255798
ENST00000263578.10	0.4477946559588114	0.24472137540578842
ENST00000263579.5	0.47968609631061554	0.39957718551158905
ENST00000263620.8	-0.6189600825309753	-0.30749744921922684
ENST00000263635.8	-0.5753439217805862	-0.8895021577676138
ENST00000263650.12	-0.4266837040583293	-0.3461143771807353
ENST00000263657.7	1.1460297107696533	1.1193434000015259
ENST00000263672.11	1.0768656730651855	1.3345288038253784
ENST00000263674.4	-0.6911000609397888	-0.5585693120956421
ENST00000263681.7	0.6993901431560516	0.6870858073234558
ENST00000263688.4	-0.2279050499200821	-0.08941047638654709
ENST00000263694.9	0.56809301674366	0.5394407361745834
ENST00000263697.6	0.9454952379067738	0.913566788037618
ENST00000263702.11	0.45022718235850334	0.638468511402607
ENST00000263733.5	-0.35623410840829217	-0.3604395240545273
ENST00000263734.5	-0.08589496463537216	-0.05908267758786678
ENST00000263735.9	0.9957243204116821	1.3623692393302917
ENST00000263736.5	-0.011859888210892677	0.0903712846338749
ENST00000263754.5	-0.38614535580078757	-0.24206285799543062
ENST00000263773.10	0.0666253287345171	-0.03233289439231157
ENST00000263776.9	0.16550692543387413	0.18840771168470383
ENST00000263791.10	-0.601337730884552	-0.7530142962932587
ENST00000263801.7	-0.5590850710868835	-0.34090231359004974
ENST00000263847.6	-0.17466566246002913	-0.05869175773113966
ENST00000263849.9	0.6634023189544678	0.46954549849033356
ENST00000263856.9	1.273169994354248	0.9578493684530258
ENST00000263864.10	1.5482511520385742	1.2956055800120034
ENST00000263881.8	-0.5361249670386314	-0.4548303410410881
ENST00000263897.10	0.6358631253242493	0.3593621253967285
ENST00000263904.5	0.5567588408788045	0.5673132340113323
ENST00000263915.8	-0.412759006023407	-0.2717787027359009
ENST00000263921.8	0.21842707134783268	0.10102942407441637
ENST00000263925.8	0.0019205116356412573	-0.09538541858394942
ENST00000263956.8	0.42103543132543564	0.25282204896211624
ENST00000263966.8	0.22019281121902168	0.39790938049554825
ENST00000263967.4	-0.4778874566157659	-0.5863503217697144
ENST00000263980.8	-0.12629554979503155	0.20169727131724358
ENST00000263985.11	0.31828299164772034	0.006918812287040055
ENST00000263997.11	0.6263534128665924	0.2822031080722809
ENST00000264012.9	0.5188444927334785	0.7396567463874817
ENST00000264025.8	0.10581464786082506	0.34466620720922947
ENST00000264028.5	0.8855372071266174	0.9810389876365662
ENST00000264039.7	-0.215341157047078	0.5533942878246307
ENST00000264042.8	-0.19173685337106386	-0.28241825103759766
ENST00000264059.8	1.1093829870224	0.660302460193634
ENST00000264079.11	-0.2948387395590544	-0.1638539396226406
ENST00000264080.11	0.45178382098674774	0.521587498486042
ENST00000264093.9	0.7185784677664439	0.5017590671777725
ENST00000264094.8	0.054105868795886636	0.13765911757946014
ENST00000264108.5	0.45159040888150537	0.43623596926530206
ENST00000264144.5	0.17014893889427185	0.4950243830680847
ENST00000264156.3	0.46002503732840216	0.5482561786969502
ENST00000264161.9	0.7615923583507538	0.8915636986494064
ENST00000264198.5	0.5558112114667892	0.386268675327301
ENST00000264220.6	0.6426222026348114	0.35580524802207947
ENST00000264230.5	0.20717700198292732	-0.04418823611922562
ENST00000264254.11	1.4303168058395386	0.9045684635639191
ENST00000264255.8	0.9027155786752701	1.1598102450370789
ENST00000264265.4	0.869980663061142	1.0995977818965912
ENST00000264276.11	-0.6291123628616333	-0.6308100819587708
ENST00000264279.10	0.626891165971756	1.0229251980781555
ENST00000264313.11	-0.33367837220430374	-0.2880622074007988
ENST00000264344.10	-0.2148667226235072	-0.45673649509747827
ENST00000264346.12	0.05009428411722183	-0.07879659533500671
ENST00000264350.8	-0.1166018582880497	-0.07917792722582817
ENST00000264380.9	-0.6823718249797821	-0.9887722134590149
ENST00000264381.8	0.23745640584578115	0.39087530970573425
ENST00000264389.7	0.7798628062009811	0.9805924221873283
ENST00000264414.9	-0.1356503963470459	0.19643999636173248
ENST00000264424.12	0.22363488003611565	0.2535490579903126
ENST00000264449.14	0.11529610678553581	-0.051171328872442245
ENST00000264451.12	0.09832996875047684	0.040879106149077415
ENST00000264485.11	0.21230188260475796	0.36030880858500797
ENST00000264499.9	0.25950122748812043	0.4538881729046504
ENST00000264552.14	0.9272578358650208	0.563706248998642
ENST00000264595.7	0.9978868812322617	0.7690065503120422
ENST00000264607.9	0.13485623663291335	0.21806391328573227
ENST00000264638.9	-0.15751816099509597	0.12380225770175457
ENST00000264639.9	0.17924284934997559	0.5146071463823318
ENST00000264669.10	-0.6521225571632385	-0.251263086994489
ENST00000264670.11	-0.09405466262251139	0.058618361479602754
ENST00000264689.11	0.5383718609809875	0.11233791708946228
ENST00000264705.9	-0.06954961875453591	-0.17440524448951086
ENST00000264710.5	1.5714910626411438	1.1465992331504822
ENST00000264771.9	-0.017174603446619585	0.2776092564066251
ENST00000264805.9	-0.055413467188676194	-0.30543567736943567
ENST00000264827.9	-0.6634567578633626	-0.38505029678344727
ENST00000264832.8	0.31071196869015694	0.6316442936658859
ENST00000264896.8	0.7297282715638478	0.8203615148862202
ENST00000264914.10	0.21339630335569382	0.20414171926677227
ENST00000264926.7	0.3489691404004892	0.35422986249128974
ENST00000264932.11	0.484088659286499	0.8585917353630066
ENST00000264933.9	0.7744592130184174	1.1140913367271423
ENST00000264935.6	-0.2075454294681549	-0.21870950609445572
ENST00000264954.5	1.5600863695144653	1.1963931322097778
ENST00000264963.8	0.2248779833316803	0.5102097690105438
ENST00000264993.7	0.41846623504534364	0.9627541154623032
ENST00000265056.12	0.32083097100257874	0.46536797285079956
ENST00000265062.8	1.253825232386589	0.895038977265358
ENST00000265069.13	0.17659642547369003	0.42548954486846924
ENST00000265071.3	0.5701093375682831	0.5552284717559814
ENST00000265081.7	-0.48061977326869965	-0.5507685542106628
ENST00000265097.9	0.3228175714612007	0.5166048780083656
ENST00000265107.9	0.43154748529195786	0.42424890398979187
ENST00000265136.12	-0.7093114852905273	-0.8096466660499573
ENST00000265148.9	0.012820950476452708	-0.06695170886814594
ENST00000265164.7	0.5409014970064163	0.6241080909967422
ENST00000265174.5	0.8827070891857147	0.6021761447191238
ENST00000265245.10	0.25314902141690254	0.09762312471866608
ENST00000265260.8	1.300147533416748	0.9772044817606608
ENST00000265271.7	-0.004926061257719994	0.038066135098536805
ENST00000265293.8	-0.7242139428853989	-0.8681986629962921
ENST00000265295.9	-0.3692854642868042	-0.04906255938112736
ENST00000265316.9	0.0729140006005764	-0.04605194553732872
ENST00000265343.10	-0.6789044260978698	-0.5191794008016586
ENST00000265348.9	-0.2336609934767087	-0.4293749531110128
ENST00000265354.6	-0.36542513268068433	-0.36061273515224457
ENST00000265388.9	-0.11982984561473131	0.04350050515495241
ENST00000265395.7	0.7645586729049683	0.7422131796677908
ENST00000265421.9	0.8347962299982707	0.5764994323253632
ENST00000265433.8	-0.254750095307827	0.07014869153499603
ENST00000265462.9	1.0999917536973953	1.4690624922513962
ENST00000265465.8	0.08999245303372541	0.07800983575483164
ENST00000265562.5	-0.1676742434501648	-0.20904490537941456
ENST00000265565.10	-0.6685698255896568	-0.8070952296257019
ENST00000265594.9	0.511013388633728	0.18866483867168427
ENST00000265616.10	0.6161040564378103	0.45669589936733246
ENST00000265631.10	0.5853877156972884	0.3665866374969482
ENST00000265634.4	0.31639162451028824	0.5283628553152084
ENST00000265643.4	1.03751140832901	0.9629009664058685
ENST00000265686.8	0.07529269903898239	0.020744631066918373
ENST00000265689.9	0.07940338179469109	0.20816904306411743
ENST00000265727.11	-0.1728077121078968	0.17501335963606834
ENST00000265728.6	-0.045775254955515265	-0.2785671651363373
ENST00000265742.8	-0.5724510947863262	-0.5567486037810643
ENST00000265748.7	-0.0785275436937809	0.04110443592071533
ENST00000265838.9	1.2208945900201797	0.8136658892035484
ENST00000265846.10	-0.3458176925778389	-0.48369502276182175
ENST00000265849.12	0.15347486920654774	0.09124236181378365
ENST00000265857.8	-0.08804198975364366	0.22311547584831715
ENST00000265896.10	0.18760276585817337	0.447464294731617
ENST00000265965.10	-0.03217954759020358	-0.22784569300711155
ENST00000265981.7	0.1924767941236496	0.09026654809713364
ENST00000265986.11	0.30833257734775543	0.6198621094226837
ENST00000266025.4	-0.01728347931057215	0.4262946456670761
ENST00000266069.5	0.39210283383727074	0.699300229549408
ENST00000266079.5	0.4765902906656265	0.3829178065061569
ENST00000266085.6	0.9951639324426651	1.0950548648834229
ENST00000266087.12	-0.26465224474668503	0.2901378460228443
ENST00000266304.9	0.4225219301879406	0.7560540795326233
ENST00000266383.10	-0.8189346641302109	-0.8217389136552811
ENST00000266529.8	0.5032318383455276	0.3917026768128077
ENST00000266534.8	0.14491726458072662	0.22111337631940842
ENST00000266542.9	-0.034637950360774994	0.33866795897483826
ENST00000266546.11	0.0813035766283671	0.1988086923956871
ENST00000266556.8	0.12234779261052608	0.28974464908242226
ENST00000266659.8	0.5918319622675579	0.5145640969276428
ENST00000266673.10	0.2960655093193054	0.11657477542757988
ENST00000266679.8	0.32093843817710876	0.6024357378482819
ENST00000266712.11	0.06037912704050541	0.15953965050478774
ENST00000266718.5	0.8452769021193186	1.0231981873512268
ENST00000266732.8	0.2891145932177703	0.21249638746182126
ENST00000266735.9	1.6059080958366394	1.7368136644363403
ENST00000266943.11	0.246775820851326	0.15150851011276245
ENST00000266970.9	0.504825547337532	0.6747238039970398
ENST00000267101.8	-0.636494904756546	-0.3800636660307646
ENST00000267103.10	0.31013502180576324	0.29757338762283325
ENST00000267116.8	-0.482125848531723	-0.6941308081150055
ENST00000267199.9	0.46853257715702057	0.39293546974658966
ENST00000267202.7	0.6390187740325928	0.5063657164573669
ENST00000267328.5	0.6142186224460602	0.3944912254810333
ENST00000267339.6	0.5680878758430481	0.28438572585582733
ENST00000267425.8	0.09965452551841736	0.2295169159770012
ENST00000267622.8	-0.17865390703082085	0.03085622182697989
ENST00000267750.9	0.8439437448978424	0.8129914700984955
ENST00000267812.4	0.9730793982744217	0.7633106559514999
ENST00000267814.14	0.6964022666215897	0.7341752350330353
ENST00000267838.7	0.1004667766392231	0.3424238860607147
ENST00000267842.10	0.5848939806222915	0.41089150011539455
ENST00000267884.11	1.7010997533798218	1.4439908266067505
ENST00000268057.9	0.3698423057794571	0.1779198944568634
ENST00000268058.8	-0.004678116800884405	0.08180917225157222
ENST00000268097.10	0.40848874052365625	0.6671509345372517
ENST00000268099.13	0.4238879829645157	0.9056978225708008
ENST00000268182.10	0.3852550685405731	0.27863476922114694
ENST00000268261.9	0.7947940155863762	0.7953237518668175
ENST00000268379.9	1.0657627433538437	1.4228206276893616
ENST00000268383.7	-0.04474004544317722	-0.3188779652118683
ENST00000268482.8	-0.10431792924646288	-0.09524280996993184
ENST00000268533.9	0.9045402109622955	0.6257067322731018
ENST00000268603.9	0.1428080362578233	0.12958230388661224
ENST00000268638.10	0.6003901958465576	0.4369463175535202
ENST00000268695.10	-0.0745803602039814	0.16874969750642776
ENST00000268699.9	0.5933761745691299	0.19593184906989336
ENST00000268711.4	0.5161012895405293	0.8098952174186707
ENST00000268717.10	0.46906666457653046	0.6136988699436188
ENST00000268719.9	0.43962652484575904	0.5103279103835424
ENST00000268766.11	0.18421854948004085	-0.08813085115980357
ENST00000268797.12	-0.5083930194377899	-0.6343594938516617
ENST00000268835.7	0.7049528807401657	0.49839887022972107
ENST00000268989.8	-0.30355265736579895	-0.9166600704193115
ENST00000269141.8	0.6024842858314514	0.6971902102231979
ENST00000269142.10	-0.24058417230844498	-0.4378936290740967
ENST00000269143.8	0.5693690180778503	0.6998726725578308
ENST00000269159.8	0.38752680023511255	0.12348867456118265
ENST00000269195.5	-0.1314992643892765	0.31872236728668213
ENST00000269228.10	-0.060219503939151764	0.34059038758277893
ENST00000269260.7	0.6666250973939896	0.5383348241448402
ENST00000269373.11	0.29030898958444595	0.4656621515750885
ENST00000269397.9	0.2426937222480774	-0.1300937384366989
ENST00000269445.10	-0.45082587500413257	-0.20304107541839284
ENST00000269466.8	-0.047733662417158484	0.05208504555048421
ENST00000269593.5	0.11127336695790291	0.7925845384597778
ENST00000269601.10	0.4779411181807518	0.6954960525035858
ENST00000269701.7	0.3857899412512779	0.33877805694937707
ENST00000269856.5	-0.53472700715065	-0.3378327786922455
ENST00000269919.11	0.7740115746855736	0.6855329275131226
ENST00000269967.4	0.690084824959437	0.2974425330758095
ENST00000270139.8	-0.007811742601916194	0.4022522885352373
ENST00000270142.11	1.6473714411258698	1.7792839407920837
ENST00000270223.7	-0.5479210689663887	-0.5710874050855637
ENST00000270233.12	-0.27727237343788147	0.25225476175546646
ENST00000270517.12	-0.12710382230579853	0.06357846409082413
ENST00000270586.8	0.9443707168102264	1.0969825983047485
ENST00000270625.7	1.6609808206558228	1.759342610836029
ENST00000270645.8	0.46355263888835907	0.9276484251022339
ENST00000270776.13	0.8158550262451172	1.0250761955976486
ENST00000270824.1	0.4785265773534775	0.37551742047071457
ENST00000271064.12	0.11620666707555452	0.34400508304437
ENST00000271277.11	-0.08740218318998813	-0.06484860985074192
ENST00000271308.9	1.4121745228767395	1.5081217288970947
ENST00000271526.9	0.38964414596557617	0.29511356353759766
ENST00000271620.8	0.6481587439775467	0.33442195877432823
ENST00000271628.9	0.6828831136226654	0.7806550860404968
ENST00000271636.12	-0.0005742321955040097	0.00024073664098978043
ENST00000271638.3	1.627035140991211	1.3825590908527374
ENST00000271690.12	1.3755268454551697	1.2875639200210571
ENST00000271732.8	0.6686871548493702	1.0023930569489798
ENST00000271764.7	-0.5450506210327148	-0.33055858314037323
ENST00000271843.9	0.7341758459806442	1.0365053862333298
ENST00000272091.8	0.8007897237936656	0.5984724660714467
ENST00000272139.5	0.4994651563465595	0.21194323524832726
ENST00000272217.7	0.9654680043458939	1.0967659652233124
ENST00000272233.6	0.997981384396553	0.9440012648701668
ENST00000272342.6	-0.2727654588719209	-0.510519375403722
ENST00000272427.11	0.09215540811419487	0.280356265604496
ENST00000272430.10	-0.01432531513273716	-0.14426515996456146
ENST00000272444.7	0.3549406578143438	0.31418415904045105
ENST00000272542.8	0.6935755908489227	0.44268423318862915
ENST00000272638.14	0.4758085459470749	0.6199969723820686
ENST00000272645.9	0.5454314425587654	0.7463900297880173
ENST00000272732.11	0.4549296051263809	0.5349608361721039
ENST00000272748.9	-0.07876399019733071	0.12430441007018089
ENST00000272928.4	0.8518198281526566	0.44656483083963394
ENST00000273047.9	0.7680583695570629	1.2530898849169414
ENST00000273062.6	0.1372220953926444	0.42729627092679345
ENST00000273130.9	0.4475620239973068	0.5753421187400818
ENST00000273258.4	1.5233146905899049	1.1487390756607057
ENST00000273308.9	0.7452444285154343	1.1976180374622345
ENST00000273359.8	0.7795277461409569	0.5301579684019089
ENST00000273596.8	-0.2060856819152832	-0.2787792682647705
ENST00000273668.7	0.551892101764679	0.557584673166275
ENST00000273814.8	-0.5912982324759166	-0.8372576932112377
ENST00000273853.11	0.10160359740257263	-0.03572214922557274
ENST00000273859.8	-0.5950112342834473	-0.6512736529111862
ENST00000273861.5	0.4853864051401615	0.3209634833037853
ENST00000273986.10	1.08280348777771	1.6179163753986359
ENST00000274000.10	0.18623764906078577	0.24979357793927193
ENST00000274008.5	0.49121131002902985	0.24080372601747513
ENST00000274031.7	0.8671882152557373	0.41734223812818527
ENST00000274054.3	0.16319695489073638	0.3573891147971153
ENST00000274192.7	-0.005513819167390466	0.20624898187816143
ENST00000274217.4	0.07903489097952843	-0.024576923344284296
ENST00000274276.8	0.12103744549676776	0.13489713488767544
ENST00000274364.11	0.2788306176662445	0.21203817427158356
ENST00000274569.9	0.40049609541893005	0.3273223042488098
ENST00000274606.8	0.17716266959905624	0.9258380234241486
ENST00000274787.3	0.8983084559440613	0.9893190860748291
ENST00000274813.4	0.19384125620126724	0.6649085581302643
ENST00000274849.3	0.9686959236860275	0.938041478395462
ENST00000275072.5	0.43948064744472504	0.6166196018457413
ENST00000275227.9	-0.06550077046267688	-0.05528174705492954
ENST00000275230.6	0.08161946223117411	0.0017283782362937927
ENST00000275364.8	-0.015035234857350588	-0.30653969943523407
ENST00000275428.9	0.821749210357666	0.6824531704187393
ENST00000275493.7	0.026944768615067005	0.07161901891231537
ENST00000275517.8	0.5633774499098461	0.8122609853744507
ENST00000275603.9	0.8636119663715363	1.1137609779834747
ENST00000275820.4	0.3336413154999415	0.3572340706984202
ENST00000276055.4	-0.104667529463768	-0.15320196747779846
ENST00000276202.8	-0.012198861106298864	-0.3105921372771263
ENST00000276282.7	-0.8192836046218872	-0.811677098274231
ENST00000276297.9	-0.6306713422139485	-0.7271886964639027
ENST00000276390.7	0.9423625866572063	1.0705595016479492
ENST00000276416.11	0.6912473142147064	0.7015838995575905
ENST00000276500.4	0.4731679211060206	0.44043315947055817
ENST00000276569.8	0.08401195146143436	-0.044374650344252586
ENST00000276689.8	0.8503683060407639	1.1632387936115265
ENST00000276692.11	0.5105497539043427	0.6978599578142166
ENST00000276826.5	-0.6028232872486115	-0.1994805410504341
ENST00000276893.10	0.2862886544317007	0.09047519601881504
ENST00000276914.7	0.6636342704296112	0.7738063782453537
ENST00000276925.7	0.9291146993637085	0.8447215259075165
ENST00000277010.9	0.07749061286449432	0.38087286055088043
ENST00000277165.11	-0.7176147003968557	-0.7522687812646229
ENST00000277458.5	0.2519935481250286	0.34937312453985214
ENST00000277540.7	-0.0002859582503636684	0.03974822241192062
ENST00000277570.10	-0.2064240239560604	-0.13796868547797203
ENST00000277865.5	0.8633471578359604	0.8388461321592331
ENST00000278412.7	0.5636500269174576	0.5254610180854797
ENST00000278422.9	0.9782658964395523	0.9874136447906494
ENST00000278460.12	0.4639173448085785	0.2917724885046482
ENST00000278483.8	0.6212846487760544	0.47828319668769836
ENST00000278505.5	0.633791411916415	0.7092940012613933
ENST00000278612.9	-0.16027937387116253	-0.19363785698078573
ENST00000278618.9	0.8077701106667519	0.626776210963726
ENST00000278671.10	0.46216232081254327	0.09892992861568928
ENST00000278823.7	0.05839775735512376	0.09983902052044868
ENST00000278840.9	0.7374513447284698	0.4683762490749359
ENST00000278935.8	-0.5746544450521469	-0.3819064348936081
ENST00000279022.7	1.5210593938827515	1.4486784934997559
ENST00000279068.11	0.003674438844124476	0.2998217990001043
ENST00000279146.8	0.7153928577899933	0.4797132909297943
ENST00000279263.13	-0.3232811577618122	0.1380717121064663
ENST00000279281.8	-0.3539985213428736	-0.13724825298413634
ENST00000279394.7	-0.4985462576150894	-0.5966430306434631
ENST00000279488.8	0.5961041003465652	0.4315654138724009
ENST00000279907.12	-0.5513460487127304	-0.8811461627483368
ENST00000280258.6	0.05236717313528061	0.3135589770972729
ENST00000280326.9	0.9962790012359619	1.0063720047473907
ENST00000280333.9	-0.34560060501098633	-0.6260420382022858
ENST00000280346.11	0.435276061296463	0.6717004925012589
ENST00000280551.11	-0.14703632146120071	0.3690953403711319
ENST00000280557.11	0.5135360062122345	1.0732445120811462
ENST00000280571.9	0.4696223884820938	0.453926257789135
ENST00000280612.9	0.5205729802449544	0.6932499210039774
ENST00000280614.4	-0.08625767007470131	-0.032438550144433975
ENST00000280665.11	0.039511876879259944	0.16578249633312225
ENST00000280700.10	-0.16008685482665896	0.021066993474960327
ENST00000280701.8	0.5498320907354355	0.009215631522238255
ENST00000280871.9	0.042756982147693634	0.4843076765537262
ENST00000280886.12	-0.19939034059643745	-0.1442823801189661
ENST00000281031.5	1.668849527835846	1.497936725616455
ENST00000281038.10	0.26173240691423416	0.22418011166155338
ENST00000281081.12	0.7332708463072777	0.6937414258718491
ENST00000281141.9	0.4715375751256943	0.28965358436107635
ENST00000281142.10	-0.11100221790062884	-0.08538664551451802
ENST00000281182.9	0.5432279706001282	0.36767764389514923
ENST00000281243.10	0.8911778330802917	1.1974915266036987
ENST00000281273.8	0.1386691532097757	0.35105400159955025
ENST00000281405.9	0.5305587127804756	0.3393440991640091
ENST00000281456.11	1.3625863194465637	0.9732221364974976
ENST00000281513.10	-0.022897527553141117	-0.18992415070533752
ENST00000281543.6	0.22137918509542942	0.27783017978072166
ENST00000281623.8	0.12407282018102705	0.07367634447291493
ENST00000281701.11	0.2252076454460621	0.22156855091452599
ENST00000281741.9	-0.2578960105776787	-0.14183493368327618
ENST00000281938.7	0.8424304872751236	1.0648049265146255
ENST00000281950.8	0.7862604260444641	0.5477944649755955
ENST00000282032.4	0.5799801647663116	0.43673379719257355
ENST00000282058.11	0.6701322644948959	0.73224738240242
ENST00000282096.9	-0.45266079902648926	-0.40552738308906555
ENST00000282226.5	0.7161944806575775	0.4728303328156471
ENST00000282251.9	0.16571490024216473	0.034767678193748
ENST00000282276.8	0.44238920509815216	0.31863684952259064
ENST00000282344.11	-0.07739333560069403	0.008086655909816423
ENST00000282397.9	-0.09288931859191507	0.004818432091269642
ENST00000282412.9	0.7864338556925456	0.6776693761348724
ENST00000282441.10	-0.27150494046509266	0.19032164121745154
ENST00000282541.10	1.0464740991592407	0.9296936094760895
ENST00000282561.4	0.6470331847667694	0.6405679881572723
ENST00000282570.4	-0.3535527437925339	-0.3450467437505722
ENST00000282574.8	0.6911853700876236	0.8002492040395737
ENST00000282633.10	0.2062121716638406	-0.057450468031068645
ENST00000282728.10	-0.0014738738536834717	0.17188330553472042
ENST00000282892.4	1.4593212604522705	1.065236359834671
ENST00000283033.9	-0.1234375461935997	-0.5165339410305023
ENST00000283109.8	0.5218518575032552	0.3905800928672155
ENST00000283131.4	0.31718511382738745	0.5894088844458263
ENST00000283206.9	0.6064847856760025	0.48606204241514206
ENST00000283290.10	0.351673800808688	0.3915749043226242
ENST00000283351.9	-0.36370733877023065	-0.1825408215324084
ENST00000283629.8	-0.15992332994937897	-0.049227919429540634
ENST00000283632.5	-0.043376365676522255	0.06102310912683606
ENST00000283646.5	0.7836604714393616	0.3918152339756489
ENST00000283875.6	0.917906641960144	0.5807011723518372
ENST00000283882.4	0.15554078730444112	0.06523065455257893
ENST00000284061.8	0.420528382062912	0.09365663677453995
ENST00000284073.7	0.5650747716426849	1.0914303660392761
ENST00000284116.9	0.6951827555894852	0.4159322530031204
ENST00000284136.10	0.3304607371489207	0.5717576642831166
ENST00000284268.8	0.523669958114624	0.25406926994522416
ENST00000284273.6	-0.10829263180494308	-0.0031164258834905922
ENST00000284274.5	0.1996125016361475	0.19785789996385572
ENST00000284320.6	0.5944449305534363	0.7169003933668137
ENST00000284376.7	-0.23197877407073975	-0.18890145793557167
ENST00000284476.7	-0.08716418296292736	-0.154882219620049
ENST00000284551.11	0.3833326995372772	0.26623934507369995
ENST00000284637.14	-0.44498298689723015	-0.3809700310230255
ENST00000284690.4	-0.3879626542329788	-0.466234028339386
ENST00000284719.8	0.7943333387374878	1.0954082012176514
ENST00000284771.7	0.17302723415195942	0.6708898742993672
ENST00000284881.9	0.6773323118686676	0.44748349487781525
ENST00000284984.8	0.05659117549657822	0.3502465635538101
ENST00000285021.12	0.2069238021504134	0.05088076088577509
ENST00000285071.9	0.13140826672315598	-0.017313241958618164
ENST00000285093.15	1.0336049795150757	0.8272368609905243
ENST00000285106.10	-0.48623351752758026	-0.48791516572237015
ENST00000285243.7	-0.5903648436069489	-0.4913189858198166
ENST00000285379.10	1.1445406476656597	1.1816943287849426
ENST00000285419.8	0.7189451058705648	0.5937967300415039
ENST00000285518.11	0.8515932708978653	0.765350267291069
ENST00000285599.8	-0.2559200990945101	-0.2985682226717472
ENST00000285667.4	0.6348026841878891	0.693507969379425
ENST00000285737.9	0.4528818428516388	0.29514061411221826
ENST00000285814.9	0.4882180392742157	0.5366353541612625
ENST00000285873.8	-0.16408616304397583	-0.2212352529168129
ENST00000285930.9	0.6807532211144764	0.7653040488560994
ENST00000285968.11	-0.1897623986005783	-0.060810500755906105
ENST00000286070.10	0.4325640518218279	0.42508408054709435
ENST00000286096.9	0.1067972183227539	0.11063282191753387
ENST00000286234.6	0.2477133423089981	-0.1430482566356659
ENST00000286298.5	0.12367995952566466	-0.039565080155928925
ENST00000286371.8	1.336206078529358	1.3019810318946838
ENST00000286428.7	1.5616689324378967	1.1209217309951782
ENST00000286448.12	1.0702852755784988	1.0886085033416748
ENST00000286548.9	0.12284163851290941	0.31747332867234945
ENST00000286648.10	0.7544060945510864	0.7754344940185547
ENST00000286713.7	0.9181514382362366	1.0357702374458313
ENST00000286788.9	1.1894553303718567	0.8637309968471527
ENST00000286827.7	-0.7367131114006042	-0.9296793043613434
ENST00000286835.12	-0.5278216078877449	-0.2808666042983532
ENST00000287008.7	-0.4346140126387278	-0.15684515377506614
ENST00000287156.9	1.4549908638000488	1.0571626424789429
ENST00000287380.6	-0.15349772199988365	-0.265959057956934
ENST00000287387.7	0.500365287065506	0.5482506453990936
ENST00000287394.10	-0.12241218611598015	0.007898920215666294
ENST00000287598.11	-0.07361912727355957	-0.030119753442704678
ENST00000287675.10	0.7142854432264965	0.6760778625806173
ENST00000287713.7	0.97394859790802	0.4829466938972473
ENST00000287859.11	0.2138080041622743	0.23789856350049376
ENST00000287878.9	0.24331041797995567	0.1974431611597538
ENST00000287934.4	0.06787095591425896	0.23390499129891396
ENST00000287957.5	0.3557474836707115	0.3778105527162552
ENST00000287996.8	-0.07231514528393745	-0.1655188500881195
ENST00000288071.11	0.5917588412761688	0.821006441116333
ENST00000288078.11	-0.28659137338399887	-0.3789886310696602
ENST00000288087.12	0.4606650620698929	0.2038131058216095
ENST00000288207.7	0.9420700967311859	0.7073289155960083
ENST00000288266.8	0.0032359930628445	-0.3066713511943817
ENST00000288723.8	0.03338103531859815	0.07422028854489326
ENST00000288937.7	1.026763454079628	1.0376031473279
ENST00000289119.7	0.569210909307003	0.3602306991815567
ENST00000289228.7	0.18004406243562698	0.45500925183296204
ENST00000289359.6	0.5326085597276687	0.30614907592535023
ENST00000289361.11	-0.04617875613621436	0.23034709794446828
ENST00000289382.8	-0.08296021074056625	0.10328163369558752
ENST00000289805.10	-0.15607541613280773	0.002025110647082329
ENST00000289968.11	-0.7246251106262207	-0.4913139194250107
ENST00000290039.6	-0.10736129681269327	0.0015872477864225703
ENST00000290079.9	0.7963044568896294	0.9414245635271072
ENST00000290130.4	0.4518960490822792	0.2769388258457184
ENST00000290155.8	0.8929336468378702	1.1031469305356345
ENST00000290158.9	0.3542988449335098	0.8195782452821732
ENST00000290209.9	0.2633854150772095	0.3926086574792862
ENST00000290231.11	0.17204196751117706	0.5899047404527664
ENST00000290271.7	0.7908567041158676	1.1977551877498627
ENST00000290291.10	-0.32368064920107525	-0.22115422661105794
ENST00000290299.7	1.0377431511878967	1.4150227904319763
ENST00000290341.8	0.633899349719286	0.6455471366643906
ENST00000290354.6	0.921872615814209	0.8457684616247814
ENST00000290378.6	1.1281252056360245	1.1832944303750992
ENST00000290429.11	0.1779104545712471	0.21970045566558838
ENST00000290510.10	-0.19089487443367642	-0.073740650259424
ENST00000290649.10	-0.04562140442430973	-0.11721618473529816
ENST00000290913.8	0.34134480357170105	0.41551949083805084
ENST00000290949.8	1.0797829031944275	1.1084967851638794
ENST00000291386.4	1.1438054740428925	0.6144031584262848
ENST00000291442.3	-0.5371814146637917	-0.5911959856748581
ENST00000291547.10	0.01743391528725624	-0.15407370775938034
ENST00000291565.9	0.2597256153821945	0.5992544293403625
ENST00000291568.7	1.6433227360248566	2.0204558968544006
ENST00000291900.7	0.03405678644776344	-0.06787086743861437
ENST00000291906.5	-0.6879164502024651	-0.7315917760133743
ENST00000292035.10	0.5579821765422821	0.4618445932865143
ENST00000292090.8	1.0076163411140442	0.42065176367759705
ENST00000292140.9	-0.5923574566841125	-0.8068854063749313
ENST00000292147.7	0.6689192652702332	0.6154510180155437
ENST00000292211.5	-0.2872827388346195	0.026996944099664688
ENST00000292246.8	0.40245976746082307	0.1830640383064747
ENST00000292431.5	-0.3533863201737404	-0.4870346784591675
ENST00000292566.4	0.41033972799777985	-0.14570120722055435
ENST00000292577.11	-0.40856243669986725	-0.5153666883707047
ENST00000292586.11	0.19370704889297485	-0.13846071437001228
ENST00000292591.12	-0.734950840473175	-0.48512300848960876
ENST00000292599.4	-0.7864197095235188	-0.7158486843109131
ENST00000292614.9	1.4653551876544952	1.2394138872623444
ENST00000292616.10	0.06825184263288975	-0.1592007800936699
ENST00000292782.9	0.9432194828987122	1.2113386690616608
ENST00000293261.8	0.1900702752172947	0.16141937393695116
ENST00000293328.8	0.03547498397529125	0.2134522646665573
ENST00000293379.9	-0.1387711651623249	0.22539006173610687
ENST00000293443.12	-0.6926171183586121	-0.7076818446318309
ENST00000293695.8	0.6945611536502838	0.6228974312543869
ENST00000293777.6	1.0498550732930503	1.0443687836329143
ENST00000293860.6	1.2891051918268204	1.2298084050416946
ENST00000293971.10	-0.0305908799249058	0.07486371664951244
ENST00000294016.8	-0.49320510774850845	-0.6871367692947388
ENST00000294179.8	0.4762048274278641	0.5486311987042427
ENST00000294244.9	-0.439106618364652	-0.41229890286922455
ENST00000294258.8	0.5968119651079178	0.1737450249493122
ENST00000294353.7	-0.3227958480517069	0.025295719193915527
ENST00000294360.5	1.6637949347496033	1.1590936183929443
ENST00000294543.10	0.14988493919372559	-0.1395891010761261
ENST00000294794.7	0.35313016176223755	0.32700006663799286
ENST00000294952.13	-0.09735879037179984	0.085302330320701
ENST00000295006.6	0.2759818956255913	0.3575505390763283
ENST00000295030.6	0.6772246062755585	0.2790234833955765
ENST00000295050.12	0.39658451080322266	-0.0402575321495533
ENST00000295083.8	0.6719550713896751	0.5772214569151402
ENST00000295087.13	0.5131299644708633	0.5520803034305573
ENST00000295124.9	-0.38103945553302765	-0.15341437608003616
ENST00000295148.9	-0.4490129351615906	-0.5767377614974976
ENST00000295321.9	0.6498470455408096	0.44282133877277374
ENST00000295414.7	0.3509538471698761	-0.12672558147460222
ENST00000295448.8	1.048454686999321	1.115428864955902
ENST00000295491.9	1.241631805896759	0.9786995649337769
ENST00000295588.9	0.5582729652523994	0.405941367149353
ENST00000295628.4	-0.10548292472958565	0.1495885007704298
ENST00000295633.8	0.8652550578117371	1.027480125427246
ENST00000295682.5	1.0314142107963562	1.0682876110076904
ENST00000295688.8	0.8588316241900127	0.7411799629529316
ENST00000295704.7	0.13323280215263367	-0.06211959756910801
ENST00000295746.13	0.004098597913980484	-0.028321169316768646
ENST00000295754.10	-0.30501987040042877	-0.6127437353134155
ENST00000295766.9	0.7804829180240631	1.0865196585655212
ENST00000295770.4	-0.004343441687524319	0.23416459932923317
ENST00000295802.9	0.4444524943828583	0.38114771991968155
ENST00000295809.11	-0.07694765157066286	0.38413332775235176
ENST00000295822.7	1.4437653223673501	1.5790188113848367
ENST00000295887.6	-0.459918312728405	-0.27721985429525375
ENST00000295890.8	0.10477860225364566	0.3180889361537993
ENST00000295901.8	0.54557865858078	1.0207449197769165
ENST00000295902.11	0.06449360369394223	0.08938918759425481
ENST00000295958.10	1.375771701335907	1.339009702205658
ENST00000295992.8	0.49281810224056244	0.6106137186288834
ENST00000296003.9	-0.5858300924301147	-1.0239933133125305
ENST00000296015.9	-0.14800705760717392	-0.1254499852657318
ENST00000296102.8	1.6288725137710571	1.698626697063446
ENST00000296129.6	0.3083327114582062	0.13413037359714508
ENST00000296135.11	0.9005298713843027	0.7395081619421642
ENST00000296137.7	-0.5131736099720001	-0.27805306017398834
ENST00000296149.9	0.42153359949588776	0.39014844596385956
ENST00000296161.9	0.3374064154922962	0.37892650067806244
ENST00000296181.9	-0.709272176027298	-0.42205898091197014
ENST00000296215.8	0.5156622529029846	0.41412802040576935
ENST00000296220.6	-0.20841479487717152	-0.18271467764861882
ENST00000296252.9	0.2899237548311551	0.5290937473376591
ENST00000296257.10	0.11864260087410608	0.05740468328197797
ENST00000296350.10	0.021971228532493114	0.3771314322948456
ENST00000296370.4	1.5830097198486328	1.785352647304535
ENST00000296388.10	0.1536535918712616	0.30965594947338104
ENST00000296411.11	0.758069708943367	0.7077703326940536
ENST00000296412.13	0.9748321324586868	1.1035257577896118
ENST00000296424.9	1.1878408342599869	1.019534096121788
ENST00000296456.10	-0.24686487733076018	-0.015411970244410137
ENST00000296468.8	0.24573063850402832	0.12508174404501915
ENST00000296490.8	0.7005791266759236	0.5986981789271038
ENST00000296504.4	0.8088294863700867	0.6430356502532959
ENST00000296509.11	1.161347210407257	1.200257201989492
ENST00000296511.10	1.239505648612976	1.2157242149114609
ENST00000296564.9	-0.675888255238533	-0.6995325237512589
ENST00000296577.9	0.5891539305448532	0.811657726764679
ENST00000296582.8	0.25543832778930664	0.24567356216721237
ENST00000296585.10	0.3986922850211462	0.5045447548230488
ENST00000296597.10	0.7100103000799816	0.8278261522452037
ENST00000296603.5	-0.09298873754839103	0.03216508496552706
ENST00000296658.4	0.9722052216529846	0.849502553542455
ENST00000296674.13	1.5269881039857864	1.7002587169408798
ENST00000296679.9	0.3011370003223419	0.2715578079223633
ENST00000296684.10	1.1423991471529007	1.298449844121933
ENST00000296721.9	-0.38003851721684134	-0.39095223446687066
ENST00000296785.8	0.21911492198705673	-0.15105419419705868
ENST00000296786.8	0.7054369449615479	0.562313586473465
ENST00000296792.9	0.16666282527148724	0.3713613823056221
ENST00000296795.8	-0.3236827179789543	-0.026892504189163446
ENST00000296824.4	0.8874918520450592	0.46832106014092767
ENST00000296861.2	-0.4631909430027008	-0.46173128485679626
ENST00000296933.10	0.4638493607441584	0.3387819876273473
ENST00000296953.6	0.08698334265500307	-0.039968352764844894
ENST00000297056.11	0.14006321132183075	-0.044498955830931664
ENST00000297071.9	0.7502692639827728	1.1644606590270996
ENST00000297107.11	-0.6046063303947449	-0.14077650010585785
ENST00000297109.11	0.13540101191028953	0.1066117575392127
ENST00000297135.7	0.16604357957839966	0.19531433284282684
ENST00000297151.9	0.6077812910079956	0.3641502410173416
ENST00000297156.4	0.6948531568050385	0.6993341743946075
ENST00000297157.8	-0.08952324464917183	-0.22896601259708405
ENST00000297185.9	1.1918063759803772	1.0849719643592834
ENST00000297205.7	0.3707820922136307	0.20540612190961838
ENST00000297258.11	1.4065372943878174	1.5137163996696472
ENST00000297273.9	-0.474394828081131	-0.4132218509912491
ENST00000297293.6	-0.509312592446804	-0.5408765487372875
ENST00000297338.7	0.4634045884013176	0.9374080896377563
ENST00000297350.9	0.2776394933462143	0.5509211122989655
ENST00000297431.9	0.16509785782545805	0.20382726565003395
ENST00000297440.11	-0.04191781828800838	0.10225639073178172
ENST00000297477.10	-0.47925707697868347	-0.37143635749816895
ENST00000297508.8	-0.49726836383342743	-0.3796317055821419
ENST00000297534.7	1.3339690864086151	0.946408785879612
ENST00000297591.10	-0.1098967818543315	-0.07059536268934608
ENST00000297625.8	-0.5259647170702617	-0.17058060318231583
ENST00000297632.7	0.5477255135774612	0.4155743420124054
ENST00000297679.10	0.49174153059720993	0.30967837665230036
ENST00000297785.8	0.8831071803967159	0.6673374722401302
ENST00000297788.9	-0.469974492986997	-0.18268229175979891
ENST00000297814.7	-0.4609116315841675	-0.5290917456150055
ENST00000297990.9	-0.5186508074402809	-0.14890681905671954
ENST00000298125.7	0.3656332343816757	0.37115080654621124
ENST00000298139.7	-0.2537299593289693	-0.458838497598966
ENST00000298198.5	0.5026166290044785	0.5021655013163885
ENST00000298229.7	-0.7359883785247803	-0.8263069093227386
ENST00000298248.12	0.82618048787117	0.47555992007255554
ENST00000298281.8	-0.38469203313191735	0.06496777820090452
ENST00000298288.11	0.037416674817601844	0.05570608160148065
ENST00000298289.7	1.5218484997749329	1.5891354084014893
ENST00000298299.4	0.33728714287281036	-0.3367728292942047
ENST00000298310.10	0.20609939843416214	0.2774486094713211
ENST00000298316.7	0.6436592787504196	0.9969635903835297
ENST00000298351.5	-0.18597453832626343	-0.2771045118570328
ENST00000298510.4	1.2034896612167358	1.370022753874461
ENST00000298532.2	-0.791736642519633	-1.0424246291319528
ENST00000298556.8	1.5544337630271912	0.8897324502468109
ENST00000298630.8	-0.5457356174786885	-0.7214353084564209
ENST00000298694.9	-0.39584924280643463	-0.5514960885047913
ENST00000298717.9	0.5413757562637329	0.17613209038972855
ENST00000298743.9	0.17726452260588604	0.31355277448892593
ENST00000298746.5	0.476496281567961	0.5203881375491619
ENST00000298892.9	-0.7103536576032639	-0.5757998302578926
ENST00000299045.8	0.343087837100029	0.3120112717151642
ENST00000299084.9	-0.10908905975520611	-0.1589249987155199
ENST00000299138.12	0.2716797307133675	0.6676868855953216
ENST00000299157.5	0.5246787965297699	0.8359233438968658
ENST00000299192.8	0.31004360814889276	0.3339059402545293
ENST00000299213.10	-0.13931073289131746	-0.14160192699273466
ENST00000299238.7	-0.5450118482112885	-0.35025277733802795
ENST00000299299.4	1.1394325122237206	1.0730926021933556
ENST00000299300.11	1.1008970439434052	1.0111884027719498
ENST00000299314.12	-0.6465329676866531	-0.3652236685156822
ENST00000299427.12	0.4343692287802696	0.5632566511631012
ENST00000299492.9	-0.15911341877654195	-0.3408618289977312
ENST00000299505.7	-0.14864332973957062	-0.08673951402306557
ENST00000299518.7	1.2463708321253457	1.1278381943702698
ENST00000299563.5	0.09283410292118788	0.16013938561081886
ENST00000299601.10	0.4173709601163864	0.7361156046390533
ENST00000299608.7	1.2170931100845337	1.1819400191307068
ENST00000299638.8	0.8429635763168335	-0.1492227539420128
ENST00000299705.10	0.8119287192821503	0.87974813580513
ENST00000299736.5	0.5379927456378937	0.3803147077560425
ENST00000299767.10	0.892827719449997	1.3379307389259338
ENST00000299853.10	-0.33994950354099274	-0.2970532476902008
ENST00000299957.11	0.4489258201792836	0.6371351107954979
ENST00000300026.4	1.5159735083580017	1.2690851092338562
ENST00000300030.8	0.712449848651886	0.8524154424667358
ENST00000300056.8	0.7762739956378937	0.6184274554252625
ENST00000300060.7	0.17562283761799335	0.8306869566440582
ENST00000300069.5	0.9159144014120102	0.72152079641819
ENST00000300086.5	0.678799957036972	0.5288451798260212
ENST00000300093.9	0.4960297246774038	0.18478025620182353
ENST00000300107.7	0.4688058465719223	0.6503171861171723
ENST00000300131.8	0.06449453098078568	0.12042581507315238
ENST00000300146.10	0.2571631669998169	0.20990242809057236
ENST00000300151.5	1.0245165129502614	0.9204428295294445
ENST00000300176.9	0.04237120598554611	-0.038805024698376656
ENST00000300213.9	0.8791451454162598	0.6622261106967926
ENST00000300249.10	0.5538918375968933	1.097180426120758
ENST00000300255.7	-0.32066450019677484	-0.30689791589975357
ENST00000300289.10	1.008331298828125	1.265853762626648
ENST00000300413.10	1.518833021322886	1.7603946924209595
ENST00000300452.8	0.4005194480220477	0.5569551587104797
ENST00000300456.5	-0.6360286772251129	-0.4812188595533371
ENST00000300574.3	0.3344452679157257	0.35523291677236557
ENST00000300605.11	0.653773049513499	0.644381711880366
ENST00000300619.12	-0.6302357316017151	-0.4542721286416054
ENST00000300651.11	-0.13202527910470963	-0.20951958000659943
ENST00000300737.8	0.1323268860578537	0.3359497934579849
ENST00000300738.10	0.723767414689064	0.6513691991567612
ENST00000300747.10	-0.09584318241104484	0.10824242094531655
ENST00000300784.8	0.7005283460021019	0.49039487540721893
ENST00000300811.8	0.9076314568519592	0.3987082242965698
ENST00000300896.9	-0.5202266834676266	-0.6537086740136147
ENST00000300976.9	0.2094067893922329	0.1539486814290285
ENST00000301015.14	-0.8703482647736867	-0.9016287525494893
ENST00000301021.7	1.3819018602371216	0.942418783903122
ENST00000301061.9	0.03943550493568182	0.03770955197978765
ENST00000301072.11	1.12250417470932	1.3093307614326477
ENST00000301180.10	-0.4679698199033737	-0.28691887483000755
ENST00000301244.12	0.6505547612905502	0.7974504679441452
ENST00000301280.10	-0.2967071682214737	-0.2973731905221939
ENST00000301281.11	0.06305244006216526	-0.025729704648256302
ENST00000301327.5	-0.4307701885700226	-0.3194866180419922
ENST00000301329.10	1.0309365689754486	1.023718237876892
ENST00000301391.8	0.5033429563045502	0.5629571378231049
ENST00000301464.4	0.5683946460485458	0.6980195045471191
ENST00000301522.3	1.1847053567568462	1.4219572941462197
ENST00000301587.9	1.552503208319346	1.9439456264177957
ENST00000301608.8	0.6077013313770294	0.4303468316793442
ENST00000301634.12	0.8678381443023682	0.5069646760821342
ENST00000301729.9	0.4126109977563222	0.48797220488389337
ENST00000301738.9	0.6218098700046539	0.46419164538383484
ENST00000301740.13	-0.9676263183355331	-0.3653901368379593
ENST00000301764.12	0.4542796239256859	0.4060257822275162
ENST00000301785.7	0.2536150123924017	0.6038434132933617
ENST00000301788.12	1.647587239742279	1.0636757612228394
ENST00000301831.9	-0.5593107715249062	-0.44400130957365036
ENST00000301838.5	0.5911713093519211	0.7737657527128855
ENST00000301843.13	0.9159404337406158	0.6422606110572815
ENST00000301873.10	-0.8195115029811859	-0.5884890854358673
ENST00000301905.9	0.8992395550012589	0.6318082064390182
ENST00000301981.8	-0.09761702362447977	-0.13568545156158507
ENST00000302118.5	-0.09150142595171928	0.12589778378605843
ENST00000302165.5	0.15639012679457664	0.0488667453173548
ENST00000302188.8	0.7841247320175171	0.4732673093676567
ENST00000302243.12	0.6836024940013885	0.8112778782844543
ENST00000302279.8	0.2087044355769952	0.44424454867839813
ENST00000302362.11	0.38831386156380177	0.03938261279836297
ENST00000302418.5	0.27593526616692543	0.1337819725740701
ENST00000302503.8	0.8650241792201996	0.42664047330617905
ENST00000302516.10	0.24370722994208338	0.36524290293455125
ENST00000302550.16	0.21641333401203156	0.16839155461639166
ENST00000302609.8	-0.16415563970804214	-0.12060128105804324
ENST00000302692.7	-0.10754320149620374	-0.34990481535593665
ENST00000302708.9	-0.0052347394327322645	-0.04695978597737849
ENST00000302746.11	1.0759300589561462	0.8949116766452789
ENST00000302754.6	0.6791851967573166	0.7633097916841507
ENST00000302763.12	0.9300211668014526	0.487656906247139
ENST00000302764.9	0.4235324362913767	0.9971643288930258
ENST00000302787.3	0.22357114031910896	0.4025050848722458
ENST00000302819.10	-0.198496954748407	0.24214256554841995
ENST00000302824.7	0.7609287202358246	0.602983295917511
ENST00000302874.9	0.2768073951204618	0.12209782532105844
ENST00000302955.11	0.2104489877820015	-0.27011215686798096
ENST00000302979.5	0.47279499967892963	0.6922566294670105
ENST00000303004.5	0.3244684115052223	0.49504848569631577
ENST00000303127.12	0.44216354191303253	0.49844878166913986
ENST00000303142.11	0.5158676207065582	0.5013434588909149
ENST00000303145.11	0.10937164584174752	0.1695855806271235
ENST00000303236.9	-0.1298806630074978	-0.08945428230799735
ENST00000303305.11	0.7738537490367889	1.079494376977285
ENST00000303334.9	0.3502266898751259	0.6212254971265794
ENST00000303375.10	-0.37730613350868225	-0.05922926776111126
ENST00000303383.8	0.7542241960763931	0.2511955238878727
ENST00000303400.9	0.6339188615481058	0.4404578904310862
ENST00000303407.12	-0.450871042907238	-0.06407164642587304
ENST00000303538.13	-0.5628186613321304	-0.2651176378130913
ENST00000303545.4	-0.340102668851614	-0.31715409457683563
ENST00000303575.9	1.043156087398529	1.1822565197944641
ENST00000303577.7	1.0650349408388138	0.5463005900382996
ENST00000303596.3	0.10868754610419273	0.13675353676080704
ENST00000303698.7	0.5351545810699463	0.763434241215388
ENST00000303795.9	0.23692239386339983	0.2172539246579011
ENST00000303887.10	0.3945919144898653	0.5504782237112522
ENST00000303927.4	0.445258229970932	0.3554448261857033
ENST00000303965.9	-0.24309470877051353	-0.21760261803865433
ENST00000303991.5	-0.6627668142318726	-0.04365136520937085
ENST00000304031.8	0.4091027726729711	0.3414538900057475
ENST00000304043.10	1.6096486747264862	0.9004099369049072
ENST00000304056.9	-0.43092229465643567	-0.5258791794379551
ENST00000304061.8	-0.10950581869110465	-0.11462383531033993
ENST00000304141.5	0.5080335487922032	0.3583300014336904
ENST00000304191.4	1.1800674796104431	1.2689419984817505
ENST00000304301.10	0.7281019687652588	0.6472170352935791
ENST00000304312.5	1.5848522335290909	1.6471803933382034
ENST00000304330.9	-0.751849353313446	-0.766028493642807
ENST00000304430.10	0.4021638184785843	0.44101546704769135
ENST00000304434.11	0.9492086470127106	0.9691079556941986
ENST00000304511.7	0.49806302040815353	0.5318681970238686
ENST00000304611.13	-0.25968925654888153	-0.19417307525873184
ENST00000304636.9	0.20798551725844544	0.17395855238040286
ENST00000304658.9	-0.8460653722286224	-0.6631884723901749
ENST00000304698.10	-0.38129616280396783	-0.3943983117739359
ENST00000304786.11	1.6159273386001587	1.4695005615552268
ENST00000304788.4	0.5967696905136108	0.4563324302434921
ENST00000304842.6	-0.26992835104465485	-0.05989583511836827
ENST00000304858.7	0.7400106489658356	1.1170117557048798
ENST00000304863.6	0.9635770738124847	1.5600452303886414
ENST00000304895.9	-0.08960870498170455	-0.09220370898644129
ENST00000304916.4	0.08609932288527489	0.046686559449881315
ENST00000304979.8	1.623842179775238	1.3016753792762756
ENST00000305105.3	0.8149870783090591	0.5544717237353325
ENST00000305135.10	-0.5954747498035431	-0.5884406566619873
ENST00000305218.9	0.9414500594139099	0.8687019050121307
ENST00000305242.10	0.1812947451447447	0.3156348715225855
ENST00000305264.8	0.2951321005821228	0.1440422385931015
ENST00000305352.7	0.8061557114124298	0.30145174637436867
ENST00000305386.4	-0.2226916030049324	-0.19424764905124903
ENST00000305513.12	-0.22358857467770576	-0.4019368439912796
ENST00000305533.10	0.48992960155010223	0.6134746968746185
ENST00000305536.11	0.7275917381048203	0.4604724869132042
ENST00000305560.11	0.262856375426054	-0.02318686241051182
ENST00000305626.6	0.8041361272335052	0.5635957419872284
ENST00000305641.7	0.15760665759444237	-0.01581581635400653
ENST00000305768.10	-0.3091081380844116	-0.014337357133626938
ENST00000305783.13	-0.10516044497489929	-0.09451469406485558
ENST00000305784.7	0.6042651534080505	0.7022988647222519
ENST00000305798.8	0.14819546006619932	0.6506967872381211
ENST00000305877.13	-0.653324806690216	-0.7305727481842041
ENST00000305885.3	0.7840966939926148	0.9015963554382325
ENST00000305949.6	-0.41296420991420746	-0.3676932156085968
ENST00000305963.2	1.348426842689514	0.8334219932556153
ENST00000305997.8	0.14026502519845963	0.17302842438220978
ENST00000306010.8	0.25206752121448517	0.3567008227109909
ENST00000306014.9	-0.2899356633424759	-0.27152313478291035
ENST00000306024.4	1.6304203271865845	1.7420169711112976
ENST00000306042.9	0.3887423574924469	0.1587455216795206
ENST00000306052.12	-0.409885390351216	-0.1415473698483159
ENST00000306065.9	-0.521356388926506	-0.7744070440530777
ENST00000306077.5	0.6175655871629715	0.7126721888780594
ENST00000306103.3	0.4157339967787266	0.039939540612977
ENST00000306108.10	0.4511503055691719	0.1312231719493866
ENST00000306125.12	0.29174771904945374	0.3753630593419075
ENST00000306156.8	0.43986234068870544	0.2865116049846014
ENST00000306177.9	-0.7702233046293259	-0.8888384848833084
ENST00000306185.8	0.90574049949646	1.0724141299724579
ENST00000306193.8	1.3737348914146423	0.6959455609321594
ENST00000306243.7	0.10351543873548508	0.11917568867405257
ENST00000306315.9	-0.10074588132556528	-0.1158061355818063
ENST00000306384.5	1.281676173210144	0.9401258379220963
ENST00000306385.10	0.03207129426300526	0.32761019468307495
ENST00000306434.8	1.2720871567726135	1.026606023311615
ENST00000306442.5	1.5475840866565704	1.0238153785467148
ENST00000306480.11	0.3109964579343796	0.4194062650203705
ENST00000306562.8	-0.08004347234964371	-0.42243464291095734
ENST00000306688.8	-0.5414634123444557	-0.4918309301137924
ENST00000306730.8	0.08228559605777264	0.3805614300072193
ENST00000306735.10	0.4217940534193379	0.10571770626120269
ENST00000306749.4	-0.19225489255040884	0.051782241091132164
ENST00000306801.8	-0.1819667425006628	-0.06110613979399204
ENST00000306858.8	-0.4173468202352524	-0.388822540640831
ENST00000306917.5	0.29184992611408234	-0.10237777384463698
ENST00000306984.8	0.8216301202774048	1.118619054555893
ENST00000306999.7	0.7694891691207886	0.4590887054800987
ENST00000307063.9	0.13597071263939142	0.14176682196557522
ENST00000307102.10	0.5038798749446869	0.28027557084957755
ENST00000307149.10	0.361119881272316	0.16125689446926117
ENST00000307201.5	0.16818547993898392	0.01006278581917286
ENST00000307227.9	1.3700490593910217	1.0262636989355087
ENST00000307259.9	-0.16395876556634903	0.4509190022945404
ENST00000307358.7	-0.05063873156905174	-0.09964164346456528
ENST00000307422.9	0.27766508609056473	0.5895387331644695
ENST00000307522.5	-0.302757466211915	-0.1150058344937861
ENST00000307630.5	1.3613408356904984	1.4812849014997482
ENST00000307650.9	0.33196850679814816	0.28565047681331635
ENST00000307741.11	-0.5712832659482956	-0.4506208673119545
ENST00000307750.5	0.28542736172676086	0.18335577783485252
ENST00000307771.7	0.07033192009354632	0.2953196714321772
ENST00000307877.7	0.510957087079684	0.5780260662237803
ENST00000307892.13	1.22848641872406	1.1294310688972473
ENST00000307921.7	-0.3430625721812248	-0.3642552029341459
ENST00000307961.11	0.9654741585254669	1.1992945075035095
ENST00000307980.7	0.14977234601974487	0.16144567728042603
ENST00000308020.6	0.23100507259368896	0.31573469936847687
ENST00000308025.8	0.21501002336541813	0.28376179933547974
ENST00000308153.9	1.0930708050727844	1.5578840970993042
ENST00000308158.10	0.6237214803695679	0.28178687393665314
ENST00000308159.10	0.2584559520085653	0.3163706064224243
ENST00000308177.5	0.0613322036806494	0.14650831744074821
ENST00000308249.4	0.19158542978887755	0.17439029055337113
ENST00000308271.14	-0.01749798282980919	-0.04193177446722984
ENST00000308360.8	0.4701018283764521	0.5715931256612141
ENST00000308418.10	1.1291439533233643	0.841045469045639
ENST00000308508.5	-0.1222792680685719	-0.060416142068182424
ENST00000308521.10	0.3450756222009659	0.5252862349152565
ENST00000308595.10	-0.27254191040992737	-0.22863835096359253
ENST00000308677.9	0.7100998312234879	0.7245833426713943
ENST00000308683.3	0.443816639482975	0.4071812778711319
ENST00000308696.11	0.3492283821105957	0.7941926419734955
ENST00000308736.7	-0.1373949982225895	-0.1482954751700163
ENST00000308742.9	0.5869372338056564	0.47583843767642975
ENST00000308807.12	0.057937441393733025	0.3148122578859329
ENST00000308831.7	0.2614641934633255	0.3203110545873642
ENST00000308961.5	1.5914368629455566	1.0645010769367218
ENST00000308982.12	0.554832398891449	0.6131735444068909
ENST00000308987.6	1.7155466675758362	1.5730351209640503
ENST00000309061.12	-0.03400581423193216	0.07839255849830806
ENST00000309100.8	-0.8565985262393951	-1.0884961485862732
ENST00000309117.11	0.8168274313211441	0.5111795663833618
ENST00000309244.9	1.4244691332181296	1.3525561292966208
ENST00000309295.9	-0.7716444333394368	-0.6470631559689839
ENST00000309311.7	0.5460578054189682	0.900248110294342
ENST00000309318.8	0.19102013856172562	0.09438418224453926
ENST00000309324.8	1.1446623802185059	1.2670509815216064
ENST00000309415.8	-0.6841269433498383	-0.7226622924208641
ENST00000309428.10	-0.34884022921323776	-0.0678709871135652
ENST00000309451.7	0.37703951820731163	0.31141772121191025
ENST00000309522.8	1.2548887729644775	0.9106676876544952
ENST00000309594.5	1.3063355684280396	0.973226323723793
ENST00000309733.6	0.7937778383493423	0.6157625913619995
ENST00000309822.7	0.3399678170681	0.40444283932447433
ENST00000309851.10	1.2557528018951416	1.4854375123977661
ENST00000309859.8	0.26434019207954407	0.2644845247268677
ENST00000309863.11	-0.2049075812101364	0.12595709040760994
ENST00000309922.7	0.39539527893066406	0.36034146447976434
ENST00000309971.9	0.12274111993610859	0.25786883011460304
ENST00000309983.5	0.24684417992830276	0.28146617114543915
ENST00000310054.9	0.32505965791642666	0.235786615870893
ENST00000310074.8	-0.29992061853408813	-0.2421518936753273
ENST00000310109.5	0.5988117754459381	0.575843334197998
ENST00000310118.9	0.22475865346495993	0.4219636395573616
ENST00000310137.5	0.5414624065160751	0.6728955407937367
ENST00000310144.11	0.6516276597976685	0.626260057091713
ENST00000310193.4	-0.12264732364565134	0.1870415024459362
ENST00000310300.11	-0.379800945520401	-0.1351466104388237
ENST00000310325.10	-0.26678021252155304	-0.04724979551974684
ENST00000310392.5	0.24148480594158173	-0.07977990806102753
ENST00000310418.8	0.6870147461692493	1.250279277563095
ENST00000310421.5	0.014898762572556734	-0.07172269001603127
ENST00000310430.11	0.16528251767158508	0.08964271657168865
ENST00000310442.5	0.08224757865536958	0.029360339045524597
ENST00000310447.10	0.38028326630592346	0.33197684586048126
ENST00000310496.9	-0.28837214410305023	-0.5616980493068695
ENST00000310512.4	-0.0479459164198488	-0.08126803208142519
ENST00000310571.8	0.3868053754170736	0.43318853775660193
ENST00000310597.6	0.22488355947037536	0.2925951058665911
ENST00000310775.12	-0.17264627907425165	0.08479197251144796
ENST00000310806.9	-0.08515792153775692	-0.16096203525861105
ENST00000310823.8	0.38557925820350647	0.2907513100653887
ENST00000310864.11	-0.2789715627829234	0.022043315693736076
ENST00000310926.11	0.26634278520941734	0.2156553864479065
ENST00000310999.11	0.6770516186952591	0.8601437732577324
ENST00000311086.9	0.7461531348526478	0.8825071454048157
ENST00000311117.8	-0.5567271411418915	-0.6654798537492752
ENST00000311124.9	0.041087580379098654	0.0713963694870472
ENST00000311127.9	-0.7388270050287247	-0.6185131296515465
ENST00000311141.6	0.7530653774738312	0.5649319589138031
ENST00000311151.9	0.7650992572307587	0.7258439064025879
ENST00000311160.14	-0.2863354831933975	-0.4310790076851845
ENST00000311180.9	0.24136889446526766	0.39324163645505905
ENST00000311181.5	0.3146984428167343	0.2883754074573517
ENST00000311208.13	0.6270913481712341	0.9535031020641327
ENST00000311320.9	-0.3076179325580597	-0.23226790130138397
ENST00000311351.9	1.264085203409195	1.128569632768631
ENST00000311459.12	0.010930952499620616	0.14409734308719635
ENST00000311481.11	1.3206901252269745	1.5122752785682678
ENST00000311502.12	-0.7365297824144363	-0.832543358206749
ENST00000311575.6	0.39843161031603813	0.6597689241170883
ENST00000311601.6	0.17422633953392508	0.018581422325223685
ENST00000311604.8	0.27285386870304745	0.4220591361323992
ENST00000311630.7	0.14550368976779282	-0.11260715569369495
ENST00000311635.12	0.08286260298336856	0.22400492429733276
ENST00000311669.12	0.22145412862300873	0.20005983114242554
ENST00000311672.10	1.545985609292984	1.7892187535762787
ENST00000311765.4	0.3444851040840149	0.20731047540903091
ENST00000311772.10	0.864848293364048	0.5632691755890846
ENST00000311832.5	0.8723109662532806	0.765383243560791
ENST00000311852.11	0.5475326925516129	0.6243168413639069
ENST00000311916.8	-0.19072899967432022	-0.4767235219478607
ENST00000312090.10	-0.18388406684001285	-0.22864264125625294
ENST00000312184.6	0.7529425919055939	0.8056945502758026
ENST00000312196.10	0.2946888357400894	0.22126463800668716
ENST00000312397.10	0.2691062605008483	0.09932853793725371
ENST00000312419.8	1.0847016175587973	0.6615278919537863
ENST00000312423.4	0.4793013259768486	0.4930934011936188
ENST00000312515.7	1.3150277733802795	0.41345322877168655
ENST00000312541.10	0.09344367682933807	0.4466205760836601
ENST00000312562.7	0.46027529053390026	0.6378545761108398
ENST00000312579.4	-0.17707831412553787	-0.2609400376677513
ENST00000312629.10	-0.06729154847562313	-0.15200284123420715
ENST00000312637.5	0.8953253477811813	0.7655764445662498
ENST00000312938.5	0.11301921292518577	-0.20224668333927792
ENST00000313056.10	0.1266091572858083	0.5053758646051089
ENST00000313093.6	-0.7387208143870037	-0.8072232951720555
ENST00000313244.14	0.045198606327176094	-0.017443574965000153
ENST00000313288.9	0.03218193848927816	-0.07000524705896774
ENST00000313334.13	1.4098912477493286	1.8120721578598022
ENST00000313468.10	1.4514175057411194	1.1971150636672974
ENST00000313486.12	0.8914553299546242	0.9586583375930786
ENST00000313511.8	0.5953811407089233	0.6594019830226898
ENST00000313525.4	0.5051383748650551	0.5143395066261292
ENST00000313546.8	0.34762929379940033	0.18506324291229248
ENST00000313601.11	0.7729274481534958	0.7149703055620193
ENST00000313608.13	0.8810268193483353	1.063676342368126
ENST00000313655.5	0.602343459924062	0.46428683400154114
ENST00000313683.15	0.60513536632061	0.5121770799160004
ENST00000313766.6	-0.7458962649106979	-0.7919826358556747
ENST00000313843.8	0.5452420115470886	0.3885389715433121
ENST00000313871.9	-0.3533294076720873	-0.12912880784521502
ENST00000313961.10	1.4706085324287415	0.729147657752037
ENST00000314103.6	0.33568140119314194	0.4345332980155945
ENST00000314144.10	1.0972213596105576	0.953552857041359
ENST00000314167.9	-0.49664412438869476	-0.7740661700566609
ENST00000314256.12	-0.8525756075978279	-0.991945706307888
ENST00000314340.10	0.779046893119812	0.985795646905899
ENST00000314355.7	1.5650264620780945	1.52900892496109
ENST00000314358.10	-0.34186996072530745	-0.4597406715154648
ENST00000314393.6	0.2743891204396883	-0.07122797123156488
ENST00000314423.12	0.1672511175274849	0.21213765069842339
ENST00000314527.9	0.5006214827299118	0.4171989858150482
ENST00000314607.11	-0.38628440350294113	-0.3039535929759344
ENST00000314622.9	0.7328318556149801	0.47307595858971274
ENST00000314666.11	-0.022394725431998573	-0.10841238250335059
ENST00000314759.6	0.6131598651409149	0.3904998153448105
ENST00000314787.8	0.6235213875770569	0.5622292459011078
ENST00000314797.10	0.5523009225726128	0.51972796022892
ENST00000314888.10	0.11842620745301247	0.4306402951478958
ENST00000314891.11	-0.17299004923552275	-0.40488002449274063
ENST00000314940.7	1.286289930343628	1.3205307126045227
ENST00000315073.10	0.10926001984626055	0.26261910796165466
ENST00000315082.9	-0.04807495911518345	-0.0198726998642087
ENST00000315144.14	-0.39236076921224594	-0.410221129655838
ENST00000315251.11	-0.382881835103035	-0.552625834941864
ENST00000315286.13	1.3462493121623993	0.744377076625824
ENST00000315323.5	0.46823732554912567	0.48467430720726645
ENST00000315368.7	-0.02522338181734085	0.20145386457443237
ENST00000315423.12	-0.377213291823864	-0.612192839384079
ENST00000315436.7	-0.502025802930196	-0.6394505103429158
ENST00000315491.12	0.8425669372081757	0.911419466137886
ENST00000315579.10	-0.13201054371893406	0.08043286576867104
ENST00000315580.9	0.00275324285030365	-0.06630788161419332
ENST00000315616.12	0.3698626682162285	0.12730730324983597
ENST00000315732.3	0.45894961059093475	0.43520574271678925
ENST00000315758.10	1.0997257828712463	1.417418122291565
ENST00000315792.5	1.5176562666893005	0.9182356595993042
ENST00000315869.8	-0.5405484785636266	-0.49255654215812683
ENST00000315872.11	-0.5121766279141108	-0.4254305909077326
ENST00000315927.8	0.8247405216097832	0.6364199593663216
ENST00000315948.11	0.3945537209510803	0.49850526452064514
ENST00000315970.12	0.6602414846420288	0.5867785513401031
ENST00000316052.6	0.6295128762722015	0.5368556082248688
ENST00000316084.10	1.278836965560913	1.2954023480415344
ENST00000316149.8	0.6004244834184647	0.6000232696533203
ENST00000316218.12	0.6104720443487168	0.8104803502559661
ENST00000316273.11	0.3928974469502767	0.5065089911222458
ENST00000316292.13	1.0739755034446716	0.6396571546792984
ENST00000316308.9	0.3193030208349228	0.06448403000831604
ENST00000316334.5	0.18716566264629364	-0.15325748920440674
ENST00000316448.10	1.425910472869873	1.651386876900991
ENST00000316519.11	0.5458926409482956	0.4209455276528994
ENST00000316549.11	0.10667591914534569	0.29411381483078003
ENST00000316594.6	0.9133300259709358	0.9668964371085167
ENST00000316610.7	0.8798831899960836	0.6475452582041423
ENST00000316715.9	0.48140496015548706	0.7123219966888428
ENST00000316757.4	-0.3303977269679308	-0.29276769049465656
ENST00000316788.12	1.1339434087276459	1.146991640329361
ENST00000316836.5	0.13722757901996374	0.4309079200029373
ENST00000316843.9	-0.09865661151707172	-0.20742162875831127
ENST00000316851.11	0.43664567917585373	0.8358335644006729
ENST00000316937.8	-0.453225240111351	-0.5419693514704704
ENST00000316963.8	0.8701519171396891	0.6784446438153584
ENST00000317058.8	0.8057452589273453	0.6220903694629669
ENST00000317091.10	0.23656532913446426	0.5158651769161224
ENST00000317096.9	0.19795204947392148	0.4009995882709821
ENST00000317147.10	-0.5608854393164316	-0.20220477630694708
ENST00000317370.13	0.6713141463696957	0.555282536894083
ENST00000317459.11	0.34447927586734295	0.07362302020192146
ENST00000317479.8	-0.07594450283795595	0.06060125259682536
ENST00000317534.6	0.7446076571941376	0.5513185113668442
ENST00000317568.10	0.05121692456305027	0.17721686139702797
ENST00000317571.8	-0.1154073178768158	-0.2630894184112549
ENST00000317578.7	-0.13770302245393395	-0.10215216999252638
ENST00000317582.10	0.24394427239894867	0.040225833654403687
ENST00000317683.4	-0.6598846912384033	-0.760455459356308
ENST00000317702.10	0.6656287163496017	0.9223813414573669
ENST00000317811.6	-0.36495672166347504	-0.5906804203987122
ENST00000317881.9	1.421616792678833	1.0276640206575394
ENST00000317905.10	0.027350327000021935	-0.34217439591884613
ENST00000317907.9	-0.4320603162050247	0.14461974054574966
ENST00000317995.5	0.6685895323753357	0.7087024947007496
ENST00000318003.11	-0.15965286549180746	-0.14015226438641548
ENST00000318006.9	0.18714922538492829	0.038379665929824114
ENST00000318037.3	-0.25506091117858887	-0.016882624244317412
ENST00000318063.10	0.2157341130077839	0.3425559997558594
ENST00000318080.7	0.3368598520755768	0.48769448697566986
ENST00000318129.6	0.7619728147983551	0.6517380774021149
ENST00000318217.10	0.2449349481612444	0.07256475766189396
ENST00000318348.9	0.49718523025512695	0.6568103283643723
ENST00000318388.11	0.5624632239341736	0.8799601197242737
ENST00000318407.5	-0.11286282865330577	-0.03532590623944998
ENST00000318410.12	-0.2225908466304342	-0.1023599999025464
ENST00000318522.10	0.26687756180763245	0.11693121492862701
ENST00000318528.8	0.6908628791570663	0.782706156373024
ENST00000318602.12	-0.003914869390428066	0.3515519052743912
ENST00000318631.8	0.09195803478360176	-0.040394894778728485
ENST00000318663.5	-0.16527700051665306	-0.24458621814846992
ENST00000318887.8	0.5276670232415199	0.4905288964509964
ENST00000318911.5	0.35384442210197453	0.8850083649158478
ENST00000318950.11	0.5210775136947632	0.5134472697973251
ENST00000318974.14	0.5791960656642914	0.12425456568598747
ENST00000319017.5	0.6802526712417603	0.5331642230351766
ENST00000319121.4	0.2786130756139755	0.2651350647211075
ENST00000319172.10	-0.35277995467185974	-0.18066392838954926
ENST00000319211.5	0.09968986734747887	0.24888383224606514
ENST00000319212.9	0.035134577502806984	-0.20440277705589932
ENST00000319264.4	0.505439817905426	0.44001397490501404
ENST00000319283.7	0.10278663442780575	0.2377560151120027
ENST00000319285.5	0.774718627333641	0.36812353879213333
ENST00000319331.4	0.34422843903303146	0.3082657754421234
ENST00000319332.10	0.3381948471069336	0.363065704703331
ENST00000319357.6	0.5487654755512873	0.4383569359779358
ENST00000319359.8	0.042994871735572815	-0.16973045840859413
ENST00000319397.6	0.160293847322464	0.2988188862800598
ENST00000319481.8	0.1277606040239334	0.07572568207979202
ENST00000319518.13	-0.4690282692511877	-0.45749764392773307
ENST00000319550.9	0.614898818731308	0.44516980946064
ENST00000319555.8	-0.7751518885294597	-0.8314643601576488
ENST00000319562.11	-0.7227684706449509	-0.7711712568998337
ENST00000319653.14	-0.7914157211780548	-0.6118143498897552
ENST00000319725.10	0.6798068583011627	0.7021825611591339
ENST00000319863.13	0.7059400677680969	0.6295138597488403
ENST00000319974.6	0.5553372154633205	0.18803800533836085
ENST00000320027.10	0.48792269825935364	0.9642780423164368
ENST00000320033.5	0.9980002343654633	0.6619946658611298
ENST00000320172.11	0.5231661424040794	0.5117015540599823
ENST00000320285.9	0.490300253033638	0.4680517464876175
ENST00000320574.10	0.058209795504808426	-0.10010214895009995
ENST00000320578.3	0.536174014210701	0.15057306922972202
ENST00000320580.9	-0.5956739783287048	-0.5971782505512238
ENST00000320676.11	0.4283348321914673	1.1868832409381866
ENST00000320717.8	0.4733181893825531	0.43385808169841766
ENST00000320743.7	-0.02793246548390016	-0.036421190947294235
ENST00000320756.7	1.5010942816734314	1.5858224630355835
ENST00000320776.5	0.6216671963532765	0.5415430764357249
ENST00000320785.10	-0.7704420834779739	-0.6671386212110519
ENST00000320805.8	0.3584910184144974	0.25621350606282556
ENST00000320876.11	-0.12325484026223421	-0.02307469304651022
ENST00000320954.11	0.6468905657529831	0.6962187141180038
ENST00000321027.8	-0.19994564121589065	0.10225497744977474
ENST00000321037.5	0.608553484082222	0.8043802231550217
ENST00000321256.10	1.1367599368095398	1.352912724018097
ENST00000321264.9	-0.08569975569844246	-0.21859413385391235
ENST00000321265.10	0.7772887945175171	0.936780720949173
ENST00000321297.10	-0.03152851527556777	-0.3268481343984604
ENST00000321341.11	0.5841645697752635	0.8036125302314758
ENST00000321356.9	0.1964532310763995	0.012815253032992285
ENST00000321394.12	0.8674246370792389	0.9801038801670074
ENST00000321407.3	0.18158040195703506	-0.014812750043347478
ENST00000321560.4	0.649895042181015	0.4939391240477562
ENST00000321562.9	0.5243840217590332	0.5721136629581451
ENST00000321617.8	-0.6119652390480042	-0.7903972268104553
ENST00000321685.7	-0.06034989282488823	-0.08190127462148666
ENST00000321757.11	0.7760902643203735	0.49916017055511475
ENST00000321764.4	0.815324954688549	0.9146765395998955
ENST00000321765.10	-0.3098602034151554	-0.4816166162490845
ENST00000321867.6	-0.6868244558572769	-0.8707147389650345
ENST00000321895.7	-0.18263768404722214	-0.03804946132004261
ENST00000321919.14	0.5403447399536768	0.4424615601698557
ENST00000321949.13	0.3388682156801224	0.376343697309494
ENST00000321990.5	-0.2905041314661503	-0.38664084672927856
ENST00000322030.13	1.0868560373783112	1.4759495556354523
ENST00000322048.12	0.01686236448585987	0.08611991629004478
ENST00000322054.10	0.11322421953082085	0.21722982078790665
ENST00000322088.11	0.7431182861328125	0.9029093086719513
ENST00000322090.8	0.45472313463687897	0.582837700843811
ENST00000322128.5	0.5264603495597839	0.4109187424182892
ENST00000322177.6	0.061008633114397526	-0.22358925826847553
ENST00000322203.7	1.432100236415863	1.456347793340683
ENST00000322213.9	0.686527032405138	0.35854417085647583
ENST00000322244.10	0.056841325014829636	0.3592187464237213
ENST00000322310.10	0.9999324679374695	1.2503562271595001
ENST00000322313.9	-0.27941571176052094	0.3201572746038437
ENST00000322342.4	0.47489982284605503	0.48652004078030586
ENST00000322349.13	-0.1807763520628214	0.1938218902796507
ENST00000322396.7	0.6039340794086456	0.04796822741627693
ENST00000322535.11	0.4319278858602047	0.36102665960788727
ENST00000322536.8	0.33622483909130096	0.3556879162788391
ENST00000322716.8	0.508975625038147	0.29681167006492615
ENST00000322723.9	1.106641709804535	1.4291330575942993
ENST00000322764.10	-0.08361608162522316	0.3776780217885971
ENST00000322897.11	1.0301181077957153	0.9884037375450134
ENST00000322927.3	-0.5926783631245295	-0.7177537580331166
ENST00000322940.11	0.609194740653038	0.9464903473854065
ENST00000322954.11	0.08139732107520103	-0.04053845419548452
ENST00000323037.5	-0.21624190849252045	-0.24713156186044216
ENST00000323061.7	1.4009305536746979	1.3531178534030914
ENST00000323180.10	0.04557684188087781	0.10387767540911833
ENST00000323274.15	0.3541123444835345	0.6453620741764705
ENST00000323303.9	0.896961510181427	1.0665563941001892
ENST00000323482.9	0.5532659987608592	0.4108623117208481
ENST00000323523.8	0.38242287188768387	0.621445968747139
ENST00000323534.5	1.1271576285362244	0.937242791056633
ENST00000323544.5	0.12436553835868835	0.3753124127785365
ENST00000323557.11	-0.32451513285438216	-0.3631611466407776
ENST00000323563.8	0.514947883784771	0.4032787010073662
ENST00000323570.8	0.8820923566818237	0.7523460686206818
ENST00000323588.9	-0.2014233808964491	-0.4541360422968864
ENST00000323666.10	0.7319509387016296	1.0595454573631287
ENST00000323798.8	0.3274730294942856	0.25618216395378113
ENST00000323853.10	0.20413665908078352	0.1803930898507436
ENST00000323959.9	0.5022475905716419	0.6769577786326408
ENST00000324093.8	-0.7793349504470826	-0.5263274431228637
ENST00000324109.9	-0.11493043601512909	-0.3166639804840088
ENST00000324194.12	0.6150492951273918	0.2524748779833317
ENST00000324198.11	-0.23570560184972628	-0.16768406757286616
ENST00000324238.7	0.3146371737122535	0.24673101976513861
ENST00000324300.10	0.44072240591049194	0.3423299491405487
ENST00000324306.11	-0.1002229273338647	0.03734871714065473
ENST00000324460.7	1.2298970222473145	1.431867003440857
ENST00000324464.8	-0.22435524128377438	-0.28140182001516223
ENST00000324607.8	0.43214593082666397	0.13723981007933617
ENST00000324679.5	-0.29961537942290306	-0.30859141051769257
ENST00000324685.10	-0.4641086906194687	-0.2578456252813339
ENST00000324817.6	-0.1718396890501026	0.015955177332216408
ENST00000324849.9	0.20342005416750908	0.3570818826556206
ENST00000324856.13	-0.4929022490978241	-0.3731771223247051
ENST00000324862.7	0.2927360385656357	0.41991695761680603
ENST00000324868.13	0.2331825339545806	0.29000191887219745
ENST00000324871.12	0.500479057431221	0.5302517116069794
ENST00000324873.8	1.0749540746212005	0.7703486382961273
ENST00000324907.14	0.5603175759315491	0.3016161024570465
ENST00000324913.9	0.44267038255929947	0.49827830493450165
ENST00000324932.12	-0.14386368542909622	-0.04318783851340413
ENST00000325144.5	0.18001840263605118	0.17139064520597458
ENST00000325278.6	0.7455478409926097	0.39341529210408527
ENST00000325285.8	-0.6677587032318115	-0.5810100436210632
ENST00000325324.10	0.08026700560003519	0.4845903068780899
ENST00000325327.4	0.17058694921433926	0.5632400065660477
ENST00000325366.14	0.0301093440502882	-0.17212251760065556
ENST00000325418.5	-0.1835902954141299	-0.33357110619544983
ENST00000325421.7	-0.04016098191495985	-0.037269262783229354
ENST00000325495.9	0.8976550002892812	0.7694987257321676
ENST00000325542.10	0.2907625908652941	0.12613296136260033
ENST00000325748.9	0.6673213839530945	0.28413352370262146
ENST00000326153.9	0.08644993416965008	-0.15631764847785234
ENST00000326181.11	-0.5400979481637478	-0.6803393363952637
ENST00000326266.13	0.411585234105587	0.2868046164512634
ENST00000326291.11	-0.19151953561231494	0.0702704491559416
ENST00000326317.11	0.1922487219174703	0.30296624948581063
ENST00000326427.11	1.1843551993370056	0.960021436214447
ENST00000326448.12	0.3094059179226557	0.19970049088199934
ENST00000326648.4	-0.5123975276947021	-0.7023193836212158
ENST00000326674.10	0.3361992612481117	-0.15140939069290957
ENST00000326739.9	1.1523059606552124	0.6136558502912521
ENST00000326793.11	0.20892228558659554	0.2916143660744031
ENST00000326840.11	-0.17924161938329536	-0.2392383391658465
ENST00000326925.11	1.0620075687766075	0.7761706635355949
ENST00000326974.9	-0.12511221319437027	-0.06856162659823895
ENST00000327134.7	0.5594253838062286	0.5127522945404053
ENST00000327141.9	0.38041016894082225	0.11827186370889345
ENST00000327214.5	0.7179360687732697	0.6627552211284637
ENST00000327300.12	0.5980720221996307	0.6744243502616882
ENST00000327304.10	0.6906493753194809	0.5468720644712448
ENST00000327347.10	0.27335896878503263	0.26565188728272915
ENST00000327367.9	0.3990447769562403	0.5388280848662059
ENST00000327428.10	1.118764653801918	0.8268803060054779
ENST00000327435.11	1.1003646850585938	1.3393191397190094
ENST00000327443.9	0.2658405303955078	0.4099777266383171
ENST00000327490.8	0.4794774278998375	0.36985453218221664
ENST00000327532.7	-0.13685866631567478	-0.17592302337288857
ENST00000327697.11	-0.7339220494031906	-0.8743315190076828
ENST00000327773.7	-0.6636841744184494	-0.4813365116715431
ENST00000327787.13	-0.2834243898590406	-0.16044177626690725
ENST00000327858.11	0.28277672454714775	0.385361909866333
ENST00000327877.10	0.6066849728425343	0.6733113129933674
ENST00000328046.8	0.3856857642531395	0.3441958775122961
ENST00000328194.8	-0.7218048304319382	-0.908646148443222
ENST00000328257.13	0.7848041653633118	0.4169090539216995
ENST00000328381.10	-0.03439933340996504	-0.1411965861916542
ENST00000328434.8	1.0846320390701294	1.4047132730484009
ENST00000328649.11	0.7694473713636398	0.6438593193888664
ENST00000328666.11	0.09847840794827789	-0.053066995926201344
ENST00000328697.11	0.17474418878555298	0.3893538862466812
ENST00000328703.12	0.5413830280303955	0.44521455466747284
ENST00000328771.9	-0.696621161699295	-0.6008346527814865
ENST00000328827.9	0.7609212175011635	0.7887275964021683
ENST00000328834.9	0.09610188594087958	0.16116999536752702
ENST00000328848.6	1.6210951209068298	0.9501506984233856
ENST00000328850.8	-0.06768386159092188	-0.2769196555018425
ENST00000328965.9	-0.10591083019971848	-0.017222745344042778
ENST00000329117.10	-0.08109887468162924	0.21785876899957657
ENST00000329271.8	1.1651217937469482	0.8497759699821472
ENST00000329276.10	0.5570551455020905	0.6292808651924133
ENST00000329286.7	0.032059584744274616	-0.14540786668658257
ENST00000329399.7	1.315185546875	0.8104882836341858
ENST00000329421.8	0.7225500444571178	1.3147936662038167
ENST00000329474.7	-0.12161723167325059	-0.1848450331017375
ENST00000329478.4	-0.26258284226059914	-0.11521354876458645
ENST00000329713.5	0.23585297726094723	0.3971386104822159
ENST00000329759.6	0.19654745111862817	-0.04032169654965401
ENST00000329841.10	0.5638753101229668	0.6851262450218201
ENST00000329970.8	0.5891360081732273	0.2854046858847141
ENST00000330029.6	1.6416839957237244	1.8506027261416116
ENST00000330062.8	0.724426527818044	0.7404695848623911
ENST00000330143.8	0.10045186709612608	-0.04383805952966213
ENST00000330149.10	0.7162238657474518	0.3490986004471779
ENST00000330263.5	0.6681278347969055	0.885883241891861
ENST00000330342.8	-0.16091759130358696	0.197518240660429
ENST00000330368.3	0.7500937506556511	0.3046164698898792
ENST00000330374.6	1.5421212315559387	1.358018696308136
ENST00000330387.11	0.2939067967236042	0.38959670811891556
ENST00000330394.3	0.06257235631346703	0.062172120437026024
ENST00000330398.9	1.5829333364963531	1.7024760246276855
ENST00000330430.10	1.3565446535746255	0.82355597615242
ENST00000330475.9	0.16829459741711617	0.3473341266314188
ENST00000330494.12	-0.45821091532707214	-0.3470085710287094
ENST00000330501.12	-0.1743749976158142	-0.012671168427914381
ENST00000330574.2	-0.7186835408210754	-0.7131357789039612
ENST00000330579.6	0.25409213453531265	0.4637088477611542
ENST00000330636.8	1.5461125075817108	1.133545234799385
ENST00000330720.7	1.222105324268341	1.2894984483718872
ENST00000330817.11	0.014107477851212025	0.4151551425457001
ENST00000330843.9	0.09487592739363512	-0.030093977538247902
ENST00000330877.6	-0.10413778200745583	0.06964844465255737
ENST00000330899.5	0.8121781547864277	1.0109015107154846
ENST00000330964.10	1.4849978685379028	1.3999123573303223
ENST00000331075.10	-0.2457982301712036	-0.2434159815311432
ENST00000331079.11	0.3066898323595524	0.2959868684411049
ENST00000331134.11	-0.06815851526334882	0.06831344799138606
ENST00000331173.6	0.34626200795173645	0.6100090555846691
ENST00000331200.8	0.9224826395511627	0.827086478471756
ENST00000331203.7	-0.13046565217276412	0.16617432050406933
ENST00000331314.11	0.28667616471648216	0.03996572204050608
ENST00000331320.12	0.2281912366549174	0.11661754253630836
ENST00000331334.5	0.8113870769739151	1.1187149286270142
ENST00000331335.9	-0.46611707409222924	-0.37607788542906445
ENST00000331366.10	0.6735870316624641	0.5471566319465637
ENST00000331426.6	0.6220489889383316	0.6589268495639166
ENST00000331434.7	0.2517881318926811	0.39961932599544525
ENST00000331457.9	0.6193161010742188	1.0855610966682434
ENST00000331483.9	1.0879419445991516	1.5771607160568237
ENST00000331495.8	-0.6518123596906662	-0.6472244709730148
ENST00000331552.12	0.8034146428108215	0.6941187679767609
ENST00000331563.7	-0.49957249561945594	-0.1075130362296477
ENST00000331569.6	0.4217737913131714	0.520522303879261
ENST00000331595.9	0.7764303833246231	0.903657354414463
ENST00000331683.10	0.22382202744483948	-0.12968251667916775
ENST00000331710.10	0.009241374558769166	0.1917337030172348
ENST00000331738.12	0.6290929168462753	0.5818053632974625
ENST00000331758.8	-0.17694425458709398	0.3655984029173851
ENST00000331768.10	0.33764344081282616	0.1135829146951437
ENST00000331817.6	0.8915983438491821	0.7546357661485672
ENST00000331825.11	1.5367100040117898	1.5585103829701743
ENST00000331923.9	0.20390873899062473	0.2645581066608429
ENST00000332118.11	0.8809579461812973	0.46648208796977997
ENST00000332180.10	0.24836037307977676	0.19756686687469482
ENST00000332290.3	0.8164869844913483	0.9361537098884583
ENST00000332349.5	0.21747316047549248	-0.11558930203318596
ENST00000332395.7	-0.16922803223133087	0.09226303920149803
ENST00000332499.4	0.39892828091979027	0.23757121618837118
ENST00000332509.8	0.09977830853313208	-0.0345631378586404
ENST00000332707.10	-0.30680103898048405	0.15078879073262214
ENST00000332780.4	-0.3465796783566475	-0.30330000445246696
ENST00000332783.12	-0.07523333968129009	-0.1396883763372898
ENST00000332822.6	-0.13555768877267838	0.5787674486637115
ENST00000332830.9	-0.8181507885456085	-0.885787308216095
ENST00000332859.11	1.5153690576553345	1.5357739329338074
ENST00000332884.11	0.08442724620302519	0.3591313461462657
ENST00000332981.10	-0.19655369222164154	-0.5116829872131348
ENST00000333003.10	0.24500326315561932	0.23643087595701218
ENST00000333050.7	0.4043324564894041	0.5432514250278473
ENST00000333119.7	1.172247032324473	0.8711064060529073
ENST00000333130.3	0.3869322333484888	0.7230238169431686
ENST00000333167.13	0.46821874380111694	0.4937824606895447
ENST00000333188.10	0.21508247405290604	0.633062094449997
ENST00000333213.11	-0.3196241818368435	-0.3183153113350272
ENST00000333219.9	0.27654513716697693	-0.03306014463305473
ENST00000333421.6	0.7386343777179718	0.5377085506916046
ENST00000333467.4	0.258975550532341	0.47654856741428375
ENST00000333479.12	-0.5828549563884735	-0.49182550609111786
ENST00000333486.4	-0.050380521143476166	-0.035885163117200136
ENST00000333503.8	0.02566225454211235	-0.06535234116017818
ENST00000333602.13	-0.7532046139240265	-0.5394569933414459
ENST00000333628.4	0.8146794587373734	1.0907926857471466
ENST00000333651.11	0.33313197518388427	0.22946226348479587
ENST00000333916.8	0.49549931287765503	0.37599267065525055
ENST00000333926.6	1.6776561737060547	1.9010151624679565
ENST00000334047.12	0.6374285717805227	0.7856531888246536
ENST00000334121.11	0.4968283101916313	0.5030074864625931
ENST00000334126.11	-0.519190464168787	-0.6561302244663239
ENST00000334133.9	0.35615046694874763	0.08517980435863137
ENST00000334220.9	0.7574303567409515	0.9850257873535156
ENST00000334270.3	0.1289055347442627	0.12078158929944038
ENST00000334304.10	-0.7073156833648682	-0.7303205927213033
ENST00000334344.11	-0.7425955161452293	-0.6256992965936661
ENST00000334350.7	1.5844288617372513	1.5112494379281998
ENST00000334398.8	0.5725217759609222	0.3283233493566513
ENST00000334463.4	0.06361027651776871	-0.13047125687201816
ENST00000334464.7	-0.5186646580696106	-0.6802783012390137
ENST00000334512.10	-0.3485241035620371	-0.20421396816770235
ENST00000334534.10	0.1922897957265377	0.05556426686234772
ENST00000334660.10	1.1513354778289795	0.9599847495555878
ENST00000334690.11	0.0065911212004721165	0.014481539217134317
ENST00000334696.10	0.026247737618784107	0.11628897177676359
ENST00000334705.12	-0.24805890396237373	-0.4356129467487335
ENST00000334731.7	0.9582316279411316	0.6683975756168365
ENST00000334785.11	0.07121052220463753	0.4491605758666992
ENST00000334801.7	-0.4876386672258377	-0.12863989484806856
ENST00000334828.6	1.3059783776601157	1.481277346611023
ENST00000334956.15	0.5127093493938446	0.8463539481163025
ENST00000334982.9	1.2471138437589009	0.9433062076568604
ENST00000335016.9	-0.6168731302022934	-0.5468178987503052
ENST00000335099.8	-0.169014892327444	-0.32189861436684925
ENST00000335181.10	0.8671419024467468	0.6781158745288849
ENST00000335209.12	0.5676371306180954	0.44983451068401337
ENST00000335272.10	0.887983039021492	0.9762392044067383
ENST00000335327.6	-0.3635116219520569	-0.31172072887420654
ENST00000335420.10	0.27370405495166783	0.3276945248246193
ENST00000335508.11	0.4076087772846222	0.4880961626768112
ENST00000335514.10	1.608446458975474	1.4080352981885276
ENST00000335754.8	0.3292047083377838	0.0060761780478060246
ENST00000335757.10	0.18875955790281296	0.2619176506996155
ENST00000335765.9	0.09966706112027168	-0.1469971016049385
ENST00000335783.4	0.4988028220832348	0.6989362984895706
ENST00000335968.8	-0.32562860349814093	0.3365927115082741
ENST00000335999.7	-0.8337531089782715	-0.9547295868396759
ENST00000336023.9	1.100699543952942	1.200089693069458
ENST00000336138.4	0.7013406231999397	0.5823073089122772
ENST00000336180.7	-0.5711274842421213	-0.6103805204232533
ENST00000336273.8	-0.029525045305490494	0.14396915584802628
ENST00000336278.8	0.3635396510362625	0.3190327659249306
ENST00000336292.11	-0.12334649078547955	0.13204051430026692
ENST00000336294.10	-0.0677110068500042	-0.28939221799373627
ENST00000336349.6	0.29120656102895737	0.3830138221383095
ENST00000336418.9	1.1804797550042472	1.2746943831443787
ENST00000336576.9	-0.11835653459032378	-0.027718972259511553
ENST00000336592.11	0.3086424618959427	0.497433140873909
ENST00000336615.9	0.1884201169013977	-0.02033209055662155
ENST00000336735.9	0.5443386733531952	0.7898651659488678
ENST00000336767.6	0.545523429910342	0.8013340334097545
ENST00000336783.8	-0.2139238454401493	-0.24735313653945923
ENST00000336812.5	0.5150364860892296	0.3695203587412834
ENST00000336854.8	0.7875176519155502	0.5147394686937332
ENST00000336926.11	0.15855061262845993	0.35107046365737915
ENST00000337109.9	0.9848573207855225	1.2595139741897583
ENST00000337137.9	-0.30592806388934457	-0.030200149243076645
ENST00000337227.9	0.8274231553077698	0.7583155855536461
ENST00000337231.5	-0.5130797326564789	-0.6851709932088852
ENST00000337233.8	-0.21595862259467444	-0.27592701464891434
ENST00000337288.9	-0.20468500442802906	-0.3079252615571022
ENST00000337488.11	0.5633636713027954	0.2794540971517563
ENST00000337491.7	0.4174230396747589	0.33066709339618683
ENST00000337537.8	-0.07263729348778725	0.6925930231809616
ENST00000337702.5	1.069585919380188	0.6817717105150223
ENST00000337743.9	0.028362590509156384	-0.10288865678012371
ENST00000337859.11	0.9874985714753469	0.7867286503314972
ENST00000337975.6	0.22795778885483742	0.10348569415509701
ENST00000338034.9	0.11898375612994036	-0.06347873931129773
ENST00000338037.11	-0.41712523251771927	-0.3321579620242119
ENST00000338045.7	0.4022536277770996	0.6980622112751007
ENST00000338134.8	0.12959304451942444	0.2978500872850418
ENST00000338179.6	0.43832162022590637	0.5398031175136566
ENST00000338193.11	0.5693431496620178	0.5297734886407852
ENST00000338222.6	0.46505923196673393	0.6578230708837509
ENST00000338380.2	1.1834619641304016	1.2407698035240173
ENST00000338399.9	0.5101512931287289	0.37047672271728516
ENST00000338415.8	0.43073999881744385	0.5842941105365753
ENST00000338448.10	0.16680247709155083	0.4450073490540187
ENST00000338492.9	0.6779513955116272	0.4974803626537323
ENST00000338560.12	0.05397867411375046	-0.07002747532290718
ENST00000338625.9	0.026694998145103455	-0.013532559387385845
ENST00000338663.11	0.3825388550758362	0.8558141887187958
ENST00000338702.3	0.8899824917316437	0.47826532274484634
ENST00000338728.10	-0.21150889992713928	-0.23431484401226044
ENST00000338758.11	0.39479532837867737	0.9271777868270874
ENST00000338825.5	1.082246055205663	1.1817227005958557
ENST00000339157.10	-0.5628608862559001	-0.2946018601457278
ENST00000339276.6	1.1463207826018333	1.3686404079198837
ENST00000339364.10	-0.5398679077625275	-0.5244411528110504
ENST00000339365.2	-0.2739136070013046	0.25706376135349274
ENST00000339397.5	0.64531928896904	0.360637030005455
ENST00000339399.5	1.1777634024620056	1.442886769771576
ENST00000339600.6	1.5725448429584503	1.774812251329422
ENST00000339697.5	0.67605359852314	0.8505985289812088
ENST00000340020.11	-0.11662830132991076	-0.277659734711051
ENST00000340067.4	0.7418544888496399	0.5300309111674626
ENST00000340093.8	0.5128287300467491	0.612425409257412
ENST00000340096.11	0.10645971447229385	-0.19053293019533157
ENST00000340124.9	0.03462096257135272	0.3042201967909932
ENST00000340126.9	-0.30380503460764885	0.10517122161885104
ENST00000340253.10	0.03690747357904911	0.05540032498538494
ENST00000340258.10	0.07677114196121693	-0.16126571595668793
ENST00000340281.9	0.4450567960739136	0.5934669077396393
ENST00000340356.9	0.41443950682878494	0.4941917732357979
ENST00000340381.11	0.02729300813128551	0.12935502578814825
ENST00000340384.5	0.7904443889856339	1.1839880645275116
ENST00000340385.6	1.2568131983280182	1.2842998504638672
ENST00000340413.7	0.6032045781612396	0.42333967983722687
ENST00000340438.6	0.6193772926926613	0.6950826272368431
ENST00000340473.8	0.697976291179657	0.7510189414024353
ENST00000340578.10	0.40958938002586365	0.4992258846759796
ENST00000340607.5	0.9914896041154861	1.2110312283039093
ENST00000340611.9	-0.18181570246815681	-0.026752523495815694
ENST00000340648.6	-0.520270049571991	-0.3639722317457199
ENST00000340736.10	-0.6485212743282318	-0.5915436744689941
ENST00000340748.8	-0.16448409110307693	-0.16397789865732193
ENST00000340766.9	0.605566993355751	0.9215157777070999
ENST00000340811.9	0.11598026473075151	0.009010463953018188
ENST00000340852.9	0.7419427633285522	0.8929897397756577
ENST00000340855.11	0.10717592823008697	0.2339984882467737
ENST00000340934.10	0.5004262750347455	0.7537465294202168
ENST00000340941.11	0.8244526386260986	0.43277350068092346
ENST00000341049.7	1.5022245645523071	1.6412054300308228
ENST00000341068.8	-0.6026241704821587	-0.4179409146308899
ENST00000341119.10	0.3390859762827555	0.03693091000119845
ENST00000341170.5	0.04162873700261116	0.1380924042314291
ENST00000341197.9	0.11708800494670868	0.07948813028633595
ENST00000341247.8	0.19937259703874588	0.22088434547185898
ENST00000341259.7	-0.7411088049411774	-0.7719544172286987
ENST00000341460.6	-0.15470412571448833	-0.3714502230286598
ENST00000341567.8	-0.13533958916862804	0.028643595675627388
ENST00000341772.5	0.2741870880126953	0.3792572617530823
ENST00000341864.6	0.9731341898441315	0.6503107249736786
ENST00000341928.6	-0.17232026755809782	0.062353688105940816
ENST00000342016.8	0.276081311915602	0.2297397573877658
ENST00000342166.10	1.5055525302886963	1.342872977256775
ENST00000342192.9	1.269525170326233	1.4075957536697388
ENST00000342206.10	0.2966587208211422	0.18976053781807423
ENST00000342232.5	0.22975445911288261	0.1705104000866413
ENST00000342245.9	-0.4106493145227432	-0.18302473270644742
ENST00000342480.7	0.184607096016407	0.369065348058939
ENST00000342679.9	0.4671162962913513	0.3645979166030884
ENST00000342694.6	0.04173777485266328	0.03638762321012716
ENST00000342784.7	-0.43101269006729126	-0.5002575218677521
ENST00000342932.8	0.5936627139647801	0.6084601531426113
ENST00000343028.9	-0.32504478096961975	-0.4053720533847809
ENST00000343053.5	-0.4309377074241638	-0.2933785319328308
ENST00000343218.10	0.6548488512635231	0.6733743399381638
ENST00000343262.9	1.0013536214828491	1.2336572408676147
ENST00000343307.5	0.3952818065881729	0.41751789301633835
ENST00000343411.8	-0.6366544365882874	-0.5177047848701477
ENST00000343484.10	0.5747843980789185	0.282174289226532
ENST00000343526.9	-0.10614093020558357	0.1479821279644966
ENST00000343537.12	0.2010379508137703	-0.22549346927553415
ENST00000343575.10	1.4993136525154114	1.6932765245437622
ENST00000343629.11	0.3678845018148422	0.22503773868083954
ENST00000343744.6	0.3631776422262192	0.11455660592764616
ENST00000343813.10	-0.011032577293614548	-0.07705281861126423
ENST00000343938.9	0.09304019622504711	0.24816074315458536
ENST00000343979.6	-0.2498992532491684	-0.12591586634516716
ENST00000344034.5	0.8131106396516165	0.5357900410890579
ENST00000344051.8	0.03613636828958988	0.4775276631116867
ENST00000344099.4	-0.5607182681560516	-0.4799437187612057
ENST00000344111.4	1.498848330974579	1.456703770160675
ENST00000344293.6	-0.4712607810894648	-0.5052713255087535
ENST00000344318.4	0.9503268301486969	0.7323392927646637
ENST00000344337.11	0.7105906009674072	0.8111415579915047
ENST00000344366.7	0.6618329584598541	0.6448656916618347
ENST00000344420.10	0.507941981156667	0.5989496906598409
ENST00000344517.5	0.28596802055835724	0.22050794959068298
ENST00000344537.10	0.37486736848950386	0.237173642963171
ENST00000344595.10	0.9620566070079803	0.3792760670185089
ENST00000344641.8	0.9514391422271729	0.9991789758205414
ENST00000344726.9	1.5662810802459717	1.7505734860897064
ENST00000344733.9	-0.7712900241216023	-0.9639828205108643
ENST00000344762.6	-0.09883875834445158	-0.004633728647604585
ENST00000344843.12	0.7871107012033463	0.6455897688865662
ENST00000344887.10	1.004512906074524	0.9423686563968658
ENST00000345057.9	0.2935417592525482	0.31930719316005707
ENST00000345317.7	0.9756820648908615	0.7143051326274872
ENST00000345330.9	0.9411679953336716	1.2774995565414429
ENST00000345617.7	-0.7194021642208099	-0.6485196650028229
ENST00000346183.8	-0.49480054527521133	-0.48663417994976044
ENST00000346234.7	1.4379227360089621	0.8095819850762684
ENST00000346416.7	0.1033693365752697	-0.09987759962677956
ENST00000346436.11	0.3465830683708191	0.06117786839604378
ENST00000346618.8	0.3494279086589813	0.4069681763648987
ENST00000346798.8	1.0341764092445374	0.7804480791091919
ENST00000347230.9	-0.7376351952552795	-0.7152630388736725
ENST00000347708.5	0.16898494586348534	0.4288227781653404
ENST00000348035.9	1.517286777496338	1.2162739038467407
ENST00000348165.10	-0.7901056706905365	-0.6707339435815811
ENST00000348227.4	0.916049987077713	0.2285647913813591
ENST00000348335.7	0.17942693829536438	-0.2638363093137741
ENST00000348367.9	-0.26594516138235724	-0.4204359253247579
ENST00000348459.10	0.12607347965240479	0.15680237859487534
ENST00000348462.6	1.5794009089469911	1.877878224849701
ENST00000348513.12	0.949254110455513	0.8520717322826385
ENST00000348547.6	0.4320896789431572	0.37644874304533005
ENST00000348849.8	0.5332173705101013	0.5585917681455612
ENST00000348956.7	0.7412064373493195	1.505184292793274
ENST00000349004.6	0.6457796345154445	0.5509411295255026
ENST00000349048.9	0.1602240949869156	0.31757156550884247
ENST00000349129.6	-0.7632759809494019	-0.5796477347612381
ENST00000349139.6	0.3761383046706518	0.49741021295388543
ENST00000349215.8	-0.2690260596573353	-0.4127693871657054
ENST00000349485.9	0.19239451363682747	0.33835364878177643
ENST00000349533.11	-0.5155136833588282	-0.6676463782787323
ENST00000349598.6	0.25085241720080376	0.2550934739410877
ENST00000349703.7	0.10543030127882957	-0.0958806462585926
ENST00000349780.9	-0.07377753406763077	-0.4389473795890808
ENST00000349995.10	-0.10168735310435295	0.15172690525650978
ENST00000350028.5	0.32444413006305695	0.34525395929813385
ENST00000350148.9	0.37921029329299927	-0.27573858201503754
ENST00000350320.10	0.9520053416490555	0.8423545807600021
ENST00000350498.8	0.625684916973114	1.002086192369461
ENST00000350690.10	-0.0459859948605299	0.01027129078283906
ENST00000350697.8	0.6226183623075485	0.7800316512584686
ENST00000350721.9	-0.3284601792693138	-0.06811988167464733
ENST00000350997.12	-0.13698590671022734	0.3676593055327733
ENST00000351017.8	-0.5136370658874512	-0.5054852738976479
ENST00000351486.9	0.743128736813863	0.4508557468652725
ENST00000351698.5	0.681280255317688	0.61415646225214
ENST00000351808.9	0.6677648425102234	0.2906792238354683
ENST00000352251.8	0.09967807494103909	-0.1657483517192304
ENST00000352410.9	0.713580995798111	0.6843011900782585
ENST00000352645.5	-0.39299849420785904	-0.6526039093732834
ENST00000352983.7	1.605073630809784	1.6282443404197693
ENST00000353107.8	1.62705460190773	1.4994482100009918
ENST00000353172.6	0.6784486398100853	0.5568121075630188
ENST00000353234.5	-0.0389182148501277	-0.2371291642387708
ENST00000353258.8	0.31795502454042435	0.10606213783224423
ENST00000353265.8	-0.10040650935843587	-0.07931373151950538
ENST00000353341.8	1.0413395315408707	1.1227666437625885
ENST00000353379.12	0.3644504100084305	0.4139721095561981
ENST00000353383.6	-0.8678545256455739	-0.9984357754389446
ENST00000353442.10	-0.055795991948495306	-0.07805204764008522
ENST00000354161.8	-0.15900501981377602	-0.0627256240695715
ENST00000354185.9	0.4450121745467186	0.7722731605172157
ENST00000354193.5	0.9965343574682872	0.9179521004358928
ENST00000354221.5	0.5620389183362324	0.2090649977326393
ENST00000354268.8	0.19522147811949253	0.15334114525467157
ENST00000354287.5	0.22409441322088242	0.4760601669549942
ENST00000354293.9	-0.0963479739924272	0.29493509729703266
ENST00000354300.5	0.4530317261815071	0.16630957555025816
ENST00000354449.7	0.3934410661458969	0.24300476163625717
ENST00000354464.11	-0.13803336769342422	0.14605924487113953
ENST00000354475.5	0.19900582482417423	0.03698397567495704
ENST00000354488.8	0.48338181525468826	0.5866339951753616
ENST00000354567.7	0.44362741336226463	0.39698415622115135
ENST00000354570.7	0.05327071947976947	0.4438655897974968
ENST00000354611.9	0.6797256171703339	0.6902390718460083
ENST00000354619.10	-0.011808265000581741	0.6006762534379959
ENST00000354666.4	0.831426665186882	0.8153006285429001
ENST00000354694.12	0.5900717377662659	0.4631573036313057
ENST00000354700.10	-0.22284056013450027	-0.30199308320879936
ENST00000354724.8	0.9019811153411865	0.5391781628131866
ENST00000354725.8	0.3795098289847374	0.7814338505268097
ENST00000354775.4	0.6515976935625076	0.24382047355175018
ENST00000354817.8	0.6099079847335815	0.7314412593841553
ENST00000354831.11	-0.06778167933225632	-0.24859321117401123
ENST00000354862.4	0.34374676148096717	0.0403612582013011
ENST00000354926.9	0.6552241345246632	0.577608476082484
ENST00000354981.6	0.31945404037833214	-0.05387216620147228
ENST00000355112.8	-0.2008693665266037	-0.07959781587123871
ENST00000355119.8	0.2990003973245621	0.38796059787273407
ENST00000355221.7	0.49657879769802094	0.713251106441021
ENST00000355280.11	-0.600218653678894	-0.5056662932038307
ENST00000355286.12	0.11682956060394645	0.19727230072021484
ENST00000355295.5	-0.19084285013377666	-0.1760579701513052
ENST00000355315.8	1.6366711258888245	1.2872689366340637
ENST00000355327.7	0.2690042704343796	0.3947441577911377
ENST00000355431.8	0.10782206493119398	0.0862116296775639
ENST00000355451.8	0.8126163333654404	0.8339217603206635
ENST00000355520.6	0.23485586543877918	0.009379023996492227
ENST00000355528.9	-0.045735607855021954	0.07200785260647535
ENST00000355610.9	0.22320079151540995	-0.24137022097905478
ENST00000355619.10	-0.31011576391756535	-0.23970201032352634
ENST00000355624.8	-0.3725718483328819	-0.13632269017398357
ENST00000355653.8	0.8190855085849762	0.7902760207653046
ENST00000355673.8	-0.8534620106220245	-0.9778135418891907
ENST00000355689.6	0.628646194934845	0.6522187888622284
ENST00000355697.7	-0.28958511317614466	-0.3254374349489808
ENST00000355703.3	-0.8705198913812637	-0.9698659181594849
ENST00000355765.11	0.02429700270295143	0.20409417897462845
ENST00000355773.6	-0.22284261137247086	0.1538509801030159
ENST00000355857.7	1.5996204167604446	1.9277802556753159
ENST00000355893.11	0.8988269964853923	0.9892617662747701
ENST00000355898.6	0.059635285288095474	-0.2143036276102066
ENST00000355904.9	0.662527360022068	0.7147414535284042
ENST00000355943.8	0.36632477988799417	0.3318610141674677
ENST00000355999.5	0.5081481546163559	0.4022519052028656
ENST00000356063.9	-0.19596777856349945	-0.2714639902114868
ENST00000356126.8	0.735009029507637	1.0184151828289032
ENST00000356136.8	-0.14299584925174713	-0.42361317574977875
ENST00000356183.9	-0.191868394613266	-0.32738279551267624
ENST00000356189.6	1.5921378254890444	1.798748743534088
ENST00000356231.4	-0.30794419844945276	-0.3083086808522542
ENST00000356260.10	0.5125189324220021	0.5649996995925903
ENST00000356264.7	0.43097884456316626	0.4711405485868454
ENST00000356321.4	-0.4646073430776596	-0.7014139890670776
ENST00000356341.8	0.7217914164066315	0.4610015004873276
ENST00000356454.5	-0.4156089574098587	-0.698413610458374
ENST00000356455.9	1.5478867292404175	1.3349361419677734
ENST00000356467.4	0.8209536969661713	0.7107604642709097
ENST00000356487.11	0.8293624222278595	1.0224107652902603
ENST00000356493.10	0.6692432202398777	0.5774010345339775
ENST00000356537.9	1.2588177919387817	1.1829782724380493
ENST00000356554.7	-0.1671888654430707	0.08233383577317
ENST00000356575.9	-0.4782561808824539	-0.2007335051894188
ENST00000356692.10	0.6051722317934036	0.8458611071109772
ENST00000356713.5	0.05150264024268836	0.010383172892034054
ENST00000356763.8	-0.0297664494428318	-0.22422554530203342
ENST00000356805.9	-0.236894188177151	0.06145131587982178
ENST00000356824.9	0.6292258054018021	0.5069073662161827
ENST00000356839.10	0.42035286873579025	0.5482543706893921
ENST00000356847.8	-0.3981640860438347	-0.07508257917379524
ENST00000356924.9	0.1742050051689148	0.15552222728729248
ENST00000356940.11	1.2463496923446655	0.9897201955318451
ENST00000356970.6	0.8313183784484863	0.7699022889137268
ENST00000356971.3	-0.42036228626966476	-0.5137038379907608
ENST00000357037.6	0.8496763308842977	0.4998573611179988
ENST00000357081.7	-0.21346966549754143	-0.6347367167472839
ENST00000357085.5	0.15988196060061455	0.13160120695829391
ENST00000357103.5	0.1856921650469303	0.3364567756652832
ENST00000357137.9	0.7001283019781113	0.5366065899531047
ENST00000357156.6	1.6344689726829529	1.509846419095993
ENST00000357164.4	0.9293007701635361	1.6013214588165283
ENST00000357182.9	-0.7876405417919159	-0.399485781788826
ENST00000357214.6	0.3631378933787346	0.8268509358167648
ENST00000357348.9	0.8970219939947128	0.655058741569519
ENST00000357360.4	0.9039576749006908	0.7428499162197113
ENST00000357387.8	-0.12039227690547705	-0.1922425851225853
ENST00000357460.7	-0.17063069265956682	-0.09624687818965563
ENST00000357500.5	0.8756685554981232	0.8940494954586029
ENST00000357503.3	-0.31916111148893833	0.07328511588275433
ENST00000357519.9	0.4872952103614807	0.43547312915325165
ENST00000357578.8	0.45486979000270367	0.3649823982268572
ENST00000357606.7	-0.29342714200417197	-0.22235677639643353
ENST00000357641.10	-0.8329101502895355	-0.842736154794693
ENST00000357654.9	-0.3609984815120697	-0.33101189136505127
ENST00000357749.7	0.16400186717510223	0.33493439853191376
ENST00000357765.6	0.4496889263391495	0.5698704421520233
ENST00000357785.9	0.25752224028110504	0.18313127011060715
ENST00000357799.9	-0.07003259798511863	-0.30941933393478394
ENST00000357849.9	0.6565368473529816	0.9611785411834717
ENST00000358007.7	0.7450488209724426	0.7182732671499252
ENST00000358015.8	0.02986702332661177	0.643071452776591
ENST00000358022.4	0.6249703913927078	0.5170220658183098
ENST00000358065.4	0.28350258246064186	0.03708238550461829
ENST00000358102.8	-0.009290445013903081	-0.025650984297196068
ENST00000358130.7	1.1454091668128967	1.2283067107200623
ENST00000358149.8	0.4902729019522667	0.3164488226175308
ENST00000358154.8	-0.2718731500208378	-0.31993094086647034
ENST00000358173.8	-0.34458474069833755	-0.42502859234809875
ENST00000358196.8	0.4729294776916504	0.5444177389144897
ENST00000358201.9	-0.11276250705122948	-0.040739601477980614
ENST00000358204.9	0.7600613981485367	0.6203345954418182
ENST00000358227.5	1.504382848739624	1.30645352602005
ENST00000358232.11	0.45833447575569153	0.2800491005182266
ENST00000358290.9	0.8150631785392761	0.5647898018360138
ENST00000358321.4	0.006346700305584818	0.3063549492508173
ENST00000358337.9	0.5181382646163305	0.5033596207698187
ENST00000358369.8	-0.6931146681308746	-0.5007195770740509
ENST00000358406.10	0.8072452247142792	0.7592070698738098
ENST00000358410.8	0.03309323824942112	-0.04814129089936614
ENST00000358432.8	0.06613692982743184	0.1303000884751479
ENST00000358485.8	0.5697095319628716	0.5851899981498718
ENST00000358514.9	0.8464879393577576	0.8944121897220612
ENST00000358572.10	1.0689693093299866	0.902957558631897
ENST00000358625.3	0.6447583436965942	0.5139974355697632
ENST00000358752.3	-0.05870231240987778	-0.033283109311014414
ENST00000358769.7	0.6520545929670334	0.5312288329005241
ENST00000358776.7	0.7973645329475403	0.62057214230299
ENST00000358784.11	0.5951518267393112	0.804085984826088
ENST00000358807.8	0.0015528700314462185	-0.32295598089694977
ENST00000358812.9	0.30345925192038214	0.22396803895632425
ENST00000358869.5	0.49562227725982666	0.35676258305708564
ENST00000358901.11	0.5807480663061142	0.7204762995243073
ENST00000358933.10	-0.33025379478931427	-0.2780921161174774
ENST00000358935.3	0.6501359939575195	0.3251355569809675
ENST00000358951.7	-0.016407029703259468	0.04927921974740457
ENST00000359039.5	0.5400850586593151	0.32499491050839424
ENST00000359062.3	0.04068292456213385	-0.13688932545483112
ENST00000359154.6	-0.03927480592392385	0.1682381071150303
ENST00000359204.5	0.6474272012710571	0.6630059778690338
ENST00000359209.11	0.31526029109954834	0.5896415213743846
ENST00000359232.8	0.05559828691184521	-0.27125973999500275
ENST00000359236.10	0.18907446460798383	0.23920664004981518
ENST00000359246.9	-0.4720088616013527	-0.6225963830947876
ENST00000359271.4	0.07400790136307478	0.029289785772562027
ENST00000359314.5	-0.01410367339849472	0.13470410834997892
ENST00000359362.6	0.7502637356519699	0.5455672889947891
ENST00000359426.6	0.4405043497681618	0.3293130099773407
ENST00000359429.11	1.380249410867691	1.0731988847255707
ENST00000359511.4	0.56150022149086	-0.05218622647225857
ENST00000359520.12	-0.4986886978149414	-0.7533912062644958
ENST00000359523.7	0.8749904036521912	0.9944807887077332
ENST00000359534.4	0.3069542683660984	0.1434131432324648
ENST00000359541.6	-0.1944483071565628	-0.35631170868873596
ENST00000359591.9	-0.6869341731071472	-0.6184017956256866
ENST00000359626.10	0.22987181786447763	-0.20246268808841705
ENST00000359655.9	0.1876458376646042	0.08730462566018105
ENST00000359678.10	0.7782055834929149	0.6954113145669302
ENST00000359856.11	1.5693997939427693	1.3328895568847656
ENST00000359943.8	0.8819187780221304	0.819697767496109
ENST00000360001.11	0.06399338953197002	0.10011973669752477
ENST00000360057.7	1.1333126425743103	0.7598171830177307
ENST00000360128.11	0.8768142089247704	1.0928691625595093
ENST00000360150.9	0.05721892022605364	0.11736264700690904
ENST00000360270.7	1.0266197174787521	0.7894079834222794
ENST00000360370.8	-0.430049329996109	-0.28821100294589996
ENST00000360403.7	0.35153577973445255	0.3530061443646749
ENST00000360416.8	0.24284970480948687	0.31488081626594067
ENST00000360428.9	0.46262970194220543	0.6537229716777802
ENST00000360467.7	-0.4253038056194782	0.048586838878691196
ENST00000360472.9	1.2999970316886902	1.0900149941444397
ENST00000360476.8	0.25785239040851593	0.6018417576948802
ENST00000360534.8	0.1950855553150177	0.7181893885135651
ENST00000360538.7	-0.18612663820385933	-0.21078022941946983
ENST00000360541.10	-0.023399025900289416	0.7171033322811127
ENST00000360565.8	-0.487746462225914	-0.32371884398162365
ENST00000360578.7	1.0430829524993896	0.943759024143219
ENST00000360596.7	0.3385944962501526	0.20040566474199295
ENST00000360631.7	0.6002935357391834	0.1461957129649818
ENST00000360663.9	-0.3216820408900579	-0.055545502031842865
ENST00000360768.5	0.5871537327766418	0.4742613360285759
ENST00000360803.9	0.5618372460206349	0.8115583856900533
ENST00000360820.7	-0.3721020594239235	-0.23086905851960182
ENST00000360840.9	-0.21408716309815645	-0.05154388211667538
ENST00000360845.3	0.19129807067414123	0.016044522014757
ENST00000360864.9	0.9231531769037247	0.6928584426641464
ENST00000360909.7	-0.2863299623131752	-0.07711219880729914
ENST00000360943.10	0.3920198231935501	0.4203435480594635
ENST00000360961.11	1.2653960585594177	1.6548088192939758
ENST00000361066.7	0.5553938845793407	0.8414397537708282
ENST00000361092.9	0.7817706912755966	0.9074855744838715
ENST00000361113.10	0.22998815774917603	0.05006275326013565
ENST00000361114.10	0.5779958069324493	0.501192033290863
ENST00000361131.5	0.11012583784759045	0.13885815255343914
ENST00000361170.7	-0.04970952495932579	-0.029523680917918682
ENST00000361171.8	-0.15136923640966415	-0.37373027205467224
ENST00000361175.8	0.5795211136341094	0.5828260183334351
ENST00000361183.8	1.006965957581997	1.1758543103933334
ENST00000361204.9	-0.735230565071106	-0.6965813040733337
ENST00000361217.9	-0.8117602169513702	-0.955797662337621
ENST00000361228.5	0.7392064705491066	0.3074914179742336
ENST00000361246.7	-0.8310583531856537	-0.8239116966724396
ENST00000361264.9	-0.22099127620458603	-0.3192990943789482
ENST00000361271.8	-0.11663852841593325	0.5083805657923222
ENST00000361272.9	0.3573506101965904	0.45550337433815
ENST00000361288.9	0.9907096922397614	0.8396998941898346
ENST00000361297.7	-0.7332852408289909	-1.001755140721798
ENST00000361309.5	0.23696944005787374	0.6435103297233582
ENST00000361311.4	0.2605982820192973	0.35394186774889624
ENST00000361314.5	0.9012744426727295	0.9711170693238577
ENST00000361337.3	0.8796934485435486	0.7077260514100393
ENST00000361383.11	0.8604749292135239	0.6080933064222336
ENST00000361413.8	-0.506495843331019	-0.8058223724365234
ENST00000361421.2	0.29968081414699554	0.38169119507074356
ENST00000361428.3	-0.605781043569247	-0.6269870152076085
ENST00000361432.3	0.8549259603023529	0.5528185665607452
ENST00000361436.10	1.5466522872447968	1.5924817025661469
ENST00000361439.9	0.12497279047966003	0.011980946641415358
ENST00000361441.5	0.8971142023801804	0.6040439940989017
ENST00000361445.9	0.10528764873743057	-0.10297269932925701
ENST00000361475.7	0.2700839738051097	0.5233978927135468
ENST00000361479.10	0.499536986152331	0.1575927423934142
ENST00000361488.7	-0.060822632163763046	-0.30123865604400635
ENST00000361518.10	-0.09604276965061824	-0.04050933908244284
ENST00000361573.2	0.316053082048893	0.5553763508796692
ENST00000361575.4	1.6650173664093018	1.7978207468986511
ENST00000361603.7	0.4516267478466034	0.34798215329647064
ENST00000361605.4	0.4884784370660782	0.30434809625148773
ENST00000361648.6	0.25182514637708664	0.08543852670118213
ENST00000361671.10	0.30815356969833374	0.2978648245334625
ENST00000361673.4	-0.6921752095222473	-0.7573114335536957
ENST00000361722.7	-0.3190184384584427	-0.4414086304605007
ENST00000361735.4	-0.152782041967536	-0.16332690169413885
ENST00000361804.5	0.25102509558200836	0.5595457851886749
ENST00000361822.8	0.44912397861480713	0.2497837021946907
ENST00000361840.8	1.0338394244511921	0.5108822931845982
ENST00000361891.9	0.7187943756580353	0.9472234050432841
ENST00000361908.8	-0.16775251630072793	0.014740597961160045
ENST00000361927.9	0.5131910219788551	0.5532331317663193
ENST00000361983.7	0.583145797252655	0.39382001012563705
ENST00000362011.7	0.00010387328802607954	0.4974753111600876
ENST00000362031.10	0.47811946412548423	0.5326413922011852
ENST00000362034.7	0.7160840332508087	0.9240731100241344
ENST00000362091.8	-0.36385853588581085	-0.3404860496520996
ENST00000366472.6	-0.04256309196352959	0.04468834213912487
ENST00000366513.9	-0.4045058637857437	-0.3304734528064728
ENST00000366514.5	0.046260137343779206	0.32713645696640015
ENST00000366535.4	0.9738722046216329	0.7318318287531534
ENST00000366553.2	-0.15645485697314143	-0.01395499159116298
ENST00000366560.4	1.113718549410502	0.7237904270490011
ENST00000366582.8	-0.10728288069367409	0.3239779621362686
ENST00000366607.5	1.2927263677120209	1.0123574882745743
ENST00000366609.3	-0.002599847735837102	0.07511861342936754
ENST00000366621.8	0.5634842216968536	0.3274341821670532
ENST00000366624.8	-0.7066723480820656	-0.8527585417032242
ENST00000366628.10	0.9029805064201355	0.5143305659294128
ENST00000366630.5	-0.707922528187434	-0.9709798594315847
ENST00000366639.9	0.9242177456617355	0.7717345952987671
ENST00000366641.4	0.07890186831355095	-0.3939165621995926
ENST00000366645.1	0.35427056749661767	0.3606122483809789
ENST00000366647.9	-0.09883924201130867	-0.3215498775243759
ENST00000366651.7	0.7610703706741333	0.48173849284648895
ENST00000366654.5	0.24620140227489173	0.15972902299836278
ENST00000366661.9	0.2910950928926468	0.22975940257310867
ENST00000366667.5	0.529241293668747	0.5737227350473404
ENST00000366672.5	0.3613681495189667	0.6320682317018509
ENST00000366690.5	0.7207420319318771	0.44243382662534714
ENST00000366794.10	0.5799032151699066	0.6192768812179565
ENST00000366812.6	0.402330681681633	0.6263445764780045
ENST00000366835.8	-0.03492960054427385	-0.04886522237211466
ENST00000366910.10	0.40915416181087494	0.23197131976485252
ENST00000366913.8	0.5791897550225258	0.429733969271183
ENST00000366922.3	-0.27964500337839127	-0.20128898788243532
ENST00000366923.8	0.2584913671016693	0.48930586874485016
ENST00000366932.4	1.2828347086906433	0.8808937768141429
ENST00000366933.5	0.5267790332436562	0.47160161286592484
ENST00000366957.10	0.23600109107792377	-0.09264861512929201
ENST00000366971.9	0.2619588077068329	0.4503883669773738
ENST00000366988.5	0.642140120267868	0.6825059056282043
ENST00000366997.9	-0.14707983991441628	-0.10860203563546142
ENST00000367001.5	0.35810020565986633	0.21243423968553543
ENST00000367029.5	1.2840510606765747	1.2715035676956177
ENST00000367034.5	0.677898516257604	0.7299743195374806
ENST00000367048.5	0.9546622894704342	0.6298657767474651
ENST00000367089.8	1.6111232787370682	1.6171298176050186
ENST00000367103.4	-0.2913268692791462	-0.43086771170298255
ENST00000367142.5	1.0122176557779312	0.9434364885091782
ENST00000367145.4	-0.046644316986203194	-0.16925326734781265
ENST00000367157.6	0.1921638548374176	-0.13141003996133804
ENST00000367182.8	0.1668204590678215	-0.15604893118143082
ENST00000367188.5	0.03607629123143852	0.07609560713171959
ENST00000367249.9	0.7081041485071182	0.9850958287715912
ENST00000367261.8	0.43995535373687744	0.22467268258333206
ENST00000367262.4	1.5305847525596619	0.8806006213029225
ENST00000367265.9	-0.025800722651183605	-0.13101554475724697
ENST00000367294.4	0.4728463515639305	0.31533023715019226
ENST00000367311.5	0.37458091974258423	0.6334860026836395
ENST00000367352.3	-0.3457142561674118	-0.23849131911993027
ENST00000367405.4	-0.008731399080716074	-0.18830116838216782
ENST00000367429.9	-0.4010460302233696	0.584695428609848
ENST00000367435.5	0.6400388665497303	0.6222746819257736
ENST00000367439.7	1.097024142742157	0.7638330459594727
ENST00000367463.5	-0.34949154034256935	-0.5436482429504395
ENST00000367466.4	0.30458327755331993	0.07676343061029911
ENST00000367467.8	-0.7749576369921367	-0.8136516610781351
ENST00000367468.10	0.546824899315834	0.8438423097133636
ENST00000367478.9	-0.055198136367835104	0.23105912655591965
ENST00000367481.7	-0.4542235918343067	-0.3753875605762005
ENST00000367495.4	0.49102233350276947	0.4080171436071396
ENST00000367498.8	0.4068814903497696	-0.02522286670282483
ENST00000367506.10	0.10674721375107765	0.11620128527283669
ENST00000367510.8	0.5491106708844503	0.4394917686780294
ENST00000367519.9	0.18221492320299149	0.14939561299979687
ENST00000367549.4	0.3178820386528969	0.11406897369306535
ENST00000367559.7	0.19746973365545273	0.2730611115694046
ENST00000367569.4	1.5879652500152588	1.9074072241783142
ENST00000367576.6	0.56612828373909	0.42426279187202454
ENST00000367590.9	-0.14505438320338726	-0.10608516586944461
ENST00000367591.5	0.4333139918744564	0.6858393624424934
ENST00000367602.8	0.2946167290210724	0.5386992394924164
ENST00000367619.8	0.4410664141178131	0.43357614427804947
ENST00000367627.8	-0.37468018382787704	-0.17354119662195444
ENST00000367635.7	-0.3480122238397598	-0.5063629597425461
ENST00000367649.7	-0.15294100949540734	-0.2629668042063713
ENST00000367660.4	1.6467891931533813	1.4614784717559814
ENST00000367669.8	-0.25078650936484337	-0.2816834822297096
ENST00000367679.7	1.0789781212806702	1.2474685311317444
ENST00000367731.5	0.36681511998176575	0.4940647706389427
ENST00000367739.9	0.38777658343315125	0.35229699313640594
ENST00000367749.4	0.1884879544377327	0.28888870775699615
ENST00000367763.7	0.40634919703006744	0.20284254103899002
ENST00000367808.8	-0.02595477446448058	0.020074488129466772
ENST00000367811.8	0.5066111534833908	0.3524240106344223
ENST00000367816.5	0.7761717736721039	1.2245742678642273
ENST00000367833.7	0.8018699288368225	0.7672956883907318
ENST00000367837.10	0.5677392184734344	0.2745905742049217
ENST00000367874.5	0.7608091235160828	0.20118684694170952
ENST00000367879.9	0.7996758073568344	0.8272625207901001
ENST00000367889.8	1.614563226699829	1.5995128750801086
ENST00000367922.7	-0.03106866031885147	-0.09896550141274929
ENST00000367924.1	0.7775683254003525	0.5663608014583588
ENST00000367942.4	0.19756148383021355	0.5211477279663086
ENST00000367963.8	-0.04609053333600362	0.04839167526612679
ENST00000367975.7	1.432101547718048	1.481338083744049
ENST00000367976.4	0.6408112943172455	0.83316570520401
ENST00000367988.8	-0.26994883020718896	-0.3763061960538229
ENST00000367993.7	0.5093864798545837	0.4697777256369591
ENST00000367999.9	0.131131503963843	0.267077649012208
ENST00000368003.6	1.264634221792221	1.0793026685714722
ENST00000368061.3	0.34299221634864807	0.11858236417174339
ENST00000368072.9	0.7498344779014587	0.7405809909105301
ENST00000368090.5	0.14868178474716842	0.25440574809908867
ENST00000368097.9	1.2550028562545776	1.3146618008613586
ENST00000368128.6	0.03607500344514847	0.28716738273700076
ENST00000368149.3	0.44236235320568085	0.12870321236550808
ENST00000368192.9	0.2672339677810669	0.19995419010519982
ENST00000368211.8	0.7169547080993652	0.8571539223194122
ENST00000368223.4	-0.23916231095790863	-0.03355309320613742
ENST00000368235.8	0.27007488161325455	0.3873177468776703
ENST00000368300.9	0.39330271631479263	0.5837248961130778
ENST00000368305.9	1.6643079121907554	1.2261972030003865
ENST00000368309.4	0.1837056577205658	0.1264975145459175
ENST00000368321.8	0.40806515514850616	0.33231739699840546
ENST00000368378.7	0.20884009636938572	0.40270984917879105
ENST00000368407.8	0.7010299861431122	0.8959819674491882
ENST00000368440.5	0.347849078476429	0.644508421421051
ENST00000368457.3	-0.14297976158559322	-0.3602181449532509
ENST00000368468.4	0.2990376278758049	0.5851256176829338
ENST00000368474.9	-0.44746699929237366	0.021521324291825294
ENST00000368491.8	-0.31843909124533337	-0.12613615719601512
ENST00000368494.4	0.27855844236910343	0.04315977345686406
ENST00000368498.7	0.7643402318159739	0.39083411792914075
ENST00000368547.4	1.0907862186431885	0.6926291957497597
ENST00000368563.6	-0.2693738440672556	-0.04275592016832282
ENST00000368576.8	-0.16967643052339554	-0.0732577033340931
ENST00000368594.8	-0.164386254735291	-0.5633307918906212
ENST00000368633.2	0.030788220465183258	0.032684880308806896
ENST00000368648.8	-0.4019789397716522	-0.2609847405304512
ENST00000368662.10	0.49939772983392083	0.46885229150454205
ENST00000368679.8	-0.4060221239924431	-0.08749958593398333
ENST00000368685.6	0.9617667396863302	0.6719552079836528
ENST00000368706.9	1.542564868927002	1.3672556281089783
ENST00000368713.8	1.480609118938446	1.4865362048149109
ENST00000368811.8	1.581087907155355	1.5441462993621826
ENST00000368814.8	0.2185620591044426	0.7437115013599396
ENST00000368836.7	0.1266975849866867	-0.0015627784305252135
ENST00000368842.10	0.9509434252977371	0.6364034563302994
ENST00000368845.6	1.0660892526308694	0.6273420850435893
ENST00000368868.10	0.6205106899142265	0.9225281625986099
ENST00000368874.8	-0.4790866474310557	-0.4285847097635269
ENST00000368884.8	1.320797105630239	0.981654942035675
ENST00000368885.8	0.7684810534119606	0.695408932864666
ENST00000368908.10	0.4429154619574547	0.3383752182126045
ENST00000368911.8	-0.026746738760266453	0.3656991794705391
ENST00000368918.8	0.35038348436355593	0.13439574190415443
ENST00000368921.5	1.6221441179513931	0.9861191734671593
ENST00000368926.6	0.47785519560178125	0.6135685245196025
ENST00000368932.5	0.20343180000782013	0.5270548760890961
ENST00000368977.9	0.48694778978824615	0.5317296584447224
ENST00000368984.8	0.870301753282547	0.47269757091999054
ENST00000368985.8	0.8364642709493637	1.1457643508911133
ENST00000369002.9	0.4101005643606186	0.7798479795455933
ENST00000369005.6	-0.28735127951949835	-0.18523953389376402
ENST00000369023.8	0.3113357101877531	0.37689867118994397
ENST00000369037.9	0.6673503965139389	0.4907092824578285
ENST00000369046.8	-0.17359608551487327	-0.1729535423219204
ENST00000369047.9	0.18154583126306534	0.7183761298656464
ENST00000369064.8	-0.24888936802744865	0.03397574508562684
ENST00000369076.8	0.403214193880558	0.7391304075717926
ENST00000369077.3	-0.28064335882663727	0.18932870775461197
ENST00000369085.8	0.2319196816533804	0.7020950317382812
ENST00000369093.6	0.6226580068469048	0.7365354299545288
ENST00000369103.3	0.8651898801326752	0.47373466193675995
ENST00000369124.5	-0.5527081886927288	-0.5243830035130184
ENST00000369146.8	0.36787502467632294	0.20667850971221924
ENST00000369162.7	-0.20602518133819103	-0.2785992529243231
ENST00000369244.7	-0.24287129938602448	-0.13075529411435127
ENST00000369248.9	0.15878962725400925	0.1975906863808632
ENST00000369256.6	-0.5621509179472923	-0.1487252227962017
ENST00000369258.8	-0.21430714428424835	-0.48230845481157303
ENST00000369278.5	0.5371526069939137	0.4017269089818001
ENST00000369303.9	0.24019046997030574	0.13419981797536215
ENST00000369314.2	0.853098139166832	0.8218503594398499
ENST00000369329.8	0.37282914419968927	0.18505884334445
ENST00000369415.9	-0.09355245735496283	-0.10123699046671392
ENST00000369448.4	0.6573309004306793	0.4499406491716703
ENST00000369452.9	-0.40074506402015686	-0.4242169260978699
ENST00000369454.4	0.25318851321935654	0.1622946932911873
ENST00000369466.9	0.02870104881003499	-0.05680374149233103
ENST00000369485.9	0.4718413005272547	0.4856804509957631
ENST00000369498.8	1.0805691331624985	1.0103816017508507
ENST00000369534.8	0.5544978529214859	0.36355680972337723
ENST00000369535.5	0.7450304180383682	0.9632391631603241
ENST00000369536.10	0.22755449482550222	0.41640394926071167
ENST00000369541.4	0.8827687054872513	1.0257424041628838
ENST00000369550.10	0.8060382157564163	0.9310175478458405
ENST00000369552.9	0.5545829087495804	0.8136459290981293
ENST00000369569.6	0.3281967267394066	0.11997340992093086
ENST00000369603.10	1.1110544502735138	1.0206327736377716
ENST00000369660.9	0.8696458488702774	0.6449537128210068
ENST00000369681.10	0.116522416472435	-0.0959736742079258
ENST00000369702.5	0.17604898288846016	-0.05255503463558853
ENST00000369705.4	0.8120661675930023	0.6972615718841553
ENST00000369709.3	1.2133055627346039	0.9019442796707153
ENST00000369724.5	0.5704552829265594	0.37516647577285767
ENST00000369729.7	0.640645444393158	0.677897572517395
ENST00000369755.4	-0.2288476622973879	-0.3870820701122284
ENST00000369763.5	0.1224111649983873	-0.06783084447185198
ENST00000369797.8	0.1051883616601117	0.1529506165534258
ENST00000369825.6	1.6518685817718506	1.8752593398094177
ENST00000369838.6	1.189374069372813	1.566461205482483
ENST00000369842.9	0.5235261619091034	0.6460751891136169
ENST00000369847.4	0.20600447617471218	0.10341657605022192
ENST00000369849.9	0.3586810131867727	0.6494042476018269
ENST00000369851.7	0.9691838324069977	1.183007836341858
ENST00000369864.5	-0.04307121969759464	-0.18159831315279007
ENST00000369889.5	-0.10471050813794136	-0.02762556727975607
ENST00000369893.10	0.5719251036643982	0.7521408796310425
ENST00000369902.8	0.32675573229789734	0.3716260641813278
ENST00000369905.9	0.5786493122577667	0.7185448706150055
ENST00000369937.5	0.8089871406555176	0.38630978763103485
ENST00000369939.8	0.19627639278769493	0.4264579638838768
ENST00000369966.8	-0.21563310734927654	0.011076993308961391
ENST00000369983.3	-0.3559975028038025	-0.20322313904762268
ENST00000370025.9	0.17358015291392803	0.5820784866809845
ENST00000370033.9	0.16508940234780312	0.2242123819887638
ENST00000370035.8	-0.162460807710886	-0.2270103320479393
ENST00000370056.9	-0.3705958181526512	-0.11746003665030003
ENST00000370060.7	-0.04669054443365894	0.25903595611453056
ENST00000370078.2	0.5633165538311005	0.19099219143390656
ENST00000370110.5	1.1123053431510925	1.1848301887512207
ENST00000370128.8	0.2801625430583954	-0.32348617911338806
ENST00000370179.8	1.0715745091438293	0.49384360015392303
ENST00000370192.8	0.4909130558371544	0.30311811715364456
ENST00000370205.6	0.95100403825442	0.5946349998315175
ENST00000370206.9	1.3681814670562744	0.8135858476161957
ENST00000370214.9	0.41006121039390564	0.41133975982666016
ENST00000370238.8	0.24213971942663193	0.6312443017959595
ENST00000370249.3	-0.020653889824946724	-0.06407841791709264
ENST00000370272.9	1.2612782716751099	0.9698416292667389
ENST00000370277.5	1.6060259193181992	1.373675674200058
ENST00000370282.8	1.1724363565444946	1.0384558935960133
ENST00000370298.9	0.0017210717778652906	0.06239551301769097
ENST00000370315.4	0.05327487550675869	0.45022088289260864
ENST00000370339.8	-0.2803911454975605	-0.06358850871523221
ENST00000370355.3	0.9510480066140492	0.8907674948374431
ENST00000370372.7	1.462693691253662	1.1162657141685486
ENST00000370383.5	-0.1967407564322154	-0.15391956642270088
ENST00000370396.7	0.12587565575571108	0.15741074830293655
ENST00000370397.8	-0.39596185088157654	-0.34333301708102226
ENST00000370435.5	-0.09719555359333754	-0.17952649916211766
ENST00000370440.5	-0.37630102038383484	-0.5180414021015167
ENST00000370454.9	0.17213750630617142	0.21716392785310745
ENST00000370455.8	0.476953849196434	0.7332562357187271
ENST00000370473.5	0.12745388597249985	0.5126700103282928
ENST00000370476.10	0.686776414513588	0.41900279000401497
ENST00000370481.9	-0.12341569736599922	0.4529290348291397
ENST00000370487.5	-0.010440379490319174	-0.2811853587627411
ENST00000370489.5	0.06208856077864766	-0.01653302926570177
ENST00000370495.6	-0.2700665295124054	-0.2587507516145706
ENST00000370508.7	0.7489330619573593	0.8179285526275635
ENST00000370509.5	0.8347820565104485	1.2453127056360245
ENST00000370521.8	-0.09231617581099272	-0.009183768765069544
ENST00000370544.10	1.0347998663783073	0.738229438662529
ENST00000370550.10	0.8290773779153824	0.730257511138916
ENST00000370566.7	-0.12401995675948758	-0.07122293828676143
ENST00000370574.4	0.6713668256998062	0.7233996838331223
ENST00000370575.5	0.21339600533246994	0.2718629638353983
ENST00000370630.6	0.7912412583827972	0.6926835477352142
ENST00000370664.4	-0.18148034065961838	-0.3220093734562397
ENST00000370685.7	0.5545127540826797	0.6158261299133301
ENST00000370747.9	0.2484699934720993	0.3582291305065155
ENST00000370751.10	0.6722563356161118	0.6544729173183441
ENST00000370752.4	0.06261225743219256	0.03880959947127849
ENST00000370763.6	0.5944059193134308	0.6261164546012878
ENST00000370783.8	0.2936321049928665	0.5134545192122459
ENST00000370801.8	-0.4242003709077835	-0.4664757003386815
ENST00000370818.8	0.6009762287139893	0.656268298625946
ENST00000370828.4	0.7651404738426208	1.0679054856300354
ENST00000370841.9	1.032336249947548	0.8078509569168091
ENST00000370873.9	1.2787531614303589	1.2327520251274109
ENST00000370874.2	1.3720902800559998	1.0805584788322449
ENST00000370888.6	0.1454126164317131	0.3714965581893921
ENST00000370898.7	-0.14530661515891552	0.014413319528102875
ENST00000370902.8	0.9184232205152512	0.6199188530445099
ENST00000370938.8	0.696605275074641	0.6333058476448059
ENST00000370952.4	-0.015265799243934453	0.3245754837989807
ENST00000370963.9	0.9086601734161377	1.1955080926418304
ENST00000370978.9	-0.0944987628608942	0.03277873562183231
ENST00000370982.4	1.5720530450344086	1.2502199411392212
ENST00000370995.6	0.8968728184700012	1.330643892288208
ENST00000370996.5	0.6053428053855896	0.36697570979595184
ENST00000371065.9	1.6399136185646057	1.0884385108947754
ENST00000371068.11	0.6542413830757141	0.7516538202762604
ENST00000371072.8	-0.32555538415908813	-0.34301142394542694
ENST00000371084.8	0.8565163388848305	0.9564074277877808
ENST00000371088.5	0.14376838381091755	-0.01861471202573739
ENST00000371103.8	-0.07391326874494553	-0.02537446639810999
ENST00000371113.9	0.12766788667067885	-0.1186342928558588
ENST00000371141.8	0.5795479267835617	0.500102236866951
ENST00000371160.5	-0.2803509111205737	0.12403883505612612
ENST00000371204.4	0.1649106666445732	0.2837950326502323
ENST00000371222.4	0.27293173782527447	0.890534520149231
ENST00000371224.7	0.43551207085450494	0.2896315107742945
ENST00000371226.8	0.2760321795940399	0.4524427354335785
ENST00000371227.8	-0.17734778299927711	-0.15260908007621765
ENST00000371244.9	0.7345590442419052	0.443946897983551
ENST00000371250.4	0.7481793761253357	0.8574173450469971
ENST00000371279.4	0.6101639680564404	0.34553635120391846
ENST00000371281.4	0.2230912148952484	0.4407197833061218
ENST00000371317.10	1.293856829404831	1.3440267741680145
ENST00000371383.7	0.5432105176150799	0.7683175355195999
ENST00000371410.5	0.39290914684534073	0.257947139441967
ENST00000371421.9	-0.04381538489833474	-0.016840701457113028
ENST00000371429.4	0.028472347650676966	0.24363547563552856
ENST00000371437.5	1.6137713392575583	1.7036936481793723
ENST00000371442.4	0.5705820024013519	0.5186569094657898
ENST00000371443.6	1.2518641551335652	1.468755066394806
ENST00000371470.8	1.6395580172538757	1.5236656069755554
ENST00000371471.6	-0.4333485960960388	-0.6458429992198944
ENST00000371477.4	0.41355742514133453	0.47313815355300903
ENST00000371485.8	0.12583767995238304	0.19732241332530975
ENST00000371514.8	0.8900405317544937	0.7523479014635086
ENST00000371522.9	0.7038531204064686	0.5522205084562302
ENST00000371527.6	0.07307352870702744	-0.1305646449327469
ENST00000371538.5	0.9412808567285538	1.0838830769062042
ENST00000371588.9	0.9280556440353394	0.5266390740871429
ENST00000371610.7	0.6297698865334194	0.5913837254047394
ENST00000371614.2	0.5033843219280243	0.3717011362314224
ENST00000371620.4	0.40354509502649305	0.40558436810970305
ENST00000371621.5	0.2739558666944504	0.2363232970237732
ENST00000371626.9	1.4987208545207977	1.2666886448860168
ENST00000371697.3	0.6349473595619202	0.10626301914453506
ENST00000371703.7	0.10012679174542427	0.0194755420088768
ENST00000371712.4	-0.49918895959854126	-0.8581501543521881
ENST00000371733.8	0.10381604637950659	-0.014592289924621582
ENST00000371738.4	0.517043799161911	0.47856834530830383
ENST00000371785.5	-0.20650210231542587	-0.23754702508449554
ENST00000371793.7	-0.43992800265550613	-0.19831888750195503
ENST00000371795.5	0.5224999040365219	0.6812171936035156
ENST00000371804.4	0.48192258179187775	0.6101328432559967
ENST00000371817.8	-0.1258515678346157	0.07492252811789513
ENST00000371856.6	0.3606893513351679	0.4507046788930893
ENST00000371873.9	0.9398128390312195	0.7506979554891586
ENST00000371941.4	-0.6982772648334503	-0.9475491344928741
ENST00000371945.9	-0.3241143226623535	-0.15268596075475216
ENST00000371984.8	-0.7197191119194031	-0.5948821306228638
ENST00000371996.9	0.1923714242875576	0.38712018728256226
ENST00000372017.4	1.6250035166740417	1.1808602809906006
ENST00000372088.8	-0.5299436151981354	-0.7271581590175629
ENST00000372090.6	0.34350642561912537	-0.08281117677688599
ENST00000372097.9	-0.1643181300411622	-0.18552618722120923
ENST00000372114.4	0.669663667678833	0.5020545423030853
ENST00000372134.6	1.0434629321098328	1.3477649986743927
ENST00000372146.5	-0.015820974484086037	0.1030792873352766
ENST00000372159.7	0.09245976898819208	0.04692333738785237
ENST00000372172.5	0.1130125131458044	-0.12421698123216629
ENST00000372195.5	-0.8010763029257457	-0.8382043540477753
ENST00000372201.5	-0.1128566637635231	-0.3321343809366226
ENST00000372224.9	0.2635069936513901	0.04581592604517937
ENST00000372232.8	0.17397286370396614	0.07256301655434072
ENST00000372257.7	-0.22657756879925728	-0.3174963506559531
ENST00000372285.8	0.4682462736964226	0.477006196975708
ENST00000372289.7	0.43782253563404083	0.3511691763997078
ENST00000372336.4	0.2110487769047419	0.31126919885476434
ENST00000372343.8	-0.4347875714302063	-0.12994198749462765
ENST00000372371.8	0.2536692386493087	0.11128923576325178
ENST00000372394.5	0.027133112773299217	-0.04158438369631767
ENST00000372396.4	0.07755574956536293	-0.16492559015750885
ENST00000372398.6	0.5498626232147217	0.7012223601341248
ENST00000372409.8	-0.6117589970429738	-0.5721018811066945
ENST00000372422.7	0.7212042063474655	0.6322562396526337
ENST00000372425.8	0.5383995026350021	0.5880618393421173
ENST00000372435.10	1.4333910048007965	1.0508028864860535
ENST00000372447.7	0.7950363457202911	0.6967750589052837
ENST00000372457.9	0.6118418723344803	0.6817539483308792
ENST00000372462.1	0.24745595455169678	0.46743202209472656
ENST00000372517.8	-0.1636812376479308	-0.26363219072421396
ENST00000372524.5	-0.10670370981097221	0.17601750791072845
ENST00000372538.8	0.28200671151280404	0.3502565771341324
ENST00000372542.5	-0.3597274969021479	-0.4295854990681013
ENST00000372546.9	0.5903321206569672	0.7615304589271545
ENST00000372548.9	-0.1867176741361618	0.0632551908493042
ENST00000372564.7	-0.03086791466921568	-0.3023805767297745
ENST00000372577.2	-0.2978064939379692	-0.22881352715194225
ENST00000372586.4	0.027823550254106523	0.227937188744545
ENST00000372592.8	-0.03597790375351906	-0.14480117615312338
ENST00000372622.8	0.33479396998882294	0.02079591783694923
ENST00000372628.5	0.6666840761899948	0.55503810942173
ENST00000372642.5	0.6165946274995804	0.42095205187797546
ENST00000372685.8	1.3794910609722137	1.2228512167930603
ENST00000372715.6	-0.01794009015429765	0.05363183456938714
ENST00000372718.8	-0.1309254840016365	0.09019822627305984
ENST00000372733.3	1.4739987254142761	1.486759513616562
ENST00000372748.8	0.2378408710161845	0.39447881591816747
ENST00000372759.4	0.6004817262291908	0.8510058522224426
ENST00000372806.8	0.6140594780445099	0.5490995049476624
ENST00000372813.4	0.31904299557209015	0.219609797000885
ENST00000372833.6	0.9713706374168396	0.9473560750484467
ENST00000372836.5	0.4122331291437149	0.8567235320806503
ENST00000372839.7	0.6546471491456032	1.3280862271785736
ENST00000372874.9	0.6833846569061279	0.3782457187771797
ENST00000372876.2	0.5902245044708252	0.5003360062837601
ENST00000372890.6	0.5596496164798737	0.2960607260465622
ENST00000372899.5	-0.21366195629040402	-0.06009879646201928
ENST00000372902.4	1.1130176385243735	1.3858179648717246
ENST00000372904.7	0.46596985310316086	0.6452456563711166
ENST00000372945.8	1.2833548784255981	1.3751395344734192
ENST00000372950.6	0.8316131432851156	0.7307754854361217
ENST00000372979.9	0.2731447368860245	0.3587792217731476
ENST00000372989.5	0.3925281912088394	0.12266437709331512
ENST00000372991.9	0.46890687197446823	0.3897601440548897
ENST00000373001.4	-0.0793214188888669	0.12826291657984257
ENST00000373004.5	0.22756728529930115	0.6288231313228607
ENST00000373014.5	0.8449112474918365	0.9248241633176804
ENST00000373016.4	0.5276670791208744	0.7101252488791943
ENST00000373036.5	-0.2370181828737259	-0.19530767388641834
ENST00000373042.5	0.5286239981651306	0.3419385403394699
ENST00000373045.10	0.20390156283974648	-0.10858427012863103
ENST00000373049.8	0.0012601837515830994	0.32261502742767334
ENST00000373055.6	0.692354828119278	0.683272123336792
ENST00000373062.8	0.2871866226196289	0.47294311225414276
ENST00000373095.6	0.004121748109658559	-0.3042517155408859
ENST00000373115.5	-0.38437120616436005	-0.12210185825824738
ENST00000373116.6	-0.17317667230963707	0.248030174523592
ENST00000373119.9	0.48602671921253204	0.14368702098727226
ENST00000373166.8	1.570763111114502	0.9341672882437706
ENST00000373189.6	0.37304890155792236	0.3433997184038162
ENST00000373202.8	0.5343852490186691	0.6630164384841919
ENST00000373210.4	-0.6303205788135529	-0.3059850186109543
ENST00000373218.5	1.4214263359705606	1.2396203875541687
ENST00000373232.8	0.8389936983585358	1.2655925154685974
ENST00000373237.4	1.2772164344787598	1.3758422136306763
ENST00000373264.5	0.6215702295303345	0.3414572924375534
ENST00000373279.6	0.9312106668949127	1.0565382838249207
ENST00000373284.10	0.11466570198535919	0.3908455893397331
ENST00000373299.5	0.6384980753064156	0.4726071432232857
ENST00000373316.5	1.427128165960312	1.7049968838691711
ENST00000373358.8	1.269485314687093	1.1303396026293435
ENST00000373365.5	1.5511311888694763	1.1073533296585083
ENST00000373383.9	0.8199112315972645	0.47653293112913764
ENST00000373408.4	0.769826129078865	0.6961599290370941
ENST00000373451.9	0.34008850157260895	0.17720608413219452
ENST00000373491.3	-0.32095859199762344	-0.421916626393795
ENST00000373547.8	1.063239112496376	1.0613787472248077
ENST00000373555.9	-0.5956345722079277	-0.39771734923124313
ENST00000373573.9	0.5369141946236293	0.34694349269072217
ENST00000373578.6	0.00889815017580986	0.15976164614160854
ENST00000373585.8	0.0007067332044243813	0.6170539855957031
ENST00000373586.1	0.8380149900913239	0.9091623425483704
ENST00000373602.9	0.4381687417626381	0.2901213727891445
ENST00000373624.6	-0.42235130071640015	-0.3222745656967163
ENST00000373625.8	0.5856296966473262	0.7822574873765309
ENST00000373647.9	-0.08713027054909617	-0.09884094540029764
ENST00000373669.8	1.541649878025055	1.5836962461471558
ENST00000373670.5	-0.5457749366760254	-0.5425686885913213
ENST00000373672.8	-0.1674773395061493	0.09337664302438498
ENST00000373699.6	1.5124807357788086	1.2541000247001648
ENST00000373700.8	-0.3321593850851059	0.04124176688492298
ENST00000373719.8	0.26922301948070526	0.2951337695121765
ENST00000373758.5	0.08984250854700804	0.327557273209095
ENST00000373768.4	0.6754852645099163	0.9870846942067146
ENST00000373783.3	0.21678427420556545	0.05334395356476307
ENST00000373816.5	-0.05060788104310632	-0.22620767448097467
ENST00000373830.4	0.5548240741093953	0.5984683533509572
ENST00000373839.8	0.07766424675355665	0.20142926648259163
ENST00000373840.9	1.3145694434642792	1.2511487901210785
ENST00000373912.8	1.2743306756019592	1.0891263782978058
ENST00000373930.4	-0.32622114196419716	0.14596090000122786
ENST00000373932.3	0.26094939187169075	0.30771220475435257
ENST00000373935.4	0.385213961203893	0.10708659266432127
ENST00000373943.9	0.830950453877449	0.5947505459189415
ENST00000373954.10	0.6189214363694191	0.6190282702445984
ENST00000373970.4	0.5850822528203328	0.9033628404140472
ENST00000374011.6	-0.8710456937551498	-0.949531078338623
ENST00000374023.8	0.05703940317034721	0.10286654084920882
ENST00000374050.4	1.5883467495441437	1.5162096619606018
ENST00000374103.9	0.25096615225387114	0.3877801994482676
ENST00000374114.8	0.512779027223587	0.8988957107067108
ENST00000374126.9	-0.3942254036664963	-0.5311481356620789
ENST00000374135.9	0.5726214051246643	0.7176027894020081
ENST00000374140.6	-0.5825783759355545	-0.5453341454267502
ENST00000374142.9	-0.2493128553032875	-0.4718564599752426
ENST00000374171.5	1.5651001334190369	0.9504960626363754
ENST00000374199.9	0.7029053270816803	0.5892599374055862
ENST00000374206.4	1.2063672840595245	0.6348750680685042
ENST00000374212.5	0.6008281707763672	1.0733274221420288
ENST00000374222.5	0.05952912010252476	-0.45260395109653473
ENST00000374232.8	0.3520515076816082	0.2700051094094912
ENST00000374242.9	0.9117843806743622	0.6894539892673492
ENST00000374259.8	-0.42675259709358215	-0.299528356641531
ENST00000374266.7	0.5930444002151489	0.4533581882715225
ENST00000374279.4	0.45117706557114917	0.37848139057556784
ENST00000374293.5	1.4519266883532205	1.2566840449968975
ENST00000374296.3	0.14238163828849792	0.3059811294078827
ENST00000374332.8	-0.34311266243457794	-0.4919449985027313
ENST00000374338.5	0.5065377652645111	0.4176415950059891
ENST00000374343.5	-0.43991290032863617	-0.2738870792090893
ENST00000374403.4	0.1842111429820458	-0.08110502796868482
ENST00000374467.4	0.1093808004661696	0.32229745388031006
ENST00000374514.8	0.8737010260423024	0.9297889868418376
ENST00000374517.6	1.5587351322174072	1.8678364157676697
ENST00000374518.6	0.273431658744812	0.29467104375362396
ENST00000374541.4	-0.3478248566389084	-0.3034867197275162
ENST00000374550.8	1.4999415576457977	1.4016891717910767
ENST00000374586.8	-0.03862481378018856	0.1231131087988615
ENST00000374647.10	-0.007325643673539162	0.13824692368507385
ENST00000374672.5	-0.03857031897641719	0.30312207490205767
ENST00000374694.2	-0.2644962160848081	-0.01719617936760187
ENST00000374700.7	0.07482971251010895	-0.09721830487251282
ENST00000374704.8	-0.11549867084249854	-0.35151881724596024
ENST00000374741.4	0.6710096448659897	0.5691369101405144
ENST00000374759.8	-0.2301713451743126	-0.0782967321574688
ENST00000374767.5	1.0116471846898398	1.082988311847051
ENST00000374810.8	0.6619126200675964	0.689660981297493
ENST00000374811.7	0.10338047333061695	-0.01244973624125123
ENST00000374840.8	0.7726923127969105	0.9170269270737965
ENST00000374852.4	0.06323240511119366	-0.1963735669851303
ENST00000374865.5	1.155758579572042	1.1366013288497925
ENST00000374866.9	-0.059276145203815155	0.06857501218716303
ENST00000374888.2	0.11661367956548929	-0.056968901616831616
ENST00000374900.4	0.7489128609498341	0.47663775086402893
ENST00000374980.3	0.7764569818973541	0.6674783825874329
ENST00000374987.4	0.47609688341617584	0.14049807439247766
ENST00000374994.9	0.13285305351018906	0.07108968123793602
ENST00000375071.4	0.9241969287395477	0.6784896999597549
ENST00000375078.4	1.1958539287249246	0.9605806171894073
ENST00000375128.5	0.6310283641020458	0.6993480920791626
ENST00000375147.8	0.2127700373530388	0.6413043886423111
ENST00000375180.7	0.06506418436765671	-0.15987205505371094
ENST00000375249.5	0.13839787244796753	0.4527837485074997
ENST00000375250.9	-0.4184226989746094	-0.2793345972895622
ENST00000375256.5	0.15144772082567215	0.20172973349690437
ENST00000375299.8	-0.07419583961988488	0.009934953103462854
ENST00000375341.8	0.3969792574644089	0.53737872838974
ENST00000375360.7	-0.29754888638854027	-0.25761640071868896
ENST00000375370.10	0.614460676908493	0.26386400808890664
ENST00000375431.9	0.4315647830565771	0.20737055068214735
ENST00000375442.8	0.5528024137020111	0.30979953706264496
ENST00000375446.5	0.7282737791538239	0.5472893416881561
ENST00000375486.9	0.5458680391311646	0.35562530905008316
ENST00000375490.9	0.6947451382875443	0.6531846970319748
ENST00000375541.10	-0.6176028549671173	-0.5424898266792297
ENST00000375571.6	1.4568810760974884	1.3569602370262146
ENST00000375599.8	0.46068809926509857	0.19134213030338287
ENST00000375643.7	-0.1821198955178261	0.14116329625248908
ENST00000375708.4	-0.41547838039696217	-0.1418588487431407
ENST00000375712.4	0.39484383165836334	-0.07710687816143036
ENST00000375731.9	0.685658797621727	0.6270843297243118
ENST00000375734.6	0.5913607403635979	0.3548053652048111
ENST00000375749.8	0.23263946299751598	-0.026905586943030357
ENST00000375771.5	0.010802678763866425	0.40193763871987664
ENST00000375807.8	-0.057870833203196526	-0.19097225042060018
ENST00000375820.10	-0.04458180846025546	0.2869286760687828
ENST00000375826.4	0.49887631833553314	0.5503256469964981
ENST00000375847.8	0.28079426288604736	0.3476585497458776
ENST00000375856.5	-0.7508418560028076	-0.6886533498764038
ENST00000375859.4	0.7620815336704254	0.4198995679616928
ENST00000375898.4	0.2825898826122284	0.3102284073829651
ENST00000375963.8	-0.13356566087653238	-0.16227314248681068
ENST00000375980.9	0.782690147558848	0.5948826769987743
ENST00000375991.9	0.41767906211316586	0.8954653739929199
ENST00000375992.4	1.251020908355713	0.8920659422874451
ENST00000376004.5	0.4139493480324745	0.41601722687482834
ENST00000376032.9	0.14615478366613388	-0.03286824934184551
ENST00000376065.8	0.3000316768884659	0.3071645498275757
ENST00000376112.4	0.917913556098938	0.5906291306018829
ENST00000376234.7	-0.4050586670637131	-0.4438512921333313
ENST00000376281.8	0.831416517496109	1.036403477191925
ENST00000376285.6	0.768249049782753	0.5114825442433357
ENST00000376327.6	1.0601194351911545	1.255142629146576
ENST00000376344.8	0.5459342002868652	0.6240687966346741
ENST00000376355.7	0.5986130237579346	0.5087327063083649
ENST00000376371.7	0.03809308633208275	0.10525691509246826
ENST00000376395.9	0.28123072534799576	0.5649665594100952
ENST00000376423.8	0.07311533391475677	0.15952855348587036
ENST00000376447.4	-0.23596253246068954	-0.2818503677845001
ENST00000376454.8	-0.09123934060335159	-0.18101420998573303
ENST00000376510.8	0.5617234408855438	0.6969414055347443
ENST00000376582.7	0.9438239336013794	1.0559677481651306
ENST00000376588.4	0.9963013927141826	0.8635904888312023
ENST00000376619.6	-0.0506236597429961	-0.012675527133978903
ENST00000376693.3	0.5724947527050972	0.34012629091739655
ENST00000376729.10	0.35380866937339306	0.3292171061038971
ENST00000376741.5	0.11915496550500393	0.010157633572816849
ENST00000376745.9	0.580678179860115	0.919151782989502
ENST00000376747.8	0.2062302902340889	0.48145797848701477
ENST00000376753.9	0.22654765844345093	0.32489581406116486
ENST00000376759.8	1.5020418167114258	1.3298877477645874
ENST00000376770.5	-0.08593195624416694	0.28279291093349457
ENST00000376771.9	-0.021376330871134996	-0.13146258145570755
ENST00000376834.8	0.2819148674607277	0.2719955941041311
ENST00000376836.8	0.8115636855363846	0.8214426636695862
ENST00000376854.6	0.7313717603683472	0.6300451854864757
ENST00000376911.1	0.6980293393135071	0.4305771738290787
ENST00000376918.7	0.9090676009654999	1.1013500094413757
ENST00000376936.9	0.19485435790071887	0.11437811205784479
ENST00000376958.5	0.2949488088488579	0.36994900554418564
ENST00000376962.10	0.726257398724556	1.053168624639511
ENST00000376980.8	0.38785769045352936	0.17337163537740707
ENST00000376983.8	-0.15070294588804245	0.06701123714447021
ENST00000377026.4	0.9891313195228577	1.0872736394405365
ENST00000377038.8	0.5226392696301142	0.38295162717501324
ENST00000377044.9	-0.0831897514872253	-0.1382049061357975
ENST00000377045.9	-0.3740227952599525	-0.6794348955154419
ENST00000377047.9	0.5267658904194832	0.9816548451781273
ENST00000377071.9	-0.45518954594930017	-0.43140121549367905
ENST00000377075.3	-0.0076219282927922904	-0.014781399630010128
ENST00000377182.5	0.36811717972159386	0.3814779296517372
ENST00000377191.5	0.24775028228759766	0.40121711790561676
ENST00000377255.3	-0.4231586456298828	-0.15547469269949943
ENST00000377264.8	-0.3116205483675003	-0.5182122588157654
ENST00000377275.4	0.8970117270946503	0.9829264879226685
ENST00000377294.3	-0.1669092644006014	-0.03129041625652462
ENST00000377304.7	0.029501709679607302	0.16352713434025645
ENST00000377325.2	-0.4289096693197886	-0.35282085339228314
ENST00000377326.7	0.0733029693365097	-0.0027017054380849004
ENST00000377340.6	0.3452951192855835	0.6735130310058594
ENST00000377346.9	-0.19034568965435028	-0.4547465443611145
ENST00000377350.7	-0.4515891820192337	-0.5886344313621521
ENST00000377400.8	0.6677870154380798	0.09019927680492401
ENST00000377403.7	-0.6908502578735352	-0.4326730966567993
ENST00000377474.4	0.6578079164028168	0.4426377986868223
ENST00000377482.10	-0.5051364699999492	-0.5584646264712017
ENST00000377524.8	0.6359546631574631	0.6468290686607361
ENST00000377526.4	-0.5088308453559875	-0.6069006522496542
ENST00000377575.3	1.3761818011601767	1.6360416611035666
ENST00000377595.7	0.7639151612917582	0.7434027194976807
ENST00000377603.5	0.5772695168852806	0.6779352724552155
ENST00000377648.5	0.6191596165299416	0.31125197373330593
ENST00000377674.9	-0.012435304000973701	-0.2739523574709892
ENST00000377687.6	0.19557047138611477	0.55577057103316
ENST00000377698.4	0.08902736753225327	0.31732141971588135
ENST00000377710.10	0.11834942735731602	0.20704077184200287
ENST00000377724.8	-0.05063399734596412	-0.007604044085989395
ENST00000377768.7	0.7397418320178986	0.6430124640464783
ENST00000377798.9	0.42070454359054565	0.38147735595703125
ENST00000377811.3	1.16645747423172	0.992216020822525
ENST00000377813.6	0.12024534493684769	0.411822572350502
ENST00000377818.4	1.474644273519516	1.344116359949112
ENST00000377921.7	0.8801073133945465	0.7642856240272522
ENST00000377960.9	1.3325658798217774	1.1693623423576356
ENST00000377966.4	-0.3115924000740051	0.28531597554683685
ENST00000377967.8	-0.15277924574911594	-0.13277588039636612
ENST00000377990.7	-0.3313974142074585	-0.40390149876475334
ENST00000378026.5	0.3065121918916702	0.6508190333843231
ENST00000378045.5	1.2987389862537384	1.0580782890319824
ENST00000378069.5	0.5295118441184362	0.3655638049046198
ENST00000378078.5	-0.37133461982011795	-0.5987979769706726
ENST00000378103.7	-0.6317506432533264	-0.4396578148007393
ENST00000378106.10	0.7092837393283844	0.6420806646347046
ENST00000378116.9	-0.8554103225469589	-0.9333502650260925
ENST00000378156.9	-0.3898920491337776	-0.5688483864068985
ENST00000378164.7	-0.24014335870742798	-0.1068282425403595
ENST00000378165.9	0.2199283465743065	0.5448576211929321
ENST00000378198.9	0.6005037426948547	0.3635535314679146
ENST00000378204.7	-0.10971026060481867	-0.08701926500846943
ENST00000378209.8	0.29525078212221467	0.31645179291566217
ENST00000378230.8	0.0030152625404298306	-0.5295091867446899
ENST00000378247.8	-0.7147667348384856	-0.7622548758983612
ENST00000378251.3	0.13141883723437786	0.3836265131831169
ENST00000378302.7	0.26701437309384346	0.1045048076969882
ENST00000378313.7	0.22892049700021744	0.12399600818753242
ENST00000378319.8	0.3783886581659317	0.30886781588196754
ENST00000378344.7	0.40438953787088394	0.32872404903173447
ENST00000378364.8	0.4918859004974365	0.6851805090904235
ENST00000378372.8	-0.00352934127052625	0.3124334154029687
ENST00000378378.9	0.09672508016228676	-0.2584899663925171
ENST00000378392.6	-0.04011748731136322	-0.35538487136363983
ENST00000378460.6	0.006989335313846823	-0.07581318821758032
ENST00000378494.8	0.5709417462348938	0.30434972047805786
ENST00000378495.7	-0.1111027171718888	-0.10987167805433273
ENST00000378526.9	0.3647920675575733	0.34032582491636276
ENST00000378531.8	0.10104785859584808	-0.2886218726634979
ENST00000378536.5	-0.7133613079786301	-0.6670594662427902
ENST00000378567.8	-0.4713395684957504	-0.6413495242595673
ENST00000378572.8	0.6585766673088074	0.6114671379327774
ENST00000378578.9	1.3275141716003418	0.814988985657692
ENST00000378605.3	-0.12963154166936874	-0.25621967017650604
ENST00000378617.4	-0.15753643214702606	-0.039164596411865205
ENST00000378623.6	-0.4538401961326599	-0.11857289882997671
ENST00000378643.8	-0.08829741831868887	-0.13320722182591754
ENST00000378669.5	1.1304688453674316	1.881619930267334
ENST00000378670.8	1.5816397468249002	1.781167527039846
ENST00000378719.7	0.4185961186885834	0.29561162926256657
ENST00000378720.8	0.6733411550521851	0.8917271792888641
ENST00000378756.8	0.1063129516939322	0.4199295789003372
ENST00000378852.7	0.577323704957962	0.8389450311660767
ENST00000378887.3	0.9152870774269104	0.7749592363834381
ENST00000379019.7	0.09935889020562172	-0.42686086893081665
ENST00000379031.10	0.3558087646961212	0.11932181566953659
ENST00000379066.5	-0.37454020977020264	-0.3623873256146908
ENST00000379095.5	0.48938411474227905	0.36205314099788666
ENST00000379160.3	0.9217926189303398	1.2023937553167343
ENST00000379170.8	0.17927392572164536	0.6645324230194092
ENST00000379198.5	-0.04221634566783905	0.06773203983902931
ENST00000379214.9	-0.597651332616806	-0.5196218937635422
ENST00000379215.9	0.20170406624674797	0.12561552474896115
ENST00000379245.8	0.09378697723150253	-0.14213450998067856
ENST00000379263.8	0.41162706911563873	0.5111953169107437
ENST00000379287.4	0.051257554441690445	0.10338402260094881
ENST00000379310.8	-0.005937143228948116	-0.0177793032489717
ENST00000379333.5	0.20410244415203732	0.38526828338702523
ENST00000379341.9	0.7306049019098282	1.0586734116077423
ENST00000379359.4	0.4849504679441452	0.6827993839979172
ENST00000379370.7	-0.254807535558939	-0.1108982227742672
ENST00000379378.8	-0.16880903206765652	-0.25505369156599045
ENST00000379380.9	1.1648313601811728	1.247520387172699
ENST00000379400.8	0.3231044411659241	0.18911414593458176
ENST00000379406.8	0.26390616223216057	0.6470464915037155
ENST00000379454.9	0.40582062800725305	0.7149545848369598
ENST00000379480.9	-0.008426622254773974	0.10994134843349457
ENST00000379484.10	0.34565913304686546	0.37316789478063583
ENST00000379485.2	0.42453225453694665	0.03346976234267155
ENST00000379487.5	0.6983674963315327	0.5028022875388464
ENST00000379504.7	0.80732062458992	0.5763194561004639
ENST00000379516.7	0.6277285218238831	0.9035563766956329
ENST00000379540.8	-0.458554171025753	-0.1488321367651224
ENST00000379561.6	-0.07934783399105072	0.22522099316120148
ENST00000379562.9	0.8052988052368164	0.9342593848705292
ENST00000379565.9	0.12650009508555132	-0.1042631302649776
ENST00000379589.4	0.40298648178577423	0.5297852754592896
ENST00000379600.8	0.9032870233058929	0.7854047864675522
ENST00000379607.10	1.6090267896652222	1.8489149808883667
ENST00000379638.9	1.4860658844312031	1.625063717365265
ENST00000379643.10	-0.1442823251709342	-0.0979587051551789
ENST00000379644.9	0.0800308808684349	0.059559352695941925
ENST00000379661.8	-0.2910657376050949	-0.5729698240756989
ENST00000379715.10	1.048958271741867	1.368048369884491
ENST00000379719.8	0.07372884452342987	0.5502791404724121
ENST00000379731.4	0.12379597313702106	-0.009003996849060059
ENST00000379751.5	-0.3615752011537552	-0.5881847739219666
ENST00000379802.8	0.11173010058701038	0.32732709745566047
ENST00000379847.8	1.4669242799282074	1.598733901977539
ENST00000379883.3	0.18623763602226973	0.24796969443559647
ENST00000379942.5	-0.030205846046252795	-0.11358732978502908
ENST00000379965.8	0.6188301220536232	0.38134658336639404
ENST00000380034.8	0.47662971913814545	0.36502593755722046
ENST00000380050.8	0.2645549327135086	0.15888934955000877
ENST00000380060.7	-0.16449979692697525	-0.3619347959756851
ENST00000380071.8	0.5481698662042618	0.6889573708176613
ENST00000380087.7	0.7082568034529686	0.8206453695893288
ENST00000380094.10	-0.05915587581694126	0.052451775719722114
ENST00000380110.8	0.8487420231103897	0.8326390981674194
ENST00000380113.8	0.8447606712579727	0.7368206977844238
ENST00000380122.10	0.5080239772796631	0.3041515052318573
ENST00000380155.4	0.742020308971405	0.8541067540645599
ENST00000380191.9	0.9121294468641281	1.046225979924202
ENST00000380198.6	-0.1215495802462101	0.2255328893661499
ENST00000380249.5	-0.6984303295612335	-0.554214209318161
ENST00000380266.4	-0.2589920684695244	-0.01614391493300597
ENST00000380274.2	0.5747335404157639	0.6988338977098465
ENST00000380283.5	-0.28469782918691633	-0.3285128906369209
ENST00000380324.8	0.49816177040338516	0.2946656234562397
ENST00000380379.10	0.8017389476299286	0.6805659830570221
ENST00000380394.9	0.6877065002918243	1.4106702506542206
ENST00000380421.3	0.7096400856971741	0.7955666184425354
ENST00000380445.8	0.19631195565064746	0.19200023760398227
ENST00000380455.9	0.7783603668212891	0.9640134423971176
ENST00000380492.8	0.4511908243099848	0.3155844902309279
ENST00000380502.8	0.09138855710625648	-0.028239012230187654
ENST00000380516.7	0.03980862512253225	0.02846760954707861
ENST00000380591.7	0.8492580950260162	1.3132002353668213
ENST00000380607.5	0.8352729976177216	0.9323054254055023
ENST00000380647.8	-0.1795792654156685	-0.23059642687439919
ENST00000380649.8	0.5901164561510086	0.526555523276329
ENST00000380668.9	1.4869098961353302	1.0624713897705078
ENST00000380698.5	0.7200913429260254	0.8571000248193741
ENST00000380737.8	0.48781614005565643	0.6787490248680115
ENST00000380738.8	0.7702736556529999	0.6349475185076396
ENST00000380739.6	0.9859944482644398	1.0830497741699219
ENST00000380749.10	1.607608755429586	1.9275328318277993
ENST00000380752.10	0.6002291768789292	0.6628717899322509
ENST00000380753.8	0.45788833126425743	0.6537177935242653
ENST00000380815.5	0.8352747559547424	0.5924591571092606
ENST00000380817.8	-0.8362866699695587	-1.028110718727112
ENST00000380842.5	1.0988277792930603	0.995713472366333
ENST00000380843.9	0.6370494812726974	0.5840516164898872
ENST00000380872.9	0.7746977508068085	0.896671324968338
ENST00000380916.8	-0.001678309665294364	-0.0754882373730652
ENST00000380950.7	-0.2594756968319416	-0.3723838999867439
ENST00000380958.8	-0.13451797266801196	-0.25659995526075363
ENST00000380985.10	0.5708898901939392	0.6805578966935475
ENST00000380986.9	1.0653294324874878	1.4935934245586395
ENST00000380996.9	-0.027203640900552273	-0.03176741814240813
ENST00000381006.8	0.2395951822400093	0.4094245731830597
ENST00000381007.9	0.48994122445583344	0.45765747129917145
ENST00000381031.8	0.38866862654685974	0.5134216099977493
ENST00000381070.8	0.7339457869529724	0.5453542619943619
ENST00000381077.10	1.1764386892318726	0.8023830652236938
ENST00000381125.9	0.49903684606154763	0.29040201582635444
ENST00000381154.6	0.2615866338213285	0.40626129508018494
ENST00000381163.7	-0.11061229929327965	0.08559041377156973
ENST00000381192.10	1.024966523051262	1.4968251585960388
ENST00000381209.7	0.4606291875243187	0.39305276423692703
ENST00000381213.7	0.8767594297726948	0.3206610381603241
ENST00000381223.9	-0.4509119242429733	-0.6560168415307999
ENST00000381249.4	0.016750691924244165	0.26296220223108924
ENST00000381254.7	-0.16790614649653435	-0.4555962011218071
ENST00000381271.7	0.20285949856042862	-0.15919445408508182
ENST00000381309.7	0.161184254878511	-0.12487442077447972
ENST00000381317.9	0.12035658200814699	-0.07778987102210522
ENST00000381334.10	-0.1391736688092351	0.29205183684825897
ENST00000381341.6	0.4907578304409981	0.4360746517777443
ENST00000381346.9	0.7210215926170349	0.6023668050765991
ENST00000381401.11	0.793684184551239	0.9380455166101456
ENST00000381431.10	0.9905254989862442	0.7191648483276367
ENST00000381486.7	-0.7416452169418335	-0.9514925479888916
ENST00000381501.8	0.27291297912597656	0.18438127636909485
ENST00000381527.8	-0.0531495651230216	0.12692508846521378
ENST00000381554.8	0.7385533253351847	0.5560002674659092
ENST00000381569.5	0.01610628981143236	-0.19739912450313568
ENST00000381577.4	0.8194439311822256	0.9030959606170654
ENST00000381588.9	-0.5550338923931122	-0.48240798215071357
ENST00000381647.7	0.7910127639770508	0.7279775142669678
ENST00000381652.4	-0.4396306499838829	-0.386245671659708
ENST00000381685.10	0.28368833661079407	0.4554654061794281
ENST00000381714.7	0.05724090345514317	0.3802386571963628
ENST00000381750.9	0.6628343835473061	0.3650822378695011
ENST00000381774.9	0.9591116209824879	0.6223020553588867
ENST00000381801.5	0.07268451224081218	-0.02849063789471984
ENST00000381809.8	0.8114245384931564	1.0036216899752617
ENST00000381844.8	1.2548897663752239	1.5481791893641155
ENST00000381884.9	-0.1424823747947812	-0.5599267967045307
ENST00000381967.9	0.6924131910006206	0.7197391589482625
ENST00000381989.4	-0.07746151685714722	-0.07721872660331427
ENST00000382038.7	0.5515181670586268	0.6174044907093048
ENST00000382103.7	0.6883638203144073	0.4830307066440582
ENST00000382125.8	0.08139120787382126	0.18703388422727585
ENST00000382142.8	0.08558716252446175	-0.04555567353963852
ENST00000382159.8	1.4011064569155376	1.5179102222124734
ENST00000382172.4	0.29762038588523865	0.2799462676048279
ENST00000382263.3	-0.206649427767843	0.03976642154157162
ENST00000382361.8	0.770751456419627	0.7542379796504974
ENST00000382368.8	0.08157070516608655	-0.12173637887462974
ENST00000382374.9	0.21008477732539177	0.2678088713437319
ENST00000382422.6	-0.21577639132738113	-0.011422926560044289
ENST00000382554.4	-0.5064134523272514	-0.23766478896141052
ENST00000382564.8	0.8262048661708832	0.6896854341030121
ENST00000382745.9	-0.3057745670278867	-0.15720946962634721
ENST00000382758.6	1.111236810684204	0.753766655921936
ENST00000382762.7	0.5645936131477356	0.7755013108253479
ENST00000382952.7	-0.4244868606328964	-0.28210779279470444
ENST00000383432.8	0.020638959482312202	-0.12074506282806396
ENST00000383794.7	0.29645101726055145	0.31589773297309875
ENST00000388712.7	0.46176381409168243	0.724972943464915
ENST00000388752.8	1.2140767574310303	0.8134204248587291
ENST00000388820.5	-0.5167186036705971	-0.5448579341173172
ENST00000388822.10	0.6050743758678436	0.7132959961891174
ENST00000388837.6	0.19315418601036072	1.0181846022605896
ENST00000388901.10	0.6105405390262604	0.9790471792221069
ENST00000388995.11	-0.1036152821034193	-0.6533837616443634
ENST00000389017.6	0.1759275496006012	0.11818291991949081
ENST00000389082.10	-0.6983797550201416	-0.7496791183948517
ENST00000389100.9	-0.07660449544588724	-0.24416272963086766
ENST00000389120.8	0.32740113884210587	0.16440099105238914
ENST00000389131.8	0.30287060141563416	0.40130142122507095
ENST00000389156.9	-0.14541227370500565	-0.06631437316536903
ENST00000389231.9	0.5233316957950592	0.4791157692670822
ENST00000389266.8	0.45641543716192245	0.44179410487413406
ENST00000389386.8	-0.09343710541725159	-0.42668047547340393
ENST00000389501.9	0.5608383119106293	0.13233660906553268
ENST00000389532.9	-0.6746349632740021	-0.8931624889373779
ENST00000389658.4	-0.15835173707455397	0.12865306716412306
ENST00000389704.4	0.7380185425281525	0.7789192497730255
ENST00000389749.9	0.3350611850619316	0.3581908866763115
ENST00000389759.7	-0.618582973877589	-0.5542067885398865
ENST00000389805.9	0.37691923292974633	0.9235199689865112
ENST00000389834.9	0.3082531839609146	0.5138658881187439
ENST00000389857.11	-0.11421814250449339	-0.42527743677298224
ENST00000389879.9	-0.03371247369796038	0.5378344357013702
ENST00000390645.2	0.30047396570444107	0.14925868483260274
ENST00000391857.9	0.9106200039386749	1.430389791727066
ENST00000391911.5	-0.3550995945930481	0.23054738342761993
ENST00000391945.10	0.279642041772604	0.1608523167669773
ENST00000392038.7	-0.21266089379787445	-0.134799987077713
ENST00000392055.7	0.7927798181772232	0.24296223791316152
ENST00000392062.7	0.3650403916835785	0.4402317628264427
ENST00000392129.10	1.4387664794921875	1.4946501851081848
ENST00000392133.7	0.11530728312209249	0.43869733065366745
ENST00000392246.7	1.5075284838676453	1.618891954421997
ENST00000392283.9	1.591825008392334	1.1571670472621918
ENST00000392325.9	-0.4999569058418274	-0.17233975231647491
ENST00000392328.6	-0.4926931783556938	-0.1576828509569168
ENST00000392386.8	-0.10794699948746711	0.263472139602527
ENST00000392396.7	0.06006633676588535	0.33024704456329346
ENST00000392481.6	0.5046994611620903	0.5973026156425476
ENST00000392521.7	-0.15309973061084747	-0.10845573619008064
ENST00000392547.6	0.5687472373247147	0.8943600058555603
ENST00000392568.7	0.35850950330495834	0.5323888882994652
ENST00000392634.9	-0.3035328611731529	-0.26069946214556694
ENST00000392678.7	-0.032872213050723076	-0.22711778804659843
ENST00000392701.8	0.01664513722062111	0.406379371881485
ENST00000392825.8	-0.06361896824091673	0.13255056678317487
ENST00000392870.3	0.3014964181929827	0.1473219394683838
ENST00000392876.8	0.5396202430129051	0.34944696724414825
ENST00000392920.8	0.6128503978252411	0.5766917169094086
ENST00000392959.5	-0.4140605449676513	-0.4156641185283661
ENST00000392981.6	-0.22363898158073425	-0.06095261126756668
ENST00000392993.7	0.44566209614276886	0.0630237627774477
ENST00000393158.7	0.732303371032079	0.5852484901746113
ENST00000393196.7	1.431654413541158	1.583616038163503
ENST00000393203.3	0.17778335387508076	0.5424737185239792
ENST00000393218.6	0.5719939172267914	0.86475470662117
ENST00000393238.7	-0.06711709685623646	-0.05432319734245539
ENST00000393261.8	0.10645278170704842	0.1407444179058075
ENST00000393381.3	0.8426503539085388	0.6596281230449677
ENST00000393408.7	0.8645561039447784	1.1949298977851868
ENST00000393486.5	0.38082282741864526	0.26205526292324066
ENST00000393545.9	-0.17502717673778534	-0.08710158988833427
ENST00000393565.5	0.2536895436545213	0.48436451951662696
ENST00000393593.8	0.7934294939041138	0.5574961006641388
ENST00000393599.3	0.07657323405146599	-0.12494513082007566
ENST00000393600.8	1.1387792885303498	0.6051385760307312
ENST00000393609.7	-0.6103795766830444	-0.595935732126236
ENST00000393700.8	0.07135889492928982	0.43919362127780914
ENST00000393743.8	-0.12033592304214835	-0.1875585801899433
ENST00000393784.8	0.9036346971988678	0.8383221626281738
ENST00000393792.3	0.42319437861442566	0.5064835026860237
ENST00000393795.7	1.1673018336296082	0.7836591104666393
ENST00000393860.7	1.099184364080429	0.9675550361474354
ENST00000393931.8	0.6391590535640717	0.464874729514122
ENST00000393952.3	-0.3781217783689499	-0.4290841519832611
ENST00000394053.7	1.131820410490036	0.7228446304798126
ENST00000394140.9	0.955522820353508	0.9927146136760712
ENST00000394144.9	0.4445888176560402	0.23709682375192642
ENST00000394152.7	-0.2590199063221613	-0.21489698501924676
ENST00000394164.5	0.28521202481351793	0.09052518848329782
ENST00000394231.8	0.9075784385204315	0.7893237918615341
ENST00000394236.9	0.6168251633644104	0.4764878898859024
ENST00000394264.7	0.0020204391330480576	0.009147506207227707
ENST00000394295.6	0.9874396026134491	1.267872393131256
ENST00000394391.9	0.6998972408473492	0.9318844974040985
ENST00000394412.8	-0.8153963014483452	-0.9645672589540482
ENST00000394422.8	0.0743191548002263	0.10952438848714034
ENST00000394434.7	0.33340493962168694	0.6330923587083817
ENST00000394440.8	0.7679043114185333	0.9316181540489197
ENST00000394456.10	0.72532519698143	0.43114833533763885
ENST00000394485.5	1.585335060954094	1.4276831895112991
ENST00000394532.7	0.26402916464333737	0.1927325598274668
ENST00000394553.6	-0.5500286320845287	-0.7500151991844177
ENST00000394555.6	0.09937920770607889	0.8925032019615173
ENST00000394566.5	-0.055003694258630276	0.2334878109395504
ENST00000394650.7	-0.22511961683630943	-0.04263340914621949
ENST00000394666.7	1.1907733082771301	1.1079736351966858
ENST00000394671.7	0.23327555507421494	0.036788973957300186
ENST00000394718.4	-0.04925139155238867	0.12028185836970806
ENST00000394752.8	-0.45004239678382874	-0.3429340645670891
ENST00000394773.6	-0.6267254650592804	-0.7543162852525711
ENST00000394780.8	0.3176102489233017	-0.05231591451774875
ENST00000394836.7	-0.4727984517812729	-0.5748644967873892
ENST00000394854.8	0.6132086614767711	0.7424384852250416
ENST00000394855.7	0.17860364417235056	0.38516806811094284
ENST00000394863.8	-0.25806399434804916	-0.21102092147339135
ENST00000394869.7	-0.749936709801356	-0.9386330346266429
ENST00000394885.8	0.994991699854533	0.9737276037534077
ENST00000394900.7	-0.1397472880780697	-0.18859393894672394
ENST00000394908.9	1.0067030787467957	0.5251956582069397
ENST00000394919.5	0.4351930469274521	0.2768049488464991
ENST00000394936.8	0.5567631348967552	1.4306455850601196
ENST00000394951.5	0.005129840224981308	-0.06767181307077408
ENST00000395042.2	0.12180341864586808	0.01801551878452301
ENST00000395047.6	1.130286082625389	1.064860075712204
ENST00000395074.6	0.15974838193506002	0.19048073329031467
ENST00000395076.9	0.5648950226604939	0.5255600474774837
ENST00000395176.3	1.0224060416221619	0.5522221028804779
ENST00000395184.6	0.35361742973327637	0.07407455891370773
ENST00000395284.8	0.6339826136827469	0.7307416647672653
ENST00000395321.6	0.9387553632259369	0.9639597833156586
ENST00000395326.8	0.9345496197541554	1.0155070126056671
ENST00000395348.7	0.29842616617679596	-0.45247121155261993
ENST00000395353.5	0.12645678780972958	0.42419590801000595
ENST00000395366.3	0.786571279168129	1.2482196986675262
ENST00000395422.4	1.0828415155410767	1.3780053853988647
ENST00000395510.6	-0.12779691256582737	0.1891412865370512
ENST00000395595.7	0.4700001262128353	0.20509550124406814
ENST00000395631.6	0.4018080085515976	0.17891167756170034
ENST00000395686.8	0.40894080698490143	0.5136290788650513
ENST00000395694.7	0.3063216805458069	0.1962088719010353
ENST00000395718.6	-0.2527448199689388	-0.514549046754837
ENST00000395744.7	-0.7226313352584839	-0.6672971993684769
ENST00000395787.4	0.6902193129062653	0.8228991031646729
ENST00000395834.5	0.33638791739940643	0.11856737360358238
ENST00000395925.8	-0.8494704067707062	-0.7760818998018901
ENST00000395965.8	0.3962133973836899	0.8711390495300293
ENST00000396033.6	0.12586581520736217	0.5090981125831604
ENST00000396049.5	1.0279391407966614	1.19814333319664
ENST00000396076.5	1.1571670075257618	0.805971344312032
ENST00000396081.5	0.11459891423583031	0.32586313635110853
ENST00000396124.9	0.28414826622853673	0.10277297840608905
ENST00000396137.5	-0.18348469212651253	-0.265872273594141
ENST00000396153.7	0.018877822905778885	0.3850410381952921
ENST00000396203.7	0.7363336185614268	0.901430070400238
ENST00000396319.6	0.26126982271671295	0.061200989643111825
ENST00000396330.6	-0.07944203168153763	-0.12901689484715462
ENST00000396334.8	0.5395156741142273	0.08892003074288368
ENST00000396373.9	-0.5126167833805084	-0.2891576448455453
ENST00000396394.6	0.9082249104976654	1.3476345539093018
ENST00000396396.6	0.1028771921992302	0.44042569398880005
ENST00000396432.7	-0.7186485789716244	-0.7379484325647354
ENST00000396505.7	0.46171441674232483	0.7850802391767502
ENST00000396556.6	-0.18624538322910666	-0.05073617724701762
ENST00000396591.8	-0.4460383504629135	-0.29617492854595184
ENST00000396625.5	-0.12709039420587942	0.0560253948206082
ENST00000396651.8	1.0415307581424713	1.5454517900943756
ENST00000396659.8	0.2960191573947668	0.6723629633585613
ENST00000396684.3	-0.8658055737614632	-0.7016974091529846
ENST00000396801.7	0.14601482078433037	0.1874704211950302
ENST00000396811.6	0.11776223412016407	0.06470597349107265
ENST00000396813.5	0.9828633368015289	0.5768261849880219
ENST00000396825.4	0.6072907447814941	0.4467117637395859
ENST00000396842.7	0.5103484019637108	0.7143687009811401
ENST00000396861.5	1.16444996992747	1.2370081345240274
ENST00000396912.2	-0.38817352801561356	-0.2285137064754963
ENST00000396914.4	0.9952712059020996	0.9452696740627289
ENST00000396954.8	0.4634618014097214	0.4750582352280617
ENST00000396958.8	0.48615309596061707	0.47107671201229095
ENST00000396981.6	0.960485557715098	1.241015632947286
ENST00000396987.7	0.3059049919247627	0.3132301618655523
ENST00000397033.7	0.29469389468431473	0.48892921209335327
ENST00000397049.2	0.8225854188203812	0.4575858414173126
ENST00000397149.4	0.7562585324048996	0.6267772614955902
ENST00000397167.5	-0.23072534799575806	-0.10967440530657768
ENST00000397195.10	0.6027403473854065	0.41208917647600174
ENST00000397224.8	0.376153789460659	0.1932840272784233
ENST00000397299.9	0.202090572565794	0.2587265558540821
ENST00000397333.4	0.027060674503445625	0.029720675200223923
ENST00000397410.10	0.36577316373586655	0.31693577766418457
ENST00000397412.8	-0.74842918664217	-0.747419536113739
ENST00000397525.5	-0.7319990247488022	-0.6841954290866852
ENST00000397560.7	0.0627361973747611	0.03847619813556473
ENST00000397609.6	0.5892327427864075	1.0872300267219543
ENST00000397621.6	-0.3932478427886963	-0.8911999762058258
ENST00000397622.7	0.2803363651037216	0.2648639529943466
ENST00000397625.8	0.21633184452851612	0.11990466030935445
ENST00000397641.8	-0.14986498281359673	-0.26689833402633667
ENST00000397677.6	0.055141134187579155	-0.12449426716193557
ENST00000397728.8	0.26699987053871155	0.43719062209129333
ENST00000397752.7	-0.30767708271741867	0.020922819152474403
ENST00000397762.6	0.9948273698488872	1.0718098680178323
ENST00000397771.6	-0.37965117767453194	-0.3424436245113611
ENST00000397778.7	-0.250230073928833	-0.2351994886994362
ENST00000397809.10	-0.25333093106746674	-0.005118131637573242
ENST00000397821.8	0.3408129786451658	0.4797512094179789
ENST00000397826.7	0.34689782513305545	0.5759066976606846
ENST00000397843.7	-0.47073976695537567	-0.6740264892578125
ENST00000397885.3	0.49586867541074753	0.6997670382261276
ENST00000397977.8	-0.6246432960033417	-0.2042735069990158
ENST00000398055.8	0.5392580687999726	0.48383701741695406
ENST00000398075.4	0.4652300824721654	0.3859164317448934
ENST00000398125.5	-0.05938563076779246	-0.2667894531041384
ENST00000398208.3	-0.26293281093239784	0.1810368113219738
ENST00000398319.6	-0.759094774723053	-0.874878853559494
ENST00000398411.5	1.0762077470620472	1.5775482455889382
ENST00000398532.9	-0.5695583671331406	-0.5072848573327065
ENST00000398540.8	-0.01041251126055916	-0.03763501580882197
ENST00000398559.7	-0.027198184048756957	0.03534407075494528
ENST00000398576.6	0.7809484601020813	0.2914862334728241
ENST00000398594.4	0.22658967847625416	0.20252208908398944
ENST00000398606.10	1.0419966777165732	1.1815018057823181
ENST00000398675.8	0.3837813660502434	0.5216643735766411
ENST00000398712.7	-0.22120424546301365	-0.3431764356791973
ENST00000398793.6	-0.014397332794032991	0.20802127694090208
ENST00000398844.7	0.0050730586517602205	0.0955810621380806
ENST00000399002.7	0.39872312049070996	0.47198190788427985
ENST00000399022.9	0.6049054861068726	0.6156210601329803
ENST00000399061.3	0.1449589654803276	0.18597226589918137
ENST00000399069.8	0.0019483368087094277	-0.10850441828370094
ENST00000399151.3	-0.4054757356643677	-0.276008278131485
ENST00000399262.7	-0.2540716929361224	-0.3498854823410511
ENST00000399300.6	0.08535089157521725	0.5998809412121773
ENST00000399312.3	1.4505856037139893	1.408871372540792
ENST00000399395.7	0.7928228229284286	0.842568889260292
ENST00000399409.7	-0.44195257499814034	-0.2317290846258402
ENST00000399668.7	-0.23975996673107147	-0.19711187481880188
ENST00000399672.5	0.741840049624443	0.13501131790690124
ENST00000399722.6	-0.6711583137512207	-0.7701601684093475
ENST00000399793.6	0.19500582036562264	0.42044515162706375
ENST00000399794.6	0.4271579459309578	1.1820023357868195
ENST00000399799.3	-0.1424370294747253	-0.07993157828847566
ENST00000399820.8	0.3918150862058004	0.10004669986665249
ENST00000399892.7	0.3628767002373934	0.36089420691132545
ENST00000399921.5	-0.3759935349225998	-0.13377421349287033
ENST00000399932.8	-0.3034904059022665	0.07540727406740189
ENST00000399975.7	-0.24367733051379523	-0.34964117407798767
ENST00000400000.7	1.218856155872345	1.1556244492530823
ENST00000400137.9	1.5229966640472412	1.6822643876075745
ENST00000400198.8	0.7309581240018209	0.9128672381242117
ENST00000400335.8	-0.09182858606800437	-0.27142940764315426
ENST00000400485.6	0.2581644356250763	0.19795185327529907
ENST00000400788.9	1.055190622806549	1.1290817260742188
ENST00000401073.7	-0.7889363318681717	-0.7119599282741547
ENST00000401500.7	-0.3819650784134865	-0.6734423041343689
ENST00000401642.8	0.344823382794857	-0.06292214035056531
ENST00000401707.7	-0.3754685968160629	-0.07198598608374596
ENST00000401850.5	-0.46090125540892285	-0.508099560936292
ENST00000401878.8	-0.22651484608650208	0.04686536453664303
ENST00000401959.6	1.5899540334939957	1.6567635834217072
ENST00000402050.7	-0.756817564368248	-0.9058006703853607
ENST00000402198.7	-0.538657546043396	-0.6805531531572342
ENST00000402306.7	-0.005469291936606169	-0.24500977993011475
ENST00000402412.5	-0.8063906729221344	-0.6524307318031788
ENST00000402508.5	0.006815886925323866	-0.3138737268745899
ENST00000402744.9	0.5103627890348434	0.6529262264569601
ENST00000402774.8	0.42470064386725426	0.35366129130125046
ENST00000402924.5	0.43233291804790497	0.2958243601024151
ENST00000403092.5	0.7180158287286759	0.48780668079853057
ENST00000403245.8	-0.3424433544278145	-0.3045602192481359
ENST00000403299.5	-0.8562683239579201	-0.9229611232876778
ENST00000403627.7	0.5701672732830048	0.6327921003103256
ENST00000403707.7	-0.7572254240512848	-0.676111102104187
ENST00000403714.8	-0.6435901323954264	-0.585895170768102
ENST00000403729.7	0.4648779034614563	0.6950350403785706
ENST00000403766.8	-0.20786570757627487	-0.25131677836179733
ENST00000403825.8	0.6690026720364888	0.6284886399904888
ENST00000404072.7	0.5246928930282593	0.22143985703587532
ENST00000404125.6	-0.6393738190333049	-0.18681966761747998
ENST00000404141.6	-0.7221486568450928	-0.6090707182884216
ENST00000404366.7	0.45448742620646954	0.5286334156990051
ENST00000404537.6	-0.34880013205111027	-0.3226240687072277
ENST00000404767.8	-0.7652508169412613	-0.734607458114624
ENST00000404816.7	-0.4595748335123062	-0.25232841074466705
ENST00000404933.7	-0.19943204522132874	0.07289457693696022
ENST00000405141.5	-0.750657707452774	-0.5989937782287598
ENST00000405315.9	0.5166078607241312	0.7316196958223978
ENST00000405430.5	0.34569775871932507	0.31413092464208603
ENST00000405598.5	-0.18702159821987152	0.04847620613873005
ENST00000405666.5	-0.01930829370394349	-0.21933923196047544
ENST00000406384.5	0.5591427236795425	0.2632930800318718
ENST00000406397.1	0.6689494252204895	0.5414669215679169
ENST00000406438.5	-0.1444289313318829	-0.2082642676929633
ENST00000406452.8	0.5021988749504089	0.5093900859355927
ENST00000406462.6	-0.24477938935160637	-0.33298541605472565
ENST00000406610.7	-0.37276363372802734	-0.49222224950790405
ENST00000406697.5	0.0025513620930723846	0.12036069110035896
ENST00000406902.6	-0.26743321493268013	-0.2279858784750104
ENST00000406938.3	-0.07691774517297745	-0.1779676377773285
ENST00000407315.6	-0.6837645173072815	-0.5867004344860712
ENST00000407418.8	0.5239081606268883	0.27751548811793325
ENST00000407426.8	0.3457154482603073	0.42701710760593414
ENST00000407693.7	1.0177544206380844	0.8897731155157089
ENST00000407818.8	0.45043739676475525	0.3003399694959322
ENST00000408923.8	-0.6831403275330861	-0.8806747694810231
ENST00000408939.4	0.6050758361816406	0.5568622946739197
ENST00000408965.4	0.43502428382635117	0.5404494628310204
ENST00000409012.6	-0.295762782295545	-0.1534111499786377
ENST00000409086.7	0.13140490651130676	0.11088554933667183
ENST00000409109.6	-0.5607043765485287	-0.5549356229603291
ENST00000409134.8	0.8413436710834503	0.6623331010341644
ENST00000409150.8	0.2764188088476658	0.23521597258513793
ENST00000409155.8	0.018922840896993875	0.21705855205655097
ENST00000409212.5	-0.2621456189081073	-0.16024227160960436
ENST00000409255.1	0.1006291788071394	-0.028412919491529465
ENST00000409257.9	0.46695899218320847	0.2867513783276081
ENST00000409299.8	0.7858476340770721	0.672316774725914
ENST00000409333.1	0.4082609247416258	0.9282004609704018
ENST00000409379.8	-0.3651439845561981	-0.49479471147060394
ENST00000409406.1	0.05623503774404526	0.2743361455698808
ENST00000409418.9	0.3543335497379303	-0.23215893656015396
ENST00000409501.7	0.30762413633055985	0.36623907182365656
ENST00000409535.6	-0.5636816024780273	-0.6076913066208363
ENST00000409544.5	-0.5335094630718231	-0.4167129248380661
ENST00000409548.7	-0.509833887219429	-0.5657985210418701
ENST00000409556.5	0.10616758093237877	-0.12280288711190224
ENST00000409558.8	-0.5755570307374	-0.5392069555819035
ENST00000409573.7	0.8057093471288681	0.6717942208051682
ENST00000409587.5	0.30751965567469597	0.21295668557286263
ENST00000409600.6	1.1232792377471923	1.3379682064056397
ENST00000409618.5	-0.713821068406105	-0.7647361904382706
ENST00000409624.1	0.48848307877779007	0.9398932754993439
ENST00000409652.5	0.3338263928890228	0.6634617149829865
ENST00000409682.8	0.7975663542747498	1.2802424430847168
ENST00000409687.5	-0.3004108965396881	-0.6120182275772095
ENST00000409690.4	0.38595253229141235	0.34412806729475653
ENST00000409746.5	0.6525485316912334	0.5147031098604202
ENST00000409753.8	1.56340358654658	1.5944358905156455
ENST00000409784.8	1.3639294803142548	1.6964299380779266
ENST00000409785.9	-0.03308519348502159	0.1842098943889141
ENST00000409790.6	-0.16574379056692123	-0.5819187462329865
ENST00000409792.3	-0.5249080757300059	-0.602577065428098
ENST00000409850.5	-0.08133971318602562	0.1956934779882431
ENST00000409906.9	1.1141781310240428	1.1228676438331604
ENST00000409990.7	0.05749245950331291	0.17580171550313634
ENST00000410023.6	-0.43584005534648895	-0.13688800483942032
ENST00000410080.7	0.3826138451695442	0.6516209542751312
ENST00000410092.7	-0.5218852907419205	-0.3745151460170746
ENST00000411432.5	-0.24778836220502853	-0.3164955973625183
ENST00000411948.7	0.6755718141794205	0.8292183876037598
ENST00000412050.8	0.3046123441308737	0.5384302698075771
ENST00000412055.6	-0.18082470074295998	-0.08852958958595991
ENST00000412830.8	0.48404714465141296	0.6385001093149185
ENST00000412916.7	0.6791184097528458	0.7530586123466492
ENST00000412923.6	-0.10516522824764252	-0.2119879275560379
ENST00000413052.6	-0.09217006899416447	-0.1306915891667207
ENST00000413219.6	1.0691816210746765	0.7896755337715149
ENST00000413366.8	0.3612935245037079	0.44535204768180847
ENST00000413687.3	0.036376141011714935	-0.21650074422359467
ENST00000413817.8	-0.17446288093924522	-0.35211039458711946
ENST00000414097.6	0.3823433518409729	0.4845522567629814
ENST00000414202.7	-0.6401754766702652	-0.5510233864188194
ENST00000414423.8	-0.017396781127899885	0.3852270692586899
ENST00000414487.7	1.5559747219085693	1.7940483093261719
ENST00000414645.6	0.22909816727042198	0.45051305989424384
ENST00000414773.5	0.4056766629219055	0.7269944846630096
ENST00000414820.6	-0.21852809314926464	0.1550495264430841
ENST00000415673.6	-0.43771472573280334	0.11798635870218277
ENST00000416007.9	0.5512228409449259	0.40464869141578674
ENST00000416614.7	-0.0026053082749513123	0.025130159221589565
ENST00000416904.5	-0.15906252863351256	-0.2665291540324688
ENST00000417257.6	-0.19915467500686646	-0.0041656941175460815
ENST00000417314.2	0.4029712428649267	0.31382550299167633
ENST00000417368.7	0.5708752796053886	0.39410003274679184
ENST00000417550.6	-0.2808034420013428	-0.2710544914007187
ENST00000417564.3	-0.7324175387620926	-0.3972090221941471
ENST00000417647.7	0.9003863235314686	0.4400668243567149
ENST00000417775.5	0.8597908988595009	0.30822379142045975
ENST00000417856.5	0.05631701710323493	0.015279644479354221
ENST00000417901.5	-0.09985756321111694	-0.2315405122935772
ENST00000418115.6	1.487378398577372	1.3171148300170898
ENST00000418331.7	-0.3122335746884346	-0.3297668620944023
ENST00000418476.2	0.4376199096441269	0.3285719007253647
ENST00000418543.8	0.07749180495738983	0.2503865510225296
ENST00000418596.7	0.628288745880127	0.20872940123081207
ENST00000418929.7	-0.3063303604722023	-0.40905821820100147
ENST00000419091.6	0.44610656797885895	0.2981586679816246
ENST00000419198.6	0.7677982747554779	0.6446840465068817
ENST00000419445.6	0.576693132519722	0.6029108837246895
ENST00000419585.5	-0.574687235057354	-0.42537908628582954
ENST00000419617.7	0.6898447871208191	0.5759819746017456
ENST00000419869.7	0.8842089027166367	0.9475250393152237
ENST00000420353.7	0.3128248453140259	0.5122907012701035
ENST00000420843.7	0.8272024840116501	0.6276972442865372
ENST00000420878.7	-0.07261095941066742	-0.00014965908485464752
ENST00000421351.4	1.3371840119361877	1.1534081399440765
ENST00000421367.7	0.5391265749931335	0.7197028994560242
ENST00000421852.6	0.6043356557687123	0.423413410782814
ENST00000422318.7	-0.15280018808941048	-0.4250478769342104
ENST00000422424.7	1.4918974041938782	0.8459959328174591
ENST00000422440.7	0.4974376931786537	0.432452030479908
ENST00000422514.7	1.6296655535697937	1.5511943101882935
ENST00000422706.5	0.5831920802593231	0.5835220515727997
ENST00000423207.6	-0.4798434004187584	-0.5097876414656639
ENST00000423485.6	0.27751476162423694	0.3148214668035507
ENST00000423656.5	0.01903047226369381	-0.05318848788738251
ENST00000424014.7	0.7458644807338715	0.5968461558222771
ENST00000424086.5	-0.41757798194885254	-0.3678273558616638
ENST00000424325.6	0.6042774841189384	1.0036685317754745
ENST00000424362.6	-0.6524285674095154	-0.8330578406651815
ENST00000424542.7	-0.2530063120648265	-0.2989843189716339
ENST00000424576.6	0.39597107470035553	1.0654060244560242
ENST00000425042.7	0.006116755888797343	0.08318247646093369
ENST00000425241.5	0.2960173562169075	0.02190334675833583
ENST00000425248.5	0.4880404472351074	0.5165715962648392
ENST00000425441.5	0.8200528224309285	0.8556256194909413
ENST00000425534.8	0.45451289042830467	0.22554688341915607
ENST00000425673.6	-0.7180881202220917	-0.5605398416519165
ENST00000425675.7	0.7709864675998688	0.7087291181087494
ENST00000426126.6	0.07206039130687714	0.2744273245334625
ENST00000426154.5	0.6174182444810867	0.3031505458056927
ENST00000426197.2	0.4239598736166954	0.34054068475961685
ENST00000426263.9	0.6163148085276285	0.7857813537120819
ENST00000426395.7	0.0031820901203900576	0.3763505592942238
ENST00000426398.2	0.5437526404857635	0.7305347919464111
ENST00000426455.5	-0.16555355489253998	-0.02545662154443562
ENST00000426508.7	-0.07619536078224579	-0.05239600905527671
ENST00000426677.7	0.3416978493332863	0.29929202795028687
ENST00000426836.5	-0.43217944105466205	-0.37222363551457727
ENST00000426837.6	-0.04787022154778242	0.0930065019056201
ENST00000427159.7	-0.06107175862416625	-0.007832716684788465
ENST00000427358.3	0.2838466688990593	0.47099093347787857
ENST00000427575.6	0.30154501646757126	0.5444356352090836
ENST00000427926.6	0.11026919074356556	0.20728150755167007
ENST00000427980.7	-0.7733062356710434	-0.6839471459388733
ENST00000428135.7	-0.21582717262208462	-0.2554114429901044
ENST00000428149.6	-0.2044458904614051	-0.351069505016009
ENST00000428239.5	0.07409792486578226	0.17722358368337154
ENST00000428304.6	0.6815293729305267	0.6951313018798828
ENST00000428559.7	0.6875202357769012	0.7732468247413635
ENST00000428670.7	-0.10297460993751884	-0.08018605369579745
ENST00000429204.5	-0.6569118797779083	-0.6218094304203987
ENST00000429433.3	-0.6992015838623047	-0.6207068413496017
ENST00000429586.6	0.2505435645580292	0.5344127118587494
ENST00000429644.7	0.4304913431406021	0.6007195264101028
ENST00000429709.7	0.5654309391975403	0.8547112941741943
ENST00000430046.7	0.3493261163433393	0.2739832724134127
ENST00000430223.7	0.26183000579476357	0.3099348358809948
ENST00000430297.7	-0.2578544355928898	-0.24862027540802956
ENST00000430627.6	-0.5348619694511096	-0.28534163534641266
ENST00000430715.6	1.0714073032140732	1.346774309873581
ENST00000431232.7	-0.7119883447885513	-0.7086443603038788
ENST00000431350.7	-0.2789154201745987	-0.2480390965938568
ENST00000431480.6	-0.7488691434264183	-0.8522479757666588
ENST00000431606.4	0.0854739161247077	0.13227800248811644
ENST00000431802.5	-0.35434892773628235	-0.16074222326278687
ENST00000431843.7	-0.18255618959665298	-0.03347774222493172
ENST00000431975.7	0.04597696165243785	0.09945882018655539
ENST00000432641.3	1.1497824092706044	1.0262885789076486
ENST00000432901.4	0.9805833498636881	0.9869022866090138
ENST00000432992.6	-0.4832400679588318	-0.44155577197670937
ENST00000433078.5	0.21654660999774933	0.27076591178774834
ENST00000433197.4	0.20417727530002594	0.3122285306453705
ENST00000433351.7	0.6951515600085258	0.6030228510499
ENST00000433985.7	1.2095551490783691	0.6924971044063568
ENST00000434178.6	-0.14171875454485416	-0.4336871802806854
ENST00000434316.7	-0.5334801425536473	-0.504966139793396
ENST00000434325.7	0.30514854891225696	0.5098833329975605
ENST00000434342.5	-0.3859780405958494	-0.015908027688662212
ENST00000434457.6	-0.2426279574632645	-0.4804734230041504
ENST00000434507.5	-0.13315149396657944	0.12936674058437347
ENST00000434758.7	0.6949888318777084	0.5765886455774307
ENST00000434821.7	-0.23998684932788214	-0.06573013061036666
ENST00000435030.6	0.12963871269797284	-0.11811929941177368
ENST00000435041.3	0.6358202695846558	0.30554304271936417
ENST00000435224.3	-0.5783790588378906	-0.5168666809797287
ENST00000435456.7	0.6891056522727013	0.3099553845822811
ENST00000435505.6	-0.39009325951337814	-0.5329304561018944
ENST00000435532.7	0.18733632937073708	0.2033582826455434
ENST00000435634.3	0.6483611971139909	0.6139864265918732
ENST00000435706.6	-0.22137484420090914	-0.24640890583395958
ENST00000435765.5	0.9704465866088867	1.0625077188014984
ENST00000435817.7	0.0708949975669384	-0.10776013508439064
ENST00000435881.6	0.5518339027961094	0.41694541027148563
ENST00000436063.7	0.4737822810808817	0.2785750925540924
ENST00000436587.7	0.5180651172995567	0.6111202239990234
ENST00000436697.3	1.5454086065292358	1.5955511927604675
ENST00000437043.8	-0.3966745436191559	-0.017368510365486145
ENST00000437304.6	-0.28743067383766174	-0.12242595696200927
ENST00000437508.6	0.2860750829180082	0.17258329316973686
ENST00000437633.6	-0.18580244574695826	-0.27534578181803226
ENST00000437809.5	-0.5521111264824867	-0.7774828523397446
ENST00000438120.5	-0.5590126924216747	-0.06772065069526434
ENST00000438607.2	1.6320574283599854	1.994968980550766
ENST00000438747.7	0.28239697217941284	0.3000294119119644
ENST00000439040.5	-0.4516625255346298	-0.43738576024770737
ENST00000439174.7	0.4549069503943125	0.08243400727709135
ENST00000439351.5	0.5818781703710556	0.7563646137714386
ENST00000439502.6	0.38067032396793365	0.2629779204726219
ENST00000440314.7	-0.27922825515270233	-0.27142131328582764
ENST00000440411.7	-0.13581852987408638	-0.2178854246934255
ENST00000440685.6	1.5647990107536316	1.5311723152796428
ENST00000440859.8	0.38413965702056885	0.4923018515110016
ENST00000440940.7	0.03842642344534397	0.06607518345117569
ENST00000440944.6	-0.43757157772779465	-0.4476461298763752
ENST00000441174.8	0.19722048565745354	-0.05903982541834314
ENST00000441448.7	0.6525857448577881	1.0693427100777626
ENST00000441493.7	-0.8023676872253418	-0.7370104789733887
ENST00000442039.3	0.879337951540947	0.6775664240121841
ENST00000442241.9	0.45176269114017487	0.5664858520030975
ENST00000442267.3	-0.6138857305049896	-0.862654060125351
ENST00000442287.6	-0.20846603686610857	-0.32478347420692444
ENST00000442371.5	-0.028396409936249256	-0.20415204018354416
ENST00000442628.7	-0.40904874354600906	-0.49087725952267647
ENST00000443185.7	-0.7099012285470963	-0.888044148683548
ENST00000443585.6	1.172137012084325	1.1889409820238748
ENST00000443597.7	0.3388347551226616	0.48201900720596313
ENST00000443698.5	0.03087829751893878	0.2522598132491112
ENST00000443824.5	0.1597753515137204	0.19277488936980564
ENST00000444129.7	0.21071583777666092	-0.029937017088135086
ENST00000444469.4	0.5117496103048325	0.46485474705696106
ENST00000444614.8	0.21808533370494843	0.03596164658665657
ENST00000444623.5	0.0822521208319813	0.15104891313239932
ENST00000444643.7	0.47192154824733734	0.5010036379098892
ENST00000444739.7	0.21208888292312622	0.5902501344680786
ENST00000444881.5	0.15725612081587315	0.6980547606945038
ENST00000445061.6	-0.43792931735515594	-0.32869377732276917
ENST00000445902.3	0.37701231241226196	0.21443504591782886
ENST00000445922.2	0.46718399226665497	0.2944071441888809
ENST00000446108.5	-0.06444532424211502	-0.001418430416379124
ENST00000446113.7	-0.22533181061347324	-0.03704750367129843
ENST00000446465.3	-0.15156033169478178	-0.2937105745077133
ENST00000446526.8	0.8585421939690908	0.5800803999106089
ENST00000446544.6	0.6808344125747681	0.9466778039932251
ENST00000447630.5	1.4873936573664346	0.8332147747278214
ENST00000447648.7	-0.7738587558269501	-0.6992005407810211
ENST00000447654.5	1.3426254391670227	1.1722466945648193
ENST00000447750.7	1.0529203116893768	1.2803708016872406
ENST00000447906.8	-0.5969085395336151	-0.6454231142997742
ENST00000447944.7	0.46859247982501984	0.46848858147859573
ENST00000447966.7	-0.29335392266511917	-0.42781028151512146
ENST00000447998.6	0.4559800773859024	0.5735220015048981
ENST00000448223.7	-0.200741405870455	0.14820199211438495
ENST00000448775.4	-0.3217039071023464	0.15537068154662848
ENST00000449022.7	-0.267952635884285	0.009776447899639606
ENST00000449058.7	0.5130595304071903	0.40286388620734215
ENST00000449247.6	0.4469582065939903	0.798162542283535
ENST00000449250.3	0.8144266406695048	0.8846003313859303
ENST00000449352.7	-0.5800786117712657	-0.5855515897274017
ENST00000449549.4	-0.5207919329404831	-0.620717038710912
ENST00000449592.7	0.35385963320732117	0.5007497370243073
ENST00000449692.3	0.6431907812754314	0.49691273272037506
ENST00000449825.5	0.19350133432696265	0.0715508097782731
ENST00000450053.8	-0.6302580535411835	-0.8955508768558502
ENST00000450114.7	0.18807771801948547	0.18121486902236938
ENST00000450136.1	0.07411669753491879	-0.10074236779473722
ENST00000450168.2	0.08085640368517488	0.22436534985899925
ENST00000450251.5	-0.5669770836830139	-0.670787014067173
ENST00000450295.5	-0.36294281482696533	0.31845763325691223
ENST00000450403.3	0.030541345477104187	0.3431236296892166
ENST00000450554.6	0.401268208399415	0.5421614460647106
ENST00000450735.7	-0.18726198375225067	0.08926335349678993
ENST00000451137.7	0.45545629163583123	0.6941620409488678
ENST00000451249.6	0.5797759741544724	0.46494050323963165
ENST00000451315.7	0.39931659400463104	0.5830454528331757
ENST00000451321.6	0.12203525402583182	0.2172687780112028
ENST00000451682.5	0.5636053383350372	0.671712299187978
ENST00000452015.9	0.2638428807258606	0.40613745152950287
ENST00000452027.3	0.18933399766683578	0.47547152265906334
ENST00000452319.5	-0.25491270422935486	-0.15624521113932133
ENST00000452510.7	0.6099594011902809	0.37743013352155685
ENST00000452699.5	-0.807903066277504	-0.821023166179657
ENST00000452733.7	0.18717754632234573	0.3704587519168854
ENST00000452853.6	1.5464845299720764	1.7616267800331116
ENST00000453089.2	-0.4057626575231552	-0.4304143041372299
ENST00000453153.7	-0.5817488208413124	-0.19734320789575577
ENST00000453318.6	-0.30054606000582373	-0.5282689034938812
ENST00000453386.7	0.6664707660675049	1.212414801120758
ENST00000453495.2	-0.5658245086669922	-0.6638998091220856
ENST00000454073.7	-0.08460971247404814	-0.14121495559811592
ENST00000454366.2	0.07789890898857266	0.17483470914885402
ENST00000454402.7	0.6265754103660583	0.8130216896533966
ENST00000455077.5	-0.0018081851303577423	0.16699297353625298
ENST00000455140.7	0.043989661227290824	0.22241748869419098
ENST00000455146.8	0.2703699916601181	0.34102504700422287
ENST00000455537.7	0.4783565029501915	0.2896057702600956
ENST00000455566.6	-0.45800430327653885	-0.22416091710329056
ENST00000455600.1	-0.642691507935524	-0.7770212888717651
ENST00000455809.5	0.7138408422470093	0.3744390532374382
ENST00000455833.7	0.1349707767367363	-0.049595948308706284
ENST00000455895.6	0.15421790909022093	0.30385885015130043
ENST00000456430.6	-0.18544674664735794	0.21352598071098328
ENST00000456829.7	0.3073337525129318	0.42760199308395386
ENST00000456909.6	-0.24086405709385872	-0.44827529042959213
ENST00000457054.6	0.5576504667599996	0.6807100077470143
ENST00000457308.6	-0.2397369220852852	-0.15870053942004841
ENST00000457542.7	-0.2624146528542042	-0.46857573837041855
ENST00000457714.5	-0.16215255359808606	-0.03550467143456141
ENST00000457928.7	0.18168618033329648	0.3681444376707077
ENST00000458013.7	0.3257754445075989	0.3677714020013809
ENST00000458198.3	0.7158584594726562	1.1059687733650208
ENST00000458385.7	0.07206806680187583	-0.17151501029729843
ENST00000458591.7	0.2845851704478264	0.37770918011665344
ENST00000458705.6	-0.5149858891963959	-0.6493803262710571
ENST00000460006.6	0.46148309111595154	0.7421506345272064
ENST00000460012.6	-0.2640449106693268	-0.5263351127505302
ENST00000460469.1	0.04679875976095597	0.26182135939598083
ENST00000460843.6	-0.1061115584646662	-0.6909779111544291
ENST00000460911.5	0.08630423108115792	-0.10453423205763102
ENST00000461988.6	0.4384591579437256	0.6854192316532135
ENST00000463745.6	0.8268618434667587	0.8423340916633606
ENST00000464606.5	0.16108141094446182	0.021742588709457777
ENST00000464845.6	0.9805526435375214	0.7790055871009827
ENST00000464848.5	0.6910468637943268	0.6944258511066437
ENST00000465139.6	1.2679569721221924	1.4644229014714558
ENST00000465784.7	-0.5410836637020111	-0.24235130101442337
ENST00000465804.5	0.4370262175798416	0.5913302004337311
ENST00000466490.7	-0.07147105596959591	0.12501540407538414
ENST00000467148.1	-0.38796788454055786	-0.2540537118911743
ENST00000468148.6	0.2728000581264496	0.5179882049560547
ENST00000468812.6	1.6070716579755149	1.5286620060602822
ENST00000469044.6	0.29228124519189197	0.42761477331320447
ENST00000469257.2	1.631805568933487	1.5204931795597076
ENST00000469408.6	0.6425594389438629	0.45685317118962604
ENST00000469520.6	0.8207868337631226	0.5821835398674011
ENST00000470487.6	-0.2036722054084142	0.09887672029435635
ENST00000471115.6	1.14473307877779	0.8882007971405983
ENST00000471841.6	0.26074292634924257	0.16517817974090576
ENST00000473414.6	0.895473966995875	0.6411917308966318
ENST00000473835.7	0.25294578447937965	0.25260084494948387
ENST00000473942.5	0.961821436882019	0.6762099415063858
ENST00000474629.7	-0.1508847400546074	0.23400457948446274
ENST00000475153.6	-0.19810619577765465	-0.0117455143481493
ENST00000475243.6	1.0116986632347107	1.1471447944641113
ENST00000475381.7	0.9810948073863983	0.9659580588340759
ENST00000476907.6	-0.012838699389249086	-0.2688060998916626
ENST00000476993.2	0.43537667393684387	0.378375843167305
ENST00000477313.5	-0.3394028954207897	-0.03284734673798084
ENST00000477703.6	1.551088124513626	1.6003911793231964
ENST00000478244.6	0.5126365236938	0.9118262678384781
ENST00000479054.5	-0.0897219255566597	-0.41348809003829956
ENST00000479665.6	0.39432913064956665	-0.050817348062992096
ENST00000479870.6	0.06525295600295067	0.09738144278526306
ENST00000480456.6	0.9531730562448502	0.9598018378019333
ENST00000480687.5	0.3086622357368469	0.4739686846733093
ENST00000481195.6	0.8708341270685196	1.0357041656970978
ENST00000481490.3	0.41160082072019577	0.20761153241619468
ENST00000481739.2	-0.0642770454287529	0.05616075359284878
ENST00000481752.6	0.7931312322616577	0.654659628868103
ENST00000481909.2	0.18081287294626236	0.12255771085619926
ENST00000483063.2	0.871486485004425	0.24172940850257874
ENST00000483209.5	0.11382854481538138	0.19648385047912598
ENST00000484302.3	0.46305697659651435	0.38494544227917993
ENST00000484457.6	0.4622295846541723	0.22273987531661987
ENST00000485303.6	-0.0352721114953359	0.25661371648311615
ENST00000485972.6	0.36660072952508926	0.41502632200717926
ENST00000486442.6	-0.29979283921420574	-0.1188050308264792
ENST00000486685.3	-0.28387832889954245	-0.12414814035097757
ENST00000486715.6	0.5871508071819941	0.7647942701975505
ENST00000487273.7	0.1358812153339386	-0.09595119953155518
ENST00000487519.6	0.8182729780673981	0.7944343686103821
ENST00000488423.2	1.4476187527179718	0.9111178368330002
ENST00000488633.2	0.6026127301156521	0.4997493773698807
ENST00000489418.6	0.5884729623794556	0.5599491000175476
ENST00000490103.5	0.08635826874524355	0.29429171420633793
ENST00000490107.6	0.3512991815805435	0.2069336697459221
ENST00000491415.7	0.5210911929607391	0.2433046419173479
ENST00000491935.5	0.6263709664344788	1.052035629749298
ENST00000492590.6	1.1517492160201073	0.951285719871521
ENST00000493333.5	0.30141727328300477	0.5444868683815003
ENST00000493763.7	0.26132429111748934	0.7518007382750511
ENST00000494292.6	-0.36498293094336987	-0.1836296720430255
ENST00000494664.6	0.7071808228890101	0.5217383752266567
ENST00000495075.5	-0.12994401156902313	0.33666129410266876
ENST00000495880.2	-0.2566326707601547	-0.3612551689147949
ENST00000496259.5	-0.36297322561343515	-0.48690355817476905
ENST00000496455.7	0.4459129571914673	0.5507809221744537
ENST00000496811.6	0.26836174726486206	0.3556066155433655
ENST00000497454.6	-0.0761276837438345	-0.36034415662288666
ENST00000498508.6	0.1906455266289413	0.24922369047999382
ENST00000498729.8	-0.7770116627216339	-0.7524116635322571
ENST00000498926.7	0.2613937593996525	-0.10915448516607285
ENST00000499023.7	0.6116689145565033	0.5585843920707703
ENST00000499666.7	0.8740750998258591	0.8782537430524826
ENST00000502346.2	0.6305495798587799	0.9434675574302673
ENST00000502399.7	-0.6494182348251343	-0.7095837891101837
ENST00000502935.6	0.5637033681074779	0.41188468039035797
ENST00000503176.6	0.23786350339651108	0.33763109147548676
ENST00000503362.2	1.3668718457221984	1.3630091786384582
ENST00000503771.2	0.19724229723215103	0.37709203362464905
ENST00000503780.6	0.36432497203350067	0.2429649606347084
ENST00000503787.6	1.1220893859863281	0.8476553559303284
ENST00000504148.3	1.4973217844963074	1.5692691405614216
ENST00000504156.7	0.39205195382237434	0.744980975985527
ENST00000504273.5	-0.4013799577951431	-0.22955198337634405
ENST00000504771.3	1.0192818939685822	1.0517465770244598
ENST00000504830.6	-0.17335226759314537	-0.06811370265980562
ENST00000505065.1	1.1940521995226543	0.7526661058266957
ENST00000505658.6	0.6788400113582611	0.7306450307369232
ENST00000506030.5	-0.4935727044939995	-0.43095309287309647
ENST00000506197.2	1.6051589250564575	1.537502646446228
ENST00000506351.6	0.018596705980598927	0.5572043657302856
ENST00000506447.5	-0.12427939102053642	-0.20409458130598068
ENST00000507489.2	-0.5909370183944702	-0.12644712130228677
ENST00000508632.6	0.6264484226703644	0.9673141986131668
ENST00000509430.5	-0.33637966960668564	-0.24818333238363266
ENST00000509578.1	1.6067742109298706	2.035479148228963
ENST00000510118.5	0.3239172250032425	0.3759282976388931
ENST00000510708.6	0.2637879401445389	-0.011846291134133935
ENST00000511217.1	-0.16855689138174057	-0.32937557250261307
ENST00000511320.6	-0.07869390398263931	-0.1719510480761528
ENST00000511455.7	-0.7161533931891124	-0.7553983430067698
ENST00000511577.5	-0.35107459127902985	-0.391714408993721
ENST00000511817.1	0.6147914528846741	0.4101105332374573
ENST00000511912.6	0.30433127904931706	0.38866372406482697
ENST00000512528.3	0.7965765496095021	0.851927677790324
ENST00000512576.2	0.5670177042484283	0.6739303171634674
ENST00000512944.6	-0.14531979570165277	0.03179679252207279
ENST00000513000.5	-0.459430243819952	-0.37263541109859943
ENST00000513710.3	0.22348930081352592	0.2809672821313143
ENST00000513973.6	0.8627031594514847	0.8230879455804825
ENST00000514251.5	-0.3897523209452629	-0.6854009851813316
ENST00000515279.6	-0.15873439610004425	-0.038119278266094625
ENST00000517309.6	-0.06254419282777235	0.051306312438100576
ENST00000517490.6	0.6082435548305511	0.7888180315494537
ENST00000517562.3	0.49246908724308014	0.5062514891227086
ENST00000517566.6	0.26707707438617945	0.03139353351434693
ENST00000517970.6	-0.4424314498901367	-0.46394893527030945
ENST00000518421.5	0.5558753609657288	-0.13559401780366898
ENST00000518547.5	0.1406869012862444	0.05091682611964643
ENST00000518738.2	0.9641024619340897	1.2258800864219666
ENST00000518868.5	-0.2725466415286064	-0.7565263509750366
ENST00000519065.6	1.0276186913251877	0.9900050237774849
ENST00000519253.5	-0.2957242727279663	-0.2599452883005142
ENST00000519560.6	-0.6478641033172607	-0.3762703388929367
ENST00000519638.3	1.1165669560432434	1.0991818308830261
ENST00000519676.6	0.5316234230995178	0.18741203968723613
ENST00000519728.6	0.7191435197989147	0.4782288819551468
ENST00000519948.4	1.0862337052822113	0.8947783013184866
ENST00000519973.6	0.39600779116153717	0.042424729093909264
ENST00000520262.6	0.24636498279869556	0.44448328763246536
ENST00000521262.5	0.6144281923770905	1.2238571643829346
ENST00000521288.2	0.5319726735353469	0.573576134443283
ENST00000521400.6	0.26973557472229004	0.4352343678474426
ENST00000521604.7	0.6208542883396149	0.5923230051994324
ENST00000521861.6	0.8134707361459732	0.9921367466449738
ENST00000522362.7	0.1917034611105919	0.5456624925136566
ENST00000523111.7	1.0107841044664383	1.4041730761528015
ENST00000523377.2	1.4294002056121826	1.263464331626892
ENST00000523731.6	-0.22747165895998478	0.07968457695096731
ENST00000524142.5	1.538894772529602	1.6456748247146606
ENST00000524413.5	-0.029089760035276413	-0.008633755845949054
ENST00000524782.6	0.510153204202652	0.7771386206150055
ENST00000524803.6	0.2969949170947075	0.34845753510793054
ENST00000524821.6	0.6070868894457817	0.4595518037676811
ENST00000525074.5	0.09379355236887932	-0.03948808554559946
ENST00000525077.2	-0.253741018474102	-0.1890583485364914
ENST00000525451.6	1.2953752676645913	1.574419597784678
ENST00000525621.6	-0.8060934543609619	-0.8983648493885994
ENST00000525754.5	0.18488255950311822	0.27602166682481766
ENST00000525815.6	0.12441730365389958	0.1485807504504919
ENST00000526415.5	1.6171995103359222	1.2190759032964706
ENST00000526589.5	0.4506921172142029	0.3491301741451025
ENST00000526995.6	0.12195517122745514	0.28224922716617584
ENST00000527372.6	-0.5501492743690808	-0.5287851244211197
ENST00000527786.7	0.13778135599568486	0.45723750442266464
ENST00000527958.6	1.2191233038902283	0.9482368350028991
ENST00000528157.7	0.8811915119489034	1.3239492972691853
ENST00000528416.6	0.6339082717895508	0.5836973190307617
ENST00000528718.6	-0.24029304645955563	-0.18922377936542034
ENST00000528896.7	-0.621272087097168	-0.8562262952327728
ENST00000529221.5	0.11213318879405657	-0.11296655191108584
ENST00000529230.6	0.13764902651309968	0.17615632638335227
ENST00000529308.6	-0.26105886697769165	-0.14370828308165073
ENST00000530705.6	1.523890107870102	1.9626069068908691
ENST00000530758.2	1.0482975840568542	1.3325202465057373
ENST00000530797.5	1.3178216814994812	1.634516716003418
ENST00000530878.5	0.5254519532124201	0.050310717818016805
ENST00000531072.1	0.052399493753910065	-0.005172682693228126
ENST00000531120.6	0.8416450619697571	1.1176824569702148
ENST00000531165.5	0.5424958541989326	0.6618886440992355
ENST00000531323.1	0.8889787793159485	0.948650062084198
ENST00000531380.2	-0.1255551241338253	0.14788927137851715
ENST00000532090.3	-0.8512013554573059	-0.4133647233247757
ENST00000532097.6	0.4521217793226242	0.7152459025382996
ENST00000532297.5	0.05902041029185057	0.31628625094890594
ENST00000532636.5	1.3380466997623444	1.3550403416156769
ENST00000533166.5	1.5174731314182281	1.6804537177085876
ENST00000533558.5	0.5020083636045456	0.7475177198648453
ENST00000533601.7	0.2545248158276081	-0.09387271199375391
ENST00000533608.7	0.05625304579734802	-0.2203429463552311
ENST00000534025.6	0.5983025431632996	0.42941412329673767
ENST00000534064.6	0.021641610888764262	0.2332660872489214
ENST00000534127.5	-0.8314788937568665	-0.8031277656555176
ENST00000534928.5	-0.2616111561655998	-0.16458267035583657
ENST00000534947.5	0.4418846443295479	0.695439800620079
ENST00000534961.5	0.21913505842288333	0.21724721292654672
ENST00000535286.5	0.1809412743896246	0.25093062222003937
ENST00000535373.5	0.20835646241903305	0.3116762042045593
ENST00000535401.5	0.18345776945352554	0.0956159271299839
ENST00000535420.5	-0.01654499489814043	0.11853323131799698
ENST00000535456.7	0.3624360958735148	0.17783860862255096
ENST00000536438.5	0.9623378217220306	0.8204817622900009
ENST00000536716.1	0.31036642814675963	0.5406794349352518
ENST00000536831.5	-0.02107102315252026	0.10416693488756815
ENST00000537025.6	0.2341318791732192	0.04176029734662734
ENST00000537098.7	-0.3811740577220917	-0.5598545372486115
ENST00000537505.6	-0.26070962380617857	0.019081462174654007
ENST00000537981.5	1.421459436416626	1.4337586164474487
ENST00000538039.6	0.47377580404281616	0.42010635137557983
ENST00000538234.5	0.12520150219400722	-0.06800219478706519
ENST00000538274.5	-0.07629257440567017	-0.1842193603515625
ENST00000538320.5	1.2035043835639954	0.6834886223077774
ENST00000538426.5	1.3083172241846721	0.8540539642175039
ENST00000538771.5	0.6716041043400764	0.40512409806251526
ENST00000539111.7	0.010351253673434258	0.2026096098124981
ENST00000539247.5	0.37546875327825546	0.23268258199095726
ENST00000539276.7	-0.11969486996531487	-0.22785606235265732
ENST00000539589.5	-0.06534496415406466	0.1604308169335127
ENST00000539966.5	0.4649508371949196	0.28817857056856155
ENST00000540200.6	-0.24090639501810074	-0.1082826480269432
ENST00000540288.5	-0.7090378850698471	-0.9011263996362686
ENST00000541323.1	0.4924011304974556	0.6210845708847046
ENST00000541412.5	1.4890549977620444	1.2690859834353128
ENST00000541640.5	0.7112765535712242	0.5203815549612045
ENST00000541738.5	0.5325750261545181	0.14457059558480978
ENST00000542267.7	-0.33210024423897266	0.14915699511766434
ENST00000542575.6	0.18028047308325768	0.3221180737018585
ENST00000542893.2	0.6646459698677063	0.7720650881528854
ENST00000543095.7	-0.2611236274242401	-0.1750277578830719
ENST00000543262.5	0.4553495720028877	0.474697008728981
ENST00000543473.2	0.9278385043144226	0.6257119178771973
ENST00000543571.6	-0.3281276524066925	-0.5706894993782043
ENST00000543774.6	0.3013206496834755	0.34183018282055855
ENST00000543796.6	1.6069882214069366	1.1589837968349457
ENST00000543872.6	0.020029114792123437	0.0014592435909435153
ENST00000544301.7	0.7268557548522949	0.7137937247753143
ENST00000544612.6	0.41516590490937233	0.09020951576530933
ENST00000544844.6	1.1926597356796265	1.074613779783249
ENST00000544855.5	1.69283527135849	1.6926583647727966
ENST00000545128.5	-0.45702163875102997	0.06969248503446579
ENST00000545145.6	0.30151013657450676	0.2654534690082073
ENST00000545336.5	-0.15350493881851435	-0.06625687889754772
ENST00000545712.7	0.5142415016889572	0.5135294198989868
ENST00000545797.7	0.22590957209467888	0.13924814760684967
ENST00000545947.5	-0.16987421549856663	0.5498739033937454
ENST00000546361.7	-0.11515896705289683	0.3060363804300626
ENST00000546463.6	1.0761257410049438	0.7035848498344421
ENST00000547530.7	-0.21403376385569572	-0.8240582048892975
ENST00000548065.7	0.9518776834011078	0.5013002703587215
ENST00000548249.5	0.6465365886688232	0.5874960273504257
ENST00000548553.1	0.44740673899650574	0.4419532552361488
ENST00000548825.6	-0.5818021073937416	-0.30630460381507874
ENST00000549920.6	0.8620491921901703	1.6645514965057373
ENST00000551018.5	1.606193646788597	1.274148628115654
ENST00000551150.5	0.5304241999983788	0.7822681665420532
ENST00000551295.7	0.10833001974970102	0.37951506150420755
ENST00000551590.5	-0.45793311297893524	-0.1643606759607792
ENST00000552283.6	0.7083999663591385	0.5406497865915298
ENST00000552360.4	0.6859319806098938	0.583267081528902
ENST00000552551.5	0.3241847790777683	0.6703885272145271
ENST00000552695.6	0.2603423446416855	-0.014395108446478842
ENST00000552810.6	-0.045154035091400146	-0.039999837055802345
ENST00000552864.5	0.9905990809202194	0.9617385119199753
ENST00000553066.5	0.5836818069219589	0.5272124484181404
ENST00000553458.6	0.9104101657867432	0.8475623726844788
ENST00000553612.6	0.7572808265686035	0.7136876285076141
ENST00000553645.7	1.1844775676727295	1.7058104872703552
ENST00000553804.6	-0.08907212689518929	0.18909593671560287
ENST00000554335.6	-0.22219415691991648	-0.019420945240805548
ENST00000554659.6	-0.11489249765872955	0.11994190234690905
ENST00000554880.5	1.5727238059043884	2.054278254508972
ENST00000554943.5	-0.21065017767250538	0.06315564643591642
ENST00000555265.6	-0.44066640734672546	-0.5008522868156433
ENST00000555661.5	0.7814788818359375	0.6825277209281921
ENST00000556147.5	0.1261735955874125	0.1746493843384087
ENST00000556440.7	-0.17903562635183334	-0.30572745203971863
ENST00000556492.6	0.5034929414590199	0.5530153910319011
ENST00000556564.6	-0.6822296977043152	-0.6413581520318985
ENST00000556994.5	0.8189036548137665	0.9196541011333466
ENST00000557016.6	1.6010686755180359	1.354516903559367
ENST00000557943.6	1.0707469135522842	1.4159571826457977
ENST00000558017.5	0.3242410719394684	-0.02875903737731278
ENST00000558311.5	0.8664923508961995	0.39428808291753137
ENST00000559488.7	0.2766861096024513	0.6225020736455917
ENST00000559717.6	-0.04044529749080539	0.0637651177639782
ENST00000560079.7	-0.23120974004268646	-0.28801488876342773
ENST00000560869.6	-0.6252685785293579	-0.4889379292726517
ENST00000561678.6	-0.3305557891726494	-0.4414497911930084
ENST00000562188.6	0.05575719475746155	-0.11962434090673923
ENST00000563197.6	0.5125044286251068	0.21418923512101173
ENST00000563281.2	-0.5889743566513062	-0.22400598600506783
ENST00000563290.6	-0.45611632615327835	-0.4786604270339012
ENST00000563588.6	0.3743366301059723	0.2025706171989441
ENST00000563694.6	-0.23507412771383923	-0.3951953152815501
ENST00000563719.3	0.2306661456823349	0.15870920568704605
ENST00000564079.6	0.24013594537973404	0.19032075069844723
ENST00000564088.5	0.333316832780838	0.5720095932483673
ENST00000564104.5	1.4808257818222046	0.8300981223583221
ENST00000564138.6	0.10057403333485126	-0.033849083352833986
ENST00000564996.6	-0.22391507774591446	-0.36213669180870056
ENST00000565263.6	0.14384511951357126	-0.06377059279475361
ENST00000565488.6	0.9273283282915752	0.553442527850469
ENST00000566044.5	-0.17702631404002508	-0.17314773115019005
ENST00000566157.6	0.4393376559019089	0.4408244093259176
ENST00000566228.6	0.19263648986816406	0.08741505816578865
ENST00000566454.5	0.5298847854137421	0.5251538157463074
ENST00000566780.6	0.43950963020324707	0.3667774349451065
ENST00000568000.6	0.747059166431427	0.06102741323411465
ENST00000568223.7	-0.2974325753748417	-0.22580694407224655
ENST00000568546.6	-0.03698363155126572	0.029643642716109753
ENST00000568606.5	-0.3730051666498184	-0.0978694036602974
ENST00000568956.1	-0.5827257037162781	-0.4252142012119293
ENST00000569437.5	-0.19938939313093823	-0.35024088372786844
ENST00000569529.6	0.058690153528004885	0.20557381212711334
ENST00000569691.2	0.5845220784346262	0.4619364490111669
ENST00000570101.5	0.13257159478962421	0.2162708242734273
ENST00000570137.7	0.4032465616861979	0.37834613521893823
ENST00000570628.6	-0.20242981985211372	-0.030001463775988668
ENST00000570896.5	-0.2663041800260544	-0.3793111890554428
ENST00000571133.6	0.5179504752159119	0.8528594672679901
ENST00000571995.6	-0.22171518788672984	-0.42859265953302383
ENST00000572195.3	0.48401831090450287	0.5100007355213165
ENST00000573034.7	0.15251887775957584	0.09518922073766589
ENST00000575771.5	1.189692715803782	0.8751097818215687
ENST00000577222.5	1.6329809427261353	1.9003878235816956
ENST00000577395.5	0.11945094494149089	-0.02433261286932975
ENST00000577745.2	0.857280174891154	0.4614734450976054
ENST00000577809.6	0.5069015224774678	0.33524443209171295
ENST00000577830.6	-0.3988639637827873	-0.20395941194146872
ENST00000578049.4	1.026226058602333	1.029546082019806
ENST00000578681.5	0.23904544115066528	0.33633722364902496
ENST00000578921.6	0.2722281999886036	0.11975442218439034
ENST00000579534.5	0.17275344704588255	-0.09859874813507
ENST00000579991.3	1.6433331966400146	2.0673763751983643
ENST00000580018.4	1.0729834834734597	0.9968759020169575
ENST00000581216.6	0.2919180989265442	0.27575720474123955
ENST00000581312.6	-0.4561449736356735	-0.5802744626998901
ENST00000582401.6	0.6717405468225479	0.3186638467013836
ENST00000582693.5	0.18467660248279572	0.48429155349731445
ENST00000583509.7	0.10505621135234833	0.45373889803886414
ENST00000583931.6	1.1379491090774536	1.4061465859413147
ENST00000584307.5	0.1459728553891182	0.37226206064224243
ENST00000585313.5	0.4147190724809965	0.6597368717193604
ENST00000585482.6	0.23647786304354668	0.17849335633218288
ENST00000585603.6	0.5904153138399124	0.47918206453323364
ENST00000585933.2	0.6794444968303044	0.5753530512253444
ENST00000586178.6	-0.2987899432579676	-0.282876138885816
ENST00000586569.3	0.21172315285851556	0.11635884192461768
ENST00000586600.5	-0.23587999492883682	0.03791100159287453
ENST00000586602.5	-0.14821692369878292	-0.3917163982987404
ENST00000586802.5	-0.6202822029590607	-0.6011519432067871
ENST00000587091.6	0.644267775118351	0.3632959872484207
ENST00000587250.4	0.3897627294063568	0.09277692460455
ENST00000587424.2	0.015268007759004831	0.6437715590000153
ENST00000587834.6	0.7388803362846375	1.0846682786941528
ENST00000588649.7	-0.35653097927570343	-0.4264473393559456
ENST00000588815.5	0.9744093269109726	1.1065484136343002
ENST00000589666.6	0.029225816950201988	0.18078619241714478
ENST00000590151.5	0.562194786965847	0.44937989860773087
ENST00000590247.7	0.8906739875674248	1.0891838669776917
ENST00000590602.5	-0.7735891044139862	-0.7333559393882751
ENST00000591090.5	0.6281667153040569	0.763831615447998
ENST00000591247.6	0.6907662749290466	0.4863443821668625
ENST00000591470.5	0.45567162334918976	0.33796390146017075
ENST00000591680.6	-0.2801491320133209	-0.1946537122130394
ENST00000591885.5	-0.1769854836165905	-0.42687518894672394
ENST00000592062.5	-0.7198873162269592	-0.48036469519138336
ENST00000592141.6	1.5502648949623108	1.4014092087745667
ENST00000592524.6	0.3616967126727104	-0.11097524059005082
ENST00000592540.5	0.8828327705462773	0.7746116171280544
ENST00000593690.5	0.0642152326181531	-0.04901747671829071
ENST00000593829.6	1.1470235586166382	1.42890864610672
ENST00000594824.5	-0.763821542263031	-0.8697518706321716
ENST00000595090.6	0.9355343729257584	1.082392618060112
ENST00000595358.5	0.17281334288418293	0.046348916832357645
ENST00000595753.6	0.06998945353552699	-0.417941577732563
ENST00000596148.3	0.6821446418762207	0.6196324974298477
ENST00000596358.6	0.5417514964938164	0.3836434781551361
ENST00000597198.5	0.10510280355811119	0.08445549383759499
ENST00000597229.2	-0.7110138535499573	-0.8512935638427734
ENST00000597436.5	0.17707931250333786	0.5535126030445099
ENST00000598441.6	0.5338246474663417	0.6658651133378346
ENST00000598742.6	1.287503719329834	1.6891998946666718
ENST00000599117.5	0.37593950827916467	0.36745642622311914
ENST00000599218.6	0.04011004790663719	0.09743891656398773
ENST00000599612.3	0.5459117740392685	0.36757104843854904
ENST00000600228.6	-0.5481792042652767	-0.507969652613004
ENST00000600659.3	1.5811768372853598	1.4734435081481934
ENST00000600737.5	-0.7589033991098404	-0.8299051076173782
ENST00000602063.5	-0.5398853768905003	-0.3948122262954712
ENST00000602402.6	0.7810180634260178	1.0190290212631226
ENST00000602465.5	-0.2932094596326351	-0.04431760683655739
ENST00000602845.2	1.04075226187706	0.9990697354078293
ENST00000604000.4	0.6591229885816574	0.7650931477546692
ENST00000606117.2	0.3254745602607727	0.18417678773403168
ENST00000607016.2	0.381647028028965	0.2544679567217827
ENST00000607197.6	0.4510865956544876	0.7441722452640533
ENST00000607357.2	1.5939455032348633	1.0992279946804047
ENST00000607778.2	1.556881994009018	1.1537566184997559
ENST00000608424.6	-0.00732246320694685	-0.16424527578055859
ENST00000608872.6	-0.25864364206790924	-0.42793311923742294
ENST00000609923.6	0.045320620702113956	-0.12443558941595256
ENST00000610322.5	0.0544480029202532	-0.013554928824305534
ENST00000610426.5	0.971075639128685	1.5442473590373993
ENST00000610540.4	0.19093943759799004	0.34032226353883743
ENST00000610704.5	-0.14677183888852596	-0.0028220637468621135
ENST00000610854.2	0.6893517076969147	0.6525760889053345
ENST00000610935.2	-0.11090271989814937	-0.21250447072088718
ENST00000610970.1	0.6800916492938995	0.5586675629019737
ENST00000611050.4	0.8589075803756714	0.7882870435714722
ENST00000611055.4	0.6940243124961853	0.5606578499078751
ENST00000611208.4	0.7127151489257812	0.6999160647392273
ENST00000611255.5	0.8971008062362671	0.6478458841641743
ENST00000611551.1	0.9996247887611389	0.9123857617378235
ENST00000611621.2	-0.20846693962812424	-0.3632591441273689
ENST00000611665.4	0.9220907390117645	0.7263223677873611
ENST00000611712.4	-0.2746127247810364	-0.1617453768849373
ENST00000612501.2	-0.05625884793698788	-0.22530564665794373
ENST00000612750.5	0.5242781043052673	0.78674844900767
ENST00000612867.4	-0.7694708208243053	-1.0954064230124154
ENST00000612899.5	-0.18036840483546257	-0.28509655594825745
ENST00000613071.1	0.05126835654179255	-0.06076071970164776
ENST00000613122.5	0.025385381653904915	-0.1827811896800995
ENST00000613322.4	0.43619851768016815	0.5894627571105957
ENST00000613394.4	-0.7082630172371864	-0.8200625404715538
ENST00000613416.4	-0.500320591032505	-0.6669999361038208
ENST00000613466.4	0.6322832852602005	0.2637072503566742
ENST00000613503.5	0.29120388627052307	0.43252037465572357
ENST00000613569.4	-0.16552544245496392	0.16579548828303814
ENST00000613694.5	0.7088510543107986	0.6592720746994019
ENST00000614058.4	0.004723434646924337	0.43392887214819587
ENST00000614167.2	0.34115384658798575	0.4370277002453804
ENST00000614302.5	0.04400265961885452	-0.0988919585943222
ENST00000614342.1	-0.08413432590168668	-0.07636149702011608
ENST00000614476.4	0.5997045040130615	0.41164397696654
ENST00000614499.4	-0.637681633234024	-0.3708822429180145
ENST00000614565.5	-0.34585817810148	0.23951154784299433
ENST00000614628.5	-0.32508049408594764	-0.3453390126427015
ENST00000614654.2	-0.6453631122907002	-0.5749479184548061
ENST00000614766.5	0.12959613483399152	-0.02524087391793728
ENST00000614790.5	0.5412317030131817	0.5118490681052208
ENST00000614891.5	1.1807298064231873	1.0427615940570831
ENST00000615182.5	0.35019568470306695	0.40078108198940754
ENST00000615189.5	0.6299734115600586	0.5234681020180385
ENST00000615277.5	-0.2844962999224663	-0.6951962560415268
ENST00000615540.4	0.26864611729979515	0.3696787357330322
ENST00000615550.5	0.15049020759761333	0.35253942757844925
ENST00000615612.2	0.18596612429246306	-0.16497816238552332
ENST00000615670.5	-0.7923525273799896	-0.7220848202705383
ENST00000615891.2	0.5631279051303864	0.717215433716774
ENST00000615982.4	-0.009049713611602783	-0.07354516244959086
ENST00000616140.2	-0.16080785170197487	-0.029286928474903107
ENST00000616146.4	1.2707838416099548	1.6193195581436157
ENST00000616265.4	1.0256272653738656	1.339915414651235
ENST00000616305.2	-0.009703131392598152	-0.31226855516433716
ENST00000616600.5	0.33456940948963165	0.3313395529985428
ENST00000616640.1	0.39415135979652405	0.28513574600219727
ENST00000616661.5	0.5110572973887126	0.4205325096845627
ENST00000617275.5	-0.4026794284582138	-0.5757624506950378
ENST00000617388.4	0.2546622442702452	0.25411081314086914
ENST00000617875.6	-0.6906353533267975	-0.6289782524108887
ENST00000617928.5	-0.1279081143438816	0.10891654466589293
ENST00000617979.5	0.3885093033313751	0.6436114311218262
ENST00000618014.1	0.49197761714458466	0.857148289680481
ENST00000618098.4	-0.5676569156348705	-0.4635529946535826
ENST00000618172.4	0.47664268811543786	0.5132474700609843
ENST00000618548.4	-0.015019514753172794	0.15951830241829157
ENST00000618550.5	-0.14406121149659157	-0.3262439866860708
ENST00000618562.2	-0.3960525020956993	-0.10361402846562366
ENST00000618853.5	-0.2572658034041524	-0.2713398840278387
ENST00000619039.4	0.5392689406871796	-0.3746538609266281
ENST00000619168.4	0.6422909200191498	0.5890452861785889
ENST00000619189.5	0.09751876536756754	-0.15575964329764247
ENST00000619269.4	-0.3256291514262557	-0.4846617318689823
ENST00000619301.4	0.6788195297122002	0.43333059549331665
ENST00000619707.5	-0.18957731127738953	-0.31478334218263626
ENST00000619850.2	0.37760259956121445	-0.13224435411393642
ENST00000619929.5	-0.5992182195186615	-0.8013334274291992
ENST00000620048.6	-0.33112049102783203	-0.39061441272497177
ENST00000620134.4	0.35998083651065826	0.14889543503522873
ENST00000620157.4	0.5856026609738667	0.5841001570224762
ENST00000621003.4	-0.4187622144818306	-0.16384988464415073
ENST00000621158.5	-0.05950805296500524	0.09231587002674739
ENST00000621198.5	0.5351152767737706	0.39027462899684906
ENST00000621332.5	-0.7380043566226959	-0.668726734817028
ENST00000621356.3	0.7254641354084015	0.980963408946991
ENST00000621565.4	0.0014247014187276363	0.05275848135352135
ENST00000621663.4	0.4953734427690506	0.6151999533176422
ENST00000621784.4	1.5773578683535256	1.7520257234573364
ENST00000621943.4	0.5636325279871623	0.8764624794324238
ENST00000621999.5	0.9855492562055588	1.158011108636856
ENST00000622235.5	-0.6018347404897213	-0.5844142585992813
ENST00000622277.4	0.5830944031476974	0.4215215096871058
ENST00000622395.4	-0.4943215101957321	-0.6273913085460663
ENST00000622513.4	0.6583632230758667	0.5774761438369751
ENST00000622544.4	0.8196776211261749	0.611419677734375
ENST00000622567.4	0.30009496584534645	0.4459223002195358
ENST00000622683.5	-0.4121040403842926	-0.5658490359783173
ENST00000622746.4	0.5573256611824036	0.4079515188932419
ENST00000622789.5	0.8428232222795486	0.8188565075397491
ENST00000622845.5	0.10751434043049812	0.19517330080270767
ENST00000623063.3	0.41120655089616776	0.648903876543045
ENST00000623400.3	-0.1494712730248769	-0.202040479828914
ENST00000625761.2	0.13448840379714966	0.05640336529662211
ENST00000632009.1	0.09562353184446692	-0.133058974519372
ENST00000633556.3	-0.2968471348285675	-0.2090417444705963
