ensembl_gene_id	go_slim_id	go_slim_name	go_namespace
ENSG00000000003	GO:0002376	immune system process	biological_process
ENSG00000000003	GO:0005576	extracellular region	cellular_component
ENSG00000000003	GO:0005886	plasma membrane	cellular_component
ENSG00000000971	GO:0002376	immune system process	biological_process
ENSG00000000971	GO:0005576	extracellular region	cellular_component
ENSG00000001036	GO:0005576	extracellular region	cellular_component
ENSG00000001460	GO:0005739	mitochondrion	cellular_component
ENSG00000001497	GO:0003723	RNA binding	molecular_function
ENSG00000001561	GO:0005576	extracellular region	cellular_component
ENSG00000001561	GO:0005886	plasma membrane	cellular_component
ENSG00000001617	GO:0005576	extracellular region	cellular_component
ENSG00000001617	GO:0005886	plasma membrane	cellular_component
ENSG00000001629	GO:0005886	plasma membrane	cellular_component
ENSG00000001631	GO:0005886	plasma membrane	cellular_component
ENSG00000002330	GO:0005739	mitochondrion	cellular_component
ENSG00000002549	GO:0005576	extracellular region	cellular_component
ENSG00000002549	GO:0005739	mitochondrion	cellular_component
ENSG00000002586	GO:0002376	immune system process	biological_process
ENSG00000002586	GO:0005886	plasma membrane	cellular_component
ENSG00000002919	GO:0005886	plasma membrane	cellular_component
ENSG00000003056	GO:0005886	plasma membrane	cellular_component
ENSG00000003400	GO:0005886	plasma membrane	cellular_component
ENSG00000003436	GO:0005576	extracellular region	cellular_component
ENSG00000003436	GO:0005886	plasma membrane	cellular_component
ENSG00000003509	GO:0005739	mitochondrion	cellular_component
ENSG00000003756	GO:0003723	RNA binding	molecular_function
ENSG00000003989	GO:0002376	immune system process	biological_process
ENSG00000003989	GO:0005886	plasma membrane	cellular_component
ENSG00000004059	GO:0005576	extracellular region	cellular_component
ENSG00000004059	GO:0005886	plasma membrane	cellular_component
ENSG00000004139	GO:0002376	immune system process	biological_process
ENSG00000004139	GO:0005739	mitochondrion	cellular_component
ENSG00000004139	GO:0005886	plasma membrane	cellular_component
ENSG00000004142	GO:0005739	mitochondrion	cellular_component
ENSG00000004399	GO:0005886	plasma membrane	cellular_component
ENSG00000004455	GO:0005576	extracellular region	cellular_component
ENSG00000004455	GO:0005739	mitochondrion	cellular_component
ENSG00000004478	GO:0003723	RNA binding	molecular_function
ENSG00000004478	GO:0005576	extracellular region	cellular_component
ENSG00000004478	GO:0005739	mitochondrion	cellular_component
ENSG00000004487	GO:0002376	immune system process	biological_process
ENSG00000004487	GO:0003723	RNA binding	molecular_function
ENSG00000004534	GO:0003723	RNA binding	molecular_function
ENSG00000004766	GO:0005576	extracellular region	cellular_component
ENSG00000004799	GO:0005739	mitochondrion	cellular_component
ENSG00000004864	GO:0005739	mitochondrion	cellular_component
ENSG00000004864	GO:0005886	plasma membrane	cellular_component
ENSG00000004961	GO:0005739	mitochondrion	cellular_component
ENSG00000004975	GO:0005886	plasma membrane	cellular_component
ENSG00000005007	GO:0003723	RNA binding	molecular_function
ENSG00000005020	GO:0002376	immune system process	biological_process
ENSG00000005020	GO:0005886	plasma membrane	cellular_component
ENSG00000005022	GO:0002376	immune system process	biological_process
ENSG00000005022	GO:0003723	RNA binding	molecular_function
ENSG00000005022	GO:0005739	mitochondrion	cellular_component
ENSG00000005022	GO:0005886	plasma membrane	cellular_component
ENSG00000005059	GO:0002376	immune system process	biological_process
ENSG00000005059	GO:0005739	mitochondrion	cellular_component
ENSG00000005100	GO:0002376	immune system process	biological_process
ENSG00000005100	GO:0003723	RNA binding	molecular_function
ENSG00000005156	GO:0005739	mitochondrion	cellular_component
ENSG00000005189	GO:0003723	RNA binding	molecular_function
ENSG00000005189	GO:0005576	extracellular region	cellular_component
ENSG00000005194	GO:0005739	mitochondrion	cellular_component
ENSG00000005206	GO:0002376	immune system process	biological_process
ENSG00000005206	GO:0005886	plasma membrane	cellular_component
ENSG00000005249	GO:0002376	immune system process	biological_process
ENSG00000005249	GO:0005576	extracellular region	cellular_component
ENSG00000005249	GO:0005886	plasma membrane	cellular_component
ENSG00000005339	GO:0002376	immune system process	biological_process
ENSG00000005448	GO:0005886	plasma membrane	cellular_component
ENSG00000005483	GO:0002376	immune system process	biological_process
ENSG00000005483	GO:0005886	plasma membrane	cellular_component
ENSG00000005882	GO:0005739	mitochondrion	cellular_component
ENSG00000005884	GO:0002376	immune system process	biological_process
ENSG00000005884	GO:0005576	extracellular region	cellular_component
ENSG00000005884	GO:0005886	plasma membrane	cellular_component
ENSG00000005893	GO:0002376	immune system process	biological_process
ENSG00000005893	GO:0005576	extracellular region	cellular_component
ENSG00000005893	GO:0005886	plasma membrane	cellular_component
ENSG00000006007	GO:0005886	plasma membrane	cellular_component
ENSG00000006016	GO:0005576	extracellular region	cellular_component
ENSG00000006016	GO:0005886	plasma membrane	cellular_component
ENSG00000006025	GO:0005886	plasma membrane	cellular_component
ENSG00000006042	GO:0002376	immune system process	biological_process
ENSG00000006042	GO:0005576	extracellular region	cellular_component
ENSG00000006042	GO:0005886	plasma membrane	cellular_component
ENSG00000006062	GO:0002376	immune system process	biological_process
ENSG00000006118	GO:0005576	extracellular region	cellular_component
ENSG00000006118	GO:0005886	plasma membrane	cellular_component
ENSG00000006125	GO:0005886	plasma membrane	cellular_component
ENSG00000006210	GO:0002376	immune system process	biological_process
ENSG00000006210	GO:0005576	extracellular region	cellular_component
ENSG00000006210	GO:0005886	plasma membrane	cellular_component
ENSG00000006282	GO:0005576	extracellular region	cellular_component
ENSG00000006282	GO:0005739	mitochondrion	cellular_component
ENSG00000006327	GO:0005886	plasma membrane	cellular_component
ENSG00000006451	GO:0005576	extracellular region	cellular_component
ENSG00000006451	GO:0005739	mitochondrion	cellular_component
ENSG00000006451	GO:0005886	plasma membrane	cellular_component
ENSG00000006453	GO:0005576	extracellular region	cellular_component
ENSG00000006453	GO:0005886	plasma membrane	cellular_component
ENSG00000006530	GO:0005739	mitochondrion	cellular_component
ENSG00000006530	GO:0005886	plasma membrane	cellular_component
ENSG00000006534	GO:0005576	extracellular region	cellular_component
ENSG00000006534	GO:0005886	plasma membrane	cellular_component
ENSG00000006625	GO:0005576	extracellular region	cellular_component
ENSG00000006695	GO:0005739	mitochondrion	cellular_component
ENSG00000006712	GO:0002376	immune system process	biological_process
ENSG00000006740	GO:0005886	plasma membrane	cellular_component
ENSG00000006744	GO:0003723	RNA binding	molecular_function
ENSG00000006744	GO:0005739	mitochondrion	cellular_component
ENSG00000006757	GO:0005739	mitochondrion	cellular_component
ENSG00000006831	GO:0005886	plasma membrane	cellular_component
ENSG00000007047	GO:0002376	immune system process	biological_process
ENSG00000007080	GO:0003723	RNA binding	molecular_function
ENSG00000007080	GO:0005886	plasma membrane	cellular_component
ENSG00000007168	GO:0005576	extracellular region	cellular_component
ENSG00000007202	GO:0005739	mitochondrion	cellular_component
ENSG00000007202	GO:0005886	plasma membrane	cellular_component
ENSG00000007237	GO:0005886	plasma membrane	cellular_component
ENSG00000007372	GO:0003723	RNA binding	molecular_function
ENSG00000007376	GO:0003723	RNA binding	molecular_function
ENSG00000007392	GO:0003723	RNA binding	molecular_function
ENSG00000007944	GO:0005886	plasma membrane	cellular_component
ENSG00000008018	GO:0002376	immune system process	biological_process
ENSG00000008018	GO:0005576	extracellular region	cellular_component
ENSG00000008256	GO:0005886	plasma membrane	cellular_component
ENSG00000008277	GO:0005886	plasma membrane	cellular_component
ENSG00000008282	GO:0005576	extracellular region	cellular_component
ENSG00000008282	GO:0005886	plasma membrane	cellular_component
ENSG00000008294	GO:0005576	extracellular region	cellular_component
ENSG00000008311	GO:0005739	mitochondrion	cellular_component
ENSG00000008394	GO:0005739	mitochondrion	cellular_component
ENSG00000008394	GO:0005886	plasma membrane	cellular_component
ENSG00000008405	GO:0005739	mitochondrion	cellular_component
ENSG00000008517	GO:0002376	immune system process	biological_process
ENSG00000008517	GO:0005576	extracellular region	cellular_component
ENSG00000008853	GO:0005886	plasma membrane	cellular_component
ENSG00000008988	GO:0003723	RNA binding	molecular_function
ENSG00000008988	GO:0005576	extracellular region	cellular_component
ENSG00000008988	GO:0005840	ribosome	cellular_component
ENSG00000009307	GO:0003723	RNA binding	molecular_function
ENSG00000009844	GO:0005576	extracellular region	cellular_component
ENSG00000010017	GO:0005886	plasma membrane	cellular_component
ENSG00000010165	GO:0005739	mitochondrion	cellular_component
ENSG00000010256	GO:0005739	mitochondrion	cellular_component
ENSG00000010278	GO:0002376	immune system process	biological_process
ENSG00000010278	GO:0005576	extracellular region	cellular_component
ENSG00000010278	GO:0005886	plasma membrane	cellular_component
ENSG00000010322	GO:0005886	plasma membrane	cellular_component
ENSG00000010361	GO:0005576	extracellular region	cellular_component
ENSG00000010704	GO:0002376	immune system process	biological_process
ENSG00000010704	GO:0005886	plasma membrane	cellular_component
ENSG00000010810	GO:0002376	immune system process	biological_process
ENSG00000010810	GO:0005739	mitochondrion	cellular_component
ENSG00000010810	GO:0005886	plasma membrane	cellular_component
ENSG00000011009	GO:0005576	extracellular region	cellular_component
ENSG00000011028	GO:0005886	plasma membrane	cellular_component
ENSG00000011105	GO:0005576	extracellular region	cellular_component
ENSG00000011105	GO:0005886	plasma membrane	cellular_component
ENSG00000011132	GO:0005886	plasma membrane	cellular_component
ENSG00000011201	GO:0005576	extracellular region	cellular_component
ENSG00000011201	GO:0005886	plasma membrane	cellular_component
ENSG00000011243	GO:0003723	RNA binding	molecular_function
ENSG00000011260	GO:0003723	RNA binding	molecular_function
ENSG00000011295	GO:0005739	mitochondrion	cellular_component
ENSG00000011304	GO:0003723	RNA binding	molecular_function
ENSG00000011304	GO:0005576	extracellular region	cellular_component
ENSG00000011376	GO:0005739	mitochondrion	cellular_component
ENSG00000011422	GO:0005576	extracellular region	cellular_component
ENSG00000011422	GO:0005886	plasma membrane	cellular_component
ENSG00000011451	GO:0005576	extracellular region	cellular_component
ENSG00000011465	GO:0003723	RNA binding	molecular_function
ENSG00000011465	GO:0005576	extracellular region	cellular_component
ENSG00000012048	GO:0003723	RNA binding	molecular_function
ENSG00000012048	GO:0005886	plasma membrane	cellular_component
ENSG00000012171	GO:0005576	extracellular region	cellular_component
ENSG00000012171	GO:0005886	plasma membrane	cellular_component
ENSG00000012211	GO:0005739	mitochondrion	cellular_component
ENSG00000012211	GO:0005886	plasma membrane	cellular_component
ENSG00000012232	GO:0005886	plasma membrane	cellular_component
ENSG00000013016	GO:0005886	plasma membrane	cellular_component
ENSG00000013275	GO:0002376	immune system process	biological_process
ENSG00000013288	GO:0005576	extracellular region	cellular_component
ENSG00000013306	GO:0005739	mitochondrion	cellular_component
ENSG00000013364	GO:0005576	extracellular region	cellular_component
ENSG00000013374	GO:0002376	immune system process	biological_process
ENSG00000013503	GO:0002376	immune system process	biological_process
ENSG00000013523	GO:0003723	RNA binding	molecular_function
ENSG00000013523	GO:0005739	mitochondrion	cellular_component
ENSG00000013561	GO:0005840	ribosome	cellular_component
ENSG00000013563	GO:0005576	extracellular region	cellular_component
ENSG00000013573	GO:0003723	RNA binding	molecular_function
ENSG00000013573	GO:0005576	extracellular region	cellular_component
ENSG00000013583	GO:0005576	extracellular region	cellular_component
ENSG00000013583	GO:0005739	mitochondrion	cellular_component
ENSG00000013588	GO:0005576	extracellular region	cellular_component
ENSG00000013588	GO:0005886	plasma membrane	cellular_component
ENSG00000014123	GO:0002376	immune system process	biological_process
ENSG00000014123	GO:0005739	mitochondrion	cellular_component
ENSG00000014216	GO:0005576	extracellular region	cellular_component
ENSG00000014216	GO:0005739	mitochondrion	cellular_component
ENSG00000014216	GO:0005886	plasma membrane	cellular_component
ENSG00000014641	GO:0005576	extracellular region	cellular_component
ENSG00000014824	GO:0005739	mitochondrion	cellular_component
ENSG00000014919	GO:0005739	mitochondrion	cellular_component
ENSG00000015475	GO:0005739	mitochondrion	cellular_component
ENSG00000016391	GO:0005739	mitochondrion	cellular_component
ENSG00000017260	GO:0005886	plasma membrane	cellular_component
ENSG00000017483	GO:0005886	plasma membrane	cellular_component
ENSG00000017797	GO:0005739	mitochondrion	cellular_component
ENSG00000017797	GO:0005886	plasma membrane	cellular_component
ENSG00000018236	GO:0005576	extracellular region	cellular_component
ENSG00000018236	GO:0005886	plasma membrane	cellular_component
ENSG00000018408	GO:0005886	plasma membrane	cellular_component
ENSG00000018510	GO:0005739	mitochondrion	cellular_component
ENSG00000020577	GO:0003723	RNA binding	molecular_function
ENSG00000021355	GO:0005576	extracellular region	cellular_component
ENSG00000021574	GO:0005576	extracellular region	cellular_component
ENSG00000021776	GO:0003723	RNA binding	molecular_function
ENSG00000021826	GO:0005739	mitochondrion	cellular_component
ENSG00000021826	GO:0005886	plasma membrane	cellular_component
ENSG00000022267	GO:0005886	plasma membrane	cellular_component
ENSG00000022567	GO:0005886	plasma membrane	cellular_component
ENSG00000022840	GO:0005840	ribosome	cellular_component
ENSG00000022840	GO:0005886	plasma membrane	cellular_component
ENSG00000023171	GO:0005886	plasma membrane	cellular_component
ENSG00000023318	GO:0005576	extracellular region	cellular_component
ENSG00000023330	GO:0005739	mitochondrion	cellular_component
ENSG00000023572	GO:0005739	mitochondrion	cellular_component
ENSG00000023697	GO:0005576	extracellular region	cellular_component
ENSG00000023734	GO:0003723	RNA binding	molecular_function
ENSG00000023892	GO:0005886	plasma membrane	cellular_component
ENSG00000023902	GO:0005739	mitochondrion	cellular_component
ENSG00000023902	GO:0005886	plasma membrane	cellular_component
ENSG00000024048	GO:0002376	immune system process	biological_process
ENSG00000024422	GO:0005576	extracellular region	cellular_component
ENSG00000024422	GO:0005886	plasma membrane	cellular_component
ENSG00000025772	GO:0005739	mitochondrion	cellular_component
ENSG00000025796	GO:0003723	RNA binding	molecular_function
ENSG00000026025	GO:0003723	RNA binding	molecular_function
ENSG00000026025	GO:0005576	extracellular region	cellular_component
ENSG00000026025	GO:0005886	plasma membrane	cellular_component
ENSG00000026103	GO:0002376	immune system process	biological_process
ENSG00000026103	GO:0005576	extracellular region	cellular_component
ENSG00000026103	GO:0005886	plasma membrane	cellular_component
ENSG00000026297	GO:0002376	immune system process	biological_process
ENSG00000026297	GO:0003723	RNA binding	molecular_function
ENSG00000026297	GO:0005576	extracellular region	cellular_component
ENSG00000026297	GO:0005739	mitochondrion	cellular_component
ENSG00000026508	GO:0002376	immune system process	biological_process
ENSG00000026508	GO:0005576	extracellular region	cellular_component
ENSG00000026508	GO:0005886	plasma membrane	cellular_component
ENSG00000026559	GO:0005886	plasma membrane	cellular_component
ENSG00000026652	GO:0005739	mitochondrion	cellular_component
ENSG00000026950	GO:0002376	immune system process	biological_process
ENSG00000026950	GO:0005886	plasma membrane	cellular_component
ENSG00000027001	GO:0005739	mitochondrion	cellular_component
ENSG00000027075	GO:0002376	immune system process	biological_process
ENSG00000027075	GO:0005576	extracellular region	cellular_component
ENSG00000027075	GO:0005886	plasma membrane	cellular_component
ENSG00000027697	GO:0002376	immune system process	biological_process
ENSG00000027697	GO:0005886	plasma membrane	cellular_component
ENSG00000027869	GO:0002376	immune system process	biological_process
ENSG00000028116	GO:0005739	mitochondrion	cellular_component
ENSG00000028203	GO:0005886	plasma membrane	cellular_component
ENSG00000029363	GO:0003723	RNA binding	molecular_function
ENSG00000029364	GO:0005739	mitochondrion	cellular_component
ENSG00000029364	GO:0005886	plasma membrane	cellular_component
ENSG00000029639	GO:0003723	RNA binding	molecular_function
ENSG00000029639	GO:0005739	mitochondrion	cellular_component
ENSG00000029993	GO:0002376	immune system process	biological_process
ENSG00000029993	GO:0003723	RNA binding	molecular_function
ENSG00000030110	GO:0005739	mitochondrion	cellular_component
ENSG00000030582	GO:0002376	immune system process	biological_process
ENSG00000030582	GO:0003723	RNA binding	molecular_function
ENSG00000030582	GO:0005576	extracellular region	cellular_component
ENSG00000030582	GO:0005886	plasma membrane	cellular_component
ENSG00000031698	GO:0003723	RNA binding	molecular_function
ENSG00000031698	GO:0005576	extracellular region	cellular_component
ENSG00000033030	GO:0003723	RNA binding	molecular_function
ENSG00000033327	GO:0002376	immune system process	biological_process
ENSG00000033327	GO:0005886	plasma membrane	cellular_component
ENSG00000033627	GO:0005576	extracellular region	cellular_component
ENSG00000033627	GO:0005886	plasma membrane	cellular_component
ENSG00000033867	GO:0005886	plasma membrane	cellular_component
ENSG00000034053	GO:0005886	plasma membrane	cellular_component
ENSG00000035115	GO:0005886	plasma membrane	cellular_component
ENSG00000035141	GO:0005739	mitochondrion	cellular_component
ENSG00000035403	GO:0005576	extracellular region	cellular_component
ENSG00000035403	GO:0005886	plasma membrane	cellular_component
ENSG00000035687	GO:0002376	immune system process	biological_process
ENSG00000035687	GO:0005576	extracellular region	cellular_component
ENSG00000035687	GO:0005739	mitochondrion	cellular_component
ENSG00000035862	GO:0005576	extracellular region	cellular_component
ENSG00000035928	GO:0005576	extracellular region	cellular_component
ENSG00000036257	GO:0005576	extracellular region	cellular_component
ENSG00000036257	GO:0005886	plasma membrane	cellular_component
ENSG00000037241	GO:0003723	RNA binding	molecular_function
ENSG00000037241	GO:0005576	extracellular region	cellular_component
ENSG00000037241	GO:0005840	ribosome	cellular_component
ENSG00000037474	GO:0003723	RNA binding	molecular_function
ENSG00000037474	GO:0005576	extracellular region	cellular_component
ENSG00000037474	GO:0005739	mitochondrion	cellular_component
ENSG00000037749	GO:0005576	extracellular region	cellular_component
ENSG00000037749	GO:0005886	plasma membrane	cellular_component
ENSG00000037897	GO:0003723	RNA binding	molecular_function
ENSG00000038002	GO:0005576	extracellular region	cellular_component
ENSG00000038210	GO:0005886	plasma membrane	cellular_component
ENSG00000038274	GO:0005576	extracellular region	cellular_component
ENSG00000038427	GO:0005576	extracellular region	cellular_component
ENSG00000039068	GO:0005576	extracellular region	cellular_component
ENSG00000039068	GO:0005886	plasma membrane	cellular_component
ENSG00000039123	GO:0003723	RNA binding	molecular_function
ENSG00000039523	GO:0005576	extracellular region	cellular_component
ENSG00000040199	GO:0005886	plasma membrane	cellular_component
ENSG00000040341	GO:0003723	RNA binding	molecular_function
ENSG00000040341	GO:0005886	plasma membrane	cellular_component
ENSG00000040531	GO:0005576	extracellular region	cellular_component
ENSG00000040531	GO:0005886	plasma membrane	cellular_component
ENSG00000040608	GO:0005576	extracellular region	cellular_component
ENSG00000040608	GO:0005886	plasma membrane	cellular_component
ENSG00000040933	GO:0005886	plasma membrane	cellular_component
ENSG00000041353	GO:0005576	extracellular region	cellular_component
ENSG00000041353	GO:0005886	plasma membrane	cellular_component
ENSG00000041357	GO:0002376	immune system process	biological_process
ENSG00000041357	GO:0005576	extracellular region	cellular_component
ENSG00000041880	GO:0002376	immune system process	biological_process
ENSG00000041982	GO:0005576	extracellular region	cellular_component
ENSG00000042286	GO:0005739	mitochondrion	cellular_component
ENSG00000042286	GO:0005886	plasma membrane	cellular_component
ENSG00000042493	GO:0005576	extracellular region	cellular_component
ENSG00000042753	GO:0005886	plasma membrane	cellular_component
ENSG00000043143	GO:0005576	extracellular region	cellular_component
ENSG00000044090	GO:0005886	plasma membrane	cellular_component
ENSG00000044115	GO:0003723	RNA binding	molecular_function
ENSG00000044115	GO:0005886	plasma membrane	cellular_component
ENSG00000044446	GO:0005886	plasma membrane	cellular_component
ENSG00000044459	GO:0005576	extracellular region	cellular_component
ENSG00000044524	GO:0005576	extracellular region	cellular_component
ENSG00000044524	GO:0005886	plasma membrane	cellular_component
ENSG00000044574	GO:0005576	extracellular region	cellular_component
ENSG00000044574	GO:0005739	mitochondrion	cellular_component
ENSG00000044574	GO:0005886	plasma membrane	cellular_component
ENSG00000046604	GO:0005576	extracellular region	cellular_component
ENSG00000046604	GO:0005886	plasma membrane	cellular_component
ENSG00000046651	GO:0005576	extracellular region	cellular_component
ENSG00000046653	GO:0005886	plasma membrane	cellular_component
ENSG00000047056	GO:0002376	immune system process	biological_process
ENSG00000047188	GO:0003723	RNA binding	molecular_function
ENSG00000047230	GO:0005739	mitochondrion	cellular_component
ENSG00000047249	GO:0005576	extracellular region	cellular_component
ENSG00000047249	GO:0005886	plasma membrane	cellular_component
ENSG00000047315	GO:0003723	RNA binding	molecular_function
ENSG00000047410	GO:0003723	RNA binding	molecular_function
ENSG00000047579	GO:0005886	plasma membrane	cellular_component
ENSG00000047597	GO:0005886	plasma membrane	cellular_component
ENSG00000047621	GO:0002376	immune system process	biological_process
ENSG00000047849	GO:0003723	RNA binding	molecular_function
ENSG00000047932	GO:0005886	plasma membrane	cellular_component
ENSG00000048140	GO:0005886	plasma membrane	cellular_component
ENSG00000048162	GO:0003723	RNA binding	molecular_function
ENSG00000048392	GO:0005739	mitochondrion	cellular_component
ENSG00000048740	GO:0003723	RNA binding	molecular_function
ENSG00000048828	GO:0003723	RNA binding	molecular_function
ENSG00000048828	GO:0005886	plasma membrane	cellular_component
ENSG00000048991	GO:0003723	RNA binding	molecular_function
ENSG00000049089	GO:0005576	extracellular region	cellular_component
ENSG00000049130	GO:0005576	extracellular region	cellular_component
ENSG00000049130	GO:0005886	plasma membrane	cellular_component
ENSG00000049245	GO:0005886	plasma membrane	cellular_component
ENSG00000049323	GO:0005576	extracellular region	cellular_component
ENSG00000049759	GO:0005576	extracellular region	cellular_component
ENSG00000049759	GO:0005886	plasma membrane	cellular_component
ENSG00000049860	GO:0005576	extracellular region	cellular_component
ENSG00000050165	GO:0005576	extracellular region	cellular_component
ENSG00000050327	GO:0005886	plasma membrane	cellular_component
ENSG00000050393	GO:0005739	mitochondrion	cellular_component
ENSG00000050405	GO:0005886	plasma membrane	cellular_component
ENSG00000050426	GO:0005739	mitochondrion	cellular_component
ENSG00000050748	GO:0002376	immune system process	biological_process
ENSG00000050748	GO:0005739	mitochondrion	cellular_component
ENSG00000050820	GO:0002376	immune system process	biological_process
ENSG00000050820	GO:0005886	plasma membrane	cellular_component
ENSG00000051128	GO:0005886	plasma membrane	cellular_component
ENSG00000051180	GO:0005739	mitochondrion	cellular_component
ENSG00000051341	GO:0002376	immune system process	biological_process
ENSG00000051341	GO:0005739	mitochondrion	cellular_component
ENSG00000051382	GO:0002376	immune system process	biological_process
ENSG00000051382	GO:0005886	plasma membrane	cellular_component
ENSG00000051523	GO:0002376	immune system process	biological_process
ENSG00000051523	GO:0005886	plasma membrane	cellular_component
ENSG00000051596	GO:0003723	RNA binding	molecular_function
ENSG00000051620	GO:0005576	extracellular region	cellular_component
ENSG00000051620	GO:0005739	mitochondrion	cellular_component
ENSG00000052749	GO:0003723	RNA binding	molecular_function
ENSG00000052749	GO:0005886	plasma membrane	cellular_component
ENSG00000052802	GO:0005886	plasma membrane	cellular_component
ENSG00000052841	GO:0005886	plasma membrane	cellular_component
ENSG00000053371	GO:0005576	extracellular region	cellular_component
ENSG00000053371	GO:0005739	mitochondrion	cellular_component
ENSG00000053372	GO:0003723	RNA binding	molecular_function
ENSG00000054118	GO:0003723	RNA binding	molecular_function
ENSG00000054118	GO:0005576	extracellular region	cellular_component
ENSG00000054148	GO:0002376	immune system process	biological_process
ENSG00000054148	GO:0005576	extracellular region	cellular_component
ENSG00000054277	GO:0005886	plasma membrane	cellular_component
ENSG00000054793	GO:0005886	plasma membrane	cellular_component
ENSG00000054967	GO:0005886	plasma membrane	cellular_component
ENSG00000055044	GO:0003723	RNA binding	molecular_function
ENSG00000055130	GO:0005886	plasma membrane	cellular_component
ENSG00000055163	GO:0005576	extracellular region	cellular_component
ENSG00000055208	GO:0005886	plasma membrane	cellular_component
ENSG00000055332	GO:0002376	immune system process	biological_process
ENSG00000055332	GO:0003723	RNA binding	molecular_function
ENSG00000055332	GO:0005840	ribosome	cellular_component
ENSG00000055483	GO:0003723	RNA binding	molecular_function
ENSG00000055732	GO:0005886	plasma membrane	cellular_component
ENSG00000055917	GO:0002376	immune system process	biological_process
ENSG00000055917	GO:0003723	RNA binding	molecular_function
ENSG00000055950	GO:0003723	RNA binding	molecular_function
ENSG00000055950	GO:0005739	mitochondrion	cellular_component
ENSG00000055950	GO:0005840	ribosome	cellular_component
ENSG00000056097	GO:0003723	RNA binding	molecular_function
ENSG00000056586	GO:0002376	immune system process	biological_process
ENSG00000056586	GO:0003723	RNA binding	molecular_function
ENSG00000056736	GO:0002376	immune system process	biological_process
ENSG00000056736	GO:0005576	extracellular region	cellular_component
ENSG00000056736	GO:0005886	plasma membrane	cellular_component
ENSG00000056972	GO:0002376	immune system process	biological_process
ENSG00000056972	GO:0005886	plasma membrane	cellular_component
ENSG00000057019	GO:0005886	plasma membrane	cellular_component
ENSG00000057294	GO:0005886	plasma membrane	cellular_component
ENSG00000057608	GO:0003723	RNA binding	molecular_function
ENSG00000057608	GO:0005576	extracellular region	cellular_component
ENSG00000057663	GO:0002376	immune system process	biological_process
ENSG00000057757	GO:0002376	immune system process	biological_process
ENSG00000058063	GO:0005886	plasma membrane	cellular_component
ENSG00000058085	GO:0005576	extracellular region	cellular_component
ENSG00000058091	GO:0005886	plasma membrane	cellular_component
ENSG00000058262	GO:0002376	immune system process	biological_process
ENSG00000058453	GO:0005576	extracellular region	cellular_component
ENSG00000058600	GO:0002376	immune system process	biological_process
ENSG00000059378	GO:0003723	RNA binding	molecular_function
ENSG00000059573	GO:0003723	RNA binding	molecular_function
ENSG00000059573	GO:0005739	mitochondrion	cellular_component
ENSG00000059588	GO:0003723	RNA binding	molecular_function
ENSG00000059691	GO:0005739	mitochondrion	cellular_component
ENSG00000059804	GO:0005576	extracellular region	cellular_component
ENSG00000059804	GO:0005886	plasma membrane	cellular_component
ENSG00000060138	GO:0003723	RNA binding	molecular_function
ENSG00000060237	GO:0002376	immune system process	biological_process
ENSG00000060339	GO:0003723	RNA binding	molecular_function
ENSG00000060688	GO:0003723	RNA binding	molecular_function
ENSG00000060762	GO:0005739	mitochondrion	cellular_component
ENSG00000060971	GO:0005576	extracellular region	cellular_component
ENSG00000060982	GO:0005739	mitochondrion	cellular_component
ENSG00000061337	GO:0005886	plasma membrane	cellular_component
ENSG00000061936	GO:0003723	RNA binding	molecular_function
ENSG00000061938	GO:0005886	plasma membrane	cellular_component
ENSG00000062038	GO:0005886	plasma membrane	cellular_component
ENSG00000062282	GO:0005739	mitochondrion	cellular_component
ENSG00000062485	GO:0003723	RNA binding	molecular_function
ENSG00000062485	GO:0005576	extracellular region	cellular_component
ENSG00000062485	GO:0005739	mitochondrion	cellular_component
ENSG00000062582	GO:0003723	RNA binding	molecular_function
ENSG00000062582	GO:0005739	mitochondrion	cellular_component
ENSG00000062582	GO:0005840	ribosome	cellular_component
ENSG00000062716	GO:0005886	plasma membrane	cellular_component
ENSG00000063046	GO:0003723	RNA binding	molecular_function
ENSG00000063176	GO:0002376	immune system process	biological_process
ENSG00000063176	GO:0005739	mitochondrion	cellular_component
ENSG00000063176	GO:0005886	plasma membrane	cellular_component
ENSG00000063177	GO:0003723	RNA binding	molecular_function
ENSG00000063177	GO:0005840	ribosome	cellular_component
ENSG00000063180	GO:0005576	extracellular region	cellular_component
ENSG00000063180	GO:0005886	plasma membrane	cellular_component
ENSG00000063241	GO:0005739	mitochondrion	cellular_component
ENSG00000063244	GO:0003723	RNA binding	molecular_function
ENSG00000063601	GO:0005886	plasma membrane	cellular_component
ENSG00000063660	GO:0005576	extracellular region	cellular_component
ENSG00000063660	GO:0005886	plasma membrane	cellular_component
ENSG00000063761	GO:0005739	mitochondrion	cellular_component
ENSG00000063854	GO:0005739	mitochondrion	cellular_component
ENSG00000064012	GO:0002376	immune system process	biological_process
ENSG00000064012	GO:0005739	mitochondrion	cellular_component
ENSG00000064012	GO:0005886	plasma membrane	cellular_component
ENSG00000064115	GO:0005576	extracellular region	cellular_component
ENSG00000064115	GO:0005886	plasma membrane	cellular_component
ENSG00000064225	GO:0005576	extracellular region	cellular_component
ENSG00000064309	GO:0005886	plasma membrane	cellular_component
ENSG00000064547	GO:0005886	plasma membrane	cellular_component
ENSG00000064601	GO:0005576	extracellular region	cellular_component
ENSG00000064607	GO:0003723	RNA binding	molecular_function
ENSG00000064651	GO:0002376	immune system process	biological_process
ENSG00000064651	GO:0005576	extracellular region	cellular_component
ENSG00000064651	GO:0005886	plasma membrane	cellular_component
ENSG00000064666	GO:0005576	extracellular region	cellular_component
ENSG00000064687	GO:0005886	plasma membrane	cellular_component
ENSG00000064703	GO:0003723	RNA binding	molecular_function
ENSG00000064932	GO:0002376	immune system process	biological_process
ENSG00000065000	GO:0005576	extracellular region	cellular_component
ENSG00000065054	GO:0005576	extracellular region	cellular_component
ENSG00000065054	GO:0005886	plasma membrane	cellular_component
ENSG00000065135	GO:0005576	extracellular region	cellular_component
ENSG00000065135	GO:0005886	plasma membrane	cellular_component
ENSG00000065150	GO:0002376	immune system process	biological_process
ENSG00000065150	GO:0003723	RNA binding	molecular_function
ENSG00000065154	GO:0005739	mitochondrion	cellular_component
ENSG00000065183	GO:0003723	RNA binding	molecular_function
ENSG00000065243	GO:0003723	RNA binding	molecular_function
ENSG00000065243	GO:0005886	plasma membrane	cellular_component
ENSG00000065320	GO:0005576	extracellular region	cellular_component
ENSG00000065357	GO:0005886	plasma membrane	cellular_component
ENSG00000065361	GO:0005576	extracellular region	cellular_component
ENSG00000065361	GO:0005886	plasma membrane	cellular_component
ENSG00000065427	GO:0002376	immune system process	biological_process
ENSG00000065427	GO:0003723	RNA binding	molecular_function
ENSG00000065427	GO:0005576	extracellular region	cellular_component
ENSG00000065427	GO:0005739	mitochondrion	cellular_component
ENSG00000065427	GO:0005886	plasma membrane	cellular_component
ENSG00000065457	GO:0003723	RNA binding	molecular_function
ENSG00000065518	GO:0005739	mitochondrion	cellular_component
ENSG00000065534	GO:0005886	plasma membrane	cellular_component
ENSG00000065548	GO:0003723	RNA binding	molecular_function
ENSG00000065600	GO:0005886	plasma membrane	cellular_component
ENSG00000065613	GO:0005576	extracellular region	cellular_component
ENSG00000065621	GO:0005576	extracellular region	cellular_component
ENSG00000065675	GO:0002376	immune system process	biological_process
ENSG00000065675	GO:0005886	plasma membrane	cellular_component
ENSG00000065833	GO:0005739	mitochondrion	cellular_component
ENSG00000065883	GO:0002376	immune system process	biological_process
ENSG00000065883	GO:0003723	RNA binding	molecular_function
ENSG00000065883	GO:0005576	extracellular region	cellular_component
ENSG00000065883	GO:0005886	plasma membrane	cellular_component
ENSG00000065911	GO:0005739	mitochondrion	cellular_component
ENSG00000065923	GO:0005886	plasma membrane	cellular_component
ENSG00000065978	GO:0003723	RNA binding	molecular_function
ENSG00000065978	GO:0005576	extracellular region	cellular_component
ENSG00000066027	GO:0005886	plasma membrane	cellular_component
ENSG00000066044	GO:0003723	RNA binding	molecular_function
ENSG00000066084	GO:0005576	extracellular region	cellular_component
ENSG00000066117	GO:0002376	immune system process	biological_process
ENSG00000066427	GO:0005739	mitochondrion	cellular_component
ENSG00000066654	GO:0003723	RNA binding	molecular_function
ENSG00000066855	GO:0005739	mitochondrion	cellular_component
ENSG00000066855	GO:0005886	plasma membrane	cellular_component
ENSG00000066926	GO:0005739	mitochondrion	cellular_component
ENSG00000067057	GO:0005576	extracellular region	cellular_component
ENSG00000067066	GO:0002376	immune system process	biological_process
ENSG00000067082	GO:0002376	immune system process	biological_process
ENSG00000067113	GO:0005576	extracellular region	cellular_component
ENSG00000067113	GO:0005886	plasma membrane	cellular_component
ENSG00000067141	GO:0005886	plasma membrane	cellular_component
ENSG00000067177	GO:0005886	plasma membrane	cellular_component
ENSG00000067182	GO:0005576	extracellular region	cellular_component
ENSG00000067182	GO:0005886	plasma membrane	cellular_component
ENSG00000067191	GO:0005886	plasma membrane	cellular_component
ENSG00000067221	GO:0005886	plasma membrane	cellular_component
ENSG00000067225	GO:0003723	RNA binding	molecular_function
ENSG00000067225	GO:0005576	extracellular region	cellular_component
ENSG00000067225	GO:0005739	mitochondrion	cellular_component
ENSG00000067248	GO:0003723	RNA binding	molecular_function
ENSG00000067248	GO:0005840	ribosome	cellular_component
ENSG00000067334	GO:0003723	RNA binding	molecular_function
ENSG00000067369	GO:0002376	immune system process	biological_process
ENSG00000067445	GO:0005886	plasma membrane	cellular_component
ENSG00000067560	GO:0002376	immune system process	biological_process
ENSG00000067560	GO:0005576	extracellular region	cellular_component
ENSG00000067560	GO:0005886	plasma membrane	cellular_component
ENSG00000067596	GO:0003723	RNA binding	molecular_function
ENSG00000067606	GO:0002376	immune system process	biological_process
ENSG00000067606	GO:0005576	extracellular region	cellular_component
ENSG00000067606	GO:0005886	plasma membrane	cellular_component
ENSG00000067704	GO:0003723	RNA binding	molecular_function
ENSG00000067704	GO:0005739	mitochondrion	cellular_component
ENSG00000067715	GO:0005886	plasma membrane	cellular_component
ENSG00000067829	GO:0005739	mitochondrion	cellular_component
ENSG00000067900	GO:0002376	immune system process	biological_process
ENSG00000067900	GO:0005576	extracellular region	cellular_component
ENSG00000067900	GO:0005886	plasma membrane	cellular_component
ENSG00000067955	GO:0002376	immune system process	biological_process
ENSG00000068024	GO:0002376	immune system process	biological_process
ENSG00000068078	GO:0005576	extracellular region	cellular_component
ENSG00000068078	GO:0005886	plasma membrane	cellular_component
ENSG00000068079	GO:0002376	immune system process	biological_process
ENSG00000068079	GO:0005576	extracellular region	cellular_component
ENSG00000068120	GO:0005576	extracellular region	cellular_component
ENSG00000068120	GO:0005739	mitochondrion	cellular_component
ENSG00000068308	GO:0002376	immune system process	biological_process
ENSG00000068323	GO:0002376	immune system process	biological_process
ENSG00000068366	GO:0005576	extracellular region	cellular_component
ENSG00000068366	GO:0005739	mitochondrion	cellular_component
ENSG00000068366	GO:0005886	plasma membrane	cellular_component
ENSG00000068383	GO:0005886	plasma membrane	cellular_component
ENSG00000068400	GO:0005576	extracellular region	cellular_component
ENSG00000068400	GO:0005886	plasma membrane	cellular_component
ENSG00000068615	GO:0005739	mitochondrion	cellular_component
ENSG00000068650	GO:0005886	plasma membrane	cellular_component
ENSG00000068724	GO:0005886	plasma membrane	cellular_component
ENSG00000068784	GO:0003723	RNA binding	molecular_function
ENSG00000068903	GO:0002376	immune system process	biological_process
ENSG00000068903	GO:0005739	mitochondrion	cellular_component
ENSG00000069275	GO:0003723	RNA binding	molecular_function
ENSG00000069329	GO:0005576	extracellular region	cellular_component
ENSG00000069329	GO:0005739	mitochondrion	cellular_component
ENSG00000069345	GO:0005576	extracellular region	cellular_component
ENSG00000069424	GO:0005886	plasma membrane	cellular_component
ENSG00000069482	GO:0002376	immune system process	biological_process
ENSG00000069482	GO:0005576	extracellular region	cellular_component
ENSG00000069509	GO:0005739	mitochondrion	cellular_component
ENSG00000069535	GO:0005739	mitochondrion	cellular_component
ENSG00000069667	GO:0002376	immune system process	biological_process
ENSG00000069702	GO:0002376	immune system process	biological_process
ENSG00000069702	GO:0005576	extracellular region	cellular_component
ENSG00000069702	GO:0005886	plasma membrane	cellular_component
ENSG00000069849	GO:0005576	extracellular region	cellular_component
ENSG00000069849	GO:0005886	plasma membrane	cellular_component
ENSG00000069869	GO:0002376	immune system process	biological_process
ENSG00000069869	GO:0005576	extracellular region	cellular_component
ENSG00000069869	GO:0005886	plasma membrane	cellular_component
ENSG00000069966	GO:0005886	plasma membrane	cellular_component
ENSG00000069974	GO:0002376	immune system process	biological_process
ENSG00000069974	GO:0005576	extracellular region	cellular_component
ENSG00000069974	GO:0005886	plasma membrane	cellular_component
ENSG00000069998	GO:0005739	mitochondrion	cellular_component
ENSG00000070010	GO:0002376	immune system process	biological_process
ENSG00000070018	GO:0005576	extracellular region	cellular_component
ENSG00000070018	GO:0005886	plasma membrane	cellular_component
ENSG00000070061	GO:0003723	RNA binding	molecular_function
ENSG00000070081	GO:0005576	extracellular region	cellular_component
ENSG00000070081	GO:0005886	plasma membrane	cellular_component
ENSG00000070087	GO:0005576	extracellular region	cellular_component
ENSG00000070159	GO:0005886	plasma membrane	cellular_component
ENSG00000070366	GO:0003723	RNA binding	molecular_function
ENSG00000070371	GO:0005576	extracellular region	cellular_component
ENSG00000070371	GO:0005886	plasma membrane	cellular_component
ENSG00000070404	GO:0002376	immune system process	biological_process
ENSG00000070404	GO:0005576	extracellular region	cellular_component
ENSG00000070495	GO:0003723	RNA binding	molecular_function
ENSG00000070495	GO:0005886	plasma membrane	cellular_component
ENSG00000070610	GO:0005886	plasma membrane	cellular_component
ENSG00000070756	GO:0003723	RNA binding	molecular_function
ENSG00000070756	GO:0005576	extracellular region	cellular_component
ENSG00000070761	GO:0003723	RNA binding	molecular_function
ENSG00000070761	GO:0005576	extracellular region	cellular_component
ENSG00000070785	GO:0002376	immune system process	biological_process
ENSG00000070814	GO:0003723	RNA binding	molecular_function
ENSG00000070882	GO:0005886	plasma membrane	cellular_component
ENSG00000070961	GO:0005576	extracellular region	cellular_component
ENSG00000070961	GO:0005886	plasma membrane	cellular_component
ENSG00000071051	GO:0002376	immune system process	biological_process
ENSG00000071073	GO:0005576	extracellular region	cellular_component
ENSG00000071082	GO:0003723	RNA binding	molecular_function
ENSG00000071082	GO:0005576	extracellular region	cellular_component
ENSG00000071082	GO:0005840	ribosome	cellular_component
ENSG00000071127	GO:0002376	immune system process	biological_process
ENSG00000071127	GO:0005576	extracellular region	cellular_component
ENSG00000071205	GO:0005886	plasma membrane	cellular_component
ENSG00000071242	GO:0005840	ribosome	cellular_component
ENSG00000071462	GO:0003723	RNA binding	molecular_function
ENSG00000071564	GO:0002376	immune system process	biological_process
ENSG00000071626	GO:0003723	RNA binding	molecular_function
ENSG00000071794	GO:0003723	RNA binding	molecular_function
ENSG00000071794	GO:0005886	plasma membrane	cellular_component
ENSG00000071859	GO:0003723	RNA binding	molecular_function
ENSG00000071889	GO:0002376	immune system process	biological_process
ENSG00000071889	GO:0005576	extracellular region	cellular_component
ENSG00000071894	GO:0003723	RNA binding	molecular_function
ENSG00000071967	GO:0005576	extracellular region	cellular_component
ENSG00000071967	GO:0005886	plasma membrane	cellular_component
ENSG00000071994	GO:0005576	extracellular region	cellular_component
ENSG00000072041	GO:0005886	plasma membrane	cellular_component
ENSG00000072062	GO:0005576	extracellular region	cellular_component
ENSG00000072062	GO:0005739	mitochondrion	cellular_component
ENSG00000072062	GO:0005886	plasma membrane	cellular_component
ENSG00000072071	GO:0005886	plasma membrane	cellular_component
ENSG00000072110	GO:0003723	RNA binding	molecular_function
ENSG00000072110	GO:0005576	extracellular region	cellular_component
ENSG00000072110	GO:0005886	plasma membrane	cellular_component
ENSG00000072134	GO:0005886	plasma membrane	cellular_component
ENSG00000072163	GO:0005886	plasma membrane	cellular_component
ENSG00000072274	GO:0002376	immune system process	biological_process
ENSG00000072274	GO:0003723	RNA binding	molecular_function
ENSG00000072274	GO:0005576	extracellular region	cellular_component
ENSG00000072274	GO:0005886	plasma membrane	cellular_component
ENSG00000072415	GO:0005576	extracellular region	cellular_component
ENSG00000072415	GO:0005886	plasma membrane	cellular_component
ENSG00000072422	GO:0005886	plasma membrane	cellular_component
ENSG00000072501	GO:0003723	RNA binding	molecular_function
ENSG00000072506	GO:0003723	RNA binding	molecular_function
ENSG00000072506	GO:0005739	mitochondrion	cellular_component
ENSG00000072506	GO:0005886	plasma membrane	cellular_component
ENSG00000072518	GO:0003723	RNA binding	molecular_function
ENSG00000072518	GO:0005739	mitochondrion	cellular_component
ENSG00000072518	GO:0005886	plasma membrane	cellular_component
ENSG00000072571	GO:0005886	plasma membrane	cellular_component
ENSG00000072736	GO:0002376	immune system process	biological_process
ENSG00000072756	GO:0003723	RNA binding	molecular_function
ENSG00000072756	GO:0005739	mitochondrion	cellular_component
ENSG00000072778	GO:0005739	mitochondrion	cellular_component
ENSG00000072786	GO:0002376	immune system process	biological_process
ENSG00000072786	GO:0005576	extracellular region	cellular_component
ENSG00000072786	GO:0005886	plasma membrane	cellular_component
ENSG00000072840	GO:0005886	plasma membrane	cellular_component
ENSG00000072864	GO:0005886	plasma membrane	cellular_component
ENSG00000072954	GO:0005576	extracellular region	cellular_component
ENSG00000073008	GO:0002376	immune system process	biological_process
ENSG00000073008	GO:0005576	extracellular region	cellular_component
ENSG00000073008	GO:0005886	plasma membrane	cellular_component
ENSG00000073060	GO:0005576	extracellular region	cellular_component
ENSG00000073060	GO:0005886	plasma membrane	cellular_component
ENSG00000073331	GO:0002376	immune system process	biological_process
ENSG00000073350	GO:0005886	plasma membrane	cellular_component
ENSG00000073417	GO:0005576	extracellular region	cellular_component
ENSG00000073464	GO:0005886	plasma membrane	cellular_component
ENSG00000073578	GO:0005739	mitochondrion	cellular_component
ENSG00000073584	GO:0002376	immune system process	biological_process
ENSG00000073584	GO:0003723	RNA binding	molecular_function
ENSG00000073712	GO:0005886	plasma membrane	cellular_component
ENSG00000073792	GO:0003723	RNA binding	molecular_function
ENSG00000073849	GO:0005576	extracellular region	cellular_component
ENSG00000073921	GO:0005886	plasma membrane	cellular_component
ENSG00000073969	GO:0005886	plasma membrane	cellular_component
ENSG00000074047	GO:0002376	immune system process	biological_process
ENSG00000074181	GO:0005576	extracellular region	cellular_component
ENSG00000074181	GO:0005886	plasma membrane	cellular_component
ENSG00000074201	GO:0003723	RNA binding	molecular_function
ENSG00000074201	GO:0005886	plasma membrane	cellular_component
ENSG00000074319	GO:0005576	extracellular region	cellular_component
ENSG00000074319	GO:0005886	plasma membrane	cellular_component
ENSG00000074410	GO:0005886	plasma membrane	cellular_component
ENSG00000074416	GO:0005886	plasma membrane	cellular_component
ENSG00000074527	GO:0005576	extracellular region	cellular_component
ENSG00000074527	GO:0005886	plasma membrane	cellular_component
ENSG00000074582	GO:0005739	mitochondrion	cellular_component
ENSG00000074695	GO:0005576	extracellular region	cellular_component
ENSG00000074800	GO:0003723	RNA binding	molecular_function
ENSG00000074800	GO:0005576	extracellular region	cellular_component
ENSG00000074800	GO:0005886	plasma membrane	cellular_component
ENSG00000074855	GO:0005886	plasma membrane	cellular_component
ENSG00000075213	GO:0005576	extracellular region	cellular_component
ENSG00000075213	GO:0005886	plasma membrane	cellular_component
ENSG00000075218	GO:0005886	plasma membrane	cellular_component
ENSG00000075223	GO:0002376	immune system process	biological_process
ENSG00000075223	GO:0005576	extracellular region	cellular_component
ENSG00000075223	GO:0005886	plasma membrane	cellular_component
ENSG00000075234	GO:0005576	extracellular region	cellular_component
ENSG00000075239	GO:0005576	extracellular region	cellular_component
ENSG00000075239	GO:0005739	mitochondrion	cellular_component
ENSG00000075240	GO:0002376	immune system process	biological_process
ENSG00000075240	GO:0005739	mitochondrion	cellular_component
ENSG00000075292	GO:0003723	RNA binding	molecular_function
ENSG00000075303	GO:0002376	immune system process	biological_process
ENSG00000075303	GO:0005739	mitochondrion	cellular_component
ENSG00000075336	GO:0005739	mitochondrion	cellular_component
ENSG00000075340	GO:0002376	immune system process	biological_process
ENSG00000075340	GO:0005886	plasma membrane	cellular_component
ENSG00000075413	GO:0005576	extracellular region	cellular_component
ENSG00000075413	GO:0005886	plasma membrane	cellular_component
ENSG00000075415	GO:0005576	extracellular region	cellular_component
ENSG00000075415	GO:0005739	mitochondrion	cellular_component
ENSG00000075415	GO:0005886	plasma membrane	cellular_component
ENSG00000075420	GO:0003723	RNA binding	molecular_function
ENSG00000075618	GO:0003723	RNA binding	molecular_function
ENSG00000075618	GO:0005576	extracellular region	cellular_component
ENSG00000075618	GO:0005886	plasma membrane	cellular_component
ENSG00000075624	GO:0002376	immune system process	biological_process
ENSG00000075624	GO:0005576	extracellular region	cellular_component
ENSG00000075624	GO:0005886	plasma membrane	cellular_component
ENSG00000075651	GO:0005886	plasma membrane	cellular_component
ENSG00000075711	GO:0005576	extracellular region	cellular_component
ENSG00000075711	GO:0005886	plasma membrane	cellular_component
ENSG00000075785	GO:0005576	extracellular region	cellular_component
ENSG00000075785	GO:0005739	mitochondrion	cellular_component
ENSG00000075785	GO:0005886	plasma membrane	cellular_component
ENSG00000075914	GO:0003723	RNA binding	molecular_function
ENSG00000075945	GO:0005886	plasma membrane	cellular_component
ENSG00000075975	GO:0002376	immune system process	biological_process
ENSG00000075975	GO:0003723	RNA binding	molecular_function
ENSG00000076043	GO:0005739	mitochondrion	cellular_component
ENSG00000076053	GO:0003723	RNA binding	molecular_function
ENSG00000076067	GO:0003723	RNA binding	molecular_function
ENSG00000076108	GO:0003723	RNA binding	molecular_function
ENSG00000076201	GO:0005576	extracellular region	cellular_component
ENSG00000076242	GO:0002376	immune system process	biological_process
ENSG00000076248	GO:0005739	mitochondrion	cellular_component
ENSG00000076351	GO:0005886	plasma membrane	cellular_component
ENSG00000076513	GO:0005886	plasma membrane	cellular_component
ENSG00000076554	GO:0002376	immune system process	biological_process
ENSG00000076604	GO:0002376	immune system process	biological_process
ENSG00000076604	GO:0005886	plasma membrane	cellular_component
ENSG00000076706	GO:0005576	extracellular region	cellular_component
ENSG00000076706	GO:0005886	plasma membrane	cellular_component
ENSG00000076716	GO:0005576	extracellular region	cellular_component
ENSG00000076716	GO:0005886	plasma membrane	cellular_component
ENSG00000076770	GO:0003723	RNA binding	molecular_function
ENSG00000076928	GO:0003723	RNA binding	molecular_function
ENSG00000076928	GO:0005886	plasma membrane	cellular_component
ENSG00000076944	GO:0002376	immune system process	biological_process
ENSG00000076944	GO:0005576	extracellular region	cellular_component
ENSG00000076944	GO:0005886	plasma membrane	cellular_component
ENSG00000076984	GO:0002376	immune system process	biological_process
ENSG00000077097	GO:0002376	immune system process	biological_process
ENSG00000077238	GO:0002376	immune system process	biological_process
ENSG00000077238	GO:0005576	extracellular region	cellular_component
ENSG00000077238	GO:0005886	plasma membrane	cellular_component
ENSG00000077312	GO:0003723	RNA binding	molecular_function
ENSG00000077348	GO:0003723	RNA binding	molecular_function
ENSG00000077454	GO:0002376	immune system process	biological_process
ENSG00000077454	GO:0005886	plasma membrane	cellular_component
ENSG00000077458	GO:0002376	immune system process	biological_process
ENSG00000077458	GO:0003723	RNA binding	molecular_function
ENSG00000077463	GO:0003723	RNA binding	molecular_function
ENSG00000077549	GO:0005576	extracellular region	cellular_component
ENSG00000077585	GO:0002376	immune system process	biological_process
ENSG00000077585	GO:0005886	plasma membrane	cellular_component
ENSG00000077684	GO:0005886	plasma membrane	cellular_component
ENSG00000077713	GO:0005739	mitochondrion	cellular_component
ENSG00000077782	GO:0005576	extracellular region	cellular_component
ENSG00000077782	GO:0005886	plasma membrane	cellular_component
ENSG00000077942	GO:0005576	extracellular region	cellular_component
ENSG00000078053	GO:0005886	plasma membrane	cellular_component
ENSG00000078061	GO:0005739	mitochondrion	cellular_component
ENSG00000078061	GO:0005886	plasma membrane	cellular_component
ENSG00000078070	GO:0005739	mitochondrion	cellular_component
ENSG00000078081	GO:0002376	immune system process	biological_process
ENSG00000078081	GO:0005886	plasma membrane	cellular_component
ENSG00000078098	GO:0005576	extracellular region	cellular_component
ENSG00000078098	GO:0005886	plasma membrane	cellular_component
ENSG00000078114	GO:0005576	extracellular region	cellular_component
ENSG00000078140	GO:0002376	immune system process	biological_process
ENSG00000078142	GO:0002376	immune system process	biological_process
ENSG00000078142	GO:0005886	plasma membrane	cellular_component
ENSG00000078237	GO:0005739	mitochondrion	cellular_component
ENSG00000078246	GO:0005576	extracellular region	cellular_component
ENSG00000078246	GO:0005886	plasma membrane	cellular_component
ENSG00000078269	GO:0003723	RNA binding	molecular_function
ENSG00000078269	GO:0005886	plasma membrane	cellular_component
ENSG00000078369	GO:0005576	extracellular region	cellular_component
ENSG00000078369	GO:0005886	plasma membrane	cellular_component
ENSG00000078399	GO:0002376	immune system process	biological_process
ENSG00000078401	GO:0002376	immune system process	biological_process
ENSG00000078401	GO:0005576	extracellular region	cellular_component
ENSG00000078618	GO:0005739	mitochondrion	cellular_component
ENSG00000078668	GO:0005576	extracellular region	cellular_component
ENSG00000078668	GO:0005739	mitochondrion	cellular_component
ENSG00000078687	GO:0003723	RNA binding	molecular_function
ENSG00000078747	GO:0002376	immune system process	biological_process
ENSG00000078747	GO:0005576	extracellular region	cellular_component
ENSG00000078747	GO:0005739	mitochondrion	cellular_component
ENSG00000078747	GO:0005886	plasma membrane	cellular_component
ENSG00000078902	GO:0002376	immune system process	biological_process
ENSG00000078902	GO:0005576	extracellular region	cellular_component
ENSG00000078902	GO:0005886	plasma membrane	cellular_component
ENSG00000079134	GO:0003723	RNA binding	molecular_function
ENSG00000079156	GO:0005886	plasma membrane	cellular_component
ENSG00000079215	GO:0005886	plasma membrane	cellular_component
ENSG00000079246	GO:0002376	immune system process	biological_process
ENSG00000079246	GO:0003723	RNA binding	molecular_function
ENSG00000079246	GO:0005576	extracellular region	cellular_component
ENSG00000079435	GO:0005886	plasma membrane	cellular_component
ENSG00000079691	GO:0005576	extracellular region	cellular_component
ENSG00000079691	GO:0005886	plasma membrane	cellular_component
ENSG00000079739	GO:0005576	extracellular region	cellular_component
ENSG00000079785	GO:0002376	immune system process	biological_process
ENSG00000079785	GO:0003723	RNA binding	molecular_function
ENSG00000079785	GO:0005739	mitochondrion	cellular_component
ENSG00000079805	GO:0002376	immune system process	biological_process
ENSG00000079805	GO:0005576	extracellular region	cellular_component
ENSG00000079805	GO:0005886	plasma membrane	cellular_component
ENSG00000079819	GO:0005576	extracellular region	cellular_component
ENSG00000079819	GO:0005886	plasma membrane	cellular_component
ENSG00000080298	GO:0005576	extracellular region	cellular_component
ENSG00000080493	GO:0005576	extracellular region	cellular_component
ENSG00000080493	GO:0005886	plasma membrane	cellular_component
ENSG00000080503	GO:0002376	immune system process	biological_process
ENSG00000080608	GO:0003723	RNA binding	molecular_function
ENSG00000080802	GO:0002376	immune system process	biological_process
ENSG00000080802	GO:0003723	RNA binding	molecular_function
ENSG00000080815	GO:0002376	immune system process	biological_process
ENSG00000080815	GO:0005739	mitochondrion	cellular_component
ENSG00000080815	GO:0005886	plasma membrane	cellular_component
ENSG00000080819	GO:0005739	mitochondrion	cellular_component
ENSG00000080822	GO:0005886	plasma membrane	cellular_component
ENSG00000080823	GO:0002376	immune system process	biological_process
ENSG00000080823	GO:0005886	plasma membrane	cellular_component
ENSG00000080824	GO:0002376	immune system process	biological_process
ENSG00000080824	GO:0003723	RNA binding	molecular_function
ENSG00000080824	GO:0005576	extracellular region	cellular_component
ENSG00000080824	GO:0005739	mitochondrion	cellular_component
ENSG00000080824	GO:0005886	plasma membrane	cellular_component
ENSG00000080845	GO:0005886	plasma membrane	cellular_component
ENSG00000081026	GO:0005886	plasma membrane	cellular_component
ENSG00000081052	GO:0005576	extracellular region	cellular_component
ENSG00000081059	GO:0002376	immune system process	biological_process
ENSG00000081177	GO:0005739	mitochondrion	cellular_component
ENSG00000081181	GO:0002376	immune system process	biological_process
ENSG00000081181	GO:0005739	mitochondrion	cellular_component
ENSG00000081189	GO:0002376	immune system process	biological_process
ENSG00000081320	GO:0005886	plasma membrane	cellular_component
ENSG00000081791	GO:0005739	mitochondrion	cellular_component
ENSG00000081803	GO:0005886	plasma membrane	cellular_component
ENSG00000081913	GO:0002376	immune system process	biological_process
ENSG00000081913	GO:0005886	plasma membrane	cellular_component
ENSG00000081923	GO:0005886	plasma membrane	cellular_component
ENSG00000082014	GO:0002376	immune system process	biological_process
ENSG00000082153	GO:0003723	RNA binding	molecular_function
ENSG00000082212	GO:0005739	mitochondrion	cellular_component
ENSG00000082258	GO:0003723	RNA binding	molecular_function
ENSG00000082397	GO:0005886	plasma membrane	cellular_component
ENSG00000082438	GO:0005576	extracellular region	cellular_component
ENSG00000082458	GO:0005886	plasma membrane	cellular_component
ENSG00000082512	GO:0005886	plasma membrane	cellular_component
ENSG00000082516	GO:0003723	RNA binding	molecular_function
ENSG00000082781	GO:0005576	extracellular region	cellular_component
ENSG00000082781	GO:0005886	plasma membrane	cellular_component
ENSG00000082805	GO:0005886	plasma membrane	cellular_component
ENSG00000082898	GO:0003723	RNA binding	molecular_function
ENSG00000083099	GO:0005739	mitochondrion	cellular_component
ENSG00000083123	GO:0005739	mitochondrion	cellular_component
ENSG00000083168	GO:0002376	immune system process	biological_process
ENSG00000083223	GO:0003723	RNA binding	molecular_function
ENSG00000083312	GO:0003723	RNA binding	molecular_function
ENSG00000083312	GO:0005576	extracellular region	cellular_component
ENSG00000083444	GO:0005576	extracellular region	cellular_component
ENSG00000083457	GO:0005886	plasma membrane	cellular_component
ENSG00000083535	GO:0002376	immune system process	biological_process
ENSG00000083535	GO:0005576	extracellular region	cellular_component
ENSG00000083544	GO:0003723	RNA binding	molecular_function
ENSG00000083635	GO:0003723	RNA binding	molecular_function
ENSG00000083720	GO:0005739	mitochondrion	cellular_component
ENSG00000083799	GO:0002376	immune system process	biological_process
ENSG00000083799	GO:0005886	plasma membrane	cellular_component
ENSG00000083807	GO:0005886	plasma membrane	cellular_component
ENSG00000083845	GO:0003723	RNA binding	molecular_function
ENSG00000083845	GO:0005576	extracellular region	cellular_component
ENSG00000083845	GO:0005840	ribosome	cellular_component
ENSG00000083937	GO:0005576	extracellular region	cellular_component
ENSG00000083937	GO:0005886	plasma membrane	cellular_component
ENSG00000084073	GO:0005576	extracellular region	cellular_component
ENSG00000084090	GO:0005739	mitochondrion	cellular_component
ENSG00000084092	GO:0003723	RNA binding	molecular_function
ENSG00000084092	GO:0005739	mitochondrion	cellular_component
ENSG00000084207	GO:0005576	extracellular region	cellular_component
ENSG00000084207	GO:0005739	mitochondrion	cellular_component
ENSG00000084234	GO:0005576	extracellular region	cellular_component
ENSG00000084234	GO:0005886	plasma membrane	cellular_component
ENSG00000084463	GO:0003723	RNA binding	molecular_function
ENSG00000084623	GO:0003723	RNA binding	molecular_function
ENSG00000084623	GO:0005576	extracellular region	cellular_component
ENSG00000084636	GO:0005576	extracellular region	cellular_component
ENSG00000084652	GO:0005576	extracellular region	cellular_component
ENSG00000084710	GO:0005886	plasma membrane	cellular_component
ENSG00000084733	GO:0002376	immune system process	biological_process
ENSG00000084733	GO:0005576	extracellular region	cellular_component
ENSG00000084733	GO:0005886	plasma membrane	cellular_component
ENSG00000084754	GO:0005739	mitochondrion	cellular_component
ENSG00000084774	GO:0005576	extracellular region	cellular_component
ENSG00000085063	GO:0002376	immune system process	biological_process
ENSG00000085063	GO:0005576	extracellular region	cellular_component
ENSG00000085063	GO:0005886	plasma membrane	cellular_component
ENSG00000085117	GO:0005576	extracellular region	cellular_component
ENSG00000085117	GO:0005886	plasma membrane	cellular_component
ENSG00000085365	GO:0005886	plasma membrane	cellular_component
ENSG00000085377	GO:0005576	extracellular region	cellular_component
ENSG00000085491	GO:0005739	mitochondrion	cellular_component
ENSG00000085563	GO:0005576	extracellular region	cellular_component
ENSG00000085563	GO:0005886	plasma membrane	cellular_component
ENSG00000085662	GO:0005576	extracellular region	cellular_component
ENSG00000085662	GO:0005739	mitochondrion	cellular_component
ENSG00000085719	GO:0003723	RNA binding	molecular_function
ENSG00000085719	GO:0005576	extracellular region	cellular_component
ENSG00000085719	GO:0005886	plasma membrane	cellular_component
ENSG00000085733	GO:0005886	plasma membrane	cellular_component
ENSG00000085760	GO:0003723	RNA binding	molecular_function
ENSG00000085760	GO:0005739	mitochondrion	cellular_component
ENSG00000085832	GO:0005886	plasma membrane	cellular_component
ENSG00000085871	GO:0005886	plasma membrane	cellular_component
ENSG00000085872	GO:0003723	RNA binding	molecular_function
ENSG00000086015	GO:0005886	plasma membrane	cellular_component
ENSG00000086061	GO:0005576	extracellular region	cellular_component
ENSG00000086061	GO:0005739	mitochondrion	cellular_component
ENSG00000086062	GO:0005576	extracellular region	cellular_component
ENSG00000086062	GO:0005886	plasma membrane	cellular_component
ENSG00000086065	GO:0005576	extracellular region	cellular_component
ENSG00000086065	GO:0005886	plasma membrane	cellular_component
ENSG00000086102	GO:0003723	RNA binding	molecular_function
ENSG00000086189	GO:0003723	RNA binding	molecular_function
ENSG00000086289	GO:0005576	extracellular region	cellular_component
ENSG00000086475	GO:0005886	plasma membrane	cellular_component
ENSG00000086504	GO:0003723	RNA binding	molecular_function
ENSG00000086504	GO:0005739	mitochondrion	cellular_component
ENSG00000086504	GO:0005840	ribosome	cellular_component
ENSG00000086589	GO:0003723	RNA binding	molecular_function
ENSG00000087053	GO:0005576	extracellular region	cellular_component
ENSG00000087053	GO:0005886	plasma membrane	cellular_component
ENSG00000087074	GO:0005739	mitochondrion	cellular_component
ENSG00000087077	GO:0003723	RNA binding	molecular_function
ENSG00000087085	GO:0005576	extracellular region	cellular_component
ENSG00000087085	GO:0005886	plasma membrane	cellular_component
ENSG00000087086	GO:0002376	immune system process	biological_process
ENSG00000087086	GO:0005576	extracellular region	cellular_component
ENSG00000087087	GO:0003723	RNA binding	molecular_function
ENSG00000087088	GO:0002376	immune system process	biological_process
ENSG00000087088	GO:0005576	extracellular region	cellular_component
ENSG00000087088	GO:0005739	mitochondrion	cellular_component
ENSG00000087116	GO:0005576	extracellular region	cellular_component
ENSG00000087191	GO:0002376	immune system process	biological_process
ENSG00000087191	GO:0005576	extracellular region	cellular_component
ENSG00000087191	GO:0005886	plasma membrane	cellular_component
ENSG00000087245	GO:0002376	immune system process	biological_process
ENSG00000087245	GO:0005576	extracellular region	cellular_component
ENSG00000087245	GO:0005739	mitochondrion	cellular_component
ENSG00000087245	GO:0005886	plasma membrane	cellular_component
ENSG00000087253	GO:0005886	plasma membrane	cellular_component
ENSG00000087258	GO:0005886	plasma membrane	cellular_component
ENSG00000087269	GO:0003723	RNA binding	molecular_function
ENSG00000087274	GO:0003723	RNA binding	molecular_function
ENSG00000087274	GO:0005886	plasma membrane	cellular_component
ENSG00000087299	GO:0005739	mitochondrion	cellular_component
ENSG00000087301	GO:0005576	extracellular region	cellular_component
ENSG00000087302	GO:0003723	RNA binding	molecular_function
ENSG00000087303	GO:0005576	extracellular region	cellular_component
ENSG00000087303	GO:0005886	plasma membrane	cellular_component
ENSG00000087365	GO:0003723	RNA binding	molecular_function
ENSG00000087460	GO:0002376	immune system process	biological_process
ENSG00000087460	GO:0005576	extracellular region	cellular_component
ENSG00000087460	GO:0005886	plasma membrane	cellular_component
ENSG00000087470	GO:0002376	immune system process	biological_process
ENSG00000087470	GO:0005739	mitochondrion	cellular_component
ENSG00000087494	GO:0005576	extracellular region	cellular_component
ENSG00000087586	GO:0005886	plasma membrane	cellular_component
ENSG00000088205	GO:0003723	RNA binding	molecular_function
ENSG00000088247	GO:0003723	RNA binding	molecular_function
ENSG00000088256	GO:0005576	extracellular region	cellular_component
ENSG00000088256	GO:0005886	plasma membrane	cellular_component
ENSG00000088280	GO:0005886	plasma membrane	cellular_component
ENSG00000088367	GO:0005886	plasma membrane	cellular_component
ENSG00000088682	GO:0005739	mitochondrion	cellular_component
ENSG00000088766	GO:0005739	mitochondrion	cellular_component
ENSG00000088812	GO:0005576	extracellular region	cellular_component
ENSG00000088812	GO:0005886	plasma membrane	cellular_component
ENSG00000088832	GO:0002376	immune system process	biological_process
ENSG00000088832	GO:0005886	plasma membrane	cellular_component
ENSG00000088836	GO:0005886	plasma membrane	cellular_component
ENSG00000088930	GO:0003723	RNA binding	molecular_function
ENSG00000088986	GO:0005739	mitochondrion	cellular_component
ENSG00000088986	GO:0005886	plasma membrane	cellular_component
ENSG00000088992	GO:0002376	immune system process	biological_process
ENSG00000088992	GO:0005886	plasma membrane	cellular_component
ENSG00000089006	GO:0005886	plasma membrane	cellular_component
ENSG00000089009	GO:0003723	RNA binding	molecular_function
ENSG00000089009	GO:0005840	ribosome	cellular_component
ENSG00000089048	GO:0003723	RNA binding	molecular_function
ENSG00000089057	GO:0005886	plasma membrane	cellular_component
ENSG00000089060	GO:0002376	immune system process	biological_process
ENSG00000089060	GO:0005739	mitochondrion	cellular_component
ENSG00000089060	GO:0005886	plasma membrane	cellular_component
ENSG00000089094	GO:0003723	RNA binding	molecular_function
ENSG00000089127	GO:0002376	immune system process	biological_process
ENSG00000089127	GO:0003723	RNA binding	molecular_function
ENSG00000089127	GO:0005576	extracellular region	cellular_component
ENSG00000089127	GO:0005739	mitochondrion	cellular_component
ENSG00000089127	GO:0005840	ribosome	cellular_component
ENSG00000089157	GO:0003723	RNA binding	molecular_function
ENSG00000089157	GO:0005576	extracellular region	cellular_component
ENSG00000089157	GO:0005840	ribosome	cellular_component
ENSG00000089159	GO:0005886	plasma membrane	cellular_component
ENSG00000089163	GO:0005739	mitochondrion	cellular_component
ENSG00000089195	GO:0003723	RNA binding	molecular_function
ENSG00000089220	GO:0003723	RNA binding	molecular_function
ENSG00000089220	GO:0005576	extracellular region	cellular_component
ENSG00000089280	GO:0003723	RNA binding	molecular_function
ENSG00000089289	GO:0002376	immune system process	biological_process
ENSG00000089327	GO:0005886	plasma membrane	cellular_component
ENSG00000089351	GO:0005886	plasma membrane	cellular_component
ENSG00000089682	GO:0003723	RNA binding	molecular_function
ENSG00000089737	GO:0003723	RNA binding	molecular_function
ENSG00000089818	GO:0005886	plasma membrane	cellular_component
ENSG00000089876	GO:0003723	RNA binding	molecular_function
ENSG00000089876	GO:0005739	mitochondrion	cellular_component
ENSG00000089902	GO:0002376	immune system process	biological_process
ENSG00000090013	GO:0005576	extracellular region	cellular_component
ENSG00000090020	GO:0005576	extracellular region	cellular_component
ENSG00000090020	GO:0005739	mitochondrion	cellular_component
ENSG00000090020	GO:0005886	plasma membrane	cellular_component
ENSG00000090060	GO:0003723	RNA binding	molecular_function
ENSG00000090097	GO:0003723	RNA binding	molecular_function
ENSG00000090263	GO:0005739	mitochondrion	cellular_component
ENSG00000090263	GO:0005840	ribosome	cellular_component
ENSG00000090266	GO:0005739	mitochondrion	cellular_component
ENSG00000090316	GO:0002376	immune system process	biological_process
ENSG00000090316	GO:0005886	plasma membrane	cellular_component
ENSG00000090339	GO:0002376	immune system process	biological_process
ENSG00000090339	GO:0005576	extracellular region	cellular_component
ENSG00000090339	GO:0005886	plasma membrane	cellular_component
ENSG00000090432	GO:0002376	immune system process	biological_process
ENSG00000090432	GO:0005739	mitochondrion	cellular_component
ENSG00000090487	GO:0002376	immune system process	biological_process
ENSG00000090530	GO:0005576	extracellular region	cellular_component
ENSG00000090565	GO:0005886	plasma membrane	cellular_component
ENSG00000090581	GO:0005576	extracellular region	cellular_component
ENSG00000090621	GO:0003723	RNA binding	molecular_function
ENSG00000090674	GO:0002376	immune system process	biological_process
ENSG00000090674	GO:0005886	plasma membrane	cellular_component
ENSG00000090686	GO:0005739	mitochondrion	cellular_component
ENSG00000090776	GO:0005576	extracellular region	cellular_component
ENSG00000090776	GO:0005886	plasma membrane	cellular_component
ENSG00000090857	GO:0005739	mitochondrion	cellular_component
ENSG00000090861	GO:0003723	RNA binding	molecular_function
ENSG00000090861	GO:0005576	extracellular region	cellular_component
ENSG00000090863	GO:0005576	extracellular region	cellular_component
ENSG00000090863	GO:0005886	plasma membrane	cellular_component
ENSG00000090905	GO:0003723	RNA binding	molecular_function
ENSG00000090932	GO:0005886	plasma membrane	cellular_component
ENSG00000090989	GO:0005886	plasma membrane	cellular_component
ENSG00000091009	GO:0003723	RNA binding	molecular_function
ENSG00000091127	GO:0003723	RNA binding	molecular_function
ENSG00000091129	GO:0005576	extracellular region	cellular_component
ENSG00000091129	GO:0005886	plasma membrane	cellular_component
ENSG00000091136	GO:0005576	extracellular region	cellular_component
ENSG00000091140	GO:0005739	mitochondrion	cellular_component
ENSG00000091317	GO:0005886	plasma membrane	cellular_component
ENSG00000091409	GO:0002376	immune system process	biological_process
ENSG00000091409	GO:0005576	extracellular region	cellular_component
ENSG00000091409	GO:0005886	plasma membrane	cellular_component
ENSG00000091436	GO:0003723	RNA binding	molecular_function
ENSG00000091483	GO:0005576	extracellular region	cellular_component
ENSG00000091483	GO:0005739	mitochondrion	cellular_component
ENSG00000091542	GO:0003723	RNA binding	molecular_function
ENSG00000091844	GO:0005886	plasma membrane	cellular_component
ENSG00000092010	GO:0002376	immune system process	biological_process
ENSG00000092010	GO:0005576	extracellular region	cellular_component
ENSG00000092020	GO:0002376	immune system process	biological_process
ENSG00000092068	GO:0005886	plasma membrane	cellular_component
ENSG00000092096	GO:0005886	plasma membrane	cellular_component
ENSG00000092199	GO:0003723	RNA binding	molecular_function
ENSG00000092199	GO:0005576	extracellular region	cellular_component
ENSG00000092201	GO:0003723	RNA binding	molecular_function
ENSG00000092421	GO:0005886	plasma membrane	cellular_component
ENSG00000092439	GO:0005886	plasma membrane	cellular_component
ENSG00000092445	GO:0002376	immune system process	biological_process
ENSG00000092445	GO:0005886	plasma membrane	cellular_component
ENSG00000092531	GO:0002376	immune system process	biological_process
ENSG00000092531	GO:0005576	extracellular region	cellular_component
ENSG00000092531	GO:0005739	mitochondrion	cellular_component
ENSG00000092531	GO:0005886	plasma membrane	cellular_component
ENSG00000092621	GO:0005576	extracellular region	cellular_component
ENSG00000092820	GO:0002376	immune system process	biological_process
ENSG00000092820	GO:0003723	RNA binding	molecular_function
ENSG00000092820	GO:0005576	extracellular region	cellular_component
ENSG00000092820	GO:0005886	plasma membrane	cellular_component
ENSG00000092841	GO:0005576	extracellular region	cellular_component
ENSG00000092871	GO:0005886	plasma membrane	cellular_component
ENSG00000092929	GO:0002376	immune system process	biological_process
ENSG00000092929	GO:0005576	extracellular region	cellular_component
ENSG00000092964	GO:0005576	extracellular region	cellular_component
ENSG00000093010	GO:0005576	extracellular region	cellular_component
ENSG00000093010	GO:0005886	plasma membrane	cellular_component
ENSG00000094631	GO:0005886	plasma membrane	cellular_component
ENSG00000095002	GO:0002376	immune system process	biological_process
ENSG00000095015	GO:0002376	immune system process	biological_process
ENSG00000095139	GO:0003723	RNA binding	molecular_function
ENSG00000095203	GO:0005886	plasma membrane	cellular_component
ENSG00000095303	GO:0005576	extracellular region	cellular_component
ENSG00000095321	GO:0005739	mitochondrion	cellular_component
ENSG00000095380	GO:0005576	extracellular region	cellular_component
ENSG00000095383	GO:0005886	plasma membrane	cellular_component
ENSG00000095397	GO:0005886	plasma membrane	cellular_component
ENSG00000095539	GO:0005886	plasma membrane	cellular_component
ENSG00000095637	GO:0005886	plasma membrane	cellular_component
ENSG00000095739	GO:0005886	plasma membrane	cellular_component
ENSG00000095752	GO:0002376	immune system process	biological_process
ENSG00000095752	GO:0005576	extracellular region	cellular_component
ENSG00000096060	GO:0005576	extracellular region	cellular_component
ENSG00000096063	GO:0002376	immune system process	biological_process
ENSG00000096063	GO:0003723	RNA binding	molecular_function
ENSG00000096070	GO:0002376	immune system process	biological_process
ENSG00000096070	GO:0005576	extracellular region	cellular_component
ENSG00000096092	GO:0005739	mitochondrion	cellular_component
ENSG00000096384	GO:0003723	RNA binding	molecular_function
ENSG00000096384	GO:0005576	extracellular region	cellular_component
ENSG00000096384	GO:0005739	mitochondrion	cellular_component
ENSG00000096384	GO:0005886	plasma membrane	cellular_component
ENSG00000096401	GO:0003723	RNA binding	molecular_function
ENSG00000096696	GO:0003723	RNA binding	molecular_function
ENSG00000096696	GO:0005576	extracellular region	cellular_component
ENSG00000096696	GO:0005886	plasma membrane	cellular_component
ENSG00000096717	GO:0002376	immune system process	biological_process
ENSG00000096717	GO:0005739	mitochondrion	cellular_component
ENSG00000096746	GO:0003723	RNA binding	molecular_function
ENSG00000096968	GO:0002376	immune system process	biological_process
ENSG00000096968	GO:0005886	plasma membrane	cellular_component
ENSG00000097021	GO:0005576	extracellular region	cellular_component
ENSG00000097021	GO:0005739	mitochondrion	cellular_component
ENSG00000097033	GO:0005739	mitochondrion	cellular_component
ENSG00000097096	GO:0005886	plasma membrane	cellular_component
ENSG00000099139	GO:0005576	extracellular region	cellular_component
ENSG00000099203	GO:0002376	immune system process	biological_process
ENSG00000099203	GO:0005886	plasma membrane	cellular_component
ENSG00000099246	GO:0005886	plasma membrane	cellular_component
ENSG00000099250	GO:0005576	extracellular region	cellular_component
ENSG00000099250	GO:0005739	mitochondrion	cellular_component
ENSG00000099250	GO:0005886	plasma membrane	cellular_component
ENSG00000099282	GO:0005886	plasma membrane	cellular_component
ENSG00000099284	GO:0005576	extracellular region	cellular_component
ENSG00000099290	GO:0005886	plasma membrane	cellular_component
ENSG00000099330	GO:0005886	plasma membrane	cellular_component
ENSG00000099337	GO:0002376	immune system process	biological_process
ENSG00000099337	GO:0005886	plasma membrane	cellular_component
ENSG00000099341	GO:0002376	immune system process	biological_process
ENSG00000099377	GO:0002376	immune system process	biological_process
ENSG00000099381	GO:0003723	RNA binding	molecular_function
ENSG00000099622	GO:0003723	RNA binding	molecular_function
ENSG00000099624	GO:0005739	mitochondrion	cellular_component
ENSG00000099625	GO:0005886	plasma membrane	cellular_component
ENSG00000099783	GO:0003723	RNA binding	molecular_function
ENSG00000099783	GO:0005576	extracellular region	cellular_component
ENSG00000099785	GO:0002376	immune system process	biological_process
ENSG00000099785	GO:0005886	plasma membrane	cellular_component
ENSG00000099795	GO:0005739	mitochondrion	cellular_component
ENSG00000099800	GO:0005739	mitochondrion	cellular_component
ENSG00000099810	GO:0005576	extracellular region	cellular_component
ENSG00000099812	GO:0005886	plasma membrane	cellular_component
ENSG00000099821	GO:0003723	RNA binding	molecular_function
ENSG00000099821	GO:0005739	mitochondrion	cellular_component
ENSG00000099822	GO:0005886	plasma membrane	cellular_component
ENSG00000099864	GO:0005886	plasma membrane	cellular_component
ENSG00000099889	GO:0005886	plasma membrane	cellular_component
ENSG00000099899	GO:0003723	RNA binding	molecular_function
ENSG00000099904	GO:0005739	mitochondrion	cellular_component
ENSG00000099910	GO:0002376	immune system process	biological_process
ENSG00000099940	GO:0005739	mitochondrion	cellular_component
ENSG00000099940	GO:0005886	plasma membrane	cellular_component
ENSG00000099942	GO:0003723	RNA binding	molecular_function
ENSG00000099942	GO:0005886	plasma membrane	cellular_component
ENSG00000099953	GO:0005576	extracellular region	cellular_component
ENSG00000099956	GO:0002376	immune system process	biological_process
ENSG00000099968	GO:0005739	mitochondrion	cellular_component
ENSG00000099992	GO:0005576	extracellular region	cellular_component
ENSG00000099992	GO:0005886	plasma membrane	cellular_component
ENSG00000099994	GO:0005576	extracellular region	cellular_component
ENSG00000099994	GO:0005886	plasma membrane	cellular_component
ENSG00000099995	GO:0003723	RNA binding	molecular_function
ENSG00000100003	GO:0005576	extracellular region	cellular_component
ENSG00000100023	GO:0005886	plasma membrane	cellular_component
ENSG00000100028	GO:0003723	RNA binding	molecular_function
ENSG00000100029	GO:0003723	RNA binding	molecular_function
ENSG00000100030	GO:0002376	immune system process	biological_process
ENSG00000100030	GO:0005576	extracellular region	cellular_component
ENSG00000100030	GO:0005739	mitochondrion	cellular_component
ENSG00000100030	GO:0005886	plasma membrane	cellular_component
ENSG00000100038	GO:0003723	RNA binding	molecular_function
ENSG00000100065	GO:0002376	immune system process	biological_process
ENSG00000100075	GO:0005576	extracellular region	cellular_component
ENSG00000100075	GO:0005739	mitochondrion	cellular_component
ENSG00000100077	GO:0005886	plasma membrane	cellular_component
ENSG00000100084	GO:0005576	extracellular region	cellular_component
ENSG00000100097	GO:0002376	immune system process	biological_process
ENSG00000100097	GO:0003723	RNA binding	molecular_function
ENSG00000100097	GO:0005576	extracellular region	cellular_component
ENSG00000100097	GO:0005886	plasma membrane	cellular_component
ENSG00000100100	GO:0005886	plasma membrane	cellular_component
ENSG00000100105	GO:0002376	immune system process	biological_process
ENSG00000100109	GO:0005576	extracellular region	cellular_component
ENSG00000100116	GO:0005739	mitochondrion	cellular_component
ENSG00000100124	GO:0002376	immune system process	biological_process
ENSG00000100129	GO:0003723	RNA binding	molecular_function
ENSG00000100138	GO:0003723	RNA binding	molecular_function
ENSG00000100139	GO:0005886	plasma membrane	cellular_component
ENSG00000100147	GO:0002376	immune system process	biological_process
ENSG00000100147	GO:0005576	extracellular region	cellular_component
ENSG00000100151	GO:0005886	plasma membrane	cellular_component
ENSG00000100201	GO:0002376	immune system process	biological_process
ENSG00000100201	GO:0003723	RNA binding	molecular_function
ENSG00000100207	GO:0003723	RNA binding	molecular_function
ENSG00000100209	GO:0002376	immune system process	biological_process
ENSG00000100209	GO:0005739	mitochondrion	cellular_component
ENSG00000100216	GO:0005739	mitochondrion	cellular_component
ENSG00000100219	GO:0002376	immune system process	biological_process
ENSG00000100220	GO:0003723	RNA binding	molecular_function
ENSG00000100221	GO:0005886	plasma membrane	cellular_component
ENSG00000100225	GO:0005739	mitochondrion	cellular_component
ENSG00000100227	GO:0003723	RNA binding	molecular_function
ENSG00000100234	GO:0005576	extracellular region	cellular_component
ENSG00000100243	GO:0005576	extracellular region	cellular_component
ENSG00000100243	GO:0005739	mitochondrion	cellular_component
ENSG00000100246	GO:0005886	plasma membrane	cellular_component
ENSG00000100266	GO:0005576	extracellular region	cellular_component
ENSG00000100266	GO:0005886	plasma membrane	cellular_component
ENSG00000100284	GO:0005576	extracellular region	cellular_component
ENSG00000100284	GO:0005886	plasma membrane	cellular_component
ENSG00000100290	GO:0005739	mitochondrion	cellular_component
ENSG00000100292	GO:0002376	immune system process	biological_process
ENSG00000100292	GO:0005739	mitochondrion	cellular_component
ENSG00000100292	GO:0005886	plasma membrane	cellular_component
ENSG00000100294	GO:0003723	RNA binding	molecular_function
ENSG00000100294	GO:0005739	mitochondrion	cellular_component
ENSG00000100296	GO:0003723	RNA binding	molecular_function
ENSG00000100299	GO:0005576	extracellular region	cellular_component
ENSG00000100299	GO:0005886	plasma membrane	cellular_component
ENSG00000100300	GO:0005576	extracellular region	cellular_component
ENSG00000100300	GO:0005739	mitochondrion	cellular_component
ENSG00000100304	GO:0002376	immune system process	biological_process
ENSG00000100307	GO:0005739	mitochondrion	cellular_component
ENSG00000100316	GO:0003723	RNA binding	molecular_function
ENSG00000100316	GO:0005576	extracellular region	cellular_component
ENSG00000100316	GO:0005840	ribosome	cellular_component
ENSG00000100320	GO:0002376	immune system process	biological_process
ENSG00000100320	GO:0003723	RNA binding	molecular_function
ENSG00000100321	GO:0005886	plasma membrane	cellular_component
ENSG00000100324	GO:0002376	immune system process	biological_process
ENSG00000100325	GO:0005840	ribosome	cellular_component
ENSG00000100335	GO:0005739	mitochondrion	cellular_component
ENSG00000100342	GO:0002376	immune system process	biological_process
ENSG00000100342	GO:0005576	extracellular region	cellular_component
ENSG00000100345	GO:0002376	immune system process	biological_process
ENSG00000100345	GO:0003723	RNA binding	molecular_function
ENSG00000100345	GO:0005576	extracellular region	cellular_component
ENSG00000100345	GO:0005886	plasma membrane	cellular_component
ENSG00000100347	GO:0005576	extracellular region	cellular_component
ENSG00000100347	GO:0005739	mitochondrion	cellular_component
ENSG00000100348	GO:0005739	mitochondrion	cellular_component
ENSG00000100353	GO:0003723	RNA binding	molecular_function
ENSG00000100380	GO:0005576	extracellular region	cellular_component
ENSG00000100387	GO:0002376	immune system process	biological_process
ENSG00000100393	GO:0002376	immune system process	biological_process
ENSG00000100393	GO:0003723	RNA binding	molecular_function
ENSG00000100403	GO:0003723	RNA binding	molecular_function
ENSG00000100410	GO:0003723	RNA binding	molecular_function
ENSG00000100412	GO:0005739	mitochondrion	cellular_component
ENSG00000100413	GO:0002376	immune system process	biological_process
ENSG00000100416	GO:0003723	RNA binding	molecular_function
ENSG00000100416	GO:0005739	mitochondrion	cellular_component
ENSG00000100422	GO:0005886	plasma membrane	cellular_component
ENSG00000100425	GO:0002376	immune system process	biological_process
ENSG00000100426	GO:0003723	RNA binding	molecular_function
ENSG00000100441	GO:0003723	RNA binding	molecular_function
ENSG00000100442	GO:0003723	RNA binding	molecular_function
ENSG00000100445	GO:0005739	mitochondrion	cellular_component
ENSG00000100461	GO:0003723	RNA binding	molecular_function
ENSG00000100473	GO:0005576	extracellular region	cellular_component
ENSG00000100485	GO:0005886	plasma membrane	cellular_component
ENSG00000100490	GO:0005576	extracellular region	cellular_component
ENSG00000100504	GO:0005576	extracellular region	cellular_component
ENSG00000100528	GO:0002376	immune system process	biological_process
ENSG00000100554	GO:0005576	extracellular region	cellular_component
ENSG00000100554	GO:0005886	plasma membrane	cellular_component
ENSG00000100558	GO:0002376	immune system process	biological_process
ENSG00000100558	GO:0005886	plasma membrane	cellular_component
ENSG00000100567	GO:0002376	immune system process	biological_process
ENSG00000100567	GO:0005576	extracellular region	cellular_component
ENSG00000100568	GO:0005576	extracellular region	cellular_component
ENSG00000100575	GO:0005739	mitochondrion	cellular_component
ENSG00000100577	GO:0005739	mitochondrion	cellular_component
ENSG00000100591	GO:0005576	extracellular region	cellular_component
ENSG00000100599	GO:0002376	immune system process	biological_process
ENSG00000100600	GO:0002376	immune system process	biological_process
ENSG00000100600	GO:0005576	extracellular region	cellular_component
ENSG00000100603	GO:0003723	RNA binding	molecular_function
ENSG00000100605	GO:0005886	plasma membrane	cellular_component
ENSG00000100632	GO:0003723	RNA binding	molecular_function
ENSG00000100644	GO:0002376	immune system process	biological_process
ENSG00000100664	GO:0003723	RNA binding	molecular_function
ENSG00000100714	GO:0002376	immune system process	biological_process
ENSG00000100714	GO:0005576	extracellular region	cellular_component
ENSG00000100714	GO:0005739	mitochondrion	cellular_component
ENSG00000100764	GO:0002376	immune system process	biological_process
ENSG00000100764	GO:0003723	RNA binding	molecular_function
ENSG00000100802	GO:0003723	RNA binding	molecular_function
ENSG00000100802	GO:0005576	extracellular region	cellular_component
ENSG00000100811	GO:0002376	immune system process	biological_process
ENSG00000100811	GO:0003723	RNA binding	molecular_function
ENSG00000100813	GO:0002376	immune system process	biological_process
ENSG00000100813	GO:0003723	RNA binding	molecular_function
ENSG00000100823	GO:0003723	RNA binding	molecular_function
ENSG00000100823	GO:0005739	mitochondrion	cellular_component
ENSG00000100823	GO:0005840	ribosome	cellular_component
ENSG00000100836	GO:0003723	RNA binding	molecular_function
ENSG00000100852	GO:0005886	plasma membrane	cellular_component
ENSG00000100867	GO:0002376	immune system process	biological_process
ENSG00000100867	GO:0005739	mitochondrion	cellular_component
ENSG00000100883	GO:0002376	immune system process	biological_process
ENSG00000100883	GO:0003723	RNA binding	molecular_function
ENSG00000100889	GO:0005739	mitochondrion	cellular_component
ENSG00000100902	GO:0002376	immune system process	biological_process
ENSG00000100902	GO:0003723	RNA binding	molecular_function
ENSG00000100902	GO:0005576	extracellular region	cellular_component
ENSG00000100902	GO:0005840	ribosome	cellular_component
ENSG00000100906	GO:0002376	immune system process	biological_process
ENSG00000100911	GO:0002376	immune system process	biological_process
ENSG00000100911	GO:0005576	extracellular region	cellular_component
ENSG00000100941	GO:0003723	RNA binding	molecular_function
ENSG00000100941	GO:0005886	plasma membrane	cellular_component
ENSG00000100949	GO:0005886	plasma membrane	cellular_component
ENSG00000100979	GO:0005576	extracellular region	cellular_component
ENSG00000100983	GO:0005576	extracellular region	cellular_component
ENSG00000100991	GO:0005886	plasma membrane	cellular_component
ENSG00000100994	GO:0005576	extracellular region	cellular_component
ENSG00000100997	GO:0005886	plasma membrane	cellular_component
ENSG00000101000	GO:0005576	extracellular region	cellular_component
ENSG00000101000	GO:0005886	plasma membrane	cellular_component
ENSG00000101017	GO:0002376	immune system process	biological_process
ENSG00000101017	GO:0005576	extracellular region	cellular_component
ENSG00000101017	GO:0005886	plasma membrane	cellular_component
ENSG00000101079	GO:0005576	extracellular region	cellular_component
ENSG00000101084	GO:0005739	mitochondrion	cellular_component
ENSG00000101096	GO:0002376	immune system process	biological_process
ENSG00000101098	GO:0005886	plasma membrane	cellular_component
ENSG00000101138	GO:0003723	RNA binding	molecular_function
ENSG00000101144	GO:0005576	extracellular region	cellular_component
ENSG00000101146	GO:0003723	RNA binding	molecular_function
ENSG00000101150	GO:0003723	RNA binding	molecular_function
ENSG00000101152	GO:0005739	mitochondrion	cellular_component
ENSG00000101152	GO:0005886	plasma membrane	cellular_component
ENSG00000101158	GO:0003723	RNA binding	molecular_function
ENSG00000101160	GO:0005576	extracellular region	cellular_component
ENSG00000101160	GO:0005886	plasma membrane	cellular_component
ENSG00000101161	GO:0003723	RNA binding	molecular_function
ENSG00000101166	GO:0005739	mitochondrion	cellular_component
ENSG00000101182	GO:0002376	immune system process	biological_process
ENSG00000101182	GO:0005576	extracellular region	cellular_component
ENSG00000101187	GO:0005886	plasma membrane	cellular_component
ENSG00000101191	GO:0003723	RNA binding	molecular_function
ENSG00000101220	GO:0005576	extracellular region	cellular_component
ENSG00000101247	GO:0005739	mitochondrion	cellular_component
ENSG00000101255	GO:0005886	plasma membrane	cellular_component
ENSG00000101290	GO:0005739	mitochondrion	cellular_component
ENSG00000101294	GO:0005886	plasma membrane	cellular_component
ENSG00000101298	GO:0005739	mitochondrion	cellular_component
ENSG00000101311	GO:0005886	plasma membrane	cellular_component
ENSG00000101343	GO:0003723	RNA binding	molecular_function
ENSG00000101347	GO:0002376	immune system process	biological_process
ENSG00000101347	GO:0003723	RNA binding	molecular_function
ENSG00000101347	GO:0005886	plasma membrane	cellular_component
ENSG00000101350	GO:0005576	extracellular region	cellular_component
ENSG00000101361	GO:0003723	RNA binding	molecular_function
ENSG00000101365	GO:0005739	mitochondrion	cellular_component
ENSG00000101367	GO:0003723	RNA binding	molecular_function
ENSG00000101367	GO:0005886	plasma membrane	cellular_component
ENSG00000101384	GO:0002376	immune system process	biological_process
ENSG00000101384	GO:0005576	extracellular region	cellular_component
ENSG00000101384	GO:0005886	plasma membrane	cellular_component
ENSG00000101391	GO:0005739	mitochondrion	cellular_component
ENSG00000101400	GO:0005886	plasma membrane	cellular_component
ENSG00000101421	GO:0005576	extracellular region	cellular_component
ENSG00000101421	GO:0005886	plasma membrane	cellular_component
ENSG00000101439	GO:0002376	immune system process	biological_process
ENSG00000101439	GO:0005576	extracellular region	cellular_component
ENSG00000101439	GO:0005886	plasma membrane	cellular_component
ENSG00000101444	GO:0005576	extracellular region	cellular_component
ENSG00000101452	GO:0002376	immune system process	biological_process
ENSG00000101452	GO:0003723	RNA binding	molecular_function
ENSG00000101546	GO:0003723	RNA binding	molecular_function
ENSG00000101546	GO:0005739	mitochondrion	cellular_component
ENSG00000101557	GO:0002376	immune system process	biological_process
ENSG00000101557	GO:0005576	extracellular region	cellular_component
ENSG00000101557	GO:0005886	plasma membrane	cellular_component
ENSG00000101558	GO:0005886	plasma membrane	cellular_component
ENSG00000101574	GO:0005739	mitochondrion	cellular_component
ENSG00000101608	GO:0005576	extracellular region	cellular_component
ENSG00000101654	GO:0003723	RNA binding	molecular_function
ENSG00000101680	GO:0005576	extracellular region	cellular_component
ENSG00000101680	GO:0005886	plasma membrane	cellular_component
ENSG00000101695	GO:0002376	immune system process	biological_process
ENSG00000101752	GO:0005886	plasma membrane	cellular_component
ENSG00000101782	GO:0002376	immune system process	biological_process
ENSG00000101782	GO:0005840	ribosome	cellular_component
ENSG00000101856	GO:0005576	extracellular region	cellular_component
ENSG00000101856	GO:0005739	mitochondrion	cellular_component
ENSG00000101856	GO:0005886	plasma membrane	cellular_component
ENSG00000101882	GO:0002376	immune system process	biological_process
ENSG00000101882	GO:0003723	RNA binding	molecular_function
ENSG00000101898	GO:0003723	RNA binding	molecular_function
ENSG00000101938	GO:0005576	extracellular region	cellular_component
ENSG00000101938	GO:0005886	plasma membrane	cellular_component
ENSG00000101945	GO:0005886	plasma membrane	cellular_component
ENSG00000101955	GO:0005576	extracellular region	cellular_component
ENSG00000101966	GO:0002376	immune system process	biological_process
ENSG00000101974	GO:0002376	immune system process	biological_process
ENSG00000101974	GO:0005886	plasma membrane	cellular_component
ENSG00000101986	GO:0005739	mitochondrion	cellular_component
ENSG00000102003	GO:0005886	plasma membrane	cellular_component
ENSG00000102007	GO:0005886	plasma membrane	cellular_component
ENSG00000102032	GO:0005576	extracellular region	cellular_component
ENSG00000102034	GO:0002376	immune system process	biological_process
ENSG00000102048	GO:0005739	mitochondrion	cellular_component
ENSG00000102054	GO:0003723	RNA binding	molecular_function
ENSG00000102078	GO:0005739	mitochondrion	cellular_component
ENSG00000102078	GO:0005886	plasma membrane	cellular_component
ENSG00000102081	GO:0003723	RNA binding	molecular_function
ENSG00000102081	GO:0005886	plasma membrane	cellular_component
ENSG00000102109	GO:0005576	extracellular region	cellular_component
ENSG00000102125	GO:0005739	mitochondrion	cellular_component
ENSG00000102144	GO:0005576	extracellular region	cellular_component
ENSG00000102144	GO:0005739	mitochondrion	cellular_component
ENSG00000102158	GO:0005886	plasma membrane	cellular_component
ENSG00000102172	GO:0005576	extracellular region	cellular_component
ENSG00000102181	GO:0005576	extracellular region	cellular_component
ENSG00000102181	GO:0005886	plasma membrane	cellular_component
ENSG00000102189	GO:0005576	extracellular region	cellular_component
ENSG00000102218	GO:0005576	extracellular region	cellular_component
ENSG00000102218	GO:0005886	plasma membrane	cellular_component
ENSG00000102225	GO:0002376	immune system process	biological_process
ENSG00000102225	GO:0005886	plasma membrane	cellular_component
ENSG00000102241	GO:0003723	RNA binding	molecular_function
ENSG00000102265	GO:0005576	extracellular region	cellular_component
ENSG00000102302	GO:0005886	plasma membrane	cellular_component
ENSG00000102309	GO:0003723	RNA binding	molecular_function
ENSG00000102309	GO:0005739	mitochondrion	cellular_component
ENSG00000102316	GO:0005576	extracellular region	cellular_component
ENSG00000102317	GO:0003723	RNA binding	molecular_function
ENSG00000102317	GO:0005840	ribosome	cellular_component
ENSG00000102359	GO:0005576	extracellular region	cellular_component
ENSG00000102359	GO:0005886	plasma membrane	cellular_component
ENSG00000102362	GO:0005886	plasma membrane	cellular_component
ENSG00000102393	GO:0005576	extracellular region	cellular_component
ENSG00000102401	GO:0005739	mitochondrion	cellular_component
ENSG00000102471	GO:0005739	mitochondrion	cellular_component
ENSG00000102531	GO:0003723	RNA binding	molecular_function
ENSG00000102572	GO:0005576	extracellular region	cellular_component
ENSG00000102580	GO:0005576	extracellular region	cellular_component
ENSG00000102606	GO:0005886	plasma membrane	cellular_component
ENSG00000102699	GO:0005576	extracellular region	cellular_component
ENSG00000102738	GO:0003723	RNA binding	molecular_function
ENSG00000102738	GO:0005739	mitochondrion	cellular_component
ENSG00000102738	GO:0005840	ribosome	cellular_component
ENSG00000102743	GO:0005739	mitochondrion	cellular_component
ENSG00000102755	GO:0002376	immune system process	biological_process
ENSG00000102755	GO:0005576	extracellular region	cellular_component
ENSG00000102755	GO:0005886	plasma membrane	cellular_component
ENSG00000102760	GO:0002376	immune system process	biological_process
ENSG00000102763	GO:0005739	mitochondrion	cellular_component
ENSG00000102780	GO:0005886	plasma membrane	cellular_component
ENSG00000102804	GO:0002376	immune system process	biological_process
ENSG00000102804	GO:0005739	mitochondrion	cellular_component
ENSG00000102804	GO:0005886	plasma membrane	cellular_component
ENSG00000102854	GO:0005576	extracellular region	cellular_component
ENSG00000102854	GO:0005886	plasma membrane	cellular_component
ENSG00000102858	GO:0005576	extracellular region	cellular_component
ENSG00000102858	GO:0005886	plasma membrane	cellular_component
ENSG00000102871	GO:0005886	plasma membrane	cellular_component
ENSG00000102879	GO:0002376	immune system process	biological_process
ENSG00000102879	GO:0003723	RNA binding	molecular_function
ENSG00000102879	GO:0005576	extracellular region	cellular_component
ENSG00000102879	GO:0005886	plasma membrane	cellular_component
ENSG00000102893	GO:0005886	plasma membrane	cellular_component
ENSG00000102897	GO:0005739	mitochondrion	cellular_component
ENSG00000102898	GO:0005576	extracellular region	cellular_component
ENSG00000102921	GO:0002376	immune system process	biological_process
ENSG00000102921	GO:0003723	RNA binding	molecular_function
ENSG00000102931	GO:0005739	mitochondrion	cellular_component
ENSG00000102934	GO:0005886	plasma membrane	cellular_component
ENSG00000102967	GO:0005739	mitochondrion	cellular_component
ENSG00000102996	GO:0005576	extracellular region	cellular_component
ENSG00000102996	GO:0005886	plasma membrane	cellular_component
ENSG00000103018	GO:0005739	mitochondrion	cellular_component
ENSG00000103024	GO:0005739	mitochondrion	cellular_component
ENSG00000103034	GO:0005886	plasma membrane	cellular_component
ENSG00000103035	GO:0002376	immune system process	biological_process
ENSG00000103035	GO:0005576	extracellular region	cellular_component
ENSG00000103044	GO:0005576	extracellular region	cellular_component
ENSG00000103044	GO:0005886	plasma membrane	cellular_component
ENSG00000103064	GO:0005886	plasma membrane	cellular_component
ENSG00000103066	GO:0005576	extracellular region	cellular_component
ENSG00000103067	GO:0003723	RNA binding	molecular_function
ENSG00000103121	GO:0005739	mitochondrion	cellular_component
ENSG00000103126	GO:0005886	plasma membrane	cellular_component
ENSG00000103152	GO:0005739	mitochondrion	cellular_component
ENSG00000103160	GO:0005739	mitochondrion	cellular_component
ENSG00000103187	GO:0005576	extracellular region	cellular_component
ENSG00000103194	GO:0002376	immune system process	biological_process
ENSG00000103194	GO:0003723	RNA binding	molecular_function
ENSG00000103194	GO:0005840	ribosome	cellular_component
ENSG00000103196	GO:0005576	extracellular region	cellular_component
ENSG00000103202	GO:0005739	mitochondrion	cellular_component
ENSG00000103222	GO:0005576	extracellular region	cellular_component
ENSG00000103222	GO:0005886	plasma membrane	cellular_component
ENSG00000103248	GO:0003723	RNA binding	molecular_function
ENSG00000103254	GO:0005739	mitochondrion	cellular_component
ENSG00000103257	GO:0002376	immune system process	biological_process
ENSG00000103257	GO:0005576	extracellular region	cellular_component
ENSG00000103257	GO:0005886	plasma membrane	cellular_component
ENSG00000103260	GO:0005576	extracellular region	cellular_component
ENSG00000103266	GO:0005739	mitochondrion	cellular_component
ENSG00000103275	GO:0003723	RNA binding	molecular_function
ENSG00000103316	GO:0005576	extracellular region	cellular_component
ENSG00000103316	GO:0005739	mitochondrion	cellular_component
ENSG00000103335	GO:0005886	plasma membrane	cellular_component
ENSG00000103342	GO:0003723	RNA binding	molecular_function
ENSG00000103342	GO:0005840	ribosome	cellular_component
ENSG00000103381	GO:0005576	extracellular region	cellular_component
ENSG00000103381	GO:0005886	plasma membrane	cellular_component
ENSG00000103415	GO:0005886	plasma membrane	cellular_component
ENSG00000103429	GO:0005886	plasma membrane	cellular_component
ENSG00000103479	GO:0005576	extracellular region	cellular_component
ENSG00000103489	GO:0005576	extracellular region	cellular_component
ENSG00000103490	GO:0002376	immune system process	biological_process
ENSG00000103490	GO:0005576	extracellular region	cellular_component
ENSG00000103490	GO:0005739	mitochondrion	cellular_component
ENSG00000103495	GO:0003723	RNA binding	molecular_function
ENSG00000103496	GO:0002376	immune system process	biological_process
ENSG00000103496	GO:0005576	extracellular region	cellular_component
ENSG00000103496	GO:0005886	plasma membrane	cellular_component
ENSG00000103502	GO:0005886	plasma membrane	cellular_component
ENSG00000103507	GO:0005739	mitochondrion	cellular_component
ENSG00000103510	GO:0005739	mitochondrion	cellular_component
ENSG00000103544	GO:0005886	plasma membrane	cellular_component
ENSG00000103549	GO:0003723	RNA binding	molecular_function
ENSG00000103550	GO:0003723	RNA binding	molecular_function
ENSG00000103647	GO:0005886	plasma membrane	cellular_component
ENSG00000103653	GO:0002376	immune system process	biological_process
ENSG00000103653	GO:0005576	extracellular region	cellular_component
ENSG00000103653	GO:0005886	plasma membrane	cellular_component
ENSG00000103707	GO:0005739	mitochondrion	cellular_component
ENSG00000103769	GO:0005576	extracellular region	cellular_component
ENSG00000103769	GO:0005886	plasma membrane	cellular_component
ENSG00000103811	GO:0002376	immune system process	biological_process
ENSG00000103811	GO:0005576	extracellular region	cellular_component
ENSG00000103855	GO:0002376	immune system process	biological_process
ENSG00000103855	GO:0005886	plasma membrane	cellular_component
ENSG00000103876	GO:0005576	extracellular region	cellular_component
ENSG00000103942	GO:0005886	plasma membrane	cellular_component
ENSG00000103966	GO:0005576	extracellular region	cellular_component
ENSG00000103966	GO:0005886	plasma membrane	cellular_component
ENSG00000103978	GO:0005886	plasma membrane	cellular_component
ENSG00000103994	GO:0003723	RNA binding	molecular_function
ENSG00000104081	GO:0005739	mitochondrion	cellular_component
ENSG00000104081	GO:0005886	plasma membrane	cellular_component
ENSG00000104129	GO:0003723	RNA binding	molecular_function
ENSG00000104140	GO:0005886	plasma membrane	cellular_component
ENSG00000104154	GO:0005886	plasma membrane	cellular_component
ENSG00000104164	GO:0002376	immune system process	biological_process
ENSG00000104164	GO:0005576	extracellular region	cellular_component
ENSG00000104213	GO:0005576	extracellular region	cellular_component
ENSG00000104219	GO:0005886	plasma membrane	cellular_component
ENSG00000104228	GO:0002376	immune system process	biological_process
ENSG00000104267	GO:0005576	extracellular region	cellular_component
ENSG00000104267	GO:0005886	plasma membrane	cellular_component
ENSG00000104312	GO:0002376	immune system process	biological_process
ENSG00000104312	GO:0005886	plasma membrane	cellular_component
ENSG00000104320	GO:0002376	immune system process	biological_process
ENSG00000104324	GO:0005576	extracellular region	cellular_component
ENSG00000104332	GO:0002376	immune system process	biological_process
ENSG00000104332	GO:0005576	extracellular region	cellular_component
ENSG00000104332	GO:0005886	plasma membrane	cellular_component
ENSG00000104341	GO:0005886	plasma membrane	cellular_component
ENSG00000104356	GO:0003723	RNA binding	molecular_function
ENSG00000104365	GO:0002376	immune system process	biological_process
ENSG00000104365	GO:0005886	plasma membrane	cellular_component
ENSG00000104368	GO:0005576	extracellular region	cellular_component
ENSG00000104369	GO:0005886	plasma membrane	cellular_component
ENSG00000104381	GO:0005739	mitochondrion	cellular_component
ENSG00000104388	GO:0005576	extracellular region	cellular_component
ENSG00000104419	GO:0005576	extracellular region	cellular_component
ENSG00000104419	GO:0005886	plasma membrane	cellular_component
ENSG00000104442	GO:0005739	mitochondrion	cellular_component
ENSG00000104517	GO:0003723	RNA binding	molecular_function
ENSG00000104518	GO:0002376	immune system process	biological_process
ENSG00000104518	GO:0005576	extracellular region	cellular_component
ENSG00000104518	GO:0005739	mitochondrion	cellular_component
ENSG00000104518	GO:0005886	plasma membrane	cellular_component
ENSG00000104522	GO:0005576	extracellular region	cellular_component
ENSG00000104626	GO:0003723	RNA binding	molecular_function
ENSG00000104635	GO:0005886	plasma membrane	cellular_component
ENSG00000104643	GO:0005886	plasma membrane	cellular_component
ENSG00000104689	GO:0005886	plasma membrane	cellular_component
ENSG00000104723	GO:0005739	mitochondrion	cellular_component
ENSG00000104723	GO:0005886	plasma membrane	cellular_component
ENSG00000104763	GO:0005576	extracellular region	cellular_component
ENSG00000104765	GO:0005739	mitochondrion	cellular_component
ENSG00000104774	GO:0005576	extracellular region	cellular_component
ENSG00000104783	GO:0002376	immune system process	biological_process
ENSG00000104783	GO:0005886	plasma membrane	cellular_component
ENSG00000104805	GO:0005576	extracellular region	cellular_component
ENSG00000104823	GO:0005576	extracellular region	cellular_component
ENSG00000104823	GO:0005739	mitochondrion	cellular_component
ENSG00000104824	GO:0003723	RNA binding	molecular_function
ENSG00000104824	GO:0005576	extracellular region	cellular_component
ENSG00000104833	GO:0005576	extracellular region	cellular_component
ENSG00000104835	GO:0003723	RNA binding	molecular_function
ENSG00000104835	GO:0005739	mitochondrion	cellular_component
ENSG00000104852	GO:0003723	RNA binding	molecular_function
ENSG00000104856	GO:0002376	immune system process	biological_process
ENSG00000104863	GO:0005886	plasma membrane	cellular_component
ENSG00000104870	GO:0002376	immune system process	biological_process
ENSG00000104870	GO:0005886	plasma membrane	cellular_component
ENSG00000104880	GO:0005576	extracellular region	cellular_component
ENSG00000104880	GO:0005886	plasma membrane	cellular_component
ENSG00000104889	GO:0003723	RNA binding	molecular_function
ENSG00000104897	GO:0003723	RNA binding	molecular_function
ENSG00000104907	GO:0003723	RNA binding	molecular_function
ENSG00000104907	GO:0005739	mitochondrion	cellular_component
ENSG00000104936	GO:0005739	mitochondrion	cellular_component
ENSG00000104936	GO:0005886	plasma membrane	cellular_component
ENSG00000104960	GO:0005886	plasma membrane	cellular_component
ENSG00000104967	GO:0003723	RNA binding	molecular_function
ENSG00000104998	GO:0002376	immune system process	biological_process
ENSG00000104998	GO:0005886	plasma membrane	cellular_component
ENSG00000105058	GO:0003723	RNA binding	molecular_function
ENSG00000105088	GO:0005576	extracellular region	cellular_component
ENSG00000105088	GO:0005886	plasma membrane	cellular_component
ENSG00000105127	GO:0002376	immune system process	biological_process
ENSG00000105127	GO:0003723	RNA binding	molecular_function
ENSG00000105137	GO:0005886	plasma membrane	cellular_component
ENSG00000105171	GO:0003723	RNA binding	molecular_function
ENSG00000105176	GO:0005739	mitochondrion	cellular_component
ENSG00000105185	GO:0002376	immune system process	biological_process
ENSG00000105185	GO:0005576	extracellular region	cellular_component
ENSG00000105186	GO:0005886	plasma membrane	cellular_component
ENSG00000105193	GO:0003723	RNA binding	molecular_function
ENSG00000105193	GO:0005576	extracellular region	cellular_component
ENSG00000105193	GO:0005840	ribosome	cellular_component
ENSG00000105202	GO:0003723	RNA binding	molecular_function
ENSG00000105202	GO:0005576	extracellular region	cellular_component
ENSG00000105220	GO:0002376	immune system process	biological_process
ENSG00000105220	GO:0005576	extracellular region	cellular_component
ENSG00000105221	GO:0005886	plasma membrane	cellular_component
ENSG00000105223	GO:0002376	immune system process	biological_process
ENSG00000105223	GO:0005576	extracellular region	cellular_component
ENSG00000105255	GO:0005886	plasma membrane	cellular_component
ENSG00000105270	GO:0005886	plasma membrane	cellular_component
ENSG00000105281	GO:0002376	immune system process	biological_process
ENSG00000105281	GO:0005576	extracellular region	cellular_component
ENSG00000105281	GO:0005886	plasma membrane	cellular_component
ENSG00000105287	GO:0002376	immune system process	biological_process
ENSG00000105287	GO:0005886	plasma membrane	cellular_component
ENSG00000105290	GO:0005576	extracellular region	cellular_component
ENSG00000105290	GO:0005886	plasma membrane	cellular_component
ENSG00000105298	GO:0002376	immune system process	biological_process
ENSG00000105298	GO:0003723	RNA binding	molecular_function
ENSG00000105321	GO:0003723	RNA binding	molecular_function
ENSG00000105323	GO:0003723	RNA binding	molecular_function
ENSG00000105327	GO:0005739	mitochondrion	cellular_component
ENSG00000105329	GO:0002376	immune system process	biological_process
ENSG00000105329	GO:0005576	extracellular region	cellular_component
ENSG00000105329	GO:0005886	plasma membrane	cellular_component
ENSG00000105357	GO:0005576	extracellular region	cellular_component
ENSG00000105364	GO:0003723	RNA binding	molecular_function
ENSG00000105364	GO:0005739	mitochondrion	cellular_component
ENSG00000105364	GO:0005840	ribosome	cellular_component
ENSG00000105372	GO:0002376	immune system process	biological_process
ENSG00000105372	GO:0003723	RNA binding	molecular_function
ENSG00000105372	GO:0005576	extracellular region	cellular_component
ENSG00000105372	GO:0005840	ribosome	cellular_component
ENSG00000105376	GO:0005886	plasma membrane	cellular_component
ENSG00000105379	GO:0005739	mitochondrion	cellular_component
ENSG00000105397	GO:0002376	immune system process	biological_process
ENSG00000105397	GO:0005576	extracellular region	cellular_component
ENSG00000105397	GO:0005886	plasma membrane	cellular_component
ENSG00000105401	GO:0002376	immune system process	biological_process
ENSG00000105401	GO:0005576	extracellular region	cellular_component
ENSG00000105402	GO:0005576	extracellular region	cellular_component
ENSG00000105402	GO:0005739	mitochondrion	cellular_component
ENSG00000105402	GO:0005886	plasma membrane	cellular_component
ENSG00000105404	GO:0005886	plasma membrane	cellular_component
ENSG00000105426	GO:0002376	immune system process	biological_process
ENSG00000105426	GO:0005576	extracellular region	cellular_component
ENSG00000105426	GO:0005886	plasma membrane	cellular_component
ENSG00000105427	GO:0005886	plasma membrane	cellular_component
ENSG00000105443	GO:0005886	plasma membrane	cellular_component
ENSG00000105447	GO:0003723	RNA binding	molecular_function
ENSG00000105472	GO:0005576	extracellular region	cellular_component
ENSG00000105483	GO:0002376	immune system process	biological_process
ENSG00000105499	GO:0005739	mitochondrion	cellular_component
ENSG00000105499	GO:0005886	plasma membrane	cellular_component
ENSG00000105514	GO:0005576	extracellular region	cellular_component
ENSG00000105514	GO:0005886	plasma membrane	cellular_component
ENSG00000105520	GO:0005886	plasma membrane	cellular_component
ENSG00000105552	GO:0005739	mitochondrion	cellular_component
ENSG00000105559	GO:0005886	plasma membrane	cellular_component
ENSG00000105568	GO:0002376	immune system process	biological_process
ENSG00000105568	GO:0005576	extracellular region	cellular_component
ENSG00000105568	GO:0005739	mitochondrion	cellular_component
ENSG00000105568	GO:0005886	plasma membrane	cellular_component
ENSG00000105607	GO:0005739	mitochondrion	cellular_component
ENSG00000105612	GO:0005576	extracellular region	cellular_component
ENSG00000105618	GO:0003723	RNA binding	molecular_function
ENSG00000105640	GO:0003723	RNA binding	molecular_function
ENSG00000105640	GO:0005840	ribosome	cellular_component
ENSG00000105643	GO:0005886	plasma membrane	cellular_component
ENSG00000105649	GO:0005576	extracellular region	cellular_component
ENSG00000105649	GO:0005886	plasma membrane	cellular_component
ENSG00000105671	GO:0003723	RNA binding	molecular_function
ENSG00000105677	GO:0005886	plasma membrane	cellular_component
ENSG00000105699	GO:0005576	extracellular region	cellular_component
ENSG00000105699	GO:0005886	plasma membrane	cellular_component
ENSG00000105701	GO:0005739	mitochondrion	cellular_component
ENSG00000105723	GO:0005739	mitochondrion	cellular_component
ENSG00000105738	GO:0005886	plasma membrane	cellular_component
ENSG00000105755	GO:0005739	mitochondrion	cellular_component
ENSG00000105793	GO:0003723	RNA binding	molecular_function
ENSG00000105793	GO:0005739	mitochondrion	cellular_component
ENSG00000105819	GO:0005739	mitochondrion	cellular_component
ENSG00000105821	GO:0003723	RNA binding	molecular_function
ENSG00000105825	GO:0005576	extracellular region	cellular_component
ENSG00000105835	GO:0005576	extracellular region	cellular_component
ENSG00000105835	GO:0005739	mitochondrion	cellular_component
ENSG00000105854	GO:0005576	extracellular region	cellular_component
ENSG00000105854	GO:0005886	plasma membrane	cellular_component
ENSG00000105855	GO:0005576	extracellular region	cellular_component
ENSG00000105855	GO:0005886	plasma membrane	cellular_component
ENSG00000105856	GO:0003723	RNA binding	molecular_function
ENSG00000105894	GO:0002376	immune system process	biological_process
ENSG00000105894	GO:0005576	extracellular region	cellular_component
ENSG00000105894	GO:0005886	plasma membrane	cellular_component
ENSG00000105926	GO:0005576	extracellular region	cellular_component
ENSG00000105926	GO:0005886	plasma membrane	cellular_component
ENSG00000105928	GO:0002376	immune system process	biological_process
ENSG00000105928	GO:0005886	plasma membrane	cellular_component
ENSG00000105939	GO:0002376	immune system process	biological_process
ENSG00000105939	GO:0003723	RNA binding	molecular_function
ENSG00000105953	GO:0005739	mitochondrion	cellular_component
ENSG00000105963	GO:0005886	plasma membrane	cellular_component
ENSG00000105968	GO:0005576	extracellular region	cellular_component
ENSG00000105971	GO:0005886	plasma membrane	cellular_component
ENSG00000105974	GO:0002376	immune system process	biological_process
ENSG00000105974	GO:0005886	plasma membrane	cellular_component
ENSG00000105976	GO:0005576	extracellular region	cellular_component
ENSG00000105976	GO:0005886	plasma membrane	cellular_component
ENSG00000105983	GO:0005886	plasma membrane	cellular_component
ENSG00000106003	GO:0002376	immune system process	biological_process
ENSG00000106003	GO:0005576	extracellular region	cellular_component
ENSG00000106004	GO:0002376	immune system process	biological_process
ENSG00000106012	GO:0005886	plasma membrane	cellular_component
ENSG00000106025	GO:0005886	plasma membrane	cellular_component
ENSG00000106028	GO:0003723	RNA binding	molecular_function
ENSG00000106028	GO:0005576	extracellular region	cellular_component
ENSG00000106028	GO:0005739	mitochondrion	cellular_component
ENSG00000106049	GO:0005739	mitochondrion	cellular_component
ENSG00000106052	GO:0002376	immune system process	biological_process
ENSG00000106052	GO:0005576	extracellular region	cellular_component
ENSG00000106052	GO:0005739	mitochondrion	cellular_component
ENSG00000106066	GO:0005576	extracellular region	cellular_component
ENSG00000106070	GO:0005886	plasma membrane	cellular_component
ENSG00000106077	GO:0005739	mitochondrion	cellular_component
ENSG00000106078	GO:0005886	plasma membrane	cellular_component
ENSG00000106089	GO:0005576	extracellular region	cellular_component
ENSG00000106089	GO:0005886	plasma membrane	cellular_component
ENSG00000106100	GO:0002376	immune system process	biological_process
ENSG00000106100	GO:0005886	plasma membrane	cellular_component
ENSG00000106105	GO:0005576	extracellular region	cellular_component
ENSG00000106105	GO:0005739	mitochondrion	cellular_component
ENSG00000106144	GO:0005739	mitochondrion	cellular_component
ENSG00000106153	GO:0005739	mitochondrion	cellular_component
ENSG00000106211	GO:0003723	RNA binding	molecular_function
ENSG00000106211	GO:0005576	extracellular region	cellular_component
ENSG00000106211	GO:0005886	plasma membrane	cellular_component
ENSG00000106236	GO:0005576	extracellular region	cellular_component
ENSG00000106244	GO:0003723	RNA binding	molecular_function
ENSG00000106244	GO:0005576	extracellular region	cellular_component
ENSG00000106244	GO:0005886	plasma membrane	cellular_component
ENSG00000106263	GO:0003723	RNA binding	molecular_function
ENSG00000106263	GO:0005576	extracellular region	cellular_component
ENSG00000106268	GO:0003723	RNA binding	molecular_function
ENSG00000106268	GO:0005739	mitochondrion	cellular_component
ENSG00000106299	GO:0002376	immune system process	biological_process
ENSG00000106299	GO:0005576	extracellular region	cellular_component
ENSG00000106299	GO:0005886	plasma membrane	cellular_component
ENSG00000106333	GO:0005576	extracellular region	cellular_component
ENSG00000106348	GO:0003723	RNA binding	molecular_function
ENSG00000106348	GO:0005576	extracellular region	cellular_component
ENSG00000106366	GO:0002376	immune system process	biological_process
ENSG00000106366	GO:0005576	extracellular region	cellular_component
ENSG00000106366	GO:0005886	plasma membrane	cellular_component
ENSG00000106397	GO:0005576	extracellular region	cellular_component
ENSG00000106443	GO:0002376	immune system process	biological_process
ENSG00000106459	GO:0005576	extracellular region	cellular_component
ENSG00000106462	GO:0002376	immune system process	biological_process
ENSG00000106462	GO:0003723	RNA binding	molecular_function
ENSG00000106484	GO:0005576	extracellular region	cellular_component
ENSG00000106537	GO:0005886	plasma membrane	cellular_component
ENSG00000106546	GO:0002376	immune system process	biological_process
ENSG00000106554	GO:0005576	extracellular region	cellular_component
ENSG00000106554	GO:0005739	mitochondrion	cellular_component
ENSG00000106571	GO:0002376	immune system process	biological_process
ENSG00000106605	GO:0005576	extracellular region	cellular_component
ENSG00000106615	GO:0005576	extracellular region	cellular_component
ENSG00000106615	GO:0005886	plasma membrane	cellular_component
ENSG00000106624	GO:0005576	extracellular region	cellular_component
ENSG00000106636	GO:0005886	plasma membrane	cellular_component
ENSG00000106638	GO:0003723	RNA binding	molecular_function
ENSG00000106682	GO:0003723	RNA binding	molecular_function
ENSG00000106683	GO:0002376	immune system process	biological_process
ENSG00000106688	GO:0005576	extracellular region	cellular_component
ENSG00000106688	GO:0005886	plasma membrane	cellular_component
ENSG00000106780	GO:0005576	extracellular region	cellular_component
ENSG00000106785	GO:0002376	immune system process	biological_process
ENSG00000106785	GO:0005739	mitochondrion	cellular_component
ENSG00000106789	GO:0005886	plasma membrane	cellular_component
ENSG00000106799	GO:0002376	immune system process	biological_process
ENSG00000106799	GO:0005886	plasma membrane	cellular_component
ENSG00000106803	GO:0003723	RNA binding	molecular_function
ENSG00000106853	GO:0005576	extracellular region	cellular_component
ENSG00000106976	GO:0003723	RNA binding	molecular_function
ENSG00000106976	GO:0005576	extracellular region	cellular_component
ENSG00000106976	GO:0005886	plasma membrane	cellular_component
ENSG00000106991	GO:0005576	extracellular region	cellular_component
ENSG00000106991	GO:0005886	plasma membrane	cellular_component
ENSG00000106993	GO:0005576	extracellular region	cellular_component
ENSG00000107020	GO:0005739	mitochondrion	cellular_component
ENSG00000107020	GO:0005886	plasma membrane	cellular_component
ENSG00000107104	GO:0005886	plasma membrane	cellular_component
ENSG00000107105	GO:0003723	RNA binding	molecular_function
ENSG00000107130	GO:0005886	plasma membrane	cellular_component
ENSG00000107164	GO:0003723	RNA binding	molecular_function
ENSG00000107164	GO:0005840	ribosome	cellular_component
ENSG00000107175	GO:0002376	immune system process	biological_process
ENSG00000107186	GO:0005886	plasma membrane	cellular_component
ENSG00000107201	GO:0002376	immune system process	biological_process
ENSG00000107201	GO:0003723	RNA binding	molecular_function
ENSG00000107201	GO:0005886	plasma membrane	cellular_component
ENSG00000107223	GO:0003723	RNA binding	molecular_function
ENSG00000107263	GO:0002376	immune system process	biological_process
ENSG00000107263	GO:0005886	plasma membrane	cellular_component
ENSG00000107281	GO:0005886	plasma membrane	cellular_component
ENSG00000107295	GO:0005886	plasma membrane	cellular_component
ENSG00000107331	GO:0005886	plasma membrane	cellular_component
ENSG00000107338	GO:0005886	plasma membrane	cellular_component
ENSG00000107362	GO:0005886	plasma membrane	cellular_component
ENSG00000107371	GO:0002376	immune system process	biological_process
ENSG00000107371	GO:0003723	RNA binding	molecular_function
ENSG00000107404	GO:0005886	plasma membrane	cellular_component
ENSG00000107485	GO:0002376	immune system process	biological_process
ENSG00000107560	GO:0002376	immune system process	biological_process
ENSG00000107560	GO:0005886	plasma membrane	cellular_component
ENSG00000107562	GO:0002376	immune system process	biological_process
ENSG00000107562	GO:0005576	extracellular region	cellular_component
ENSG00000107562	GO:0005886	plasma membrane	cellular_component
ENSG00000107581	GO:0003723	RNA binding	molecular_function
ENSG00000107625	GO:0003723	RNA binding	molecular_function
ENSG00000107643	GO:0002376	immune system process	biological_process
ENSG00000107651	GO:0003723	RNA binding	molecular_function
ENSG00000107731	GO:0005886	plasma membrane	cellular_component
ENSG00000107738	GO:0002376	immune system process	biological_process
ENSG00000107738	GO:0005886	plasma membrane	cellular_component
ENSG00000107745	GO:0005739	mitochondrion	cellular_component
ENSG00000107758	GO:0002376	immune system process	biological_process
ENSG00000107758	GO:0005886	plasma membrane	cellular_component
ENSG00000107779	GO:0002376	immune system process	biological_process
ENSG00000107779	GO:0005886	plasma membrane	cellular_component
ENSG00000107789	GO:0005576	extracellular region	cellular_component
ENSG00000107789	GO:0005886	plasma membrane	cellular_component
ENSG00000107796	GO:0005576	extracellular region	cellular_component
ENSG00000107815	GO:0005739	mitochondrion	cellular_component
ENSG00000107819	GO:0005739	mitochondrion	cellular_component
ENSG00000107821	GO:0005576	extracellular region	cellular_component
ENSG00000107833	GO:0003723	RNA binding	molecular_function
ENSG00000107862	GO:0002376	immune system process	biological_process
ENSG00000107863	GO:0005886	plasma membrane	cellular_component
ENSG00000107864	GO:0003723	RNA binding	molecular_function
ENSG00000107874	GO:0002376	immune system process	biological_process
ENSG00000107929	GO:0003723	RNA binding	molecular_function
ENSG00000107937	GO:0003723	RNA binding	molecular_function
ENSG00000107951	GO:0003723	RNA binding	molecular_function
ENSG00000107951	GO:0005739	mitochondrion	cellular_component
ENSG00000107968	GO:0002376	immune system process	biological_process
ENSG00000107984	GO:0005576	extracellular region	cellular_component
ENSG00000107984	GO:0005886	plasma membrane	cellular_component
ENSG00000108010	GO:0003723	RNA binding	molecular_function
ENSG00000108039	GO:0005576	extracellular region	cellular_component
ENSG00000108064	GO:0003723	RNA binding	molecular_function
ENSG00000108064	GO:0005739	mitochondrion	cellular_component
ENSG00000108100	GO:0005886	plasma membrane	cellular_component
ENSG00000108107	GO:0003723	RNA binding	molecular_function
ENSG00000108107	GO:0005576	extracellular region	cellular_component
ENSG00000108107	GO:0005840	ribosome	cellular_component
ENSG00000108175	GO:0002376	immune system process	biological_process
ENSG00000108179	GO:0005739	mitochondrion	cellular_component
ENSG00000108187	GO:0002376	immune system process	biological_process
ENSG00000108187	GO:0005576	extracellular region	cellular_component
ENSG00000108298	GO:0003723	RNA binding	molecular_function
ENSG00000108298	GO:0005840	ribosome	cellular_component
ENSG00000108312	GO:0003723	RNA binding	molecular_function
ENSG00000108344	GO:0002376	immune system process	biological_process
ENSG00000108344	GO:0005576	extracellular region	cellular_component
ENSG00000108384	GO:0005739	mitochondrion	cellular_component
ENSG00000108406	GO:0003723	RNA binding	molecular_function
ENSG00000108424	GO:0003723	RNA binding	molecular_function
ENSG00000108424	GO:0005576	extracellular region	cellular_component
ENSG00000108439	GO:0005739	mitochondrion	cellular_component
ENSG00000108443	GO:0002376	immune system process	biological_process
ENSG00000108443	GO:0005739	mitochondrion	cellular_component
ENSG00000108465	GO:0002376	immune system process	biological_process
ENSG00000108479	GO:0005576	extracellular region	cellular_component
ENSG00000108511	GO:0003723	RNA binding	molecular_function
ENSG00000108515	GO:0005576	extracellular region	cellular_component
ENSG00000108515	GO:0005886	plasma membrane	cellular_component
ENSG00000108518	GO:0003723	RNA binding	molecular_function
ENSG00000108518	GO:0005576	extracellular region	cellular_component
ENSG00000108523	GO:0005886	plasma membrane	cellular_component
ENSG00000108528	GO:0003723	RNA binding	molecular_function
ENSG00000108528	GO:0005739	mitochondrion	cellular_component
ENSG00000108528	GO:0005886	plasma membrane	cellular_component
ENSG00000108551	GO:0005886	plasma membrane	cellular_component
ENSG00000108561	GO:0002376	immune system process	biological_process
ENSG00000108561	GO:0003723	RNA binding	molecular_function
ENSG00000108561	GO:0005576	extracellular region	cellular_component
ENSG00000108561	GO:0005739	mitochondrion	cellular_component
ENSG00000108561	GO:0005886	plasma membrane	cellular_component
ENSG00000108578	GO:0005576	extracellular region	cellular_component
ENSG00000108582	GO:0005576	extracellular region	cellular_component
ENSG00000108582	GO:0005886	plasma membrane	cellular_component
ENSG00000108588	GO:0003723	RNA binding	molecular_function
ENSG00000108591	GO:0003723	RNA binding	molecular_function
ENSG00000108592	GO:0003723	RNA binding	molecular_function
ENSG00000108599	GO:0005739	mitochondrion	cellular_component
ENSG00000108622	GO:0002376	immune system process	biological_process
ENSG00000108622	GO:0005886	plasma membrane	cellular_component
ENSG00000108639	GO:0005576	extracellular region	cellular_component
ENSG00000108651	GO:0003723	RNA binding	molecular_function
ENSG00000108654	GO:0003723	RNA binding	molecular_function
ENSG00000108654	GO:0005576	extracellular region	cellular_component
ENSG00000108669	GO:0005886	plasma membrane	cellular_component
ENSG00000108679	GO:0005576	extracellular region	cellular_component
ENSG00000108691	GO:0002376	immune system process	biological_process
ENSG00000108691	GO:0005576	extracellular region	cellular_component
ENSG00000108773	GO:0002376	immune system process	biological_process
ENSG00000108774	GO:0005576	extracellular region	cellular_component
ENSG00000108774	GO:0005886	plasma membrane	cellular_component
ENSG00000108784	GO:0005576	extracellular region	cellular_component
ENSG00000108797	GO:0005886	plasma membrane	cellular_component
ENSG00000108819	GO:0005886	plasma membrane	cellular_component
ENSG00000108821	GO:0005576	extracellular region	cellular_component
ENSG00000108828	GO:0005576	extracellular region	cellular_component
ENSG00000108828	GO:0005739	mitochondrion	cellular_component
ENSG00000108829	GO:0003723	RNA binding	molecular_function
ENSG00000108829	GO:0005739	mitochondrion	cellular_component
ENSG00000108830	GO:0005886	plasma membrane	cellular_component
ENSG00000108840	GO:0002376	immune system process	biological_process
ENSG00000108846	GO:0005886	plasma membrane	cellular_component
ENSG00000108848	GO:0003723	RNA binding	molecular_function
ENSG00000108852	GO:0005886	plasma membrane	cellular_component
ENSG00000108854	GO:0002376	immune system process	biological_process
ENSG00000108854	GO:0005886	plasma membrane	cellular_component
ENSG00000108861	GO:0002376	immune system process	biological_process
ENSG00000108861	GO:0005886	plasma membrane	cellular_component
ENSG00000108883	GO:0003723	RNA binding	molecular_function
ENSG00000108932	GO:0005886	plasma membrane	cellular_component
ENSG00000108946	GO:0002376	immune system process	biological_process
ENSG00000108946	GO:0005886	plasma membrane	cellular_component
ENSG00000108947	GO:0005886	plasma membrane	cellular_component
ENSG00000108953	GO:0002376	immune system process	biological_process
ENSG00000108953	GO:0003723	RNA binding	molecular_function
ENSG00000108953	GO:0005576	extracellular region	cellular_component
ENSG00000108953	GO:0005739	mitochondrion	cellular_component
ENSG00000108953	GO:0005886	plasma membrane	cellular_component
ENSG00000108960	GO:0005886	plasma membrane	cellular_component
ENSG00000108961	GO:0005886	plasma membrane	cellular_component
ENSG00000109062	GO:0005576	extracellular region	cellular_component
ENSG00000109062	GO:0005886	plasma membrane	cellular_component
ENSG00000109079	GO:0002376	immune system process	biological_process
ENSG00000109084	GO:0005886	plasma membrane	cellular_component
ENSG00000109099	GO:0005886	plasma membrane	cellular_component
ENSG00000109107	GO:0005576	extracellular region	cellular_component
ENSG00000109111	GO:0002376	immune system process	biological_process
ENSG00000109111	GO:0003723	RNA binding	molecular_function
ENSG00000109113	GO:0002376	immune system process	biological_process
ENSG00000109113	GO:0005576	extracellular region	cellular_component
ENSG00000109133	GO:0002376	immune system process	biological_process
ENSG00000109180	GO:0005739	mitochondrion	cellular_component
ENSG00000109220	GO:0005886	plasma membrane	cellular_component
ENSG00000109255	GO:0005576	extracellular region	cellular_component
ENSG00000109270	GO:0005576	extracellular region	cellular_component
ENSG00000109270	GO:0005886	plasma membrane	cellular_component
ENSG00000109320	GO:0002376	immune system process	biological_process
ENSG00000109320	GO:0005576	extracellular region	cellular_component
ENSG00000109321	GO:0005576	extracellular region	cellular_component
ENSG00000109323	GO:0005886	plasma membrane	cellular_component
ENSG00000109332	GO:0005576	extracellular region	cellular_component
ENSG00000109332	GO:0005886	plasma membrane	cellular_component
ENSG00000109390	GO:0005739	mitochondrion	cellular_component
ENSG00000109472	GO:0005576	extracellular region	cellular_component
ENSG00000109472	GO:0005886	plasma membrane	cellular_component
ENSG00000109475	GO:0003723	RNA binding	molecular_function
ENSG00000109475	GO:0005576	extracellular region	cellular_component
ENSG00000109475	GO:0005840	ribosome	cellular_component
ENSG00000109519	GO:0005739	mitochondrion	cellular_component
ENSG00000109534	GO:0003723	RNA binding	molecular_function
ENSG00000109536	GO:0003723	RNA binding	molecular_function
ENSG00000109572	GO:0005886	plasma membrane	cellular_component
ENSG00000109576	GO:0005739	mitochondrion	cellular_component
ENSG00000109586	GO:0005576	extracellular region	cellular_component
ENSG00000109606	GO:0002376	immune system process	biological_process
ENSG00000109606	GO:0003723	RNA binding	molecular_function
ENSG00000109618	GO:0003723	RNA binding	molecular_function
ENSG00000109670	GO:0002376	immune system process	biological_process
ENSG00000109689	GO:0005886	plasma membrane	cellular_component
ENSG00000109736	GO:0005886	plasma membrane	cellular_component
ENSG00000109738	GO:0005886	plasma membrane	cellular_component
ENSG00000109814	GO:0005576	extracellular region	cellular_component
ENSG00000109819	GO:0003723	RNA binding	molecular_function
ENSG00000109846	GO:0005576	extracellular region	cellular_component
ENSG00000109846	GO:0005739	mitochondrion	cellular_component
ENSG00000109846	GO:0005886	plasma membrane	cellular_component
ENSG00000109854	GO:0005739	mitochondrion	cellular_component
ENSG00000109861	GO:0002376	immune system process	biological_process
ENSG00000109861	GO:0005576	extracellular region	cellular_component
ENSG00000109919	GO:0005739	mitochondrion	cellular_component
ENSG00000109971	GO:0002376	immune system process	biological_process
ENSG00000109971	GO:0003723	RNA binding	molecular_function
ENSG00000109971	GO:0005576	extracellular region	cellular_component
ENSG00000109971	GO:0005886	plasma membrane	cellular_component
ENSG00000110013	GO:0002376	immune system process	biological_process
ENSG00000110013	GO:0005576	extracellular region	cellular_component
ENSG00000110031	GO:0002376	immune system process	biological_process
ENSG00000110031	GO:0005886	plasma membrane	cellular_component
ENSG00000110042	GO:0002376	immune system process	biological_process
ENSG00000110047	GO:0005576	extracellular region	cellular_component
ENSG00000110047	GO:0005886	plasma membrane	cellular_component
ENSG00000110048	GO:0005886	plasma membrane	cellular_component
ENSG00000110057	GO:0002376	immune system process	biological_process
ENSG00000110060	GO:0003723	RNA binding	molecular_function
ENSG00000110063	GO:0003723	RNA binding	molecular_function
ENSG00000110066	GO:0002376	immune system process	biological_process
ENSG00000110074	GO:0005739	mitochondrion	cellular_component
ENSG00000110075	GO:0005886	plasma membrane	cellular_component
ENSG00000110080	GO:0002376	immune system process	biological_process
ENSG00000110080	GO:0005576	extracellular region	cellular_component
ENSG00000110090	GO:0002376	immune system process	biological_process
ENSG00000110090	GO:0005739	mitochondrion	cellular_component
ENSG00000110108	GO:0005576	extracellular region	cellular_component
ENSG00000110171	GO:0002376	immune system process	biological_process
ENSG00000110218	GO:0005886	plasma membrane	cellular_component
ENSG00000110321	GO:0003723	RNA binding	molecular_function
ENSG00000110367	GO:0003723	RNA binding	molecular_function
ENSG00000110400	GO:0002376	immune system process	biological_process
ENSG00000110400	GO:0005576	extracellular region	cellular_component
ENSG00000110400	GO:0005886	plasma membrane	cellular_component
ENSG00000110435	GO:0005739	mitochondrion	cellular_component
ENSG00000110492	GO:0002376	immune system process	biological_process
ENSG00000110492	GO:0005576	extracellular region	cellular_component
ENSG00000110497	GO:0002376	immune system process	biological_process
ENSG00000110497	GO:0005739	mitochondrion	cellular_component
ENSG00000110514	GO:0005886	plasma membrane	cellular_component
ENSG00000110536	GO:0005739	mitochondrion	cellular_component
ENSG00000110619	GO:0003723	RNA binding	molecular_function
ENSG00000110628	GO:0005886	plasma membrane	cellular_component
ENSG00000110651	GO:0002376	immune system process	biological_process
ENSG00000110651	GO:0005576	extracellular region	cellular_component
ENSG00000110651	GO:0005886	plasma membrane	cellular_component
ENSG00000110660	GO:0005886	plasma membrane	cellular_component
ENSG00000110697	GO:0005886	plasma membrane	cellular_component
ENSG00000110700	GO:0003723	RNA binding	molecular_function
ENSG00000110700	GO:0005576	extracellular region	cellular_component
ENSG00000110700	GO:0005840	ribosome	cellular_component
ENSG00000110711	GO:0005886	plasma membrane	cellular_component
ENSG00000110713	GO:0003723	RNA binding	molecular_function
ENSG00000110717	GO:0005739	mitochondrion	cellular_component
ENSG00000110719	GO:0005886	plasma membrane	cellular_component
ENSG00000110841	GO:0005886	plasma membrane	cellular_component
ENSG00000110844	GO:0003723	RNA binding	molecular_function
ENSG00000110852	GO:0002376	immune system process	biological_process
ENSG00000110852	GO:0005886	plasma membrane	cellular_component
ENSG00000110880	GO:0002376	immune system process	biological_process
ENSG00000110880	GO:0005886	plasma membrane	cellular_component
ENSG00000110881	GO:0005886	plasma membrane	cellular_component
ENSG00000110888	GO:0003723	RNA binding	molecular_function
ENSG00000110888	GO:0005739	mitochondrion	cellular_component
ENSG00000110888	GO:0005886	plasma membrane	cellular_component
ENSG00000110911	GO:0005576	extracellular region	cellular_component
ENSG00000110911	GO:0005739	mitochondrion	cellular_component
ENSG00000110911	GO:0005886	plasma membrane	cellular_component
ENSG00000110917	GO:0005886	plasma membrane	cellular_component
ENSG00000110955	GO:0005576	extracellular region	cellular_component
ENSG00000110955	GO:0005739	mitochondrion	cellular_component
ENSG00000110955	GO:0005886	plasma membrane	cellular_component
ENSG00000111011	GO:0003723	RNA binding	molecular_function
ENSG00000111052	GO:0005576	extracellular region	cellular_component
ENSG00000111052	GO:0005886	plasma membrane	cellular_component
ENSG00000111057	GO:0003723	RNA binding	molecular_function
ENSG00000111057	GO:0005576	extracellular region	cellular_component
ENSG00000111058	GO:0005739	mitochondrion	cellular_component
ENSG00000111077	GO:0005886	plasma membrane	cellular_component
ENSG00000111142	GO:0003723	RNA binding	molecular_function
ENSG00000111144	GO:0003723	RNA binding	molecular_function
ENSG00000111144	GO:0005576	extracellular region	cellular_component
ENSG00000111186	GO:0005576	extracellular region	cellular_component
ENSG00000111186	GO:0005886	plasma membrane	cellular_component
ENSG00000111196	GO:0003723	RNA binding	molecular_function
ENSG00000111229	GO:0005576	extracellular region	cellular_component
ENSG00000111247	GO:0003723	RNA binding	molecular_function
ENSG00000111252	GO:0002376	immune system process	biological_process
ENSG00000111252	GO:0005886	plasma membrane	cellular_component
ENSG00000111271	GO:0005739	mitochondrion	cellular_component
ENSG00000111275	GO:0005576	extracellular region	cellular_component
ENSG00000111275	GO:0005739	mitochondrion	cellular_component
ENSG00000111319	GO:0005576	extracellular region	cellular_component
ENSG00000111319	GO:0005886	plasma membrane	cellular_component
ENSG00000111321	GO:0002376	immune system process	biological_process
ENSG00000111321	GO:0005886	plasma membrane	cellular_component
ENSG00000111331	GO:0002376	immune system process	biological_process
ENSG00000111331	GO:0003723	RNA binding	molecular_function
ENSG00000111348	GO:0005576	extracellular region	cellular_component
ENSG00000111361	GO:0002376	immune system process	biological_process
ENSG00000111361	GO:0005886	plasma membrane	cellular_component
ENSG00000111364	GO:0003723	RNA binding	molecular_function
ENSG00000111371	GO:0005576	extracellular region	cellular_component
ENSG00000111371	GO:0005886	plasma membrane	cellular_component
ENSG00000111450	GO:0005886	plasma membrane	cellular_component
ENSG00000111540	GO:0002376	immune system process	biological_process
ENSG00000111540	GO:0005576	extracellular region	cellular_component
ENSG00000111540	GO:0005886	plasma membrane	cellular_component
ENSG00000111605	GO:0003723	RNA binding	molecular_function
ENSG00000111639	GO:0005739	mitochondrion	cellular_component
ENSG00000111639	GO:0005840	ribosome	cellular_component
ENSG00000111640	GO:0002376	immune system process	biological_process
ENSG00000111640	GO:0005576	extracellular region	cellular_component
ENSG00000111640	GO:0005886	plasma membrane	cellular_component
ENSG00000111667	GO:0002376	immune system process	biological_process
ENSG00000111669	GO:0005576	extracellular region	cellular_component
ENSG00000111674	GO:0005576	extracellular region	cellular_component
ENSG00000111674	GO:0005886	plasma membrane	cellular_component
ENSG00000111679	GO:0002376	immune system process	biological_process
ENSG00000111679	GO:0005576	extracellular region	cellular_component
ENSG00000111679	GO:0005886	plasma membrane	cellular_component
ENSG00000111696	GO:0005739	mitochondrion	cellular_component
ENSG00000111716	GO:0005576	extracellular region	cellular_component
ENSG00000111716	GO:0005739	mitochondrion	cellular_component
ENSG00000111731	GO:0005886	plasma membrane	cellular_component
ENSG00000111737	GO:0002376	immune system process	biological_process
ENSG00000111737	GO:0005576	extracellular region	cellular_component
ENSG00000111737	GO:0005886	plasma membrane	cellular_component
ENSG00000111785	GO:0005886	plasma membrane	cellular_component
ENSG00000111786	GO:0003723	RNA binding	molecular_function
ENSG00000111801	GO:0002376	immune system process	biological_process
ENSG00000111801	GO:0005886	plasma membrane	cellular_component
ENSG00000111843	GO:0005739	mitochondrion	cellular_component
ENSG00000111850	GO:0005739	mitochondrion	cellular_component
ENSG00000111859	GO:0002376	immune system process	biological_process
ENSG00000111859	GO:0005886	plasma membrane	cellular_component
ENSG00000111885	GO:0005576	extracellular region	cellular_component
ENSG00000111897	GO:0005886	plasma membrane	cellular_component
ENSG00000111911	GO:0005739	mitochondrion	cellular_component
ENSG00000111912	GO:0005739	mitochondrion	cellular_component
ENSG00000111981	GO:0002376	immune system process	biological_process
ENSG00000111981	GO:0005886	plasma membrane	cellular_component
ENSG00000112031	GO:0005739	mitochondrion	cellular_component
ENSG00000112062	GO:0002376	immune system process	biological_process
ENSG00000112062	GO:0005576	extracellular region	cellular_component
ENSG00000112081	GO:0003723	RNA binding	molecular_function
ENSG00000112110	GO:0003723	RNA binding	molecular_function
ENSG00000112110	GO:0005739	mitochondrion	cellular_component
ENSG00000112110	GO:0005840	ribosome	cellular_component
ENSG00000112130	GO:0002376	immune system process	biological_process
ENSG00000112149	GO:0002376	immune system process	biological_process
ENSG00000112149	GO:0005886	plasma membrane	cellular_component
ENSG00000112182	GO:0002376	immune system process	biological_process
ENSG00000112183	GO:0003723	RNA binding	molecular_function
ENSG00000112186	GO:0005886	plasma membrane	cellular_component
ENSG00000112210	GO:0005886	plasma membrane	cellular_component
ENSG00000112234	GO:0005739	mitochondrion	cellular_component
ENSG00000112249	GO:0003723	RNA binding	molecular_function
ENSG00000112249	GO:0005840	ribosome	cellular_component
ENSG00000112276	GO:0005886	plasma membrane	cellular_component
ENSG00000112290	GO:0005739	mitochondrion	cellular_component
ENSG00000112294	GO:0005739	mitochondrion	cellular_component
ENSG00000112304	GO:0005739	mitochondrion	cellular_component
ENSG00000112305	GO:0005886	plasma membrane	cellular_component
ENSG00000112306	GO:0003723	RNA binding	molecular_function
ENSG00000112306	GO:0005840	ribosome	cellular_component
ENSG00000112335	GO:0002376	immune system process	biological_process
ENSG00000112335	GO:0005576	extracellular region	cellular_component
ENSG00000112339	GO:0005576	extracellular region	cellular_component
ENSG00000112339	GO:0005840	ribosome	cellular_component
ENSG00000112343	GO:0002376	immune system process	biological_process
ENSG00000112378	GO:0002376	immune system process	biological_process
ENSG00000112378	GO:0005739	mitochondrion	cellular_component
ENSG00000112378	GO:0005886	plasma membrane	cellular_component
ENSG00000112406	GO:0003723	RNA binding	molecular_function
ENSG00000112414	GO:0005886	plasma membrane	cellular_component
ENSG00000112419	GO:0005886	plasma membrane	cellular_component
ENSG00000112425	GO:0005886	plasma membrane	cellular_component
ENSG00000112473	GO:0002376	immune system process	biological_process
ENSG00000112514	GO:0005576	extracellular region	cellular_component
ENSG00000112514	GO:0005739	mitochondrion	cellular_component
ENSG00000112531	GO:0002376	immune system process	biological_process
ENSG00000112531	GO:0003723	RNA binding	molecular_function
ENSG00000112561	GO:0002376	immune system process	biological_process
ENSG00000112578	GO:0003723	RNA binding	molecular_function
ENSG00000112651	GO:0003723	RNA binding	molecular_function
ENSG00000112651	GO:0005739	mitochondrion	cellular_component
ENSG00000112651	GO:0005840	ribosome	cellular_component
ENSG00000112655	GO:0005886	plasma membrane	cellular_component
ENSG00000112658	GO:0003723	RNA binding	molecular_function
ENSG00000112667	GO:0005576	extracellular region	cellular_component
ENSG00000112679	GO:0002376	immune system process	biological_process
ENSG00000112679	GO:0005886	plasma membrane	cellular_component
ENSG00000112685	GO:0005886	plasma membrane	cellular_component
ENSG00000112695	GO:0005739	mitochondrion	cellular_component
ENSG00000112697	GO:0005886	plasma membrane	cellular_component
ENSG00000112699	GO:0005576	extracellular region	cellular_component
ENSG00000112715	GO:0002376	immune system process	biological_process
ENSG00000112715	GO:0005576	extracellular region	cellular_component
ENSG00000112739	GO:0003723	RNA binding	molecular_function
ENSG00000112759	GO:0005886	plasma membrane	cellular_component
ENSG00000112763	GO:0002376	immune system process	biological_process
ENSG00000112763	GO:0005886	plasma membrane	cellular_component
ENSG00000112769	GO:0005576	extracellular region	cellular_component
ENSG00000112769	GO:0005886	plasma membrane	cellular_component
ENSG00000112773	GO:0003723	RNA binding	molecular_function
ENSG00000112796	GO:0005576	extracellular region	cellular_component
ENSG00000112796	GO:0005886	plasma membrane	cellular_component
ENSG00000112851	GO:0002376	immune system process	biological_process
ENSG00000112851	GO:0005576	extracellular region	cellular_component
ENSG00000112851	GO:0005886	plasma membrane	cellular_component
ENSG00000112852	GO:0005886	plasma membrane	cellular_component
ENSG00000112855	GO:0003723	RNA binding	molecular_function
ENSG00000112855	GO:0005739	mitochondrion	cellular_component
ENSG00000112972	GO:0005886	plasma membrane	cellular_component
ENSG00000112992	GO:0005739	mitochondrion	cellular_component
ENSG00000113013	GO:0002376	immune system process	biological_process
ENSG00000113013	GO:0003723	RNA binding	molecular_function
ENSG00000113013	GO:0005576	extracellular region	cellular_component
ENSG00000113013	GO:0005739	mitochondrion	cellular_component
ENSG00000113048	GO:0003723	RNA binding	molecular_function
ENSG00000113048	GO:0005739	mitochondrion	cellular_component
ENSG00000113048	GO:0005840	ribosome	cellular_component
ENSG00000113070	GO:0005576	extracellular region	cellular_component
ENSG00000113070	GO:0005886	plasma membrane	cellular_component
ENSG00000113083	GO:0005576	extracellular region	cellular_component
ENSG00000113140	GO:0005576	extracellular region	cellular_component
ENSG00000113140	GO:0005886	plasma membrane	cellular_component
ENSG00000113163	GO:0002376	immune system process	biological_process
ENSG00000113194	GO:0005576	extracellular region	cellular_component
ENSG00000113272	GO:0003723	RNA binding	molecular_function
ENSG00000113272	GO:0005739	mitochondrion	cellular_component
ENSG00000113273	GO:0005576	extracellular region	cellular_component
ENSG00000113282	GO:0005886	plasma membrane	cellular_component
ENSG00000113300	GO:0003723	RNA binding	molecular_function
ENSG00000113318	GO:0002376	immune system process	biological_process
ENSG00000113356	GO:0002376	immune system process	biological_process
ENSG00000113360	GO:0003723	RNA binding	molecular_function
ENSG00000113361	GO:0005886	plasma membrane	cellular_component
ENSG00000113369	GO:0005886	plasma membrane	cellular_component
ENSG00000113384	GO:0002376	immune system process	biological_process
ENSG00000113384	GO:0005739	mitochondrion	cellular_component
ENSG00000113384	GO:0005886	plasma membrane	cellular_component
ENSG00000113387	GO:0003723	RNA binding	molecular_function
ENSG00000113387	GO:0005576	extracellular region	cellular_component
ENSG00000113389	GO:0005576	extracellular region	cellular_component
ENSG00000113389	GO:0005886	plasma membrane	cellular_component
ENSG00000113391	GO:0003723	RNA binding	molecular_function
ENSG00000113407	GO:0003723	RNA binding	molecular_function
ENSG00000113407	GO:0005576	extracellular region	cellular_component
ENSG00000113448	GO:0002376	immune system process	biological_process
ENSG00000113448	GO:0005886	plasma membrane	cellular_component
ENSG00000113460	GO:0003723	RNA binding	molecular_function
ENSG00000113504	GO:0005886	plasma membrane	cellular_component
ENSG00000113532	GO:0005576	extracellular region	cellular_component
ENSG00000113552	GO:0005576	extracellular region	cellular_component
ENSG00000113575	GO:0002376	immune system process	biological_process
ENSG00000113575	GO:0005576	extracellular region	cellular_component
ENSG00000113575	GO:0005739	mitochondrion	cellular_component
ENSG00000113575	GO:0005886	plasma membrane	cellular_component
ENSG00000113580	GO:0003723	RNA binding	molecular_function
ENSG00000113580	GO:0005739	mitochondrion	cellular_component
ENSG00000113595	GO:0002376	immune system process	biological_process
ENSG00000113595	GO:0005886	plasma membrane	cellular_component
ENSG00000113621	GO:0005886	plasma membrane	cellular_component
ENSG00000113643	GO:0003723	RNA binding	molecular_function
ENSG00000113643	GO:0005576	extracellular region	cellular_component
ENSG00000113645	GO:0005886	plasma membrane	cellular_component
ENSG00000113648	GO:0005576	extracellular region	cellular_component
ENSG00000113649	GO:0003723	RNA binding	molecular_function
ENSG00000113658	GO:0005739	mitochondrion	cellular_component
ENSG00000113712	GO:0002376	immune system process	biological_process
ENSG00000113721	GO:0005886	plasma membrane	cellular_component
ENSG00000113734	GO:0005739	mitochondrion	cellular_component
ENSG00000113761	GO:0003723	RNA binding	molecular_function
ENSG00000113810	GO:0002376	immune system process	biological_process
ENSG00000113812	GO:0003723	RNA binding	molecular_function
ENSG00000113845	GO:0005739	mitochondrion	cellular_component
ENSG00000113916	GO:0002376	immune system process	biological_process
ENSG00000113966	GO:0005576	extracellular region	cellular_component
ENSG00000113966	GO:0005886	plasma membrane	cellular_component
ENSG00000114019	GO:0005886	plasma membrane	cellular_component
ENSG00000114021	GO:0005576	extracellular region	cellular_component
ENSG00000114021	GO:0005739	mitochondrion	cellular_component
ENSG00000114023	GO:0005739	mitochondrion	cellular_component
ENSG00000114026	GO:0005739	mitochondrion	cellular_component
ENSG00000114054	GO:0005739	mitochondrion	cellular_component
ENSG00000114098	GO:0005576	extracellular region	cellular_component
ENSG00000114120	GO:0005739	mitochondrion	cellular_component
ENSG00000114127	GO:0003723	RNA binding	molecular_function
ENSG00000114127	GO:0005886	plasma membrane	cellular_component
ENSG00000114200	GO:0005576	extracellular region	cellular_component
ENSG00000114200	GO:0005886	plasma membrane	cellular_component
ENSG00000114209	GO:0005576	extracellular region	cellular_component
ENSG00000114209	GO:0005886	plasma membrane	cellular_component
ENSG00000114251	GO:0002376	immune system process	biological_process
ENSG00000114251	GO:0005576	extracellular region	cellular_component
ENSG00000114251	GO:0005886	plasma membrane	cellular_component
ENSG00000114302	GO:0002376	immune system process	biological_process
ENSG00000114302	GO:0005576	extracellular region	cellular_component
ENSG00000114302	GO:0005886	plasma membrane	cellular_component
ENSG00000114315	GO:0002376	immune system process	biological_process
ENSG00000114331	GO:0005886	plasma membrane	cellular_component
ENSG00000114346	GO:0005886	plasma membrane	cellular_component
ENSG00000114353	GO:0005576	extracellular region	cellular_component
ENSG00000114353	GO:0005886	plasma membrane	cellular_component
ENSG00000114383	GO:0005739	mitochondrion	cellular_component
ENSG00000114391	GO:0003723	RNA binding	molecular_function
ENSG00000114391	GO:0005576	extracellular region	cellular_component
ENSG00000114391	GO:0005840	ribosome	cellular_component
ENSG00000114423	GO:0002376	immune system process	biological_process
ENSG00000114423	GO:0005886	plasma membrane	cellular_component
ENSG00000114450	GO:0005576	extracellular region	cellular_component
ENSG00000114450	GO:0005886	plasma membrane	cellular_component
ENSG00000114473	GO:0005576	extracellular region	cellular_component
ENSG00000114480	GO:0005576	extracellular region	cellular_component
ENSG00000114503	GO:0003723	RNA binding	molecular_function
ENSG00000114520	GO:0002376	immune system process	biological_process
ENSG00000114520	GO:0005886	plasma membrane	cellular_component
ENSG00000114529	GO:0005886	plasma membrane	cellular_component
ENSG00000114544	GO:0005739	mitochondrion	cellular_component
ENSG00000114544	GO:0005886	plasma membrane	cellular_component
ENSG00000114573	GO:0005576	extracellular region	cellular_component
ENSG00000114573	GO:0005886	plasma membrane	cellular_component
ENSG00000114631	GO:0002376	immune system process	biological_process
ENSG00000114631	GO:0005886	plasma membrane	cellular_component
ENSG00000114686	GO:0003723	RNA binding	molecular_function
ENSG00000114686	GO:0005739	mitochondrion	cellular_component
ENSG00000114686	GO:0005840	ribosome	cellular_component
ENSG00000114698	GO:0005886	plasma membrane	cellular_component
ENSG00000114737	GO:0005886	plasma membrane	cellular_component
ENSG00000114738	GO:0002376	immune system process	biological_process
ENSG00000114767	GO:0003723	RNA binding	molecular_function
ENSG00000114770	GO:0005886	plasma membrane	cellular_component
ENSG00000114779	GO:0005576	extracellular region	cellular_component
ENSG00000114784	GO:0003723	RNA binding	molecular_function
ENSG00000114790	GO:0005886	plasma membrane	cellular_component
ENSG00000114805	GO:0005886	plasma membrane	cellular_component
ENSG00000114857	GO:0005886	plasma membrane	cellular_component
ENSG00000114859	GO:0005886	plasma membrane	cellular_component
ENSG00000114867	GO:0003723	RNA binding	molecular_function
ENSG00000114867	GO:0005840	ribosome	cellular_component
ENSG00000114948	GO:0005576	extracellular region	cellular_component
ENSG00000114948	GO:0005886	plasma membrane	cellular_component
ENSG00000114956	GO:0005739	mitochondrion	cellular_component
ENSG00000114978	GO:0005576	extracellular region	cellular_component
ENSG00000114982	GO:0005739	mitochondrion	cellular_component
ENSG00000115020	GO:0002376	immune system process	biological_process
ENSG00000115042	GO:0005739	mitochondrion	cellular_component
ENSG00000115053	GO:0003723	RNA binding	molecular_function
ENSG00000115053	GO:0005576	extracellular region	cellular_component
ENSG00000115053	GO:0005886	plasma membrane	cellular_component
ENSG00000115073	GO:0005576	extracellular region	cellular_component
ENSG00000115091	GO:0005576	extracellular region	cellular_component
ENSG00000115107	GO:0005886	plasma membrane	cellular_component
ENSG00000115109	GO:0005886	plasma membrane	cellular_component
ENSG00000115128	GO:0003723	RNA binding	molecular_function
ENSG00000115159	GO:0005739	mitochondrion	cellular_component
ENSG00000115170	GO:0005886	plasma membrane	cellular_component
ENSG00000115194	GO:0005576	extracellular region	cellular_component
ENSG00000115194	GO:0005886	plasma membrane	cellular_component
ENSG00000115204	GO:0005739	mitochondrion	cellular_component
ENSG00000115232	GO:0002376	immune system process	biological_process
ENSG00000115232	GO:0005576	extracellular region	cellular_component
ENSG00000115232	GO:0005886	plasma membrane	cellular_component
ENSG00000115233	GO:0002376	immune system process	biological_process
ENSG00000115233	GO:0005576	extracellular region	cellular_component
ENSG00000115267	GO:0002376	immune system process	biological_process
ENSG00000115267	GO:0003723	RNA binding	molecular_function
ENSG00000115267	GO:0005739	mitochondrion	cellular_component
ENSG00000115268	GO:0003723	RNA binding	molecular_function
ENSG00000115268	GO:0005840	ribosome	cellular_component
ENSG00000115271	GO:0005576	extracellular region	cellular_component
ENSG00000115271	GO:0005886	plasma membrane	cellular_component
ENSG00000115275	GO:0005576	extracellular region	cellular_component
ENSG00000115286	GO:0005739	mitochondrion	cellular_component
ENSG00000115286	GO:0005886	plasma membrane	cellular_component
ENSG00000115290	GO:0005886	plasma membrane	cellular_component
ENSG00000115306	GO:0003723	RNA binding	molecular_function
ENSG00000115306	GO:0005576	extracellular region	cellular_component
ENSG00000115306	GO:0005886	plasma membrane	cellular_component
ENSG00000115307	GO:0005576	extracellular region	cellular_component
ENSG00000115310	GO:0002376	immune system process	biological_process
ENSG00000115310	GO:0003723	RNA binding	molecular_function
ENSG00000115310	GO:0005886	plasma membrane	cellular_component
ENSG00000115317	GO:0005739	mitochondrion	cellular_component
ENSG00000115317	GO:0005886	plasma membrane	cellular_component
ENSG00000115318	GO:0002376	immune system process	biological_process
ENSG00000115318	GO:0005576	extracellular region	cellular_component
ENSG00000115339	GO:0005576	extracellular region	cellular_component
ENSG00000115355	GO:0005886	plasma membrane	cellular_component
ENSG00000115364	GO:0005739	mitochondrion	cellular_component
ENSG00000115364	GO:0005840	ribosome	cellular_component
ENSG00000115365	GO:0005886	plasma membrane	cellular_component
ENSG00000115380	GO:0005576	extracellular region	cellular_component
ENSG00000115380	GO:0005739	mitochondrion	cellular_component
ENSG00000115414	GO:0002376	immune system process	biological_process
ENSG00000115414	GO:0005576	extracellular region	cellular_component
ENSG00000115414	GO:0005886	plasma membrane	cellular_component
ENSG00000115415	GO:0002376	immune system process	biological_process
ENSG00000115419	GO:0005739	mitochondrion	cellular_component
ENSG00000115421	GO:0003723	RNA binding	molecular_function
ENSG00000115425	GO:0005739	mitochondrion	cellular_component
ENSG00000115446	GO:0003723	RNA binding	molecular_function
ENSG00000115457	GO:0002376	immune system process	biological_process
ENSG00000115457	GO:0005576	extracellular region	cellular_component
ENSG00000115457	GO:0005886	plasma membrane	cellular_component
ENSG00000115461	GO:0005576	extracellular region	cellular_component
ENSG00000115468	GO:0005739	mitochondrion	cellular_component
ENSG00000115484	GO:0003723	RNA binding	molecular_function
ENSG00000115484	GO:0005576	extracellular region	cellular_component
ENSG00000115504	GO:0005886	plasma membrane	cellular_component
ENSG00000115520	GO:0005739	mitochondrion	cellular_component
ENSG00000115524	GO:0003723	RNA binding	molecular_function
ENSG00000115541	GO:0003723	RNA binding	molecular_function
ENSG00000115541	GO:0005576	extracellular region	cellular_component
ENSG00000115541	GO:0005739	mitochondrion	cellular_component
ENSG00000115561	GO:0005576	extracellular region	cellular_component
ENSG00000115561	GO:0005886	plasma membrane	cellular_component
ENSG00000115594	GO:0002376	immune system process	biological_process
ENSG00000115594	GO:0005576	extracellular region	cellular_component
ENSG00000115594	GO:0005886	plasma membrane	cellular_component
ENSG00000115648	GO:0005576	extracellular region	cellular_component
ENSG00000115652	GO:0005576	extracellular region	cellular_component
ENSG00000115657	GO:0005576	extracellular region	cellular_component
ENSG00000115657	GO:0005739	mitochondrion	cellular_component
ENSG00000115657	GO:0005886	plasma membrane	cellular_component
ENSG00000115677	GO:0003723	RNA binding	molecular_function
ENSG00000115677	GO:0005576	extracellular region	cellular_component
ENSG00000115677	GO:0005886	plasma membrane	cellular_component
ENSG00000115685	GO:0003723	RNA binding	molecular_function
ENSG00000115685	GO:0005576	extracellular region	cellular_component
ENSG00000115694	GO:0005576	extracellular region	cellular_component
ENSG00000115738	GO:0002376	immune system process	biological_process
ENSG00000115761	GO:0003723	RNA binding	molecular_function
ENSG00000115816	GO:0003723	RNA binding	molecular_function
ENSG00000115825	GO:0005886	plasma membrane	cellular_component
ENSG00000115828	GO:0005576	extracellular region	cellular_component
ENSG00000115840	GO:0005739	mitochondrion	cellular_component
ENSG00000115841	GO:0005739	mitochondrion	cellular_component
ENSG00000115844	GO:0003723	RNA binding	molecular_function
ENSG00000115866	GO:0003723	RNA binding	molecular_function
ENSG00000115866	GO:0005576	extracellular region	cellular_component
ENSG00000115875	GO:0003723	RNA binding	molecular_function
ENSG00000115875	GO:0005576	extracellular region	cellular_component
ENSG00000115884	GO:0005576	extracellular region	cellular_component
ENSG00000115884	GO:0005886	plasma membrane	cellular_component
ENSG00000115902	GO:0005576	extracellular region	cellular_component
ENSG00000115902	GO:0005886	plasma membrane	cellular_component
ENSG00000115904	GO:0002376	immune system process	biological_process
ENSG00000115904	GO:0005886	plasma membrane	cellular_component
ENSG00000115944	GO:0005739	mitochondrion	cellular_component
ENSG00000115946	GO:0003723	RNA binding	molecular_function
ENSG00000115963	GO:0005886	plasma membrane	cellular_component
ENSG00000115966	GO:0002376	immune system process	biological_process
ENSG00000115966	GO:0005739	mitochondrion	cellular_component
ENSG00000115993	GO:0005739	mitochondrion	cellular_component
ENSG00000115993	GO:0005886	plasma membrane	cellular_component
ENSG00000116001	GO:0003723	RNA binding	molecular_function
ENSG00000116005	GO:0005576	extracellular region	cellular_component
ENSG00000116016	GO:0002376	immune system process	biological_process
ENSG00000116030	GO:0003723	RNA binding	molecular_function
ENSG00000116030	GO:0005886	plasma membrane	cellular_component
ENSG00000116044	GO:0002376	immune system process	biological_process
ENSG00000116062	GO:0002376	immune system process	biological_process
ENSG00000116096	GO:0005576	extracellular region	cellular_component
ENSG00000116096	GO:0005739	mitochondrion	cellular_component
ENSG00000116106	GO:0005739	mitochondrion	cellular_component
ENSG00000116106	GO:0005886	plasma membrane	cellular_component
ENSG00000116117	GO:0005886	plasma membrane	cellular_component
ENSG00000116141	GO:0005886	plasma membrane	cellular_component
ENSG00000116157	GO:0005576	extracellular region	cellular_component
ENSG00000116161	GO:0005576	extracellular region	cellular_component
ENSG00000116171	GO:0005739	mitochondrion	cellular_component
ENSG00000116191	GO:0005886	plasma membrane	cellular_component
ENSG00000116221	GO:0003723	RNA binding	molecular_function
ENSG00000116221	GO:0005739	mitochondrion	cellular_component
ENSG00000116221	GO:0005840	ribosome	cellular_component
ENSG00000116251	GO:0003723	RNA binding	molecular_function
ENSG00000116251	GO:0005576	extracellular region	cellular_component
ENSG00000116251	GO:0005840	ribosome	cellular_component
ENSG00000116260	GO:0005576	extracellular region	cellular_component
ENSG00000116266	GO:0002376	immune system process	biological_process
ENSG00000116266	GO:0005576	extracellular region	cellular_component
ENSG00000116266	GO:0005886	plasma membrane	cellular_component
ENSG00000116285	GO:0005886	plasma membrane	cellular_component
ENSG00000116288	GO:0002376	immune system process	biological_process
ENSG00000116288	GO:0003723	RNA binding	molecular_function
ENSG00000116288	GO:0005576	extracellular region	cellular_component
ENSG00000116288	GO:0005739	mitochondrion	cellular_component
ENSG00000116288	GO:0005886	plasma membrane	cellular_component
ENSG00000116299	GO:0003723	RNA binding	molecular_function
ENSG00000116299	GO:0005576	extracellular region	cellular_component
ENSG00000116299	GO:0005886	plasma membrane	cellular_component
ENSG00000116350	GO:0003723	RNA binding	molecular_function
ENSG00000116353	GO:0005739	mitochondrion	cellular_component
ENSG00000116459	GO:0005739	mitochondrion	cellular_component
ENSG00000116473	GO:0002376	immune system process	biological_process
ENSG00000116473	GO:0005576	extracellular region	cellular_component
ENSG00000116473	GO:0005886	plasma membrane	cellular_component
ENSG00000116521	GO:0005576	extracellular region	cellular_component
ENSG00000116525	GO:0002376	immune system process	biological_process
ENSG00000116560	GO:0002376	immune system process	biological_process
ENSG00000116560	GO:0003723	RNA binding	molecular_function
ENSG00000116574	GO:0005886	plasma membrane	cellular_component
ENSG00000116586	GO:0005886	plasma membrane	cellular_component
ENSG00000116661	GO:0005886	plasma membrane	cellular_component
ENSG00000116670	GO:0002376	immune system process	biological_process
ENSG00000116675	GO:0005886	plasma membrane	cellular_component
ENSG00000116678	GO:0002376	immune system process	biological_process
ENSG00000116678	GO:0005576	extracellular region	cellular_component
ENSG00000116678	GO:0005886	plasma membrane	cellular_component
ENSG00000116688	GO:0005739	mitochondrion	cellular_component
ENSG00000116698	GO:0003723	RNA binding	molecular_function
ENSG00000116701	GO:0002376	immune system process	biological_process
ENSG00000116701	GO:0005886	plasma membrane	cellular_component
ENSG00000116711	GO:0002376	immune system process	biological_process
ENSG00000116711	GO:0005739	mitochondrion	cellular_component
ENSG00000116729	GO:0005576	extracellular region	cellular_component
ENSG00000116729	GO:0005886	plasma membrane	cellular_component
ENSG00000116741	GO:0005739	mitochondrion	cellular_component
ENSG00000116741	GO:0005886	plasma membrane	cellular_component
ENSG00000116747	GO:0003723	RNA binding	molecular_function
ENSG00000116750	GO:0003723	RNA binding	molecular_function
ENSG00000116754	GO:0003723	RNA binding	molecular_function
ENSG00000116761	GO:0005576	extracellular region	cellular_component
ENSG00000116771	GO:0005739	mitochondrion	cellular_component
ENSG00000116774	GO:0005576	extracellular region	cellular_component
ENSG00000116786	GO:0002376	immune system process	biological_process
ENSG00000116791	GO:0003723	RNA binding	molecular_function
ENSG00000116791	GO:0005576	extracellular region	cellular_component
ENSG00000116791	GO:0005739	mitochondrion	cellular_component
ENSG00000116809	GO:0002376	immune system process	biological_process
ENSG00000116815	GO:0002376	immune system process	biological_process
ENSG00000116815	GO:0005576	extracellular region	cellular_component
ENSG00000116815	GO:0005886	plasma membrane	cellular_component
ENSG00000116874	GO:0005739	mitochondrion	cellular_component
ENSG00000116885	GO:0005886	plasma membrane	cellular_component
ENSG00000116898	GO:0003723	RNA binding	molecular_function
ENSG00000116898	GO:0005739	mitochondrion	cellular_component
ENSG00000116898	GO:0005840	ribosome	cellular_component
ENSG00000116903	GO:0005886	plasma membrane	cellular_component
ENSG00000116918	GO:0003723	RNA binding	molecular_function
ENSG00000117054	GO:0005739	mitochondrion	cellular_component
ENSG00000117114	GO:0005886	plasma membrane	cellular_component
ENSG00000117115	GO:0002376	immune system process	biological_process
ENSG00000117115	GO:0005576	extracellular region	cellular_component
ENSG00000117122	GO:0005576	extracellular region	cellular_component
ENSG00000117143	GO:0002376	immune system process	biological_process
ENSG00000117174	GO:0005576	extracellular region	cellular_component
ENSG00000117226	GO:0002376	immune system process	biological_process
ENSG00000117228	GO:0002376	immune system process	biological_process
ENSG00000117228	GO:0005576	extracellular region	cellular_component
ENSG00000117228	GO:0005886	plasma membrane	cellular_component
ENSG00000117266	GO:0005739	mitochondrion	cellular_component
ENSG00000117280	GO:0002376	immune system process	biological_process
ENSG00000117280	GO:0005576	extracellular region	cellular_component
ENSG00000117280	GO:0005739	mitochondrion	cellular_component
ENSG00000117280	GO:0005886	plasma membrane	cellular_component
ENSG00000117298	GO:0005576	extracellular region	cellular_component
ENSG00000117298	GO:0005886	plasma membrane	cellular_component
ENSG00000117335	GO:0002376	immune system process	biological_process
ENSG00000117335	GO:0005576	extracellular region	cellular_component
ENSG00000117335	GO:0005886	plasma membrane	cellular_component
ENSG00000117360	GO:0003723	RNA binding	molecular_function
ENSG00000117362	GO:0005886	plasma membrane	cellular_component
ENSG00000117385	GO:0005576	extracellular region	cellular_component
ENSG00000117394	GO:0005576	extracellular region	cellular_component
ENSG00000117394	GO:0005886	plasma membrane	cellular_component
ENSG00000117395	GO:0003723	RNA binding	molecular_function
ENSG00000117410	GO:0005886	plasma membrane	cellular_component
ENSG00000117419	GO:0003723	RNA binding	molecular_function
ENSG00000117448	GO:0005576	extracellular region	cellular_component
ENSG00000117448	GO:0005886	plasma membrane	cellular_component
ENSG00000117450	GO:0002376	immune system process	biological_process
ENSG00000117450	GO:0003723	RNA binding	molecular_function
ENSG00000117450	GO:0005576	extracellular region	cellular_component
ENSG00000117479	GO:0005886	plasma membrane	cellular_component
ENSG00000117481	GO:0003723	RNA binding	molecular_function
ENSG00000117481	GO:0005739	mitochondrion	cellular_component
ENSG00000117525	GO:0005576	extracellular region	cellular_component
ENSG00000117525	GO:0005886	plasma membrane	cellular_component
ENSG00000117528	GO:0005739	mitochondrion	cellular_component
ENSG00000117533	GO:0005886	plasma membrane	cellular_component
ENSG00000117569	GO:0003723	RNA binding	molecular_function
ENSG00000117592	GO:0005576	extracellular region	cellular_component
ENSG00000117593	GO:0003723	RNA binding	molecular_function
ENSG00000117593	GO:0005739	mitochondrion	cellular_component
ENSG00000117597	GO:0003723	RNA binding	molecular_function
ENSG00000117602	GO:0003723	RNA binding	molecular_function
ENSG00000117614	GO:0003723	RNA binding	molecular_function
ENSG00000117632	GO:0005576	extracellular region	cellular_component
ENSG00000117640	GO:0005739	mitochondrion	cellular_component
ENSG00000117643	GO:0005576	extracellular region	cellular_component
ENSG00000117691	GO:0005576	extracellular region	cellular_component
ENSG00000117691	GO:0005739	mitochondrion	cellular_component
ENSG00000117713	GO:0002376	immune system process	biological_process
ENSG00000117751	GO:0003723	RNA binding	molecular_function
ENSG00000117791	GO:0005739	mitochondrion	cellular_component
ENSG00000117868	GO:0005886	plasma membrane	cellular_component
ENSG00000117899	GO:0005886	plasma membrane	cellular_component
ENSG00000117984	GO:0002376	immune system process	biological_process
ENSG00000117984	GO:0005576	extracellular region	cellular_component
ENSG00000118181	GO:0003723	RNA binding	molecular_function
ENSG00000118181	GO:0005576	extracellular region	cellular_component
ENSG00000118181	GO:0005840	ribosome	cellular_component
ENSG00000118193	GO:0005886	plasma membrane	cellular_component
ENSG00000118197	GO:0003723	RNA binding	molecular_function
ENSG00000118242	GO:0005886	plasma membrane	cellular_component
ENSG00000118246	GO:0003723	RNA binding	molecular_function
ENSG00000118246	GO:0005739	mitochondrion	cellular_component
ENSG00000118257	GO:0005576	extracellular region	cellular_component
ENSG00000118257	GO:0005886	plasma membrane	cellular_component
ENSG00000118260	GO:0005739	mitochondrion	cellular_component
ENSG00000118292	GO:0005576	extracellular region	cellular_component
ENSG00000118369	GO:0005739	mitochondrion	cellular_component
ENSG00000118503	GO:0002376	immune system process	biological_process
ENSG00000118503	GO:0005576	extracellular region	cellular_component
ENSG00000118507	GO:0005886	plasma membrane	cellular_component
ENSG00000118508	GO:0002376	immune system process	biological_process
ENSG00000118508	GO:0005739	mitochondrion	cellular_component
ENSG00000118513	GO:0002376	immune system process	biological_process
ENSG00000118515	GO:0005739	mitochondrion	cellular_component
ENSG00000118515	GO:0005886	plasma membrane	cellular_component
ENSG00000118518	GO:0005886	plasma membrane	cellular_component
ENSG00000118523	GO:0005576	extracellular region	cellular_component
ENSG00000118523	GO:0005886	plasma membrane	cellular_component
ENSG00000118600	GO:0005886	plasma membrane	cellular_component
ENSG00000118640	GO:0002376	immune system process	biological_process
ENSG00000118640	GO:0005576	extracellular region	cellular_component
ENSG00000118640	GO:0005886	plasma membrane	cellular_component
ENSG00000118680	GO:0005576	extracellular region	cellular_component
ENSG00000118689	GO:0002376	immune system process	biological_process
ENSG00000118689	GO:0005739	mitochondrion	cellular_component
ENSG00000118762	GO:0005576	extracellular region	cellular_component
ENSG00000118762	GO:0005886	plasma membrane	cellular_component
ENSG00000118777	GO:0005739	mitochondrion	cellular_component
ENSG00000118777	GO:0005886	plasma membrane	cellular_component
ENSG00000118785	GO:0005576	extracellular region	cellular_component
ENSG00000118804	GO:0005886	plasma membrane	cellular_component
ENSG00000118873	GO:0005886	plasma membrane	cellular_component
ENSG00000118898	GO:0005576	extracellular region	cellular_component
ENSG00000118898	GO:0005886	plasma membrane	cellular_component
ENSG00000118960	GO:0005739	mitochondrion	cellular_component
ENSG00000119013	GO:0005739	mitochondrion	cellular_component
ENSG00000119048	GO:0005886	plasma membrane	cellular_component
ENSG00000119185	GO:0005886	plasma membrane	cellular_component
ENSG00000119203	GO:0003723	RNA binding	molecular_function
ENSG00000119285	GO:0003723	RNA binding	molecular_function
ENSG00000119285	GO:0005739	mitochondrion	cellular_component
ENSG00000119314	GO:0002376	immune system process	biological_process
ENSG00000119314	GO:0003723	RNA binding	molecular_function
ENSG00000119326	GO:0005886	plasma membrane	cellular_component
ENSG00000119383	GO:0005576	extracellular region	cellular_component
ENSG00000119396	GO:0005576	extracellular region	cellular_component
ENSG00000119396	GO:0005886	plasma membrane	cellular_component
ENSG00000119401	GO:0002376	immune system process	biological_process
ENSG00000119401	GO:0003723	RNA binding	molecular_function
ENSG00000119401	GO:0005739	mitochondrion	cellular_component
ENSG00000119414	GO:0002376	immune system process	biological_process
ENSG00000119414	GO:0005739	mitochondrion	cellular_component
ENSG00000119421	GO:0005739	mitochondrion	cellular_component
ENSG00000119431	GO:0005739	mitochondrion	cellular_component
ENSG00000119446	GO:0003723	RNA binding	molecular_function
ENSG00000119471	GO:0005739	mitochondrion	cellular_component
ENSG00000119487	GO:0005739	mitochondrion	cellular_component
ENSG00000119487	GO:0005886	plasma membrane	cellular_component
ENSG00000119508	GO:0002376	immune system process	biological_process
ENSG00000119522	GO:0005886	plasma membrane	cellular_component
ENSG00000119541	GO:0005576	extracellular region	cellular_component
ENSG00000119541	GO:0005886	plasma membrane	cellular_component
ENSG00000119574	GO:0002376	immune system process	biological_process
ENSG00000119596	GO:0003723	RNA binding	molecular_function
ENSG00000119616	GO:0003723	RNA binding	molecular_function
ENSG00000119632	GO:0005739	mitochondrion	cellular_component
ENSG00000119655	GO:0005576	extracellular region	cellular_component
ENSG00000119673	GO:0005739	mitochondrion	cellular_component
ENSG00000119681	GO:0005576	extracellular region	cellular_component
ENSG00000119686	GO:0005739	mitochondrion	cellular_component
ENSG00000119686	GO:0005886	plasma membrane	cellular_component
ENSG00000119688	GO:0005886	plasma membrane	cellular_component
ENSG00000119689	GO:0005739	mitochondrion	cellular_component
ENSG00000119699	GO:0002376	immune system process	biological_process
ENSG00000119699	GO:0005576	extracellular region	cellular_component
ENSG00000119699	GO:0005886	plasma membrane	cellular_component
ENSG00000119707	GO:0003723	RNA binding	molecular_function
ENSG00000119711	GO:0003723	RNA binding	molecular_function
ENSG00000119711	GO:0005739	mitochondrion	cellular_component
ENSG00000119718	GO:0002376	immune system process	biological_process
ENSG00000119723	GO:0005739	mitochondrion	cellular_component
ENSG00000119729	GO:0005576	extracellular region	cellular_component
ENSG00000119729	GO:0005886	plasma membrane	cellular_component
ENSG00000119772	GO:0003723	RNA binding	molecular_function
ENSG00000119801	GO:0005576	extracellular region	cellular_component
ENSG00000119812	GO:0003723	RNA binding	molecular_function
ENSG00000119865	GO:0005886	plasma membrane	cellular_component
ENSG00000119888	GO:0005576	extracellular region	cellular_component
ENSG00000119888	GO:0005886	plasma membrane	cellular_component
ENSG00000119899	GO:0005886	plasma membrane	cellular_component
ENSG00000119912	GO:0002376	immune system process	biological_process
ENSG00000119912	GO:0005576	extracellular region	cellular_component
ENSG00000119912	GO:0005739	mitochondrion	cellular_component
ENSG00000119912	GO:0005886	plasma membrane	cellular_component
ENSG00000119917	GO:0002376	immune system process	biological_process
ENSG00000119917	GO:0003723	RNA binding	molecular_function
ENSG00000119917	GO:0005739	mitochondrion	cellular_component
ENSG00000119922	GO:0002376	immune system process	biological_process
ENSG00000119922	GO:0003723	RNA binding	molecular_function
ENSG00000119927	GO:0005739	mitochondrion	cellular_component
ENSG00000119927	GO:0005886	plasma membrane	cellular_component
ENSG00000119943	GO:0005739	mitochondrion	cellular_component
ENSG00000119946	GO:0005886	plasma membrane	cellular_component
ENSG00000119953	GO:0003723	RNA binding	molecular_function
ENSG00000119965	GO:0005739	mitochondrion	cellular_component
ENSG00000119969	GO:0002376	immune system process	biological_process
ENSG00000119977	GO:0005886	plasma membrane	cellular_component
ENSG00000120053	GO:0005576	extracellular region	cellular_component
ENSG00000120063	GO:0005576	extracellular region	cellular_component
ENSG00000120063	GO:0005886	plasma membrane	cellular_component
ENSG00000120071	GO:0005739	mitochondrion	cellular_component
ENSG00000120129	GO:0002376	immune system process	biological_process
ENSG00000120217	GO:0002376	immune system process	biological_process
ENSG00000120217	GO:0005576	extracellular region	cellular_component
ENSG00000120217	GO:0005886	plasma membrane	cellular_component
ENSG00000120254	GO:0005739	mitochondrion	cellular_component
ENSG00000120256	GO:0005886	plasma membrane	cellular_component
ENSG00000120265	GO:0005576	extracellular region	cellular_component
ENSG00000120306	GO:0005576	extracellular region	cellular_component
ENSG00000120306	GO:0005886	plasma membrane	cellular_component
ENSG00000120318	GO:0005886	plasma membrane	cellular_component
ENSG00000120327	GO:0005886	plasma membrane	cellular_component
ENSG00000120437	GO:0005576	extracellular region	cellular_component
ENSG00000120438	GO:0003723	RNA binding	molecular_function
ENSG00000120438	GO:0005576	extracellular region	cellular_component
ENSG00000120509	GO:0005576	extracellular region	cellular_component
ENSG00000120509	GO:0005886	plasma membrane	cellular_component
ENSG00000120519	GO:0005886	plasma membrane	cellular_component
ENSG00000120526	GO:0002376	immune system process	biological_process
ENSG00000120539	GO:0005886	plasma membrane	cellular_component
ENSG00000120658	GO:0003723	RNA binding	molecular_function
ENSG00000120658	GO:0005576	extracellular region	cellular_component
ENSG00000120658	GO:0005886	plasma membrane	cellular_component
ENSG00000120662	GO:0005739	mitochondrion	cellular_component
ENSG00000120675	GO:0005739	mitochondrion	cellular_component
ENSG00000120688	GO:0003723	RNA binding	molecular_function
ENSG00000120694	GO:0002376	immune system process	biological_process
ENSG00000120694	GO:0005576	extracellular region	cellular_component
ENSG00000120699	GO:0003723	RNA binding	molecular_function
ENSG00000120705	GO:0003723	RNA binding	molecular_function
ENSG00000120705	GO:0005840	ribosome	cellular_component
ENSG00000120708	GO:0005576	extracellular region	cellular_component
ENSG00000120708	GO:0005886	plasma membrane	cellular_component
ENSG00000120727	GO:0003723	RNA binding	molecular_function
ENSG00000120756	GO:0005576	extracellular region	cellular_component
ENSG00000120800	GO:0003723	RNA binding	molecular_function
ENSG00000120868	GO:0005576	extracellular region	cellular_component
ENSG00000120885	GO:0002376	immune system process	biological_process
ENSG00000120885	GO:0005576	extracellular region	cellular_component
ENSG00000120885	GO:0005739	mitochondrion	cellular_component
ENSG00000120885	GO:0005886	plasma membrane	cellular_component
ENSG00000120889	GO:0005886	plasma membrane	cellular_component
ENSG00000120896	GO:0005886	plasma membrane	cellular_component
ENSG00000120899	GO:0002376	immune system process	biological_process
ENSG00000120899	GO:0005886	plasma membrane	cellular_component
ENSG00000120910	GO:0005739	mitochondrion	cellular_component
ENSG00000120915	GO:0005576	extracellular region	cellular_component
ENSG00000120925	GO:0002376	immune system process	biological_process
ENSG00000120942	GO:0005739	mitochondrion	cellular_component
ENSG00000120948	GO:0003723	RNA binding	molecular_function
ENSG00000120948	GO:0005739	mitochondrion	cellular_component
ENSG00000120992	GO:0005576	extracellular region	cellular_component
ENSG00000120992	GO:0005739	mitochondrion	cellular_component
ENSG00000120992	GO:0005886	plasma membrane	cellular_component
ENSG00000121005	GO:0005576	extracellular region	cellular_component
ENSG00000121057	GO:0002376	immune system process	biological_process
ENSG00000121057	GO:0003723	RNA binding	molecular_function
ENSG00000121057	GO:0005739	mitochondrion	cellular_component
ENSG00000121058	GO:0003723	RNA binding	molecular_function
ENSG00000121060	GO:0002376	immune system process	biological_process
ENSG00000121060	GO:0003723	RNA binding	molecular_function
ENSG00000121064	GO:0005576	extracellular region	cellular_component
ENSG00000121152	GO:0002376	immune system process	biological_process
ENSG00000121210	GO:0002376	immune system process	biological_process
ENSG00000121210	GO:0005886	plasma membrane	cellular_component
ENSG00000121236	GO:0002376	immune system process	biological_process
ENSG00000121274	GO:0003723	RNA binding	molecular_function
ENSG00000121281	GO:0002376	immune system process	biological_process
ENSG00000121281	GO:0005886	plasma membrane	cellular_component
ENSG00000121289	GO:0005739	mitochondrion	cellular_component
ENSG00000121310	GO:0003723	RNA binding	molecular_function
ENSG00000121310	GO:0005739	mitochondrion	cellular_component
ENSG00000121316	GO:0005576	extracellular region	cellular_component
ENSG00000121361	GO:0005886	plasma membrane	cellular_component
ENSG00000121390	GO:0002376	immune system process	biological_process
ENSG00000121390	GO:0003723	RNA binding	molecular_function
ENSG00000121410	GO:0005576	extracellular region	cellular_component
ENSG00000121410	GO:0005886	plasma membrane	cellular_component
ENSG00000121486	GO:0003723	RNA binding	molecular_function
ENSG00000121578	GO:0005576	extracellular region	cellular_component
ENSG00000121579	GO:0005576	extracellular region	cellular_component
ENSG00000121621	GO:0005886	plasma membrane	cellular_component
ENSG00000121653	GO:0002376	immune system process	biological_process
ENSG00000121653	GO:0005739	mitochondrion	cellular_component
ENSG00000121653	GO:0005886	plasma membrane	cellular_component
ENSG00000121671	GO:0005576	extracellular region	cellular_component
ENSG00000121671	GO:0005739	mitochondrion	cellular_component
ENSG00000121691	GO:0005576	extracellular region	cellular_component
ENSG00000121691	GO:0005739	mitochondrion	cellular_component
ENSG00000121749	GO:0005576	extracellular region	cellular_component
ENSG00000121749	GO:0005739	mitochondrion	cellular_component
ENSG00000121766	GO:0003723	RNA binding	molecular_function
ENSG00000121766	GO:0005840	ribosome	cellular_component
ENSG00000121769	GO:0005576	extracellular region	cellular_component
ENSG00000121774	GO:0002376	immune system process	biological_process
ENSG00000121774	GO:0003723	RNA binding	molecular_function
ENSG00000121774	GO:0005886	plasma membrane	cellular_component
ENSG00000121858	GO:0002376	immune system process	biological_process
ENSG00000121858	GO:0005576	extracellular region	cellular_component
ENSG00000121858	GO:0005886	plasma membrane	cellular_component
ENSG00000121879	GO:0002376	immune system process	biological_process
ENSG00000121879	GO:0005886	plasma membrane	cellular_component
ENSG00000121897	GO:0005739	mitochondrion	cellular_component
ENSG00000121957	GO:0005886	plasma membrane	cellular_component
ENSG00000121966	GO:0002376	immune system process	biological_process
ENSG00000121966	GO:0005576	extracellular region	cellular_component
ENSG00000121966	GO:0005886	plasma membrane	cellular_component
ENSG00000121989	GO:0002376	immune system process	biological_process
ENSG00000121989	GO:0005886	plasma membrane	cellular_component
ENSG00000122026	GO:0003723	RNA binding	molecular_function
ENSG00000122026	GO:0005840	ribosome	cellular_component
ENSG00000122033	GO:0005739	mitochondrion	cellular_component
ENSG00000122034	GO:0003723	RNA binding	molecular_function
ENSG00000122068	GO:0003723	RNA binding	molecular_function
ENSG00000122085	GO:0003723	RNA binding	molecular_function
ENSG00000122085	GO:0005739	mitochondrion	cellular_component
ENSG00000122126	GO:0005886	plasma membrane	cellular_component
ENSG00000122140	GO:0005739	mitochondrion	cellular_component
ENSG00000122140	GO:0005840	ribosome	cellular_component
ENSG00000122203	GO:0005739	mitochondrion	cellular_component
ENSG00000122218	GO:0003723	RNA binding	molecular_function
ENSG00000122218	GO:0005576	extracellular region	cellular_component
ENSG00000122299	GO:0003723	RNA binding	molecular_function
ENSG00000122335	GO:0005576	extracellular region	cellular_component
ENSG00000122335	GO:0005739	mitochondrion	cellular_component
ENSG00000122359	GO:0003723	RNA binding	molecular_function
ENSG00000122359	GO:0005576	extracellular region	cellular_component
ENSG00000122359	GO:0005886	plasma membrane	cellular_component
ENSG00000122376	GO:0002376	immune system process	biological_process
ENSG00000122378	GO:0002376	immune system process	biological_process
ENSG00000122378	GO:0005576	extracellular region	cellular_component
ENSG00000122386	GO:0005739	mitochondrion	cellular_component
ENSG00000122406	GO:0003723	RNA binding	molecular_function
ENSG00000122406	GO:0005576	extracellular region	cellular_component
ENSG00000122406	GO:0005840	ribosome	cellular_component
ENSG00000122507	GO:0005886	plasma membrane	cellular_component
ENSG00000122512	GO:0002376	immune system process	biological_process
ENSG00000122545	GO:0005576	extracellular region	cellular_component
ENSG00000122545	GO:0005886	plasma membrane	cellular_component
ENSG00000122547	GO:0005886	plasma membrane	cellular_component
ENSG00000122566	GO:0003723	RNA binding	molecular_function
ENSG00000122566	GO:0005576	extracellular region	cellular_component
ENSG00000122592	GO:0002376	immune system process	biological_process
ENSG00000122641	GO:0002376	immune system process	biological_process
ENSG00000122641	GO:0005576	extracellular region	cellular_component
ENSG00000122641	GO:0005886	plasma membrane	cellular_component
ENSG00000122643	GO:0005739	mitochondrion	cellular_component
ENSG00000122644	GO:0005886	plasma membrane	cellular_component
ENSG00000122694	GO:0005576	extracellular region	cellular_component
ENSG00000122696	GO:0005739	mitochondrion	cellular_component
ENSG00000122705	GO:0005886	plasma membrane	cellular_component
ENSG00000122707	GO:0005576	extracellular region	cellular_component
ENSG00000122707	GO:0005886	plasma membrane	cellular_component
ENSG00000122729	GO:0003723	RNA binding	molecular_function
ENSG00000122729	GO:0005576	extracellular region	cellular_component
ENSG00000122756	GO:0005576	extracellular region	cellular_component
ENSG00000122756	GO:0005886	plasma membrane	cellular_component
ENSG00000122779	GO:0005739	mitochondrion	cellular_component
ENSG00000122783	GO:0002376	immune system process	biological_process
ENSG00000122786	GO:0005886	plasma membrane	cellular_component
ENSG00000122861	GO:0005576	extracellular region	cellular_component
ENSG00000122861	GO:0005886	plasma membrane	cellular_component
ENSG00000122862	GO:0005576	extracellular region	cellular_component
ENSG00000122870	GO:0003723	RNA binding	molecular_function
ENSG00000122873	GO:0005739	mitochondrion	cellular_component
ENSG00000122912	GO:0005739	mitochondrion	cellular_component
ENSG00000122965	GO:0003723	RNA binding	molecular_function
ENSG00000122971	GO:0005739	mitochondrion	cellular_component
ENSG00000123064	GO:0003723	RNA binding	molecular_function
ENSG00000123091	GO:0005576	extracellular region	cellular_component
ENSG00000123096	GO:0005886	plasma membrane	cellular_component
ENSG00000123124	GO:0005576	extracellular region	cellular_component
ENSG00000123124	GO:0005886	plasma membrane	cellular_component
ENSG00000123130	GO:0005739	mitochondrion	cellular_component
ENSG00000123131	GO:0005576	extracellular region	cellular_component
ENSG00000123136	GO:0002376	immune system process	biological_process
ENSG00000123136	GO:0003723	RNA binding	molecular_function
ENSG00000123143	GO:0005886	plasma membrane	cellular_component
ENSG00000123144	GO:0003723	RNA binding	molecular_function
ENSG00000123146	GO:0002376	immune system process	biological_process
ENSG00000123146	GO:0005576	extracellular region	cellular_component
ENSG00000123146	GO:0005886	plasma membrane	cellular_component
ENSG00000123159	GO:0005576	extracellular region	cellular_component
ENSG00000123191	GO:0005739	mitochondrion	cellular_component
ENSG00000123191	GO:0005886	plasma membrane	cellular_component
ENSG00000123200	GO:0003723	RNA binding	molecular_function
ENSG00000123213	GO:0005576	extracellular region	cellular_component
ENSG00000123213	GO:0005739	mitochondrion	cellular_component
ENSG00000123213	GO:0005886	plasma membrane	cellular_component
ENSG00000123240	GO:0002376	immune system process	biological_process
ENSG00000123352	GO:0003723	RNA binding	molecular_function
ENSG00000123358	GO:0005739	mitochondrion	cellular_component
ENSG00000123416	GO:0003723	RNA binding	molecular_function
ENSG00000123453	GO:0005739	mitochondrion	cellular_component
ENSG00000123472	GO:0005739	mitochondrion	cellular_component
ENSG00000123545	GO:0005739	mitochondrion	cellular_component
ENSG00000123570	GO:0005886	plasma membrane	cellular_component
ENSG00000123595	GO:0005576	extracellular region	cellular_component
ENSG00000123595	GO:0005886	plasma membrane	cellular_component
ENSG00000123600	GO:0005739	mitochondrion	cellular_component
ENSG00000123609	GO:0002376	immune system process	biological_process
ENSG00000123609	GO:0005576	extracellular region	cellular_component
ENSG00000123610	GO:0002376	immune system process	biological_process
ENSG00000123610	GO:0005576	extracellular region	cellular_component
ENSG00000123643	GO:0005886	plasma membrane	cellular_component
ENSG00000123685	GO:0002376	immune system process	biological_process
ENSG00000123689	GO:0005739	mitochondrion	cellular_component
ENSG00000123728	GO:0005576	extracellular region	cellular_component
ENSG00000123728	GO:0005886	plasma membrane	cellular_component
ENSG00000123737	GO:0002376	immune system process	biological_process
ENSG00000123737	GO:0003723	RNA binding	molecular_function
ENSG00000123737	GO:0005576	extracellular region	cellular_component
ENSG00000123739	GO:0005576	extracellular region	cellular_component
ENSG00000123815	GO:0005739	mitochondrion	cellular_component
ENSG00000123815	GO:0005886	plasma membrane	cellular_component
ENSG00000123892	GO:0005739	mitochondrion	cellular_component
ENSG00000123892	GO:0005886	plasma membrane	cellular_component
ENSG00000123983	GO:0005739	mitochondrion	cellular_component
ENSG00000123983	GO:0005886	plasma membrane	cellular_component
ENSG00000123989	GO:0005739	mitochondrion	cellular_component
ENSG00000123992	GO:0005576	extracellular region	cellular_component
ENSG00000124006	GO:0005886	plasma membrane	cellular_component
ENSG00000124067	GO:0005886	plasma membrane	cellular_component
ENSG00000124098	GO:0002376	immune system process	biological_process
ENSG00000124098	GO:0005739	mitochondrion	cellular_component
ENSG00000124107	GO:0002376	immune system process	biological_process
ENSG00000124107	GO:0003723	RNA binding	molecular_function
ENSG00000124107	GO:0005576	extracellular region	cellular_component
ENSG00000124126	GO:0002376	immune system process	biological_process
ENSG00000124126	GO:0005886	plasma membrane	cellular_component
ENSG00000124145	GO:0002376	immune system process	biological_process
ENSG00000124145	GO:0005576	extracellular region	cellular_component
ENSG00000124145	GO:0005886	plasma membrane	cellular_component
ENSG00000124151	GO:0005576	extracellular region	cellular_component
ENSG00000124160	GO:0003723	RNA binding	molecular_function
ENSG00000124164	GO:0005886	plasma membrane	cellular_component
ENSG00000124171	GO:0005576	extracellular region	cellular_component
ENSG00000124171	GO:0005886	plasma membrane	cellular_component
ENSG00000124172	GO:0005739	mitochondrion	cellular_component
ENSG00000124181	GO:0002376	immune system process	biological_process
ENSG00000124181	GO:0005886	plasma membrane	cellular_component
ENSG00000124193	GO:0003723	RNA binding	molecular_function
ENSG00000124201	GO:0002376	immune system process	biological_process
ENSG00000124201	GO:0003723	RNA binding	molecular_function
ENSG00000124201	GO:0005739	mitochondrion	cellular_component
ENSG00000124207	GO:0005576	extracellular region	cellular_component
ENSG00000124209	GO:0005576	extracellular region	cellular_component
ENSG00000124209	GO:0005886	plasma membrane	cellular_component
ENSG00000124212	GO:0005886	plasma membrane	cellular_component
ENSG00000124214	GO:0003723	RNA binding	molecular_function
ENSG00000124214	GO:0005576	extracellular region	cellular_component
ENSG00000124214	GO:0005886	plasma membrane	cellular_component
ENSG00000124225	GO:0005886	plasma membrane	cellular_component
ENSG00000124228	GO:0003723	RNA binding	molecular_function
ENSG00000124279	GO:0003723	RNA binding	molecular_function
ENSG00000124279	GO:0005739	mitochondrion	cellular_component
ENSG00000124299	GO:0005576	extracellular region	cellular_component
ENSG00000124313	GO:0005886	plasma membrane	cellular_component
ENSG00000124333	GO:0002376	immune system process	biological_process
ENSG00000124333	GO:0005576	extracellular region	cellular_component
ENSG00000124333	GO:0005886	plasma membrane	cellular_component
ENSG00000124356	GO:0005576	extracellular region	cellular_component
ENSG00000124356	GO:0005886	plasma membrane	cellular_component
ENSG00000124357	GO:0002376	immune system process	biological_process
ENSG00000124357	GO:0005576	extracellular region	cellular_component
ENSG00000124383	GO:0003723	RNA binding	molecular_function
ENSG00000124406	GO:0005576	extracellular region	cellular_component
ENSG00000124406	GO:0005886	plasma membrane	cellular_component
ENSG00000124508	GO:0002376	immune system process	biological_process
ENSG00000124508	GO:0005886	plasma membrane	cellular_component
ENSG00000124523	GO:0005739	mitochondrion	cellular_component
ENSG00000124532	GO:0005739	mitochondrion	cellular_component
ENSG00000124535	GO:0002376	immune system process	biological_process
ENSG00000124541	GO:0003723	RNA binding	molecular_function
ENSG00000124562	GO:0003723	RNA binding	molecular_function
ENSG00000124571	GO:0003723	RNA binding	molecular_function
ENSG00000124574	GO:0002376	immune system process	biological_process
ENSG00000124574	GO:0005886	plasma membrane	cellular_component
ENSG00000124588	GO:0005576	extracellular region	cellular_component
ENSG00000124608	GO:0002376	immune system process	biological_process
ENSG00000124608	GO:0003723	RNA binding	molecular_function
ENSG00000124608	GO:0005739	mitochondrion	cellular_component
ENSG00000124614	GO:0003723	RNA binding	molecular_function
ENSG00000124614	GO:0005840	ribosome	cellular_component
ENSG00000124615	GO:0005739	mitochondrion	cellular_component
ENSG00000124766	GO:0002376	immune system process	biological_process
ENSG00000124766	GO:0003723	RNA binding	molecular_function
ENSG00000124767	GO:0005576	extracellular region	cellular_component
ENSG00000124767	GO:0005886	plasma membrane	cellular_component
ENSG00000124782	GO:0005576	extracellular region	cellular_component
ENSG00000124785	GO:0005576	extracellular region	cellular_component
ENSG00000124785	GO:0005886	plasma membrane	cellular_component
ENSG00000124787	GO:0003723	RNA binding	molecular_function
ENSG00000124788	GO:0003723	RNA binding	molecular_function
ENSG00000124795	GO:0003723	RNA binding	molecular_function
ENSG00000124831	GO:0003723	RNA binding	molecular_function
ENSG00000124942	GO:0003723	RNA binding	molecular_function
ENSG00000124942	GO:0005576	extracellular region	cellular_component
ENSG00000124942	GO:0005886	plasma membrane	cellular_component
ENSG00000125107	GO:0003723	RNA binding	molecular_function
ENSG00000125124	GO:0005886	plasma membrane	cellular_component
ENSG00000125166	GO:0003723	RNA binding	molecular_function
ENSG00000125166	GO:0005576	extracellular region	cellular_component
ENSG00000125166	GO:0005739	mitochondrion	cellular_component
ENSG00000125166	GO:0005886	plasma membrane	cellular_component
ENSG00000125170	GO:0005739	mitochondrion	cellular_component
ENSG00000125246	GO:0005739	mitochondrion	cellular_component
ENSG00000125249	GO:0005886	plasma membrane	cellular_component
ENSG00000125257	GO:0005886	plasma membrane	cellular_component
ENSG00000125266	GO:0005886	plasma membrane	cellular_component
ENSG00000125347	GO:0002376	immune system process	biological_process
ENSG00000125351	GO:0003723	RNA binding	molecular_function
ENSG00000125354	GO:0005886	plasma membrane	cellular_component
ENSG00000125356	GO:0005739	mitochondrion	cellular_component
ENSG00000125375	GO:0005739	mitochondrion	cellular_component
ENSG00000125378	GO:0002376	immune system process	biological_process
ENSG00000125378	GO:0005576	extracellular region	cellular_component
ENSG00000125398	GO:0002376	immune system process	biological_process
ENSG00000125398	GO:0003723	RNA binding	molecular_function
ENSG00000125434	GO:0005739	mitochondrion	cellular_component
ENSG00000125445	GO:0003723	RNA binding	molecular_function
ENSG00000125445	GO:0005739	mitochondrion	cellular_component
ENSG00000125445	GO:0005840	ribosome	cellular_component
ENSG00000125454	GO:0005739	mitochondrion	cellular_component
ENSG00000125457	GO:0003723	RNA binding	molecular_function
ENSG00000125458	GO:0005576	extracellular region	cellular_component
ENSG00000125458	GO:0005739	mitochondrion	cellular_component
ENSG00000125459	GO:0005739	mitochondrion	cellular_component
ENSG00000125485	GO:0003723	RNA binding	molecular_function
ENSG00000125534	GO:0005739	mitochondrion	cellular_component
ENSG00000125611	GO:0005739	mitochondrion	cellular_component
ENSG00000125633	GO:0005886	plasma membrane	cellular_component
ENSG00000125648	GO:0005739	mitochondrion	cellular_component
ENSG00000125651	GO:0003723	RNA binding	molecular_function
ENSG00000125652	GO:0005739	mitochondrion	cellular_component
ENSG00000125656	GO:0005739	mitochondrion	cellular_component
ENSG00000125676	GO:0003723	RNA binding	molecular_function
ENSG00000125686	GO:0002376	immune system process	biological_process
ENSG00000125726	GO:0002376	immune system process	biological_process
ENSG00000125726	GO:0005576	extracellular region	cellular_component
ENSG00000125726	GO:0005886	plasma membrane	cellular_component
ENSG00000125730	GO:0002376	immune system process	biological_process
ENSG00000125730	GO:0005576	extracellular region	cellular_component
ENSG00000125730	GO:0005886	plasma membrane	cellular_component
ENSG00000125733	GO:0005576	extracellular region	cellular_component
ENSG00000125733	GO:0005886	plasma membrane	cellular_component
ENSG00000125734	GO:0002376	immune system process	biological_process
ENSG00000125741	GO:0005739	mitochondrion	cellular_component
ENSG00000125743	GO:0003723	RNA binding	molecular_function
ENSG00000125743	GO:0005576	extracellular region	cellular_component
ENSG00000125744	GO:0005886	plasma membrane	cellular_component
ENSG00000125753	GO:0005576	extracellular region	cellular_component
ENSG00000125753	GO:0005886	plasma membrane	cellular_component
ENSG00000125755	GO:0005886	plasma membrane	cellular_component
ENSG00000125814	GO:0005576	extracellular region	cellular_component
ENSG00000125826	GO:0002376	immune system process	biological_process
ENSG00000125835	GO:0003723	RNA binding	molecular_function
ENSG00000125841	GO:0005886	plasma membrane	cellular_component
ENSG00000125844	GO:0003723	RNA binding	molecular_function
ENSG00000125844	GO:0005840	ribosome	cellular_component
ENSG00000125848	GO:0005576	extracellular region	cellular_component
ENSG00000125848	GO:0005886	plasma membrane	cellular_component
ENSG00000125864	GO:0005886	plasma membrane	cellular_component
ENSG00000125868	GO:0005576	extracellular region	cellular_component
ENSG00000125870	GO:0003723	RNA binding	molecular_function
ENSG00000125871	GO:0005739	mitochondrion	cellular_component
ENSG00000125931	GO:0002376	immune system process	biological_process
ENSG00000125944	GO:0003723	RNA binding	molecular_function
ENSG00000125970	GO:0003723	RNA binding	molecular_function
ENSG00000125977	GO:0003723	RNA binding	molecular_function
ENSG00000125995	GO:0002376	immune system process	biological_process
ENSG00000125995	GO:0005739	mitochondrion	cellular_component
ENSG00000126067	GO:0002376	immune system process	biological_process
ENSG00000126067	GO:0005576	extracellular region	cellular_component
ENSG00000126215	GO:0005739	mitochondrion	cellular_component
ENSG00000126217	GO:0005886	plasma membrane	cellular_component
ENSG00000126226	GO:0002376	immune system process	biological_process
ENSG00000126226	GO:0003723	RNA binding	molecular_function
ENSG00000126247	GO:0005576	extracellular region	cellular_component
ENSG00000126247	GO:0005886	plasma membrane	cellular_component
ENSG00000126254	GO:0003723	RNA binding	molecular_function
ENSG00000126267	GO:0005739	mitochondrion	cellular_component
ENSG00000126368	GO:0002376	immune system process	biological_process
ENSG00000126391	GO:0005886	plasma membrane	cellular_component
ENSG00000126432	GO:0005576	extracellular region	cellular_component
ENSG00000126432	GO:0005739	mitochondrion	cellular_component
ENSG00000126456	GO:0002376	immune system process	biological_process
ENSG00000126456	GO:0005739	mitochondrion	cellular_component
ENSG00000126457	GO:0002376	immune system process	biological_process
ENSG00000126457	GO:0003723	RNA binding	molecular_function
ENSG00000126458	GO:0005576	extracellular region	cellular_component
ENSG00000126458	GO:0005886	plasma membrane	cellular_component
ENSG00000126461	GO:0003723	RNA binding	molecular_function
ENSG00000126522	GO:0005576	extracellular region	cellular_component
ENSG00000126524	GO:0002376	immune system process	biological_process
ENSG00000126524	GO:0003723	RNA binding	molecular_function
ENSG00000126561	GO:0002376	immune system process	biological_process
ENSG00000126581	GO:0002376	immune system process	biological_process
ENSG00000126581	GO:0005739	mitochondrion	cellular_component
ENSG00000126653	GO:0003723	RNA binding	molecular_function
ENSG00000126709	GO:0002376	immune system process	biological_process
ENSG00000126709	GO:0005739	mitochondrion	cellular_component
ENSG00000126709	GO:0005886	plasma membrane	cellular_component
ENSG00000126767	GO:0005739	mitochondrion	cellular_component
ENSG00000126768	GO:0005739	mitochondrion	cellular_component
ENSG00000126777	GO:0003723	RNA binding	molecular_function
ENSG00000126777	GO:0005886	plasma membrane	cellular_component
ENSG00000126778	GO:0002376	immune system process	biological_process
ENSG00000126803	GO:0005576	extracellular region	cellular_component
ENSG00000126803	GO:0005886	plasma membrane	cellular_component
ENSG00000126804	GO:0002376	immune system process	biological_process
ENSG00000126814	GO:0005739	mitochondrion	cellular_component
ENSG00000126821	GO:0005886	plasma membrane	cellular_component
ENSG00000126858	GO:0005739	mitochondrion	cellular_component
ENSG00000126878	GO:0005576	extracellular region	cellular_component
ENSG00000126878	GO:0005886	plasma membrane	cellular_component
ENSG00000126903	GO:0005886	plasma membrane	cellular_component
ENSG00000126934	GO:0005576	extracellular region	cellular_component
ENSG00000126934	GO:0005739	mitochondrion	cellular_component
ENSG00000126934	GO:0005886	plasma membrane	cellular_component
ENSG00000126945	GO:0003723	RNA binding	molecular_function
ENSG00000126947	GO:0005739	mitochondrion	cellular_component
ENSG00000126953	GO:0005739	mitochondrion	cellular_component
ENSG00000126970	GO:0005886	plasma membrane	cellular_component
ENSG00000127022	GO:0003723	RNA binding	molecular_function
ENSG00000127022	GO:0005576	extracellular region	cellular_component
ENSG00000127022	GO:0005739	mitochondrion	cellular_component
ENSG00000127054	GO:0005576	extracellular region	cellular_component
ENSG00000127184	GO:0005739	mitochondrion	cellular_component
ENSG00000127191	GO:0002376	immune system process	biological_process
ENSG00000127191	GO:0005886	plasma membrane	cellular_component
ENSG00000127220	GO:0002376	immune system process	biological_process
ENSG00000127220	GO:0005576	extracellular region	cellular_component
ENSG00000127415	GO:0005576	extracellular region	cellular_component
ENSG00000127418	GO:0005886	plasma membrane	cellular_component
ENSG00000127527	GO:0005886	plasma membrane	cellular_component
ENSG00000127554	GO:0005576	extracellular region	cellular_component
ENSG00000127554	GO:0005739	mitochondrion	cellular_component
ENSG00000127616	GO:0002376	immune system process	biological_process
ENSG00000127616	GO:0003723	RNA binding	molecular_function
ENSG00000127666	GO:0002376	immune system process	biological_process
ENSG00000127666	GO:0005739	mitochondrion	cellular_component
ENSG00000127804	GO:0003723	RNA binding	molecular_function
ENSG00000127824	GO:0005576	extracellular region	cellular_component
ENSG00000127837	GO:0005886	plasma membrane	cellular_component
ENSG00000127863	GO:0005886	plasma membrane	cellular_component
ENSG00000127884	GO:0005739	mitochondrion	cellular_component
ENSG00000127920	GO:0005886	plasma membrane	cellular_component
ENSG00000127922	GO:0002376	immune system process	biological_process
ENSG00000127952	GO:0005739	mitochondrion	cellular_component
ENSG00000127955	GO:0002376	immune system process	biological_process
ENSG00000127955	GO:0005576	extracellular region	cellular_component
ENSG00000127955	GO:0005886	plasma membrane	cellular_component
ENSG00000127980	GO:0005576	extracellular region	cellular_component
ENSG00000127989	GO:0003723	RNA binding	molecular_function
ENSG00000127989	GO:0005739	mitochondrion	cellular_component
ENSG00000127990	GO:0005886	plasma membrane	cellular_component
ENSG00000128016	GO:0002376	immune system process	biological_process
ENSG00000128016	GO:0003723	RNA binding	molecular_function
ENSG00000128050	GO:0005576	extracellular region	cellular_component
ENSG00000128191	GO:0003723	RNA binding	molecular_function
ENSG00000128245	GO:0005576	extracellular region	cellular_component
ENSG00000128245	GO:0005739	mitochondrion	cellular_component
ENSG00000128245	GO:0005886	plasma membrane	cellular_component
ENSG00000128266	GO:0005886	plasma membrane	cellular_component
ENSG00000128272	GO:0005886	plasma membrane	cellular_component
ENSG00000128283	GO:0005886	plasma membrane	cellular_component
ENSG00000128309	GO:0005576	extracellular region	cellular_component
ENSG00000128309	GO:0005739	mitochondrion	cellular_component
ENSG00000128311	GO:0003723	RNA binding	molecular_function
ENSG00000128311	GO:0005739	mitochondrion	cellular_component
ENSG00000128335	GO:0005576	extracellular region	cellular_component
ENSG00000128340	GO:0002376	immune system process	biological_process
ENSG00000128340	GO:0005576	extracellular region	cellular_component
ENSG00000128340	GO:0005739	mitochondrion	cellular_component
ENSG00000128340	GO:0005886	plasma membrane	cellular_component
ENSG00000128342	GO:0002376	immune system process	biological_process
ENSG00000128342	GO:0005576	extracellular region	cellular_component
ENSG00000128394	GO:0002376	immune system process	biological_process
ENSG00000128394	GO:0003723	RNA binding	molecular_function
ENSG00000128422	GO:0005886	plasma membrane	cellular_component
ENSG00000128510	GO:0005576	extracellular region	cellular_component
ENSG00000128512	GO:0005886	plasma membrane	cellular_component
ENSG00000128524	GO:0005576	extracellular region	cellular_component
ENSG00000128524	GO:0005886	plasma membrane	cellular_component
ENSG00000128564	GO:0005576	extracellular region	cellular_component
ENSG00000128567	GO:0005576	extracellular region	cellular_component
ENSG00000128567	GO:0005886	plasma membrane	cellular_component
ENSG00000128590	GO:0002376	immune system process	biological_process
ENSG00000128590	GO:0005576	extracellular region	cellular_component
ENSG00000128591	GO:0005886	plasma membrane	cellular_component
ENSG00000128595	GO:0005576	extracellular region	cellular_component
ENSG00000128602	GO:0005576	extracellular region	cellular_component
ENSG00000128602	GO:0005886	plasma membrane	cellular_component
ENSG00000128604	GO:0002376	immune system process	biological_process
ENSG00000128609	GO:0005739	mitochondrion	cellular_component
ENSG00000128626	GO:0003723	RNA binding	molecular_function
ENSG00000128626	GO:0005739	mitochondrion	cellular_component
ENSG00000128626	GO:0005840	ribosome	cellular_component
ENSG00000128641	GO:0005576	extracellular region	cellular_component
ENSG00000128641	GO:0005886	plasma membrane	cellular_component
ENSG00000128654	GO:0005739	mitochondrion	cellular_component
ENSG00000128683	GO:0005886	plasma membrane	cellular_component
ENSG00000128694	GO:0005739	mitochondrion	cellular_component
ENSG00000128708	GO:0005739	mitochondrion	cellular_component
ENSG00000128791	GO:0002376	immune system process	biological_process
ENSG00000128791	GO:0005576	extracellular region	cellular_component
ENSG00000128829	GO:0002376	immune system process	biological_process
ENSG00000128829	GO:0003723	RNA binding	molecular_function
ENSG00000128829	GO:0005840	ribosome	cellular_component
ENSG00000128833	GO:0005576	extracellular region	cellular_component
ENSG00000128928	GO:0005739	mitochondrion	cellular_component
ENSG00000128951	GO:0003723	RNA binding	molecular_function
ENSG00000128951	GO:0005576	extracellular region	cellular_component
ENSG00000128951	GO:0005739	mitochondrion	cellular_component
ENSG00000129038	GO:0005576	extracellular region	cellular_component
ENSG00000129083	GO:0005886	plasma membrane	cellular_component
ENSG00000129084	GO:0002376	immune system process	biological_process
ENSG00000129084	GO:0005576	extracellular region	cellular_component
ENSG00000129116	GO:0005886	plasma membrane	cellular_component
ENSG00000129219	GO:0002376	immune system process	biological_process
ENSG00000129219	GO:0005886	plasma membrane	cellular_component
ENSG00000129226	GO:0002376	immune system process	biological_process
ENSG00000129226	GO:0005886	plasma membrane	cellular_component
ENSG00000129235	GO:0005576	extracellular region	cellular_component
ENSG00000129244	GO:0005886	plasma membrane	cellular_component
ENSG00000129245	GO:0003723	RNA binding	molecular_function
ENSG00000129250	GO:0003723	RNA binding	molecular_function
ENSG00000129315	GO:0003723	RNA binding	molecular_function
ENSG00000129351	GO:0003723	RNA binding	molecular_function
ENSG00000129351	GO:0005576	extracellular region	cellular_component
ENSG00000129351	GO:0005739	mitochondrion	cellular_component
ENSG00000129353	GO:0005576	extracellular region	cellular_component
ENSG00000129353	GO:0005739	mitochondrion	cellular_component
ENSG00000129353	GO:0005886	plasma membrane	cellular_component
ENSG00000129422	GO:0002376	immune system process	biological_process
ENSG00000129422	GO:0005739	mitochondrion	cellular_component
ENSG00000129422	GO:0005886	plasma membrane	cellular_component
ENSG00000129472	GO:0002376	immune system process	biological_process
ENSG00000129472	GO:0005576	extracellular region	cellular_component
ENSG00000129472	GO:0005886	plasma membrane	cellular_component
ENSG00000129474	GO:0005886	plasma membrane	cellular_component
ENSG00000129480	GO:0003723	RNA binding	molecular_function
ENSG00000129559	GO:0005576	extracellular region	cellular_component
ENSG00000129657	GO:0002376	immune system process	biological_process
ENSG00000129657	GO:0005739	mitochondrion	cellular_component
ENSG00000129667	GO:0002376	immune system process	biological_process
ENSG00000129667	GO:0005886	plasma membrane	cellular_component
ENSG00000129691	GO:0005886	plasma membrane	cellular_component
ENSG00000129925	GO:0005576	extracellular region	cellular_component
ENSG00000129925	GO:0005886	plasma membrane	cellular_component
ENSG00000129968	GO:0002376	immune system process	biological_process
ENSG00000129968	GO:0005886	plasma membrane	cellular_component
ENSG00000130024	GO:0002376	immune system process	biological_process
ENSG00000130038	GO:0002376	immune system process	biological_process
ENSG00000130038	GO:0005576	extracellular region	cellular_component
ENSG00000130038	GO:0005886	plasma membrane	cellular_component
ENSG00000130119	GO:0003723	RNA binding	molecular_function
ENSG00000130147	GO:0005576	extracellular region	cellular_component
ENSG00000130150	GO:0002376	immune system process	biological_process
ENSG00000130150	GO:0005886	plasma membrane	cellular_component
ENSG00000130159	GO:0002376	immune system process	biological_process
ENSG00000130159	GO:0005739	mitochondrion	cellular_component
ENSG00000130164	GO:0002376	immune system process	biological_process
ENSG00000130164	GO:0005576	extracellular region	cellular_component
ENSG00000130164	GO:0005886	plasma membrane	cellular_component
ENSG00000130193	GO:0005576	extracellular region	cellular_component
ENSG00000130202	GO:0002376	immune system process	biological_process
ENSG00000130202	GO:0005576	extracellular region	cellular_component
ENSG00000130202	GO:0005886	plasma membrane	cellular_component
ENSG00000130203	GO:0002376	immune system process	biological_process
ENSG00000130203	GO:0005576	extracellular region	cellular_component
ENSG00000130203	GO:0005886	plasma membrane	cellular_component
ENSG00000130204	GO:0005739	mitochondrion	cellular_component
ENSG00000130208	GO:0005576	extracellular region	cellular_component
ENSG00000130254	GO:0003723	RNA binding	molecular_function
ENSG00000130254	GO:0005576	extracellular region	cellular_component
ENSG00000130255	GO:0003723	RNA binding	molecular_function
ENSG00000130255	GO:0005840	ribosome	cellular_component
ENSG00000130270	GO:0005886	plasma membrane	cellular_component
ENSG00000130299	GO:0005739	mitochondrion	cellular_component
ENSG00000130303	GO:0002376	immune system process	biological_process
ENSG00000130303	GO:0003723	RNA binding	molecular_function
ENSG00000130303	GO:0005576	extracellular region	cellular_component
ENSG00000130303	GO:0005886	plasma membrane	cellular_component
ENSG00000130305	GO:0003723	RNA binding	molecular_function
ENSG00000130311	GO:0002376	immune system process	biological_process
ENSG00000130312	GO:0005739	mitochondrion	cellular_component
ENSG00000130312	GO:0005840	ribosome	cellular_component
ENSG00000130313	GO:0005576	extracellular region	cellular_component
ENSG00000130332	GO:0003723	RNA binding	molecular_function
ENSG00000130340	GO:0005576	extracellular region	cellular_component
ENSG00000130340	GO:0005886	plasma membrane	cellular_component
ENSG00000130347	GO:0005739	mitochondrion	cellular_component
ENSG00000130348	GO:0005739	mitochondrion	cellular_component
ENSG00000130349	GO:0003723	RNA binding	molecular_function
ENSG00000130349	GO:0005739	mitochondrion	cellular_component
ENSG00000130396	GO:0005886	plasma membrane	cellular_component
ENSG00000130402	GO:0003723	RNA binding	molecular_function
ENSG00000130402	GO:0005576	extracellular region	cellular_component
ENSG00000130402	GO:0005886	plasma membrane	cellular_component
ENSG00000130414	GO:0005739	mitochondrion	cellular_component
ENSG00000130429	GO:0005576	extracellular region	cellular_component
ENSG00000130475	GO:0002376	immune system process	biological_process
ENSG00000130475	GO:0005886	plasma membrane	cellular_component
ENSG00000130508	GO:0002376	immune system process	biological_process
ENSG00000130508	GO:0005576	extracellular region	cellular_component
ENSG00000130513	GO:0002376	immune system process	biological_process
ENSG00000130513	GO:0005576	extracellular region	cellular_component
ENSG00000130520	GO:0003723	RNA binding	molecular_function
ENSG00000130522	GO:0002376	immune system process	biological_process
ENSG00000130529	GO:0002376	immune system process	biological_process
ENSG00000130529	GO:0005886	plasma membrane	cellular_component
ENSG00000130558	GO:0005576	extracellular region	cellular_component
ENSG00000130560	GO:0005576	extracellular region	cellular_component
ENSG00000130584	GO:0002376	immune system process	biological_process
ENSG00000130589	GO:0003723	RNA binding	molecular_function
ENSG00000130590	GO:0005886	plasma membrane	cellular_component
ENSG00000130592	GO:0005576	extracellular region	cellular_component
ENSG00000130592	GO:0005886	plasma membrane	cellular_component
ENSG00000130635	GO:0005576	extracellular region	cellular_component
ENSG00000130669	GO:0005886	plasma membrane	cellular_component
ENSG00000130703	GO:0005886	plasma membrane	cellular_component
ENSG00000130706	GO:0002376	immune system process	biological_process
ENSG00000130707	GO:0002376	immune system process	biological_process
ENSG00000130707	GO:0003723	RNA binding	molecular_function
ENSG00000130707	GO:0005576	extracellular region	cellular_component
ENSG00000130707	GO:0005739	mitochondrion	cellular_component
ENSG00000130720	GO:0005576	extracellular region	cellular_component
ENSG00000130724	GO:0005576	extracellular region	cellular_component
ENSG00000130724	GO:0005886	plasma membrane	cellular_component
ENSG00000130726	GO:0002376	immune system process	biological_process
ENSG00000130726	GO:0003723	RNA binding	molecular_function
ENSG00000130734	GO:0005739	mitochondrion	cellular_component
ENSG00000130749	GO:0003723	RNA binding	molecular_function
ENSG00000130764	GO:0003723	RNA binding	molecular_function
ENSG00000130768	GO:0002376	immune system process	biological_process
ENSG00000130768	GO:0005576	extracellular region	cellular_component
ENSG00000130768	GO:0005886	plasma membrane	cellular_component
ENSG00000130770	GO:0002376	immune system process	biological_process
ENSG00000130770	GO:0005739	mitochondrion	cellular_component
ENSG00000130775	GO:0002376	immune system process	biological_process
ENSG00000130779	GO:0005886	plasma membrane	cellular_component
ENSG00000130787	GO:0005739	mitochondrion	cellular_component
ENSG00000130787	GO:0005886	plasma membrane	cellular_component
ENSG00000130810	GO:0003723	RNA binding	molecular_function
ENSG00000130811	GO:0003723	RNA binding	molecular_function
ENSG00000130813	GO:0002376	immune system process	biological_process
ENSG00000130813	GO:0003723	RNA binding	molecular_function
ENSG00000130816	GO:0003723	RNA binding	molecular_function
ENSG00000130816	GO:0005739	mitochondrion	cellular_component
ENSG00000130821	GO:0005886	plasma membrane	cellular_component
ENSG00000130826	GO:0003723	RNA binding	molecular_function
ENSG00000130830	GO:0002376	immune system process	biological_process
ENSG00000130830	GO:0005886	plasma membrane	cellular_component
ENSG00000130881	GO:0005886	plasma membrane	cellular_component
ENSG00000130921	GO:0003723	RNA binding	molecular_function
ENSG00000130921	GO:0005739	mitochondrion	cellular_component
ENSG00000130956	GO:0003723	RNA binding	molecular_function
ENSG00000130956	GO:0005576	extracellular region	cellular_component
ENSG00000130962	GO:0005576	extracellular region	cellular_component
ENSG00000130962	GO:0005886	plasma membrane	cellular_component
ENSG00000130985	GO:0003723	RNA binding	molecular_function
ENSG00000130985	GO:0005576	extracellular region	cellular_component
ENSG00000130985	GO:0005739	mitochondrion	cellular_component
ENSG00000131013	GO:0003723	RNA binding	molecular_function
ENSG00000131015	GO:0002376	immune system process	biological_process
ENSG00000131015	GO:0005576	extracellular region	cellular_component
ENSG00000131015	GO:0005886	plasma membrane	cellular_component
ENSG00000131016	GO:0005886	plasma membrane	cellular_component
ENSG00000131019	GO:0002376	immune system process	biological_process
ENSG00000131019	GO:0005886	plasma membrane	cellular_component
ENSG00000131023	GO:0002376	immune system process	biological_process
ENSG00000131037	GO:0005576	extracellular region	cellular_component
ENSG00000131037	GO:0005886	plasma membrane	cellular_component
ENSG00000131051	GO:0003723	RNA binding	molecular_function
ENSG00000131067	GO:0005886	plasma membrane	cellular_component
ENSG00000131069	GO:0005739	mitochondrion	cellular_component
ENSG00000131080	GO:0005886	plasma membrane	cellular_component
ENSG00000131094	GO:0005576	extracellular region	cellular_component
ENSG00000131100	GO:0005576	extracellular region	cellular_component
ENSG00000131100	GO:0005886	plasma membrane	cellular_component
ENSG00000131116	GO:0005739	mitochondrion	cellular_component
ENSG00000131143	GO:0005739	mitochondrion	cellular_component
ENSG00000131165	GO:0005576	extracellular region	cellular_component
ENSG00000131165	GO:0005886	plasma membrane	cellular_component
ENSG00000131171	GO:0005576	extracellular region	cellular_component
ENSG00000131171	GO:0005886	plasma membrane	cellular_component
ENSG00000131174	GO:0005739	mitochondrion	cellular_component
ENSG00000131187	GO:0002376	immune system process	biological_process
ENSG00000131187	GO:0005576	extracellular region	cellular_component
ENSG00000131187	GO:0005886	plasma membrane	cellular_component
ENSG00000131188	GO:0002376	immune system process	biological_process
ENSG00000131188	GO:0005886	plasma membrane	cellular_component
ENSG00000131236	GO:0005576	extracellular region	cellular_component
ENSG00000131236	GO:0005886	plasma membrane	cellular_component
ENSG00000131238	GO:0002376	immune system process	biological_process
ENSG00000131238	GO:0005576	extracellular region	cellular_component
ENSG00000131242	GO:0005886	plasma membrane	cellular_component
ENSG00000131323	GO:0002376	immune system process	biological_process
ENSG00000131323	GO:0005739	mitochondrion	cellular_component
ENSG00000131323	GO:0005886	plasma membrane	cellular_component
ENSG00000131368	GO:0005739	mitochondrion	cellular_component
ENSG00000131368	GO:0005840	ribosome	cellular_component
ENSG00000131370	GO:0005739	mitochondrion	cellular_component
ENSG00000131374	GO:0005886	plasma membrane	cellular_component
ENSG00000131375	GO:0005576	extracellular region	cellular_component
ENSG00000131378	GO:0002376	immune system process	biological_process
ENSG00000131378	GO:0003723	RNA binding	molecular_function
ENSG00000131378	GO:0005576	extracellular region	cellular_component
ENSG00000131378	GO:0005886	plasma membrane	cellular_component
ENSG00000131381	GO:0005576	extracellular region	cellular_component
ENSG00000131381	GO:0005886	plasma membrane	cellular_component
ENSG00000131389	GO:0005886	plasma membrane	cellular_component
ENSG00000131435	GO:0005886	plasma membrane	cellular_component
ENSG00000131437	GO:0005576	extracellular region	cellular_component
ENSG00000131446	GO:0005576	extracellular region	cellular_component
ENSG00000131469	GO:0003723	RNA binding	molecular_function
ENSG00000131469	GO:0005576	extracellular region	cellular_component
ENSG00000131469	GO:0005840	ribosome	cellular_component
ENSG00000131473	GO:0005576	extracellular region	cellular_component
ENSG00000131475	GO:0005576	extracellular region	cellular_component
ENSG00000131477	GO:0005886	plasma membrane	cellular_component
ENSG00000131495	GO:0005739	mitochondrion	cellular_component
ENSG00000131507	GO:0005576	extracellular region	cellular_component
ENSG00000131508	GO:0005576	extracellular region	cellular_component
ENSG00000131558	GO:0005886	plasma membrane	cellular_component
ENSG00000131584	GO:0005886	plasma membrane	cellular_component
ENSG00000131650	GO:0005886	plasma membrane	cellular_component
ENSG00000131652	GO:0003723	RNA binding	molecular_function
ENSG00000131669	GO:0002376	immune system process	biological_process
ENSG00000131669	GO:0005576	extracellular region	cellular_component
ENSG00000131669	GO:0005886	plasma membrane	cellular_component
ENSG00000131724	GO:0002376	immune system process	biological_process
ENSG00000131724	GO:0005886	plasma membrane	cellular_component
ENSG00000131747	GO:0003723	RNA binding	molecular_function
ENSG00000131748	GO:0005739	mitochondrion	cellular_component
ENSG00000131759	GO:0002376	immune system process	biological_process
ENSG00000131759	GO:0003723	RNA binding	molecular_function
ENSG00000131759	GO:0005886	plasma membrane	cellular_component
ENSG00000131773	GO:0003723	RNA binding	molecular_function
ENSG00000131779	GO:0005739	mitochondrion	cellular_component
ENSG00000131828	GO:0005739	mitochondrion	cellular_component
ENSG00000131844	GO:0005739	mitochondrion	cellular_component
ENSG00000131873	GO:0005576	extracellular region	cellular_component
ENSG00000131876	GO:0003723	RNA binding	molecular_function
ENSG00000131899	GO:0005886	plasma membrane	cellular_component
ENSG00000131941	GO:0005886	plasma membrane	cellular_component
ENSG00000131943	GO:0005739	mitochondrion	cellular_component
ENSG00000131966	GO:0005576	extracellular region	cellular_component
ENSG00000131979	GO:0002376	immune system process	biological_process
ENSG00000131981	GO:0002376	immune system process	biological_process
ENSG00000131981	GO:0003723	RNA binding	molecular_function
ENSG00000131981	GO:0005576	extracellular region	cellular_component
ENSG00000131981	GO:0005739	mitochondrion	cellular_component
ENSG00000131981	GO:0005886	plasma membrane	cellular_component
ENSG00000132002	GO:0005576	extracellular region	cellular_component
ENSG00000132005	GO:0002376	immune system process	biological_process
ENSG00000132017	GO:0002376	immune system process	biological_process
ENSG00000132024	GO:0005576	extracellular region	cellular_component
ENSG00000132031	GO:0005576	extracellular region	cellular_component
ENSG00000132109	GO:0002376	immune system process	biological_process
ENSG00000132109	GO:0003723	RNA binding	molecular_function
ENSG00000132122	GO:0005576	extracellular region	cellular_component
ENSG00000132153	GO:0003723	RNA binding	molecular_function
ENSG00000132153	GO:0005739	mitochondrion	cellular_component
ENSG00000132155	GO:0002376	immune system process	biological_process
ENSG00000132155	GO:0005739	mitochondrion	cellular_component
ENSG00000132155	GO:0005886	plasma membrane	cellular_component
ENSG00000132170	GO:0002376	immune system process	biological_process
ENSG00000132196	GO:0005739	mitochondrion	cellular_component
ENSG00000132199	GO:0005739	mitochondrion	cellular_component
ENSG00000132205	GO:0005576	extracellular region	cellular_component
ENSG00000132254	GO:0005886	plasma membrane	cellular_component
ENSG00000132256	GO:0002376	immune system process	biological_process
ENSG00000132274	GO:0002376	immune system process	biological_process
ENSG00000132275	GO:0003723	RNA binding	molecular_function
ENSG00000132294	GO:0005886	plasma membrane	cellular_component
ENSG00000132305	GO:0003723	RNA binding	molecular_function
ENSG00000132305	GO:0005739	mitochondrion	cellular_component
ENSG00000132313	GO:0005739	mitochondrion	cellular_component
ENSG00000132313	GO:0005840	ribosome	cellular_component
ENSG00000132329	GO:0005886	plasma membrane	cellular_component
ENSG00000132334	GO:0002376	immune system process	biological_process
ENSG00000132334	GO:0005886	plasma membrane	cellular_component
ENSG00000132341	GO:0003723	RNA binding	molecular_function
ENSG00000132341	GO:0005576	extracellular region	cellular_component
ENSG00000132359	GO:0002376	immune system process	biological_process
ENSG00000132359	GO:0005886	plasma membrane	cellular_component
ENSG00000132361	GO:0003723	RNA binding	molecular_function
ENSG00000132361	GO:0005739	mitochondrion	cellular_component
ENSG00000132376	GO:0005886	plasma membrane	cellular_component
ENSG00000132382	GO:0003723	RNA binding	molecular_function
ENSG00000132386	GO:0005576	extracellular region	cellular_component
ENSG00000132388	GO:0005576	extracellular region	cellular_component
ENSG00000132394	GO:0003723	RNA binding	molecular_function
ENSG00000132424	GO:0003723	RNA binding	molecular_function
ENSG00000132434	GO:0005886	plasma membrane	cellular_component
ENSG00000132463	GO:0003723	RNA binding	molecular_function
ENSG00000132463	GO:0005739	mitochondrion	cellular_component
ENSG00000132466	GO:0002376	immune system process	biological_process
ENSG00000132466	GO:0003723	RNA binding	molecular_function
ENSG00000132467	GO:0003723	RNA binding	molecular_function
ENSG00000132470	GO:0005576	extracellular region	cellular_component
ENSG00000132470	GO:0005886	plasma membrane	cellular_component
ENSG00000132478	GO:0003723	RNA binding	molecular_function
ENSG00000132507	GO:0003723	RNA binding	molecular_function
ENSG00000132510	GO:0002376	immune system process	biological_process
ENSG00000132522	GO:0002376	immune system process	biological_process
ENSG00000132522	GO:0005739	mitochondrion	cellular_component
ENSG00000132535	GO:0005886	plasma membrane	cellular_component
ENSG00000132541	GO:0003723	RNA binding	molecular_function
ENSG00000132541	GO:0005576	extracellular region	cellular_component
ENSG00000132541	GO:0005739	mitochondrion	cellular_component
ENSG00000132561	GO:0005576	extracellular region	cellular_component
ENSG00000132563	GO:0005886	plasma membrane	cellular_component
ENSG00000132570	GO:0005739	mitochondrion	cellular_component
ENSG00000132581	GO:0005576	extracellular region	cellular_component
ENSG00000132589	GO:0002376	immune system process	biological_process
ENSG00000132589	GO:0005576	extracellular region	cellular_component
ENSG00000132589	GO:0005886	plasma membrane	cellular_component
ENSG00000132603	GO:0003723	RNA binding	molecular_function
ENSG00000132612	GO:0005576	extracellular region	cellular_component
ENSG00000132612	GO:0005886	plasma membrane	cellular_component
ENSG00000132613	GO:0005886	plasma membrane	cellular_component
ENSG00000132639	GO:0005886	plasma membrane	cellular_component
ENSG00000132646	GO:0005576	extracellular region	cellular_component
ENSG00000132664	GO:0002376	immune system process	biological_process
ENSG00000132670	GO:0005576	extracellular region	cellular_component
ENSG00000132670	GO:0005886	plasma membrane	cellular_component
ENSG00000132676	GO:0003723	RNA binding	molecular_function
ENSG00000132676	GO:0005739	mitochondrion	cellular_component
ENSG00000132676	GO:0005840	ribosome	cellular_component
ENSG00000132680	GO:0003723	RNA binding	molecular_function
ENSG00000132692	GO:0005576	extracellular region	cellular_component
ENSG00000132718	GO:0002376	immune system process	biological_process
ENSG00000132718	GO:0005886	plasma membrane	cellular_component
ENSG00000132740	GO:0003723	RNA binding	molecular_function
ENSG00000132773	GO:0003723	RNA binding	molecular_function
ENSG00000132792	GO:0002376	immune system process	biological_process
ENSG00000132819	GO:0003723	RNA binding	molecular_function
ENSG00000132824	GO:0002376	immune system process	biological_process
ENSG00000132824	GO:0005886	plasma membrane	cellular_component
ENSG00000132842	GO:0002376	immune system process	biological_process
ENSG00000132842	GO:0005576	extracellular region	cellular_component
ENSG00000132846	GO:0005576	extracellular region	cellular_component
ENSG00000132849	GO:0005576	extracellular region	cellular_component
ENSG00000132849	GO:0005886	plasma membrane	cellular_component
ENSG00000132970	GO:0005576	extracellular region	cellular_component
ENSG00000133026	GO:0003723	RNA binding	molecular_function
ENSG00000133026	GO:0005576	extracellular region	cellular_component
ENSG00000133026	GO:0005886	plasma membrane	cellular_component
ENSG00000133027	GO:0005739	mitochondrion	cellular_component
ENSG00000133028	GO:0005739	mitochondrion	cellular_component
ENSG00000133056	GO:0005886	plasma membrane	cellular_component
ENSG00000133059	GO:0005886	plasma membrane	cellular_component
ENSG00000133083	GO:0005886	plasma membrane	cellular_component
ENSG00000133104	GO:0005739	mitochondrion	cellular_component
ENSG00000133104	GO:0005886	plasma membrane	cellular_component
ENSG00000133112	GO:0003723	RNA binding	molecular_function
ENSG00000133112	GO:0005576	extracellular region	cellular_component
ENSG00000133121	GO:0005739	mitochondrion	cellular_component
ENSG00000133195	GO:0005886	plasma membrane	cellular_component
ENSG00000133226	GO:0003723	RNA binding	molecular_function
ENSG00000133247	GO:0002376	immune system process	biological_process
ENSG00000133275	GO:0005886	plasma membrane	cellular_component
ENSG00000133313	GO:0005576	extracellular region	cellular_component
ENSG00000133315	GO:0005739	mitochondrion	cellular_component
ENSG00000133318	GO:0005886	plasma membrane	cellular_component
ENSG00000133424	GO:0005886	plasma membrane	cellular_component
ENSG00000133433	GO:0005576	extracellular region	cellular_component
ENSG00000133460	GO:0005886	plasma membrane	cellular_component
ENSG00000133466	GO:0005576	extracellular region	cellular_component
ENSG00000133597	GO:0005739	mitochondrion	cellular_component
ENSG00000133606	GO:0003723	RNA binding	molecular_function
ENSG00000133627	GO:0005576	extracellular region	cellular_component
ENSG00000133703	GO:0005739	mitochondrion	cellular_component
ENSG00000133703	GO:0005886	plasma membrane	cellular_component
ENSG00000133789	GO:0002376	immune system process	biological_process
ENSG00000133789	GO:0005886	plasma membrane	cellular_component
ENSG00000133805	GO:0002376	immune system process	biological_process
ENSG00000133805	GO:0005576	extracellular region	cellular_component
ENSG00000133818	GO:0005576	extracellular region	cellular_component
ENSG00000133818	GO:0005886	plasma membrane	cellular_component
ENSG00000133895	GO:0002376	immune system process	biological_process
ENSG00000133895	GO:0005886	plasma membrane	cellular_component
ENSG00000133943	GO:0005739	mitochondrion	cellular_component
ENSG00000133961	GO:0005886	plasma membrane	cellular_component
ENSG00000133983	GO:0005739	mitochondrion	cellular_component
ENSG00000134001	GO:0003723	RNA binding	molecular_function
ENSG00000134001	GO:0005576	extracellular region	cellular_component
ENSG00000134001	GO:0005739	mitochondrion	cellular_component
ENSG00000134013	GO:0005576	extracellular region	cellular_component
ENSG00000134014	GO:0003723	RNA binding	molecular_function
ENSG00000134030	GO:0003723	RNA binding	molecular_function
ENSG00000134046	GO:0003723	RNA binding	molecular_function
ENSG00000134056	GO:0005739	mitochondrion	cellular_component
ENSG00000134057	GO:0005739	mitochondrion	cellular_component
ENSG00000134058	GO:0002376	immune system process	biological_process
ENSG00000134058	GO:0005886	plasma membrane	cellular_component
ENSG00000134070	GO:0002376	immune system process	biological_process
ENSG00000134070	GO:0005886	plasma membrane	cellular_component
ENSG00000134077	GO:0003723	RNA binding	molecular_function
ENSG00000134086	GO:0005739	mitochondrion	cellular_component
ENSG00000134086	GO:0005886	plasma membrane	cellular_component
ENSG00000134108	GO:0002376	immune system process	biological_process
ENSG00000134108	GO:0005576	extracellular region	cellular_component
ENSG00000134186	GO:0003723	RNA binding	molecular_function
ENSG00000134198	GO:0005886	plasma membrane	cellular_component
ENSG00000134202	GO:0005576	extracellular region	cellular_component
ENSG00000134215	GO:0002376	immune system process	biological_process
ENSG00000134215	GO:0005886	plasma membrane	cellular_component
ENSG00000134243	GO:0005886	plasma membrane	cellular_component
ENSG00000134265	GO:0005576	extracellular region	cellular_component
ENSG00000134265	GO:0005739	mitochondrion	cellular_component
ENSG00000134265	GO:0005886	plasma membrane	cellular_component
ENSG00000134278	GO:0002376	immune system process	biological_process
ENSG00000134278	GO:0005739	mitochondrion	cellular_component
ENSG00000134278	GO:0005886	plasma membrane	cellular_component
ENSG00000134283	GO:0003723	RNA binding	molecular_function
ENSG00000134287	GO:0005576	extracellular region	cellular_component
ENSG00000134287	GO:0005886	plasma membrane	cellular_component
ENSG00000134294	GO:0005886	plasma membrane	cellular_component
ENSG00000134308	GO:0005576	extracellular region	cellular_component
ENSG00000134318	GO:0003723	RNA binding	molecular_function
ENSG00000134318	GO:0005886	plasma membrane	cellular_component
ENSG00000134324	GO:0005739	mitochondrion	cellular_component
ENSG00000134333	GO:0005576	extracellular region	cellular_component
ENSG00000134333	GO:0005739	mitochondrion	cellular_component
ENSG00000134352	GO:0002376	immune system process	biological_process
ENSG00000134352	GO:0005576	extracellular region	cellular_component
ENSG00000134352	GO:0005886	plasma membrane	cellular_component
ENSG00000134363	GO:0005576	extracellular region	cellular_component
ENSG00000134371	GO:0002376	immune system process	biological_process
ENSG00000134375	GO:0005739	mitochondrion	cellular_component
ENSG00000134419	GO:0003723	RNA binding	molecular_function
ENSG00000134419	GO:0005576	extracellular region	cellular_component
ENSG00000134419	GO:0005840	ribosome	cellular_component
ENSG00000134440	GO:0005576	extracellular region	cellular_component
ENSG00000134453	GO:0003723	RNA binding	molecular_function
ENSG00000134463	GO:0005739	mitochondrion	cellular_component
ENSG00000134470	GO:0005576	extracellular region	cellular_component
ENSG00000134470	GO:0005886	plasma membrane	cellular_component
ENSG00000134531	GO:0005886	plasma membrane	cellular_component
ENSG00000134533	GO:0005886	plasma membrane	cellular_component
ENSG00000134569	GO:0005886	plasma membrane	cellular_component
ENSG00000134575	GO:0005576	extracellular region	cellular_component
ENSG00000134597	GO:0003723	RNA binding	molecular_function
ENSG00000134602	GO:0005576	extracellular region	cellular_component
ENSG00000134602	GO:0005886	plasma membrane	cellular_component
ENSG00000134644	GO:0002376	immune system process	biological_process
ENSG00000134644	GO:0003723	RNA binding	molecular_function
ENSG00000134684	GO:0003723	RNA binding	molecular_function
ENSG00000134697	GO:0003723	RNA binding	molecular_function
ENSG00000134698	GO:0003723	RNA binding	molecular_function
ENSG00000134716	GO:0005576	extracellular region	cellular_component
ENSG00000134744	GO:0003723	RNA binding	molecular_function
ENSG00000134744	GO:0005576	extracellular region	cellular_component
ENSG00000134748	GO:0003723	RNA binding	molecular_function
ENSG00000134762	GO:0005576	extracellular region	cellular_component
ENSG00000134762	GO:0005886	plasma membrane	cellular_component
ENSG00000134769	GO:0005886	plasma membrane	cellular_component
ENSG00000134780	GO:0005886	plasma membrane	cellular_component
ENSG00000134802	GO:0005886	plasma membrane	cellular_component
ENSG00000134809	GO:0005739	mitochondrion	cellular_component
ENSG00000134815	GO:0003723	RNA binding	molecular_function
ENSG00000134824	GO:0005886	plasma membrane	cellular_component
ENSG00000134871	GO:0005576	extracellular region	cellular_component
ENSG00000134884	GO:0003723	RNA binding	molecular_function
ENSG00000134884	GO:0005739	mitochondrion	cellular_component
ENSG00000134905	GO:0005739	mitochondrion	cellular_component
ENSG00000134954	GO:0002376	immune system process	biological_process
ENSG00000134987	GO:0003723	RNA binding	molecular_function
ENSG00000134996	GO:0005576	extracellular region	cellular_component
ENSG00000135002	GO:0005739	mitochondrion	cellular_component
ENSG00000135018	GO:0002376	immune system process	biological_process
ENSG00000135018	GO:0005886	plasma membrane	cellular_component
ENSG00000135046	GO:0002376	immune system process	biological_process
ENSG00000135046	GO:0005576	extracellular region	cellular_component
ENSG00000135046	GO:0005886	plasma membrane	cellular_component
ENSG00000135047	GO:0002376	immune system process	biological_process
ENSG00000135047	GO:0005576	extracellular region	cellular_component
ENSG00000135047	GO:0005886	plasma membrane	cellular_component
ENSG00000135048	GO:0005576	extracellular region	cellular_component
ENSG00000135048	GO:0005886	plasma membrane	cellular_component
ENSG00000135049	GO:0005739	mitochondrion	cellular_component
ENSG00000135052	GO:0005886	plasma membrane	cellular_component
ENSG00000135063	GO:0005886	plasma membrane	cellular_component
ENSG00000135069	GO:0005576	extracellular region	cellular_component
ENSG00000135070	GO:0005739	mitochondrion	cellular_component
ENSG00000135074	GO:0005576	extracellular region	cellular_component
ENSG00000135074	GO:0005886	plasma membrane	cellular_component
ENSG00000135090	GO:0005886	plasma membrane	cellular_component
ENSG00000135093	GO:0005739	mitochondrion	cellular_component
ENSG00000135097	GO:0003723	RNA binding	molecular_function
ENSG00000135114	GO:0002376	immune system process	biological_process
ENSG00000135114	GO:0003723	RNA binding	molecular_function
ENSG00000135124	GO:0002376	immune system process	biological_process
ENSG00000135124	GO:0005576	extracellular region	cellular_component
ENSG00000135124	GO:0005886	plasma membrane	cellular_component
ENSG00000135148	GO:0002376	immune system process	biological_process
ENSG00000135148	GO:0005739	mitochondrion	cellular_component
ENSG00000135241	GO:0005739	mitochondrion	cellular_component
ENSG00000135245	GO:0005576	extracellular region	cellular_component
ENSG00000135250	GO:0002376	immune system process	biological_process
ENSG00000135250	GO:0003723	RNA binding	molecular_function
ENSG00000135269	GO:0003723	RNA binding	molecular_function
ENSG00000135272	GO:0005576	extracellular region	cellular_component
ENSG00000135316	GO:0002376	immune system process	biological_process
ENSG00000135316	GO:0003723	RNA binding	molecular_function
ENSG00000135318	GO:0005576	extracellular region	cellular_component
ENSG00000135318	GO:0005886	plasma membrane	cellular_component
ENSG00000135333	GO:0005886	plasma membrane	cellular_component
ENSG00000135334	GO:0002376	immune system process	biological_process
ENSG00000135341	GO:0002376	immune system process	biological_process
ENSG00000135341	GO:0005886	plasma membrane	cellular_component
ENSG00000135372	GO:0003723	RNA binding	molecular_function
ENSG00000135378	GO:0005576	extracellular region	cellular_component
ENSG00000135378	GO:0005886	plasma membrane	cellular_component
ENSG00000135387	GO:0003723	RNA binding	molecular_function
ENSG00000135404	GO:0005576	extracellular region	cellular_component
ENSG00000135404	GO:0005886	plasma membrane	cellular_component
ENSG00000135414	GO:0005576	extracellular region	cellular_component
ENSG00000135424	GO:0002376	immune system process	biological_process
ENSG00000135424	GO:0005886	plasma membrane	cellular_component
ENSG00000135452	GO:0005886	plasma membrane	cellular_component
ENSG00000135457	GO:0005739	mitochondrion	cellular_component
ENSG00000135469	GO:0005739	mitochondrion	cellular_component
ENSG00000135480	GO:0005576	extracellular region	cellular_component
ENSG00000135482	GO:0003723	RNA binding	molecular_function
ENSG00000135486	GO:0003723	RNA binding	molecular_function
ENSG00000135486	GO:0005576	extracellular region	cellular_component
ENSG00000135503	GO:0002376	immune system process	biological_process
ENSG00000135503	GO:0005886	plasma membrane	cellular_component
ENSG00000135525	GO:0005886	plasma membrane	cellular_component
ENSG00000135535	GO:0002376	immune system process	biological_process
ENSG00000135535	GO:0005576	extracellular region	cellular_component
ENSG00000135535	GO:0005886	plasma membrane	cellular_component
ENSG00000135537	GO:0005739	mitochondrion	cellular_component
ENSG00000135587	GO:0005886	plasma membrane	cellular_component
ENSG00000135596	GO:0005886	plasma membrane	cellular_component
ENSG00000135597	GO:0005886	plasma membrane	cellular_component
ENSG00000135605	GO:0002376	immune system process	biological_process
ENSG00000135605	GO:0005886	plasma membrane	cellular_component
ENSG00000135617	GO:0005576	extracellular region	cellular_component
ENSG00000135622	GO:0005886	plasma membrane	cellular_component
ENSG00000135624	GO:0005576	extracellular region	cellular_component
ENSG00000135631	GO:0005739	mitochondrion	cellular_component
ENSG00000135636	GO:0002376	immune system process	biological_process
ENSG00000135636	GO:0005576	extracellular region	cellular_component
ENSG00000135636	GO:0005886	plasma membrane	cellular_component
ENSG00000135643	GO:0005886	plasma membrane	cellular_component
ENSG00000135677	GO:0005576	extracellular region	cellular_component
ENSG00000135678	GO:0005576	extracellular region	cellular_component
ENSG00000135678	GO:0005886	plasma membrane	cellular_component
ENSG00000135679	GO:0003723	RNA binding	molecular_function
ENSG00000135679	GO:0005886	plasma membrane	cellular_component
ENSG00000135698	GO:0003723	RNA binding	molecular_function
ENSG00000135744	GO:0005576	extracellular region	cellular_component
ENSG00000135750	GO:0005886	plasma membrane	cellular_component
ENSG00000135776	GO:0002376	immune system process	biological_process
ENSG00000135776	GO:0005739	mitochondrion	cellular_component
ENSG00000135778	GO:0003723	RNA binding	molecular_function
ENSG00000135778	GO:0005739	mitochondrion	cellular_component
ENSG00000135821	GO:0002376	immune system process	biological_process
ENSG00000135821	GO:0005576	extracellular region	cellular_component
ENSG00000135821	GO:0005739	mitochondrion	cellular_component
ENSG00000135821	GO:0005886	plasma membrane	cellular_component
ENSG00000135823	GO:0005886	plasma membrane	cellular_component
ENSG00000135828	GO:0002376	immune system process	biological_process
ENSG00000135828	GO:0003723	RNA binding	molecular_function
ENSG00000135828	GO:0005739	mitochondrion	cellular_component
ENSG00000135829	GO:0002376	immune system process	biological_process
ENSG00000135829	GO:0003723	RNA binding	molecular_function
ENSG00000135842	GO:0005576	extracellular region	cellular_component
ENSG00000135862	GO:0005576	extracellular region	cellular_component
ENSG00000135905	GO:0002376	immune system process	biological_process
ENSG00000135905	GO:0005576	extracellular region	cellular_component
ENSG00000135916	GO:0005576	extracellular region	cellular_component
ENSG00000135916	GO:0005886	plasma membrane	cellular_component
ENSG00000135919	GO:0005576	extracellular region	cellular_component
ENSG00000135926	GO:0005576	extracellular region	cellular_component
ENSG00000135926	GO:0005886	plasma membrane	cellular_component
ENSG00000135929	GO:0005739	mitochondrion	cellular_component
ENSG00000135930	GO:0002376	immune system process	biological_process
ENSG00000135930	GO:0003723	RNA binding	molecular_function
ENSG00000135931	GO:0005576	extracellular region	cellular_component
ENSG00000135932	GO:0005576	extracellular region	cellular_component
ENSG00000135940	GO:0005739	mitochondrion	cellular_component
ENSG00000135945	GO:0002376	immune system process	biological_process
ENSG00000135956	GO:0005886	plasma membrane	cellular_component
ENSG00000135972	GO:0003723	RNA binding	molecular_function
ENSG00000135972	GO:0005739	mitochondrion	cellular_component
ENSG00000135972	GO:0005840	ribosome	cellular_component
ENSG00000136003	GO:0005739	mitochondrion	cellular_component
ENSG00000136010	GO:0005576	extracellular region	cellular_component
ENSG00000136010	GO:0005739	mitochondrion	cellular_component
ENSG00000136026	GO:0003723	RNA binding	molecular_function
ENSG00000136026	GO:0005576	extracellular region	cellular_component
ENSG00000136026	GO:0005886	plasma membrane	cellular_component
ENSG00000136044	GO:0002376	immune system process	biological_process
ENSG00000136044	GO:0005576	extracellular region	cellular_component
ENSG00000136044	GO:0005886	plasma membrane	cellular_component
ENSG00000136052	GO:0005886	plasma membrane	cellular_component
ENSG00000136068	GO:0003723	RNA binding	molecular_function
ENSG00000136068	GO:0005576	extracellular region	cellular_component
ENSG00000136068	GO:0005886	plasma membrane	cellular_component
ENSG00000136100	GO:0005576	extracellular region	cellular_component
ENSG00000136100	GO:0005886	plasma membrane	cellular_component
ENSG00000136114	GO:0005576	extracellular region	cellular_component
ENSG00000136141	GO:0002376	immune system process	biological_process
ENSG00000136152	GO:0005886	plasma membrane	cellular_component
ENSG00000136153	GO:0005739	mitochondrion	cellular_component
ENSG00000136153	GO:0005886	plasma membrane	cellular_component
ENSG00000136156	GO:0005576	extracellular region	cellular_component
ENSG00000136156	GO:0005886	plasma membrane	cellular_component
ENSG00000136158	GO:0005886	plasma membrane	cellular_component
ENSG00000136160	GO:0002376	immune system process	biological_process
ENSG00000136160	GO:0005886	plasma membrane	cellular_component
ENSG00000136167	GO:0002376	immune system process	biological_process
ENSG00000136167	GO:0005576	extracellular region	cellular_component
ENSG00000136167	GO:0005886	plasma membrane	cellular_component
ENSG00000136231	GO:0003723	RNA binding	molecular_function
ENSG00000136235	GO:0002376	immune system process	biological_process
ENSG00000136235	GO:0005886	plasma membrane	cellular_component
ENSG00000136237	GO:0005886	plasma membrane	cellular_component
ENSG00000136238	GO:0002376	immune system process	biological_process
ENSG00000136238	GO:0005576	extracellular region	cellular_component
ENSG00000136238	GO:0005886	plasma membrane	cellular_component
ENSG00000136243	GO:0003723	RNA binding	molecular_function
ENSG00000136247	GO:0002376	immune system process	biological_process
ENSG00000136247	GO:0005886	plasma membrane	cellular_component
ENSG00000136270	GO:0003723	RNA binding	molecular_function
ENSG00000136270	GO:0005739	mitochondrion	cellular_component
ENSG00000136271	GO:0003723	RNA binding	molecular_function
ENSG00000136279	GO:0002376	immune system process	biological_process
ENSG00000136279	GO:0005576	extracellular region	cellular_component
ENSG00000136279	GO:0005886	plasma membrane	cellular_component
ENSG00000136280	GO:0005739	mitochondrion	cellular_component
ENSG00000136295	GO:0005576	extracellular region	cellular_component
ENSG00000136295	GO:0005886	plasma membrane	cellular_component
ENSG00000136371	GO:0005739	mitochondrion	cellular_component
ENSG00000136378	GO:0005576	extracellular region	cellular_component
ENSG00000136379	GO:0005886	plasma membrane	cellular_component
ENSG00000136381	GO:0003723	RNA binding	molecular_function
ENSG00000136425	GO:0005576	extracellular region	cellular_component
ENSG00000136425	GO:0005886	plasma membrane	cellular_component
ENSG00000136436	GO:0002376	immune system process	biological_process
ENSG00000136444	GO:0005739	mitochondrion	cellular_component
ENSG00000136448	GO:0005886	plasma membrane	cellular_component
ENSG00000136450	GO:0003723	RNA binding	molecular_function
ENSG00000136463	GO:0003723	RNA binding	molecular_function
ENSG00000136463	GO:0005739	mitochondrion	cellular_component
ENSG00000136490	GO:0005886	plasma membrane	cellular_component
ENSG00000136504	GO:0002376	immune system process	biological_process
ENSG00000136518	GO:0002376	immune system process	biological_process
ENSG00000136518	GO:0005886	plasma membrane	cellular_component
ENSG00000136521	GO:0005739	mitochondrion	cellular_component
ENSG00000136527	GO:0003723	RNA binding	molecular_function
ENSG00000136536	GO:0005886	plasma membrane	cellular_component
ENSG00000136560	GO:0002376	immune system process	biological_process
ENSG00000136628	GO:0002376	immune system process	biological_process
ENSG00000136628	GO:0003723	RNA binding	molecular_function
ENSG00000136628	GO:0005886	plasma membrane	cellular_component
ENSG00000136636	GO:0005886	plasma membrane	cellular_component
ENSG00000136709	GO:0003723	RNA binding	molecular_function
ENSG00000136710	GO:0005886	plasma membrane	cellular_component
ENSG00000136717	GO:0005886	plasma membrane	cellular_component
ENSG00000136718	GO:0003723	RNA binding	molecular_function
ENSG00000136720	GO:0005886	plasma membrane	cellular_component
ENSG00000136732	GO:0005886	plasma membrane	cellular_component
ENSG00000136754	GO:0005576	extracellular region	cellular_component
ENSG00000136758	GO:0005739	mitochondrion	cellular_component
ENSG00000136770	GO:0005886	plasma membrane	cellular_component
ENSG00000136783	GO:0005739	mitochondrion	cellular_component
ENSG00000136802	GO:0002376	immune system process	biological_process
ENSG00000136802	GO:0005886	plasma membrane	cellular_component
ENSG00000136807	GO:0003723	RNA binding	molecular_function
ENSG00000136810	GO:0003723	RNA binding	molecular_function
ENSG00000136810	GO:0005576	extracellular region	cellular_component
ENSG00000136816	GO:0005576	extracellular region	cellular_component
ENSG00000136819	GO:0003723	RNA binding	molecular_function
ENSG00000136824	GO:0002376	immune system process	biological_process
ENSG00000136824	GO:0005576	extracellular region	cellular_component
ENSG00000136826	GO:0003723	RNA binding	molecular_function
ENSG00000136827	GO:0005576	extracellular region	cellular_component
ENSG00000136828	GO:0005886	plasma membrane	cellular_component
ENSG00000136830	GO:0005576	extracellular region	cellular_component
ENSG00000136830	GO:0005886	plasma membrane	cellular_component
ENSG00000136848	GO:0002376	immune system process	biological_process
ENSG00000136848	GO:0005886	plasma membrane	cellular_component
ENSG00000136854	GO:0002376	immune system process	biological_process
ENSG00000136854	GO:0003723	RNA binding	molecular_function
ENSG00000136854	GO:0005576	extracellular region	cellular_component
ENSG00000136854	GO:0005739	mitochondrion	cellular_component
ENSG00000136854	GO:0005886	plasma membrane	cellular_component
ENSG00000136856	GO:0005886	plasma membrane	cellular_component
ENSG00000136859	GO:0005576	extracellular region	cellular_component
ENSG00000136861	GO:0005576	extracellular region	cellular_component
ENSG00000136868	GO:0005886	plasma membrane	cellular_component
ENSG00000136874	GO:0005739	mitochondrion	cellular_component
ENSG00000136874	GO:0005886	plasma membrane	cellular_component
ENSG00000136875	GO:0003723	RNA binding	molecular_function
ENSG00000136877	GO:0005739	mitochondrion	cellular_component
ENSG00000136878	GO:0002376	immune system process	biological_process
ENSG00000136888	GO:0005576	extracellular region	cellular_component
ENSG00000136888	GO:0005886	plasma membrane	cellular_component
ENSG00000136897	GO:0005739	mitochondrion	cellular_component
ENSG00000136897	GO:0005840	ribosome	cellular_component
ENSG00000136937	GO:0003723	RNA binding	molecular_function
ENSG00000136938	GO:0005576	extracellular region	cellular_component
ENSG00000136942	GO:0003723	RNA binding	molecular_function
ENSG00000136942	GO:0005840	ribosome	cellular_component
ENSG00000136943	GO:0002376	immune system process	biological_process
ENSG00000136943	GO:0005576	extracellular region	cellular_component
ENSG00000136997	GO:0002376	immune system process	biological_process
ENSG00000136997	GO:0003723	RNA binding	molecular_function
ENSG00000136999	GO:0002376	immune system process	biological_process
ENSG00000136999	GO:0005576	extracellular region	cellular_component
ENSG00000137038	GO:0005739	mitochondrion	cellular_component
ENSG00000137055	GO:0005576	extracellular region	cellular_component
ENSG00000137055	GO:0005886	plasma membrane	cellular_component
ENSG00000137073	GO:0003723	RNA binding	molecular_function
ENSG00000137074	GO:0003723	RNA binding	molecular_function
ENSG00000137076	GO:0005576	extracellular region	cellular_component
ENSG00000137076	GO:0005886	plasma membrane	cellular_component
ENSG00000137100	GO:0005886	plasma membrane	cellular_component
ENSG00000137106	GO:0005576	extracellular region	cellular_component
ENSG00000137106	GO:0005739	mitochondrion	cellular_component
ENSG00000137124	GO:0005739	mitochondrion	cellular_component
ENSG00000137133	GO:0005739	mitochondrion	cellular_component
ENSG00000137135	GO:0005886	plasma membrane	cellular_component
ENSG00000137142	GO:0005576	extracellular region	cellular_component
ENSG00000137145	GO:0005886	plasma membrane	cellular_component
ENSG00000137154	GO:0003723	RNA binding	molecular_function
ENSG00000137154	GO:0005840	ribosome	cellular_component
ENSG00000137161	GO:0002376	immune system process	biological_process
ENSG00000137193	GO:0002376	immune system process	biological_process
ENSG00000137193	GO:0005886	plasma membrane	cellular_component
ENSG00000137207	GO:0005886	plasma membrane	cellular_component
ENSG00000137210	GO:0005739	mitochondrion	cellular_component
ENSG00000137216	GO:0005886	plasma membrane	cellular_component
ENSG00000137221	GO:0005886	plasma membrane	cellular_component
ENSG00000137267	GO:0005576	extracellular region	cellular_component
ENSG00000137274	GO:0005739	mitochondrion	cellular_component
ENSG00000137275	GO:0002376	immune system process	biological_process
ENSG00000137275	GO:0005739	mitochondrion	cellular_component
ENSG00000137275	GO:0005886	plasma membrane	cellular_component
ENSG00000137309	GO:0003723	RNA binding	molecular_function
ENSG00000137312	GO:0005576	extracellular region	cellular_component
ENSG00000137312	GO:0005886	plasma membrane	cellular_component
ENSG00000137393	GO:0005739	mitochondrion	cellular_component
ENSG00000137409	GO:0005739	mitochondrion	cellular_component
ENSG00000137411	GO:0005739	mitochondrion	cellular_component
ENSG00000137463	GO:0005739	mitochondrion	cellular_component
ENSG00000137478	GO:0005886	plasma membrane	cellular_component
ENSG00000137486	GO:0005886	plasma membrane	cellular_component
ENSG00000137497	GO:0005576	extracellular region	cellular_component
ENSG00000137497	GO:0005886	plasma membrane	cellular_component
ENSG00000137500	GO:0005739	mitochondrion	cellular_component
ENSG00000137509	GO:0005576	extracellular region	cellular_component
ENSG00000137509	GO:0005886	plasma membrane	cellular_component
ENSG00000137513	GO:0005739	mitochondrion	cellular_component
ENSG00000137547	GO:0003723	RNA binding	molecular_function
ENSG00000137547	GO:0005739	mitochondrion	cellular_component
ENSG00000137547	GO:0005840	ribosome	cellular_component
ENSG00000137563	GO:0005576	extracellular region	cellular_component
ENSG00000137573	GO:0005576	extracellular region	cellular_component
ENSG00000137573	GO:0005886	plasma membrane	cellular_component
ENSG00000137575	GO:0005576	extracellular region	cellular_component
ENSG00000137575	GO:0005886	plasma membrane	cellular_component
ENSG00000137628	GO:0002376	immune system process	biological_process
ENSG00000137628	GO:0003723	RNA binding	molecular_function
ENSG00000137656	GO:0003723	RNA binding	molecular_function
ENSG00000137693	GO:0005886	plasma membrane	cellular_component
ENSG00000137710	GO:0003723	RNA binding	molecular_function
ENSG00000137710	GO:0005576	extracellular region	cellular_component
ENSG00000137710	GO:0005886	plasma membrane	cellular_component
ENSG00000137713	GO:0005576	extracellular region	cellular_component
ENSG00000137714	GO:0005739	mitochondrion	cellular_component
ENSG00000137752	GO:0002376	immune system process	biological_process
ENSG00000137752	GO:0005886	plasma membrane	cellular_component
ENSG00000137760	GO:0003723	RNA binding	molecular_function
ENSG00000137767	GO:0005739	mitochondrion	cellular_component
ENSG00000137776	GO:0003723	RNA binding	molecular_function
ENSG00000137801	GO:0002376	immune system process	biological_process
ENSG00000137801	GO:0005576	extracellular region	cellular_component
ENSG00000137801	GO:0005886	plasma membrane	cellular_component
ENSG00000137806	GO:0005739	mitochondrion	cellular_component
ENSG00000137807	GO:0005739	mitochondrion	cellular_component
ENSG00000137818	GO:0005840	ribosome	cellular_component
ENSG00000137819	GO:0005886	plasma membrane	cellular_component
ENSG00000137831	GO:0005576	extracellular region	cellular_component
ENSG00000137868	GO:0005886	plasma membrane	cellular_component
ENSG00000137872	GO:0002376	immune system process	biological_process
ENSG00000137872	GO:0005886	plasma membrane	cellular_component
ENSG00000137944	GO:0003723	RNA binding	molecular_function
ENSG00000137944	GO:0005739	mitochondrion	cellular_component
ENSG00000137959	GO:0002376	immune system process	biological_process
ENSG00000137965	GO:0002376	immune system process	biological_process
ENSG00000137968	GO:0005886	plasma membrane	cellular_component
ENSG00000137996	GO:0003723	RNA binding	molecular_function
ENSG00000138002	GO:0005576	extracellular region	cellular_component
ENSG00000138028	GO:0005576	extracellular region	cellular_component
ENSG00000138029	GO:0003723	RNA binding	molecular_function
ENSG00000138029	GO:0005739	mitochondrion	cellular_component
ENSG00000138030	GO:0005576	extracellular region	cellular_component
ENSG00000138031	GO:0005886	plasma membrane	cellular_component
ENSG00000138035	GO:0003723	RNA binding	molecular_function
ENSG00000138035	GO:0005739	mitochondrion	cellular_component
ENSG00000138035	GO:0005840	ribosome	cellular_component
ENSG00000138061	GO:0005739	mitochondrion	cellular_component
ENSG00000138069	GO:0005576	extracellular region	cellular_component
ENSG00000138071	GO:0005576	extracellular region	cellular_component
ENSG00000138074	GO:0005886	plasma membrane	cellular_component
ENSG00000138078	GO:0005739	mitochondrion	cellular_component
ENSG00000138085	GO:0005886	plasma membrane	cellular_component
ENSG00000138095	GO:0003723	RNA binding	molecular_function
ENSG00000138095	GO:0005739	mitochondrion	cellular_component
ENSG00000138101	GO:0005886	plasma membrane	cellular_component
ENSG00000138107	GO:0005576	extracellular region	cellular_component
ENSG00000138111	GO:0005886	plasma membrane	cellular_component
ENSG00000138119	GO:0005576	extracellular region	cellular_component
ENSG00000138119	GO:0005886	plasma membrane	cellular_component
ENSG00000138131	GO:0005576	extracellular region	cellular_component
ENSG00000138138	GO:0005739	mitochondrion	cellular_component
ENSG00000138138	GO:0005886	plasma membrane	cellular_component
ENSG00000138175	GO:0005576	extracellular region	cellular_component
ENSG00000138180	GO:0005886	plasma membrane	cellular_component
ENSG00000138231	GO:0003723	RNA binding	molecular_function
ENSG00000138246	GO:0005576	extracellular region	cellular_component
ENSG00000138246	GO:0005886	plasma membrane	cellular_component
ENSG00000138279	GO:0003723	RNA binding	molecular_function
ENSG00000138279	GO:0005576	extracellular region	cellular_component
ENSG00000138279	GO:0005886	plasma membrane	cellular_component
ENSG00000138303	GO:0003723	RNA binding	molecular_function
ENSG00000138326	GO:0002376	immune system process	biological_process
ENSG00000138326	GO:0003723	RNA binding	molecular_function
ENSG00000138326	GO:0005840	ribosome	cellular_component
ENSG00000138346	GO:0003723	RNA binding	molecular_function
ENSG00000138346	GO:0005739	mitochondrion	cellular_component
ENSG00000138356	GO:0005576	extracellular region	cellular_component
ENSG00000138363	GO:0005576	extracellular region	cellular_component
ENSG00000138376	GO:0003723	RNA binding	molecular_function
ENSG00000138385	GO:0003723	RNA binding	molecular_function
ENSG00000138398	GO:0003723	RNA binding	molecular_function
ENSG00000138399	GO:0003723	RNA binding	molecular_function
ENSG00000138399	GO:0005739	mitochondrion	cellular_component
ENSG00000138413	GO:0005576	extracellular region	cellular_component
ENSG00000138413	GO:0005739	mitochondrion	cellular_component
ENSG00000138430	GO:0005576	extracellular region	cellular_component
ENSG00000138434	GO:0005886	plasma membrane	cellular_component
ENSG00000138448	GO:0005576	extracellular region	cellular_component
ENSG00000138448	GO:0005886	plasma membrane	cellular_component
ENSG00000138449	GO:0005886	plasma membrane	cellular_component
ENSG00000138468	GO:0002376	immune system process	biological_process
ENSG00000138495	GO:0005739	mitochondrion	cellular_component
ENSG00000138496	GO:0002376	immune system process	biological_process
ENSG00000138593	GO:0003723	RNA binding	molecular_function
ENSG00000138593	GO:0005739	mitochondrion	cellular_component
ENSG00000138600	GO:0002376	immune system process	biological_process
ENSG00000138600	GO:0005576	extracellular region	cellular_component
ENSG00000138600	GO:0005886	plasma membrane	cellular_component
ENSG00000138623	GO:0002376	immune system process	biological_process
ENSG00000138623	GO:0005576	extracellular region	cellular_component
ENSG00000138623	GO:0005886	plasma membrane	cellular_component
ENSG00000138629	GO:0002376	immune system process	biological_process
ENSG00000138646	GO:0002376	immune system process	biological_process
ENSG00000138646	GO:0003723	RNA binding	molecular_function
ENSG00000138668	GO:0003723	RNA binding	molecular_function
ENSG00000138670	GO:0005886	plasma membrane	cellular_component
ENSG00000138685	GO:0005576	extracellular region	cellular_component
ENSG00000138686	GO:0005886	plasma membrane	cellular_component
ENSG00000138696	GO:0005886	plasma membrane	cellular_component
ENSG00000138698	GO:0005576	extracellular region	cellular_component
ENSG00000138698	GO:0005739	mitochondrion	cellular_component
ENSG00000138709	GO:0003723	RNA binding	molecular_function
ENSG00000138744	GO:0005576	extracellular region	cellular_component
ENSG00000138757	GO:0002376	immune system process	biological_process
ENSG00000138757	GO:0003723	RNA binding	molecular_function
ENSG00000138760	GO:0005576	extracellular region	cellular_component
ENSG00000138760	GO:0005886	plasma membrane	cellular_component
ENSG00000138768	GO:0003723	RNA binding	molecular_function
ENSG00000138772	GO:0002376	immune system process	biological_process
ENSG00000138772	GO:0005576	extracellular region	cellular_component
ENSG00000138772	GO:0005886	plasma membrane	cellular_component
ENSG00000138780	GO:0005576	extracellular region	cellular_component
ENSG00000138794	GO:0002376	immune system process	biological_process
ENSG00000138796	GO:0005739	mitochondrion	cellular_component
ENSG00000138814	GO:0002376	immune system process	biological_process
ENSG00000138814	GO:0005886	plasma membrane	cellular_component
ENSG00000138821	GO:0005886	plasma membrane	cellular_component
ENSG00000138835	GO:0005886	plasma membrane	cellular_component
ENSG00000138942	GO:0002376	immune system process	biological_process
ENSG00000138942	GO:0005739	mitochondrion	cellular_component
ENSG00000139083	GO:0005886	plasma membrane	cellular_component
ENSG00000139112	GO:0005739	mitochondrion	cellular_component
ENSG00000139117	GO:0005576	extracellular region	cellular_component
ENSG00000139117	GO:0005886	plasma membrane	cellular_component
ENSG00000139131	GO:0003723	RNA binding	molecular_function
ENSG00000139131	GO:0005739	mitochondrion	cellular_component
ENSG00000139160	GO:0005739	mitochondrion	cellular_component
ENSG00000139168	GO:0003723	RNA binding	molecular_function
ENSG00000139173	GO:0005886	plasma membrane	cellular_component
ENSG00000139178	GO:0002376	immune system process	biological_process
ENSG00000139178	GO:0005576	extracellular region	cellular_component
ENSG00000139182	GO:0005886	plasma membrane	cellular_component
ENSG00000139190	GO:0005739	mitochondrion	cellular_component
ENSG00000139190	GO:0005886	plasma membrane	cellular_component
ENSG00000139192	GO:0002376	immune system process	biological_process
ENSG00000139192	GO:0005886	plasma membrane	cellular_component
ENSG00000139211	GO:0005886	plasma membrane	cellular_component
ENSG00000139218	GO:0003723	RNA binding	molecular_function
ENSG00000139233	GO:0003723	RNA binding	molecular_function
ENSG00000139263	GO:0005886	plasma membrane	cellular_component
ENSG00000139278	GO:0005576	extracellular region	cellular_component
ENSG00000139278	GO:0005886	plasma membrane	cellular_component
ENSG00000139292	GO:0005886	plasma membrane	cellular_component
ENSG00000139329	GO:0005576	extracellular region	cellular_component
ENSG00000139343	GO:0003723	RNA binding	molecular_function
ENSG00000139428	GO:0005739	mitochondrion	cellular_component
ENSG00000139437	GO:0005739	mitochondrion	cellular_component
ENSG00000139437	GO:0005886	plasma membrane	cellular_component
ENSG00000139505	GO:0005886	plasma membrane	cellular_component
ENSG00000139508	GO:0005576	extracellular region	cellular_component
ENSG00000139514	GO:0002376	immune system process	biological_process
ENSG00000139514	GO:0005886	plasma membrane	cellular_component
ENSG00000139517	GO:0005886	plasma membrane	cellular_component
ENSG00000139531	GO:0005739	mitochondrion	cellular_component
ENSG00000139546	GO:0002376	immune system process	biological_process
ENSG00000139546	GO:0003723	RNA binding	molecular_function
ENSG00000139613	GO:0002376	immune system process	biological_process
ENSG00000139620	GO:0005739	mitochondrion	cellular_component
ENSG00000139620	GO:0005886	plasma membrane	cellular_component
ENSG00000139625	GO:0005886	plasma membrane	cellular_component
ENSG00000139636	GO:0002376	immune system process	biological_process
ENSG00000139636	GO:0005886	plasma membrane	cellular_component
ENSG00000139637	GO:0005739	mitochondrion	cellular_component
ENSG00000139641	GO:0005886	plasma membrane	cellular_component
ENSG00000139644	GO:0002376	immune system process	biological_process
ENSG00000139644	GO:0005886	plasma membrane	cellular_component
ENSG00000139684	GO:0005576	extracellular region	cellular_component
ENSG00000139722	GO:0005576	extracellular region	cellular_component
ENSG00000139722	GO:0005886	plasma membrane	cellular_component
ENSG00000139725	GO:0005576	extracellular region	cellular_component
ENSG00000139725	GO:0005886	plasma membrane	cellular_component
ENSG00000139734	GO:0005886	plasma membrane	cellular_component
ENSG00000139793	GO:0003723	RNA binding	molecular_function
ENSG00000139826	GO:0005886	plasma membrane	cellular_component
ENSG00000139832	GO:0005886	plasma membrane	cellular_component
ENSG00000139835	GO:0005886	plasma membrane	cellular_component
ENSG00000139880	GO:0005886	plasma membrane	cellular_component
ENSG00000139910	GO:0003723	RNA binding	molecular_function
ENSG00000139921	GO:0005576	extracellular region	cellular_component
ENSG00000139921	GO:0005739	mitochondrion	cellular_component
ENSG00000139926	GO:0005886	plasma membrane	cellular_component
ENSG00000139974	GO:0005886	plasma membrane	cellular_component
ENSG00000139998	GO:0005576	extracellular region	cellular_component
ENSG00000139998	GO:0005886	plasma membrane	cellular_component
ENSG00000140022	GO:0005886	plasma membrane	cellular_component
ENSG00000140092	GO:0005576	extracellular region	cellular_component
ENSG00000140105	GO:0005576	extracellular region	cellular_component
ENSG00000140153	GO:0005886	plasma membrane	cellular_component
ENSG00000140157	GO:0005886	plasma membrane	cellular_component
ENSG00000140199	GO:0005886	plasma membrane	cellular_component
ENSG00000140259	GO:0003723	RNA binding	molecular_function
ENSG00000140259	GO:0005576	extracellular region	cellular_component
ENSG00000140262	GO:0002376	immune system process	biological_process
ENSG00000140263	GO:0005576	extracellular region	cellular_component
ENSG00000140263	GO:0005739	mitochondrion	cellular_component
ENSG00000140284	GO:0005576	extracellular region	cellular_component
ENSG00000140284	GO:0005886	plasma membrane	cellular_component
ENSG00000140319	GO:0003723	RNA binding	molecular_function
ENSG00000140319	GO:0005576	extracellular region	cellular_component
ENSG00000140326	GO:0005886	plasma membrane	cellular_component
ENSG00000140350	GO:0003723	RNA binding	molecular_function
ENSG00000140374	GO:0005739	mitochondrion	cellular_component
ENSG00000140391	GO:0005576	extracellular region	cellular_component
ENSG00000140391	GO:0005886	plasma membrane	cellular_component
ENSG00000140395	GO:0002376	immune system process	biological_process
ENSG00000140416	GO:0005886	plasma membrane	cellular_component
ENSG00000140450	GO:0005576	extracellular region	cellular_component
ENSG00000140450	GO:0005886	plasma membrane	cellular_component
ENSG00000140451	GO:0005739	mitochondrion	cellular_component
ENSG00000140463	GO:0005886	plasma membrane	cellular_component
ENSG00000140464	GO:0002376	immune system process	biological_process
ENSG00000140479	GO:0005576	extracellular region	cellular_component
ENSG00000140479	GO:0005886	plasma membrane	cellular_component
ENSG00000140497	GO:0005576	extracellular region	cellular_component
ENSG00000140511	GO:0005576	extracellular region	cellular_component
ENSG00000140521	GO:0005739	mitochondrion	cellular_component
ENSG00000140526	GO:0005886	plasma membrane	cellular_component
ENSG00000140545	GO:0005576	extracellular region	cellular_component
ENSG00000140545	GO:0005886	plasma membrane	cellular_component
ENSG00000140564	GO:0002376	immune system process	biological_process
ENSG00000140564	GO:0005576	extracellular region	cellular_component
ENSG00000140564	GO:0005886	plasma membrane	cellular_component
ENSG00000140575	GO:0005576	extracellular region	cellular_component
ENSG00000140575	GO:0005886	plasma membrane	cellular_component
ENSG00000140577	GO:0002376	immune system process	biological_process
ENSG00000140682	GO:0005576	extracellular region	cellular_component
ENSG00000140694	GO:0003723	RNA binding	molecular_function
ENSG00000140740	GO:0005739	mitochondrion	cellular_component
ENSG00000140750	GO:0005886	plasma membrane	cellular_component
ENSG00000140829	GO:0003723	RNA binding	molecular_function
ENSG00000140848	GO:0005576	extracellular region	cellular_component
ENSG00000140848	GO:0005886	plasma membrane	cellular_component
ENSG00000140853	GO:0002376	immune system process	biological_process
ENSG00000140859	GO:0005576	extracellular region	cellular_component
ENSG00000140859	GO:0005739	mitochondrion	cellular_component
ENSG00000140876	GO:0003723	RNA binding	molecular_function
ENSG00000140905	GO:0005739	mitochondrion	cellular_component
ENSG00000140937	GO:0005576	extracellular region	cellular_component
ENSG00000140937	GO:0005886	plasma membrane	cellular_component
ENSG00000140939	GO:0003723	RNA binding	molecular_function
ENSG00000140939	GO:0005739	mitochondrion	cellular_component
ENSG00000140943	GO:0005576	extracellular region	cellular_component
ENSG00000140943	GO:0005739	mitochondrion	cellular_component
ENSG00000140945	GO:0005576	extracellular region	cellular_component
ENSG00000140945	GO:0005886	plasma membrane	cellular_component
ENSG00000140968	GO:0002376	immune system process	biological_process
ENSG00000140983	GO:0005739	mitochondrion	cellular_component
ENSG00000140988	GO:0003723	RNA binding	molecular_function
ENSG00000140988	GO:0005576	extracellular region	cellular_component
ENSG00000140988	GO:0005840	ribosome	cellular_component
ENSG00000140990	GO:0005739	mitochondrion	cellular_component
ENSG00000140992	GO:0002376	immune system process	biological_process
ENSG00000140992	GO:0005886	plasma membrane	cellular_component
ENSG00000141012	GO:0005576	extracellular region	cellular_component
ENSG00000141013	GO:0005886	plasma membrane	cellular_component
ENSG00000141068	GO:0005886	plasma membrane	cellular_component
ENSG00000141076	GO:0003723	RNA binding	molecular_function
ENSG00000141098	GO:0005576	extracellular region	cellular_component
ENSG00000141219	GO:0005576	extracellular region	cellular_component
ENSG00000141219	GO:0005739	mitochondrion	cellular_component
ENSG00000141279	GO:0005576	extracellular region	cellular_component
ENSG00000141295	GO:0005576	extracellular region	cellular_component
ENSG00000141367	GO:0003723	RNA binding	molecular_function
ENSG00000141367	GO:0005576	extracellular region	cellular_component
ENSG00000141367	GO:0005886	plasma membrane	cellular_component
ENSG00000141385	GO:0005739	mitochondrion	cellular_component
ENSG00000141391	GO:0005739	mitochondrion	cellular_component
ENSG00000141404	GO:0005576	extracellular region	cellular_component
ENSG00000141404	GO:0005886	plasma membrane	cellular_component
ENSG00000141424	GO:0002376	immune system process	biological_process
ENSG00000141424	GO:0005886	plasma membrane	cellular_component
ENSG00000141428	GO:0003723	RNA binding	molecular_function
ENSG00000141429	GO:0005576	extracellular region	cellular_component
ENSG00000141441	GO:0005886	plasma membrane	cellular_component
ENSG00000141447	GO:0005576	extracellular region	cellular_component
ENSG00000141447	GO:0005886	plasma membrane	cellular_component
ENSG00000141448	GO:0002376	immune system process	biological_process
ENSG00000141456	GO:0003723	RNA binding	molecular_function
ENSG00000141458	GO:0005576	extracellular region	cellular_component
ENSG00000141458	GO:0005886	plasma membrane	cellular_component
ENSG00000141480	GO:0002376	immune system process	biological_process
ENSG00000141480	GO:0005886	plasma membrane	cellular_component
ENSG00000141503	GO:0005576	extracellular region	cellular_component
ENSG00000141504	GO:0005576	extracellular region	cellular_component
ENSG00000141510	GO:0002376	immune system process	biological_process
ENSG00000141510	GO:0003723	RNA binding	molecular_function
ENSG00000141510	GO:0005739	mitochondrion	cellular_component
ENSG00000141522	GO:0005576	extracellular region	cellular_component
ENSG00000141522	GO:0005886	plasma membrane	cellular_component
ENSG00000141524	GO:0005576	extracellular region	cellular_component
ENSG00000141524	GO:0005886	plasma membrane	cellular_component
ENSG00000141542	GO:0005886	plasma membrane	cellular_component
ENSG00000141543	GO:0003723	RNA binding	molecular_function
ENSG00000141551	GO:0005886	plasma membrane	cellular_component
ENSG00000141556	GO:0005886	plasma membrane	cellular_component
ENSG00000141564	GO:0002376	immune system process	biological_process
ENSG00000141570	GO:0003723	RNA binding	molecular_function
ENSG00000141574	GO:0002376	immune system process	biological_process
ENSG00000141574	GO:0005576	extracellular region	cellular_component
ENSG00000141574	GO:0005886	plasma membrane	cellular_component
ENSG00000141582	GO:0003723	RNA binding	molecular_function
ENSG00000141655	GO:0002376	immune system process	biological_process
ENSG00000141655	GO:0005886	plasma membrane	cellular_component
ENSG00000141682	GO:0002376	immune system process	biological_process
ENSG00000141682	GO:0005739	mitochondrion	cellular_component
ENSG00000141736	GO:0005886	plasma membrane	cellular_component
ENSG00000141738	GO:0003723	RNA binding	molecular_function
ENSG00000141738	GO:0005886	plasma membrane	cellular_component
ENSG00000141741	GO:0005739	mitochondrion	cellular_component
ENSG00000141741	GO:0005886	plasma membrane	cellular_component
ENSG00000141753	GO:0005576	extracellular region	cellular_component
ENSG00000141756	GO:0005739	mitochondrion	cellular_component
ENSG00000141867	GO:0002376	immune system process	biological_process
ENSG00000141873	GO:0005886	plasma membrane	cellular_component
ENSG00000141934	GO:0005886	plasma membrane	cellular_component
ENSG00000141959	GO:0005576	extracellular region	cellular_component
ENSG00000141965	GO:0005739	mitochondrion	cellular_component
ENSG00000141968	GO:0002376	immune system process	biological_process
ENSG00000141968	GO:0005886	plasma membrane	cellular_component
ENSG00000141971	GO:0005576	extracellular region	cellular_component
ENSG00000141994	GO:0003723	RNA binding	molecular_function
ENSG00000142089	GO:0002376	immune system process	biological_process
ENSG00000142089	GO:0005886	plasma membrane	cellular_component
ENSG00000142156	GO:0005576	extracellular region	cellular_component
ENSG00000142156	GO:0005886	plasma membrane	cellular_component
ENSG00000142166	GO:0002376	immune system process	biological_process
ENSG00000142166	GO:0005886	plasma membrane	cellular_component
ENSG00000142168	GO:0002376	immune system process	biological_process
ENSG00000142168	GO:0005576	extracellular region	cellular_component
ENSG00000142168	GO:0005739	mitochondrion	cellular_component
ENSG00000142168	GO:0005886	plasma membrane	cellular_component
ENSG00000142173	GO:0005576	extracellular region	cellular_component
ENSG00000142173	GO:0005886	plasma membrane	cellular_component
ENSG00000142188	GO:0005886	plasma membrane	cellular_component
ENSG00000142192	GO:0002376	immune system process	biological_process
ENSG00000142192	GO:0005576	extracellular region	cellular_component
ENSG00000142192	GO:0005739	mitochondrion	cellular_component
ENSG00000142192	GO:0005886	plasma membrane	cellular_component
ENSG00000142197	GO:0005576	extracellular region	cellular_component
ENSG00000142227	GO:0005886	plasma membrane	cellular_component
ENSG00000142252	GO:0003723	RNA binding	molecular_function
ENSG00000142330	GO:0005739	mitochondrion	cellular_component
ENSG00000142330	GO:0005886	plasma membrane	cellular_component
ENSG00000142494	GO:0005886	plasma membrane	cellular_component
ENSG00000142507	GO:0002376	immune system process	biological_process
ENSG00000142507	GO:0005576	extracellular region	cellular_component
ENSG00000142530	GO:0002376	immune system process	biological_process
ENSG00000142534	GO:0003723	RNA binding	molecular_function
ENSG00000142534	GO:0005576	extracellular region	cellular_component
ENSG00000142534	GO:0005840	ribosome	cellular_component
ENSG00000142541	GO:0002376	immune system process	biological_process
ENSG00000142541	GO:0003723	RNA binding	molecular_function
ENSG00000142541	GO:0005840	ribosome	cellular_component
ENSG00000142544	GO:0003723	RNA binding	molecular_function
ENSG00000142546	GO:0003723	RNA binding	molecular_function
ENSG00000142627	GO:0005886	plasma membrane	cellular_component
ENSG00000142657	GO:0005576	extracellular region	cellular_component
ENSG00000142669	GO:0005576	extracellular region	cellular_component
ENSG00000142669	GO:0005886	plasma membrane	cellular_component
ENSG00000142676	GO:0003723	RNA binding	molecular_function
ENSG00000142676	GO:0005576	extracellular region	cellular_component
ENSG00000142676	GO:0005840	ribosome	cellular_component
ENSG00000142687	GO:0005886	plasma membrane	cellular_component
ENSG00000142731	GO:0005886	plasma membrane	cellular_component
ENSG00000142864	GO:0003723	RNA binding	molecular_function
ENSG00000142864	GO:0005576	extracellular region	cellular_component
ENSG00000142867	GO:0002376	immune system process	biological_process
ENSG00000142867	GO:0005886	plasma membrane	cellular_component
ENSG00000142871	GO:0005576	extracellular region	cellular_component
ENSG00000142875	GO:0005576	extracellular region	cellular_component
ENSG00000142875	GO:0005886	plasma membrane	cellular_component
ENSG00000142910	GO:0005576	extracellular region	cellular_component
ENSG00000142920	GO:0005739	mitochondrion	cellular_component
ENSG00000142937	GO:0003723	RNA binding	molecular_function
ENSG00000142937	GO:0005576	extracellular region	cellular_component
ENSG00000142937	GO:0005840	ribosome	cellular_component
ENSG00000142949	GO:0005576	extracellular region	cellular_component
ENSG00000142949	GO:0005886	plasma membrane	cellular_component
ENSG00000143036	GO:0005886	plasma membrane	cellular_component
ENSG00000143067	GO:0002376	immune system process	biological_process
ENSG00000143067	GO:0003723	RNA binding	molecular_function
ENSG00000143106	GO:0002376	immune system process	biological_process
ENSG00000143106	GO:0005576	extracellular region	cellular_component
ENSG00000143147	GO:0005886	plasma membrane	cellular_component
ENSG00000143149	GO:0005576	extracellular region	cellular_component
ENSG00000143149	GO:0005739	mitochondrion	cellular_component
ENSG00000143153	GO:0002376	immune system process	biological_process
ENSG00000143153	GO:0005576	extracellular region	cellular_component
ENSG00000143153	GO:0005886	plasma membrane	cellular_component
ENSG00000143158	GO:0005739	mitochondrion	cellular_component
ENSG00000143162	GO:0005576	extracellular region	cellular_component
ENSG00000143183	GO:0005739	mitochondrion	cellular_component
ENSG00000143198	GO:0005739	mitochondrion	cellular_component
ENSG00000143222	GO:0005576	extracellular region	cellular_component
ENSG00000143224	GO:0005739	mitochondrion	cellular_component
ENSG00000143248	GO:0005886	plasma membrane	cellular_component
ENSG00000143252	GO:0005739	mitochondrion	cellular_component
ENSG00000143314	GO:0003723	RNA binding	molecular_function
ENSG00000143314	GO:0005739	mitochondrion	cellular_component
ENSG00000143314	GO:0005840	ribosome	cellular_component
ENSG00000143319	GO:0003723	RNA binding	molecular_function
ENSG00000143320	GO:0005576	extracellular region	cellular_component
ENSG00000143321	GO:0003723	RNA binding	molecular_function
ENSG00000143321	GO:0005576	extracellular region	cellular_component
ENSG00000143324	GO:0005886	plasma membrane	cellular_component
ENSG00000143333	GO:0005886	plasma membrane	cellular_component
ENSG00000143344	GO:0005886	plasma membrane	cellular_component
ENSG00000143367	GO:0005576	extracellular region	cellular_component
ENSG00000143368	GO:0003723	RNA binding	molecular_function
ENSG00000143369	GO:0005576	extracellular region	cellular_component
ENSG00000143374	GO:0005739	mitochondrion	cellular_component
ENSG00000143375	GO:0005886	plasma membrane	cellular_component
ENSG00000143376	GO:0002376	immune system process	biological_process
ENSG00000143376	GO:0005886	plasma membrane	cellular_component
ENSG00000143382	GO:0005576	extracellular region	cellular_component
ENSG00000143384	GO:0005739	mitochondrion	cellular_component
ENSG00000143393	GO:0005739	mitochondrion	cellular_component
ENSG00000143398	GO:0005886	plasma membrane	cellular_component
ENSG00000143401	GO:0005886	plasma membrane	cellular_component
ENSG00000143416	GO:0005576	extracellular region	cellular_component
ENSG00000143437	GO:0002376	immune system process	biological_process
ENSG00000143443	GO:0005576	extracellular region	cellular_component
ENSG00000143479	GO:0002376	immune system process	biological_process
ENSG00000143486	GO:0003723	RNA binding	molecular_function
ENSG00000143507	GO:0002376	immune system process	biological_process
ENSG00000143515	GO:0005886	plasma membrane	cellular_component
ENSG00000143537	GO:0002376	immune system process	biological_process
ENSG00000143537	GO:0005576	extracellular region	cellular_component
ENSG00000143537	GO:0005886	plasma membrane	cellular_component
ENSG00000143543	GO:0005739	mitochondrion	cellular_component
ENSG00000143543	GO:0005886	plasma membrane	cellular_component
ENSG00000143549	GO:0005576	extracellular region	cellular_component
ENSG00000143549	GO:0005739	mitochondrion	cellular_component
ENSG00000143553	GO:0005576	extracellular region	cellular_component
ENSG00000143554	GO:0005739	mitochondrion	cellular_component
ENSG00000143554	GO:0005886	plasma membrane	cellular_component
ENSG00000143569	GO:0003723	RNA binding	molecular_function
ENSG00000143570	GO:0005886	plasma membrane	cellular_component
ENSG00000143575	GO:0002376	immune system process	biological_process
ENSG00000143575	GO:0005739	mitochondrion	cellular_component
ENSG00000143575	GO:0005886	plasma membrane	cellular_component
ENSG00000143612	GO:0005739	mitochondrion	cellular_component
ENSG00000143612	GO:0005886	plasma membrane	cellular_component
ENSG00000143621	GO:0003723	RNA binding	molecular_function
ENSG00000143621	GO:0005576	extracellular region	cellular_component
ENSG00000143622	GO:0005886	plasma membrane	cellular_component
ENSG00000143633	GO:0003723	RNA binding	molecular_function
ENSG00000143641	GO:0002376	immune system process	biological_process
ENSG00000143641	GO:0005576	extracellular region	cellular_component
ENSG00000143740	GO:0005886	plasma membrane	cellular_component
ENSG00000143742	GO:0003723	RNA binding	molecular_function
ENSG00000143748	GO:0003723	RNA binding	molecular_function
ENSG00000143751	GO:0003723	RNA binding	molecular_function
ENSG00000143751	GO:0005739	mitochondrion	cellular_component
ENSG00000143751	GO:0005886	plasma membrane	cellular_component
ENSG00000143753	GO:0005739	mitochondrion	cellular_component
ENSG00000143753	GO:0005886	plasma membrane	cellular_component
ENSG00000143761	GO:0003723	RNA binding	molecular_function
ENSG00000143761	GO:0005576	extracellular region	cellular_component
ENSG00000143761	GO:0005886	plasma membrane	cellular_component
ENSG00000143774	GO:0005739	mitochondrion	cellular_component
ENSG00000143793	GO:0003723	RNA binding	molecular_function
ENSG00000143793	GO:0005576	extracellular region	cellular_component
ENSG00000143799	GO:0002376	immune system process	biological_process
ENSG00000143799	GO:0003723	RNA binding	molecular_function
ENSG00000143799	GO:0005739	mitochondrion	cellular_component
ENSG00000143801	GO:0005886	plasma membrane	cellular_component
ENSG00000143811	GO:0005739	mitochondrion	cellular_component
ENSG00000143815	GO:0003723	RNA binding	molecular_function
ENSG00000143842	GO:0002376	immune system process	biological_process
ENSG00000143862	GO:0005576	extracellular region	cellular_component
ENSG00000143862	GO:0005886	plasma membrane	cellular_component
ENSG00000143870	GO:0005576	extracellular region	cellular_component
ENSG00000143870	GO:0005886	plasma membrane	cellular_component
ENSG00000143878	GO:0005576	extracellular region	cellular_component
ENSG00000143878	GO:0005886	plasma membrane	cellular_component
ENSG00000143889	GO:0003723	RNA binding	molecular_function
ENSG00000143891	GO:0005576	extracellular region	cellular_component
ENSG00000143933	GO:0005886	plasma membrane	cellular_component
ENSG00000143947	GO:0003723	RNA binding	molecular_function
ENSG00000143947	GO:0005576	extracellular region	cellular_component
ENSG00000143947	GO:0005739	mitochondrion	cellular_component
ENSG00000143947	GO:0005840	ribosome	cellular_component
ENSG00000143947	GO:0005886	plasma membrane	cellular_component
ENSG00000143951	GO:0005886	plasma membrane	cellular_component
ENSG00000143952	GO:0005739	mitochondrion	cellular_component
ENSG00000143977	GO:0003723	RNA binding	molecular_function
ENSG00000143995	GO:0002376	immune system process	biological_process
ENSG00000144028	GO:0003723	RNA binding	molecular_function
ENSG00000144036	GO:0005886	plasma membrane	cellular_component
ENSG00000144048	GO:0003723	RNA binding	molecular_function
ENSG00000144048	GO:0005739	mitochondrion	cellular_component
ENSG00000144063	GO:0005886	plasma membrane	cellular_component
ENSG00000144118	GO:0002376	immune system process	biological_process
ENSG00000144118	GO:0005576	extracellular region	cellular_component
ENSG00000144118	GO:0005886	plasma membrane	cellular_component
ENSG00000144120	GO:0005739	mitochondrion	cellular_component
ENSG00000144136	GO:0005886	plasma membrane	cellular_component
ENSG00000144152	GO:0005576	extracellular region	cellular_component
ENSG00000144161	GO:0002376	immune system process	biological_process
ENSG00000144161	GO:0003723	RNA binding	molecular_function
ENSG00000144182	GO:0005739	mitochondrion	cellular_component
ENSG00000144199	GO:0005739	mitochondrion	cellular_component
ENSG00000144283	GO:0005886	plasma membrane	cellular_component
ENSG00000144381	GO:0002376	immune system process	biological_process
ENSG00000144381	GO:0003723	RNA binding	molecular_function
ENSG00000144381	GO:0005576	extracellular region	cellular_component
ENSG00000144381	GO:0005739	mitochondrion	cellular_component
ENSG00000144381	GO:0005886	plasma membrane	cellular_component
ENSG00000144468	GO:0005739	mitochondrion	cellular_component
ENSG00000144476	GO:0002376	immune system process	biological_process
ENSG00000144476	GO:0005886	plasma membrane	cellular_component
ENSG00000144535	GO:0003723	RNA binding	molecular_function
ENSG00000144559	GO:0005739	mitochondrion	cellular_component
ENSG00000144566	GO:0005576	extracellular region	cellular_component
ENSG00000144566	GO:0005886	plasma membrane	cellular_component
ENSG00000144579	GO:0005576	extracellular region	cellular_component
ENSG00000144589	GO:0005576	extracellular region	cellular_component
ENSG00000144591	GO:0005576	extracellular region	cellular_component
ENSG00000144635	GO:0003723	RNA binding	molecular_function
ENSG00000144635	GO:0005886	plasma membrane	cellular_component
ENSG00000144642	GO:0003723	RNA binding	molecular_function
ENSG00000144659	GO:0002376	immune system process	biological_process
ENSG00000144659	GO:0005739	mitochondrion	cellular_component
ENSG00000144674	GO:0005576	extracellular region	cellular_component
ENSG00000144674	GO:0005886	plasma membrane	cellular_component
ENSG00000144677	GO:0005576	extracellular region	cellular_component
ENSG00000144681	GO:0005886	plasma membrane	cellular_component
ENSG00000144711	GO:0005886	plasma membrane	cellular_component
ENSG00000144713	GO:0003723	RNA binding	molecular_function
ENSG00000144713	GO:0005840	ribosome	cellular_component
ENSG00000144724	GO:0005576	extracellular region	cellular_component
ENSG00000144724	GO:0005886	plasma membrane	cellular_component
ENSG00000144730	GO:0005886	plasma membrane	cellular_component
ENSG00000144741	GO:0005739	mitochondrion	cellular_component
ENSG00000144746	GO:0005886	plasma membrane	cellular_component
ENSG00000144749	GO:0005886	plasma membrane	cellular_component
ENSG00000144802	GO:0002376	immune system process	biological_process
ENSG00000144810	GO:0005576	extracellular region	cellular_component
ENSG00000144815	GO:0005576	extracellular region	cellular_component
ENSG00000144824	GO:0005886	plasma membrane	cellular_component
ENSG00000144827	GO:0005739	mitochondrion	cellular_component
ENSG00000144848	GO:0005886	plasma membrane	cellular_component
ENSG00000144935	GO:0005886	plasma membrane	cellular_component
ENSG00000144959	GO:0005886	plasma membrane	cellular_component
ENSG00000145016	GO:0002376	immune system process	biological_process
ENSG00000145022	GO:0002376	immune system process	biological_process
ENSG00000145041	GO:0002376	immune system process	biological_process
ENSG00000145050	GO:0003723	RNA binding	molecular_function
ENSG00000145050	GO:0005576	extracellular region	cellular_component
ENSG00000145147	GO:0002376	immune system process	biological_process
ENSG00000145147	GO:0005576	extracellular region	cellular_component
ENSG00000145191	GO:0002376	immune system process	biological_process
ENSG00000145214	GO:0005886	plasma membrane	cellular_component
ENSG00000145216	GO:0003723	RNA binding	molecular_function
ENSG00000145220	GO:0002376	immune system process	biological_process
ENSG00000145220	GO:0003723	RNA binding	molecular_function
ENSG00000145242	GO:0005886	plasma membrane	cellular_component
ENSG00000145246	GO:0005886	plasma membrane	cellular_component
ENSG00000145247	GO:0005739	mitochondrion	cellular_component
ENSG00000145248	GO:0005886	plasma membrane	cellular_component
ENSG00000145287	GO:0005576	extracellular region	cellular_component
ENSG00000145331	GO:0003723	RNA binding	molecular_function
ENSG00000145331	GO:0005576	extracellular region	cellular_component
ENSG00000145335	GO:0002376	immune system process	biological_process
ENSG00000145335	GO:0005576	extracellular region	cellular_component
ENSG00000145335	GO:0005739	mitochondrion	cellular_component
ENSG00000145335	GO:0005840	ribosome	cellular_component
ENSG00000145335	GO:0005886	plasma membrane	cellular_component
ENSG00000145337	GO:0005739	mitochondrion	cellular_component
ENSG00000145349	GO:0005886	plasma membrane	cellular_component
ENSG00000145354	GO:0003723	RNA binding	molecular_function
ENSG00000145354	GO:0005739	mitochondrion	cellular_component
ENSG00000145365	GO:0002376	immune system process	biological_process
ENSG00000145388	GO:0002376	immune system process	biological_process
ENSG00000145388	GO:0003723	RNA binding	molecular_function
ENSG00000145414	GO:0003723	RNA binding	molecular_function
ENSG00000145425	GO:0003723	RNA binding	molecular_function
ENSG00000145425	GO:0005576	extracellular region	cellular_component
ENSG00000145425	GO:0005840	ribosome	cellular_component
ENSG00000145431	GO:0005576	extracellular region	cellular_component
ENSG00000145431	GO:0005886	plasma membrane	cellular_component
ENSG00000145439	GO:0005739	mitochondrion	cellular_component
ENSG00000145506	GO:0005886	plasma membrane	cellular_component
ENSG00000145592	GO:0003723	RNA binding	molecular_function
ENSG00000145592	GO:0005840	ribosome	cellular_component
ENSG00000145604	GO:0002376	immune system process	biological_process
ENSG00000145623	GO:0005886	plasma membrane	cellular_component
ENSG00000145632	GO:0002376	immune system process	biological_process
ENSG00000145675	GO:0002376	immune system process	biological_process
ENSG00000145675	GO:0005886	plasma membrane	cellular_component
ENSG00000145685	GO:0005886	plasma membrane	cellular_component
ENSG00000145703	GO:0005576	extracellular region	cellular_component
ENSG00000145703	GO:0005886	plasma membrane	cellular_component
ENSG00000145715	GO:0005886	plasma membrane	cellular_component
ENSG00000145730	GO:0005576	extracellular region	cellular_component
ENSG00000145740	GO:0005886	plasma membrane	cellular_component
ENSG00000145741	GO:0003723	RNA binding	molecular_function
ENSG00000145819	GO:0005739	mitochondrion	cellular_component
ENSG00000145833	GO:0003723	RNA binding	molecular_function
ENSG00000145868	GO:0002376	immune system process	biological_process
ENSG00000145882	GO:0002376	immune system process	biological_process
ENSG00000145882	GO:0005576	extracellular region	cellular_component
ENSG00000145901	GO:0002376	immune system process	biological_process
ENSG00000145911	GO:0002376	immune system process	biological_process
ENSG00000145912	GO:0003723	RNA binding	molecular_function
ENSG00000145990	GO:0005576	extracellular region	cellular_component
ENSG00000146054	GO:0002376	immune system process	biological_process
ENSG00000146063	GO:0002376	immune system process	biological_process
ENSG00000146066	GO:0005739	mitochondrion	cellular_component
ENSG00000146072	GO:0002376	immune system process	biological_process
ENSG00000146072	GO:0005886	plasma membrane	cellular_component
ENSG00000146085	GO:0005739	mitochondrion	cellular_component
ENSG00000146109	GO:0003723	RNA binding	molecular_function
ENSG00000146122	GO:0005576	extracellular region	cellular_component
ENSG00000146223	GO:0003723	RNA binding	molecular_function
ENSG00000146223	GO:0005739	mitochondrion	cellular_component
ENSG00000146223	GO:0005840	ribosome	cellular_component
ENSG00000146242	GO:0005886	plasma membrane	cellular_component
ENSG00000146243	GO:0002376	immune system process	biological_process
ENSG00000146282	GO:0003723	RNA binding	molecular_function
ENSG00000146282	GO:0005739	mitochondrion	cellular_component
ENSG00000146410	GO:0005739	mitochondrion	cellular_component
ENSG00000146411	GO:0005886	plasma membrane	cellular_component
ENSG00000146416	GO:0005886	plasma membrane	cellular_component
ENSG00000146425	GO:0005576	extracellular region	cellular_component
ENSG00000146535	GO:0005886	plasma membrane	cellular_component
ENSG00000146540	GO:0003723	RNA binding	molecular_function
ENSG00000146540	GO:0005576	extracellular region	cellular_component
ENSG00000146592	GO:0005576	extracellular region	cellular_component
ENSG00000146648	GO:0002376	immune system process	biological_process
ENSG00000146648	GO:0005576	extracellular region	cellular_component
ENSG00000146648	GO:0005886	plasma membrane	cellular_component
ENSG00000146674	GO:0005576	extracellular region	cellular_component
ENSG00000146676	GO:0002376	immune system process	biological_process
ENSG00000146676	GO:0003723	RNA binding	molecular_function
ENSG00000146701	GO:0003723	RNA binding	molecular_function
ENSG00000146701	GO:0005576	extracellular region	cellular_component
ENSG00000146701	GO:0005739	mitochondrion	cellular_component
ENSG00000146729	GO:0005739	mitochondrion	cellular_component
ENSG00000146731	GO:0003723	RNA binding	molecular_function
ENSG00000146731	GO:0005576	extracellular region	cellular_component
ENSG00000146828	GO:0005576	extracellular region	cellular_component
ENSG00000146828	GO:0005886	plasma membrane	cellular_component
ENSG00000146833	GO:0002376	immune system process	biological_process
ENSG00000146834	GO:0003723	RNA binding	molecular_function
ENSG00000146909	GO:0003723	RNA binding	molecular_function
ENSG00000146963	GO:0003723	RNA binding	molecular_function
ENSG00000147010	GO:0002376	immune system process	biological_process
ENSG00000147010	GO:0005886	plasma membrane	cellular_component
ENSG00000147027	GO:0005886	plasma membrane	cellular_component
ENSG00000147065	GO:0002376	immune system process	biological_process
ENSG00000147065	GO:0003723	RNA binding	molecular_function
ENSG00000147065	GO:0005576	extracellular region	cellular_component
ENSG00000147065	GO:0005886	plasma membrane	cellular_component
ENSG00000147100	GO:0005886	plasma membrane	cellular_component
ENSG00000147123	GO:0005739	mitochondrion	cellular_component
ENSG00000147140	GO:0002376	immune system process	biological_process
ENSG00000147140	GO:0003723	RNA binding	molecular_function
ENSG00000147162	GO:0002376	immune system process	biological_process
ENSG00000147162	GO:0005739	mitochondrion	cellular_component
ENSG00000147162	GO:0005886	plasma membrane	cellular_component
ENSG00000147231	GO:0003723	RNA binding	molecular_function
ENSG00000147251	GO:0002376	immune system process	biological_process
ENSG00000147257	GO:0005576	extracellular region	cellular_component
ENSG00000147257	GO:0005886	plasma membrane	cellular_component
ENSG00000147274	GO:0003723	RNA binding	molecular_function
ENSG00000147274	GO:0005576	extracellular region	cellular_component
ENSG00000147324	GO:0002376	immune system process	biological_process
ENSG00000147394	GO:0005886	plasma membrane	cellular_component
ENSG00000147403	GO:0003723	RNA binding	molecular_function
ENSG00000147403	GO:0005840	ribosome	cellular_component
ENSG00000147416	GO:0005576	extracellular region	cellular_component
ENSG00000147416	GO:0005886	plasma membrane	cellular_component
ENSG00000147419	GO:0005886	plasma membrane	cellular_component
ENSG00000147454	GO:0005739	mitochondrion	cellular_component
ENSG00000147457	GO:0005886	plasma membrane	cellular_component
ENSG00000147475	GO:0005886	plasma membrane	cellular_component
ENSG00000147509	GO:0005886	plasma membrane	cellular_component
ENSG00000147533	GO:0005576	extracellular region	cellular_component
ENSG00000147535	GO:0005886	plasma membrane	cellular_component
ENSG00000147592	GO:0003723	RNA binding	molecular_function
ENSG00000147592	GO:0005739	mitochondrion	cellular_component
ENSG00000147604	GO:0003723	RNA binding	molecular_function
ENSG00000147604	GO:0005840	ribosome	cellular_component
ENSG00000147642	GO:0005739	mitochondrion	cellular_component
ENSG00000147649	GO:0003723	RNA binding	molecular_function
ENSG00000147649	GO:0005886	plasma membrane	cellular_component
ENSG00000147650	GO:0005886	plasma membrane	cellular_component
ENSG00000147676	GO:0005576	extracellular region	cellular_component
ENSG00000147676	GO:0005886	plasma membrane	cellular_component
ENSG00000147677	GO:0003723	RNA binding	molecular_function
ENSG00000147677	GO:0005576	extracellular region	cellular_component
ENSG00000147679	GO:0003723	RNA binding	molecular_function
ENSG00000147684	GO:0005739	mitochondrion	cellular_component
ENSG00000147687	GO:0005739	mitochondrion	cellular_component
ENSG00000147804	GO:0005886	plasma membrane	cellular_component
ENSG00000147852	GO:0005576	extracellular region	cellular_component
ENSG00000147852	GO:0005886	plasma membrane	cellular_component
ENSG00000147853	GO:0005739	mitochondrion	cellular_component
ENSG00000147872	GO:0005576	extracellular region	cellular_component
ENSG00000147872	GO:0005886	plasma membrane	cellular_component
ENSG00000147889	GO:0002376	immune system process	biological_process
ENSG00000147889	GO:0003723	RNA binding	molecular_function
ENSG00000147889	GO:0005739	mitochondrion	cellular_component
ENSG00000147894	GO:0002376	immune system process	biological_process
ENSG00000147894	GO:0005576	extracellular region	cellular_component
ENSG00000147905	GO:0003723	RNA binding	molecular_function
ENSG00000147955	GO:0005886	plasma membrane	cellular_component
ENSG00000148090	GO:0003723	RNA binding	molecular_function
ENSG00000148090	GO:0005739	mitochondrion	cellular_component
ENSG00000148175	GO:0005576	extracellular region	cellular_component
ENSG00000148175	GO:0005739	mitochondrion	cellular_component
ENSG00000148175	GO:0005886	plasma membrane	cellular_component
ENSG00000148180	GO:0002376	immune system process	biological_process
ENSG00000148180	GO:0005576	extracellular region	cellular_component
ENSG00000148180	GO:0005886	plasma membrane	cellular_component
ENSG00000148187	GO:0005739	mitochondrion	cellular_component
ENSG00000148218	GO:0005576	extracellular region	cellular_component
ENSG00000148248	GO:0005886	plasma membrane	cellular_component
ENSG00000148290	GO:0005739	mitochondrion	cellular_component
ENSG00000148296	GO:0003723	RNA binding	molecular_function
ENSG00000148300	GO:0003723	RNA binding	molecular_function
ENSG00000148303	GO:0003723	RNA binding	molecular_function
ENSG00000148303	GO:0005840	ribosome	cellular_component
ENSG00000148339	GO:0005739	mitochondrion	cellular_component
ENSG00000148343	GO:0005739	mitochondrion	cellular_component
ENSG00000148343	GO:0005886	plasma membrane	cellular_component
ENSG00000148358	GO:0005886	plasma membrane	cellular_component
ENSG00000148384	GO:0005886	plasma membrane	cellular_component
ENSG00000148400	GO:0002376	immune system process	biological_process
ENSG00000148400	GO:0005576	extracellular region	cellular_component
ENSG00000148400	GO:0005886	plasma membrane	cellular_component
ENSG00000148444	GO:0005576	extracellular region	cellular_component
ENSG00000148450	GO:0005739	mitochondrion	cellular_component
ENSG00000148468	GO:0005886	plasma membrane	cellular_component
ENSG00000148484	GO:0005576	extracellular region	cellular_component
ENSG00000148498	GO:0005886	plasma membrane	cellular_component
ENSG00000148606	GO:0002376	immune system process	biological_process
ENSG00000148671	GO:0005576	extracellular region	cellular_component
ENSG00000148672	GO:0005739	mitochondrion	cellular_component
ENSG00000148688	GO:0003723	RNA binding	molecular_function
ENSG00000148700	GO:0005886	plasma membrane	cellular_component
ENSG00000148824	GO:0005739	mitochondrion	cellular_component
ENSG00000148824	GO:0005840	ribosome	cellular_component
ENSG00000148834	GO:0005576	extracellular region	cellular_component
ENSG00000148840	GO:0003723	RNA binding	molecular_function
ENSG00000148841	GO:0005886	plasma membrane	cellular_component
ENSG00000148843	GO:0003723	RNA binding	molecular_function
ENSG00000148848	GO:0005576	extracellular region	cellular_component
ENSG00000148848	GO:0005886	plasma membrane	cellular_component
ENSG00000148908	GO:0005886	plasma membrane	cellular_component
ENSG00000148926	GO:0005576	extracellular region	cellular_component
ENSG00000148950	GO:0005739	mitochondrion	cellular_component
ENSG00000149016	GO:0003723	RNA binding	molecular_function
ENSG00000149084	GO:0005576	extracellular region	cellular_component
ENSG00000149131	GO:0002376	immune system process	biological_process
ENSG00000149131	GO:0005576	extracellular region	cellular_component
ENSG00000149136	GO:0003723	RNA binding	molecular_function
ENSG00000149150	GO:0005886	plasma membrane	cellular_component
ENSG00000149177	GO:0002376	immune system process	biological_process
ENSG00000149177	GO:0005576	extracellular region	cellular_component
ENSG00000149177	GO:0005886	plasma membrane	cellular_component
ENSG00000149187	GO:0003723	RNA binding	molecular_function
ENSG00000149218	GO:0002376	immune system process	biological_process
ENSG00000149218	GO:0005576	extracellular region	cellular_component
ENSG00000149260	GO:0005576	extracellular region	cellular_component
ENSG00000149269	GO:0002376	immune system process	biological_process
ENSG00000149269	GO:0005886	plasma membrane	cellular_component
ENSG00000149273	GO:0003723	RNA binding	molecular_function
ENSG00000149273	GO:0005576	extracellular region	cellular_component
ENSG00000149273	GO:0005739	mitochondrion	cellular_component
ENSG00000149273	GO:0005840	ribosome	cellular_component
ENSG00000149273	GO:0005886	plasma membrane	cellular_component
ENSG00000149289	GO:0003723	RNA binding	molecular_function
ENSG00000149294	GO:0005576	extracellular region	cellular_component
ENSG00000149294	GO:0005886	plasma membrane	cellular_component
ENSG00000149313	GO:0005576	extracellular region	cellular_component
ENSG00000149357	GO:0005576	extracellular region	cellular_component
ENSG00000149357	GO:0005886	plasma membrane	cellular_component
ENSG00000149428	GO:0005576	extracellular region	cellular_component
ENSG00000149428	GO:0005739	mitochondrion	cellular_component
ENSG00000149476	GO:0002376	immune system process	biological_process
ENSG00000149476	GO:0005576	extracellular region	cellular_component
ENSG00000149485	GO:0005739	mitochondrion	cellular_component
ENSG00000149532	GO:0003723	RNA binding	molecular_function
ENSG00000149541	GO:0005576	extracellular region	cellular_component
ENSG00000149557	GO:0005886	plasma membrane	cellular_component
ENSG00000149573	GO:0005886	plasma membrane	cellular_component
ENSG00000149577	GO:0003723	RNA binding	molecular_function
ENSG00000149577	GO:0005886	plasma membrane	cellular_component
ENSG00000149582	GO:0005576	extracellular region	cellular_component
ENSG00000149582	GO:0005886	plasma membrane	cellular_component
ENSG00000149636	GO:0005576	extracellular region	cellular_component
ENSG00000149657	GO:0003723	RNA binding	molecular_function
ENSG00000149658	GO:0002376	immune system process	biological_process
ENSG00000149658	GO:0003723	RNA binding	molecular_function
ENSG00000149792	GO:0005739	mitochondrion	cellular_component
ENSG00000149792	GO:0005840	ribosome	cellular_component
ENSG00000149806	GO:0002376	immune system process	biological_process
ENSG00000149806	GO:0003723	RNA binding	molecular_function
ENSG00000149806	GO:0005840	ribosome	cellular_component
ENSG00000149809	GO:0005886	plasma membrane	cellular_component
ENSG00000149925	GO:0003723	RNA binding	molecular_function
ENSG00000149925	GO:0005576	extracellular region	cellular_component
ENSG00000149932	GO:0005886	plasma membrane	cellular_component
ENSG00000150054	GO:0005886	plasma membrane	cellular_component
ENSG00000150093	GO:0002376	immune system process	biological_process
ENSG00000150093	GO:0005576	extracellular region	cellular_component
ENSG00000150093	GO:0005886	plasma membrane	cellular_component
ENSG00000150316	GO:0003723	RNA binding	molecular_function
ENSG00000150403	GO:0005886	plasma membrane	cellular_component
ENSG00000150455	GO:0002376	immune system process	biological_process
ENSG00000150455	GO:0005886	plasma membrane	cellular_component
ENSG00000150457	GO:0002376	immune system process	biological_process
ENSG00000150459	GO:0003723	RNA binding	molecular_function
ENSG00000150593	GO:0003723	RNA binding	molecular_function
ENSG00000150625	GO:0005576	extracellular region	cellular_component
ENSG00000150625	GO:0005886	plasma membrane	cellular_component
ENSG00000150630	GO:0002376	immune system process	biological_process
ENSG00000150630	GO:0005576	extracellular region	cellular_component
ENSG00000150687	GO:0005576	extracellular region	cellular_component
ENSG00000150753	GO:0003723	RNA binding	molecular_function
ENSG00000150753	GO:0005576	extracellular region	cellular_component
ENSG00000150760	GO:0005886	plasma membrane	cellular_component
ENSG00000150768	GO:0005739	mitochondrion	cellular_component
ENSG00000150779	GO:0005739	mitochondrion	cellular_component
ENSG00000150782	GO:0002376	immune system process	biological_process
ENSG00000150782	GO:0005576	extracellular region	cellular_component
ENSG00000150867	GO:0005886	plasma membrane	cellular_component
ENSG00000150907	GO:0005739	mitochondrion	cellular_component
ENSG00000150938	GO:0005576	extracellular region	cellular_component
ENSG00000150938	GO:0005886	plasma membrane	cellular_component
ENSG00000150990	GO:0003723	RNA binding	molecular_function
ENSG00000151012	GO:0005886	plasma membrane	cellular_component
ENSG00000151014	GO:0003723	RNA binding	molecular_function
ENSG00000151014	GO:0005739	mitochondrion	cellular_component
ENSG00000151065	GO:0003723	RNA binding	molecular_function
ENSG00000151093	GO:0005739	mitochondrion	cellular_component
ENSG00000151116	GO:0005576	extracellular region	cellular_component
ENSG00000151148	GO:0005739	mitochondrion	cellular_component
ENSG00000151150	GO:0005886	plasma membrane	cellular_component
ENSG00000151208	GO:0002376	immune system process	biological_process
ENSG00000151208	GO:0005886	plasma membrane	cellular_component
ENSG00000151229	GO:0005886	plasma membrane	cellular_component
ENSG00000151239	GO:0005886	plasma membrane	cellular_component
ENSG00000151276	GO:0005886	plasma membrane	cellular_component
ENSG00000151292	GO:0005886	plasma membrane	cellular_component
ENSG00000151304	GO:0003723	RNA binding	molecular_function
ENSG00000151348	GO:0005576	extracellular region	cellular_component
ENSG00000151366	GO:0005739	mitochondrion	cellular_component
ENSG00000151366	GO:0005886	plasma membrane	cellular_component
ENSG00000151376	GO:0005739	mitochondrion	cellular_component
ENSG00000151388	GO:0005576	extracellular region	cellular_component
ENSG00000151413	GO:0005739	mitochondrion	cellular_component
ENSG00000151414	GO:0002376	immune system process	biological_process
ENSG00000151461	GO:0003723	RNA binding	molecular_function
ENSG00000151468	GO:0005576	extracellular region	cellular_component
ENSG00000151498	GO:0005739	mitochondrion	cellular_component
ENSG00000151552	GO:0005576	extracellular region	cellular_component
ENSG00000151552	GO:0005739	mitochondrion	cellular_component
ENSG00000151576	GO:0005739	mitochondrion	cellular_component
ENSG00000151611	GO:0005739	mitochondrion	cellular_component
ENSG00000151617	GO:0005886	plasma membrane	cellular_component
ENSG00000151657	GO:0003723	RNA binding	molecular_function
ENSG00000151690	GO:0002376	immune system process	biological_process
ENSG00000151690	GO:0005886	plasma membrane	cellular_component
ENSG00000151692	GO:0002376	immune system process	biological_process
ENSG00000151692	GO:0005886	plasma membrane	cellular_component
ENSG00000151693	GO:0005886	plasma membrane	cellular_component
ENSG00000151694	GO:0002376	immune system process	biological_process
ENSG00000151694	GO:0005886	plasma membrane	cellular_component
ENSG00000151726	GO:0005739	mitochondrion	cellular_component
ENSG00000151729	GO:0005739	mitochondrion	cellular_component
ENSG00000151729	GO:0005886	plasma membrane	cellular_component
ENSG00000151806	GO:0005739	mitochondrion	cellular_component
ENSG00000151892	GO:0005576	extracellular region	cellular_component
ENSG00000151892	GO:0005886	plasma membrane	cellular_component
ENSG00000151923	GO:0003723	RNA binding	molecular_function
ENSG00000152102	GO:0005576	extracellular region	cellular_component
ENSG00000152102	GO:0005886	plasma membrane	cellular_component
ENSG00000152127	GO:0005576	extracellular region	cellular_component
ENSG00000152147	GO:0003723	RNA binding	molecular_function
ENSG00000152229	GO:0005886	plasma membrane	cellular_component
ENSG00000152234	GO:0003723	RNA binding	molecular_function
ENSG00000152234	GO:0005576	extracellular region	cellular_component
ENSG00000152234	GO:0005739	mitochondrion	cellular_component
ENSG00000152234	GO:0005886	plasma membrane	cellular_component
ENSG00000152291	GO:0005886	plasma membrane	cellular_component
ENSG00000152332	GO:0003723	RNA binding	molecular_function
ENSG00000152377	GO:0005576	extracellular region	cellular_component
ENSG00000152422	GO:0002376	immune system process	biological_process
ENSG00000152457	GO:0002376	immune system process	biological_process
ENSG00000152464	GO:0003723	RNA binding	molecular_function
ENSG00000152465	GO:0005886	plasma membrane	cellular_component
ENSG00000152484	GO:0005886	plasma membrane	cellular_component
ENSG00000152518	GO:0002376	immune system process	biological_process
ENSG00000152518	GO:0003723	RNA binding	molecular_function
ENSG00000152520	GO:0003723	RNA binding	molecular_function
ENSG00000152556	GO:0005886	plasma membrane	cellular_component
ENSG00000152558	GO:0005886	plasma membrane	cellular_component
ENSG00000152620	GO:0005739	mitochondrion	cellular_component
ENSG00000152642	GO:0005576	extracellular region	cellular_component
ENSG00000152642	GO:0005886	plasma membrane	cellular_component
ENSG00000152661	GO:0002376	immune system process	biological_process
ENSG00000152661	GO:0005739	mitochondrion	cellular_component
ENSG00000152661	GO:0005886	plasma membrane	cellular_component
ENSG00000152683	GO:0005886	plasma membrane	cellular_component
ENSG00000152700	GO:0002376	immune system process	biological_process
ENSG00000152767	GO:0005886	plasma membrane	cellular_component
ENSG00000152778	GO:0002376	immune system process	biological_process
ENSG00000152778	GO:0003723	RNA binding	molecular_function
ENSG00000152778	GO:0005886	plasma membrane	cellular_component
ENSG00000152795	GO:0003723	RNA binding	molecular_function
ENSG00000152804	GO:0002376	immune system process	biological_process
ENSG00000152894	GO:0005886	plasma membrane	cellular_component
ENSG00000152939	GO:0005886	plasma membrane	cellular_component
ENSG00000152952	GO:0005576	extracellular region	cellular_component
ENSG00000152990	GO:0005886	plasma membrane	cellular_component
ENSG00000153029	GO:0002376	immune system process	biological_process
ENSG00000153029	GO:0005576	extracellular region	cellular_component
ENSG00000153029	GO:0005886	plasma membrane	cellular_component
ENSG00000153037	GO:0003723	RNA binding	molecular_function
ENSG00000153048	GO:0003723	RNA binding	molecular_function
ENSG00000153066	GO:0005886	plasma membrane	cellular_component
ENSG00000153071	GO:0005886	plasma membrane	cellular_component
ENSG00000153094	GO:0005739	mitochondrion	cellular_component
ENSG00000153147	GO:0002376	immune system process	biological_process
ENSG00000153162	GO:0002376	immune system process	biological_process
ENSG00000153162	GO:0005576	extracellular region	cellular_component
ENSG00000153187	GO:0003723	RNA binding	molecular_function
ENSG00000153207	GO:0005576	extracellular region	cellular_component
ENSG00000153208	GO:0005886	plasma membrane	cellular_component
ENSG00000153250	GO:0003723	RNA binding	molecular_function
ENSG00000153310	GO:0002376	immune system process	biological_process
ENSG00000153310	GO:0005576	extracellular region	cellular_component
ENSG00000153310	GO:0005739	mitochondrion	cellular_component
ENSG00000153317	GO:0005886	plasma membrane	cellular_component
ENSG00000153395	GO:0005886	plasma membrane	cellular_component
ENSG00000153558	GO:0002376	immune system process	biological_process
ENSG00000153558	GO:0005886	plasma membrane	cellular_component
ENSG00000153574	GO:0005739	mitochondrion	cellular_component
ENSG00000153879	GO:0002376	immune system process	biological_process
ENSG00000153904	GO:0005576	extracellular region	cellular_component
ENSG00000153914	GO:0003723	RNA binding	molecular_function
ENSG00000153933	GO:0005886	plasma membrane	cellular_component
ENSG00000153944	GO:0003723	RNA binding	molecular_function
ENSG00000153956	GO:0005576	extracellular region	cellular_component
ENSG00000153956	GO:0005886	plasma membrane	cellular_component
ENSG00000153993	GO:0005576	extracellular region	cellular_component
ENSG00000153993	GO:0005886	plasma membrane	cellular_component
ENSG00000154040	GO:0005576	extracellular region	cellular_component
ENSG00000154096	GO:0002376	immune system process	biological_process
ENSG00000154096	GO:0005576	extracellular region	cellular_component
ENSG00000154096	GO:0005886	plasma membrane	cellular_component
ENSG00000154122	GO:0005886	plasma membrane	cellular_component
ENSG00000154124	GO:0002376	immune system process	biological_process
ENSG00000154127	GO:0002376	immune system process	biological_process
ENSG00000154146	GO:0005739	mitochondrion	cellular_component
ENSG00000154146	GO:0005886	plasma membrane	cellular_component
ENSG00000154174	GO:0002376	immune system process	biological_process
ENSG00000154174	GO:0005576	extracellular region	cellular_component
ENSG00000154174	GO:0005739	mitochondrion	cellular_component
ENSG00000154188	GO:0005576	extracellular region	cellular_component
ENSG00000154188	GO:0005886	plasma membrane	cellular_component
ENSG00000154229	GO:0002376	immune system process	biological_process
ENSG00000154229	GO:0005576	extracellular region	cellular_component
ENSG00000154229	GO:0005739	mitochondrion	cellular_component
ENSG00000154229	GO:0005886	plasma membrane	cellular_component
ENSG00000154240	GO:0005886	plasma membrane	cellular_component
ENSG00000154265	GO:0005886	plasma membrane	cellular_component
ENSG00000154277	GO:0005886	plasma membrane	cellular_component
ENSG00000154309	GO:0005886	plasma membrane	cellular_component
ENSG00000154330	GO:0005886	plasma membrane	cellular_component
ENSG00000154370	GO:0002376	immune system process	biological_process
ENSG00000154380	GO:0005886	plasma membrane	cellular_component
ENSG00000154447	GO:0002376	immune system process	biological_process
ENSG00000154548	GO:0003723	RNA binding	molecular_function
ENSG00000154556	GO:0003723	RNA binding	molecular_function
ENSG00000154556	GO:0005886	plasma membrane	cellular_component
ENSG00000154589	GO:0002376	immune system process	biological_process
ENSG00000154589	GO:0005576	extracellular region	cellular_component
ENSG00000154589	GO:0005886	plasma membrane	cellular_component
ENSG00000154639	GO:0002376	immune system process	biological_process
ENSG00000154639	GO:0005576	extracellular region	cellular_component
ENSG00000154639	GO:0005886	plasma membrane	cellular_component
ENSG00000154654	GO:0005886	plasma membrane	cellular_component
ENSG00000154721	GO:0002376	immune system process	biological_process
ENSG00000154721	GO:0005886	plasma membrane	cellular_component
ENSG00000154723	GO:0005739	mitochondrion	cellular_component
ENSG00000154734	GO:0005576	extracellular region	cellular_component
ENSG00000154767	GO:0005886	plasma membrane	cellular_component
ENSG00000154814	GO:0005739	mitochondrion	cellular_component
ENSG00000154930	GO:0005739	mitochondrion	cellular_component
ENSG00000155008	GO:0005576	extracellular region	cellular_component
ENSG00000155008	GO:0005739	mitochondrion	cellular_component
ENSG00000155016	GO:0005739	mitochondrion	cellular_component
ENSG00000155097	GO:0005576	extracellular region	cellular_component
ENSG00000155097	GO:0005886	plasma membrane	cellular_component
ENSG00000155099	GO:0005886	plasma membrane	cellular_component
ENSG00000155189	GO:0005739	mitochondrion	cellular_component
ENSG00000155252	GO:0005739	mitochondrion	cellular_component
ENSG00000155252	GO:0005886	plasma membrane	cellular_component
ENSG00000155254	GO:0005886	plasma membrane	cellular_component
ENSG00000155256	GO:0005886	plasma membrane	cellular_component
ENSG00000155287	GO:0005739	mitochondrion	cellular_component
ENSG00000155304	GO:0005576	extracellular region	cellular_component
ENSG00000155304	GO:0005886	plasma membrane	cellular_component
ENSG00000155313	GO:0002376	immune system process	biological_process
ENSG00000155363	GO:0002376	immune system process	biological_process
ENSG00000155363	GO:0003723	RNA binding	molecular_function
ENSG00000155368	GO:0005576	extracellular region	cellular_component
ENSG00000155380	GO:0005576	extracellular region	cellular_component
ENSG00000155380	GO:0005886	plasma membrane	cellular_component
ENSG00000155393	GO:0002376	immune system process	biological_process
ENSG00000155438	GO:0003723	RNA binding	molecular_function
ENSG00000155506	GO:0003723	RNA binding	molecular_function
ENSG00000155508	GO:0003723	RNA binding	molecular_function
ENSG00000155542	GO:0005739	mitochondrion	cellular_component
ENSG00000155629	GO:0002376	immune system process	biological_process
ENSG00000155629	GO:0005886	plasma membrane	cellular_component
ENSG00000155636	GO:0003723	RNA binding	molecular_function
ENSG00000155660	GO:0003723	RNA binding	molecular_function
ENSG00000155744	GO:0005886	plasma membrane	cellular_component
ENSG00000155760	GO:0005886	plasma membrane	cellular_component
ENSG00000155792	GO:0005886	plasma membrane	cellular_component
ENSG00000155816	GO:0005886	plasma membrane	cellular_component
ENSG00000155827	GO:0003723	RNA binding	molecular_function
ENSG00000155849	GO:0005886	plasma membrane	cellular_component
ENSG00000155850	GO:0005576	extracellular region	cellular_component
ENSG00000155850	GO:0005886	plasma membrane	cellular_component
ENSG00000155858	GO:0003723	RNA binding	molecular_function
ENSG00000155906	GO:0005739	mitochondrion	cellular_component
ENSG00000155961	GO:0005886	plasma membrane	cellular_component
ENSG00000155970	GO:0005739	mitochondrion	cellular_component
ENSG00000155974	GO:0005886	plasma membrane	cellular_component
ENSG00000156026	GO:0002376	immune system process	biological_process
ENSG00000156026	GO:0005739	mitochondrion	cellular_component
ENSG00000156052	GO:0002376	immune system process	biological_process
ENSG00000156052	GO:0005576	extracellular region	cellular_component
ENSG00000156052	GO:0005886	plasma membrane	cellular_component
ENSG00000156110	GO:0003723	RNA binding	molecular_function
ENSG00000156113	GO:0005886	plasma membrane	cellular_component
ENSG00000156136	GO:0005739	mitochondrion	cellular_component
ENSG00000156140	GO:0005576	extracellular region	cellular_component
ENSG00000156170	GO:0005739	mitochondrion	cellular_component
ENSG00000156171	GO:0005886	plasma membrane	cellular_component
ENSG00000156261	GO:0005576	extracellular region	cellular_component
ENSG00000156299	GO:0005886	plasma membrane	cellular_component
ENSG00000156304	GO:0003723	RNA binding	molecular_function
ENSG00000156313	GO:0003723	RNA binding	molecular_function
ENSG00000156398	GO:0005739	mitochondrion	cellular_component
ENSG00000156411	GO:0005739	mitochondrion	cellular_component
ENSG00000156453	GO:0005886	plasma membrane	cellular_component
ENSG00000156469	GO:0005739	mitochondrion	cellular_component
ENSG00000156482	GO:0002376	immune system process	biological_process
ENSG00000156482	GO:0003723	RNA binding	molecular_function
ENSG00000156482	GO:0005576	extracellular region	cellular_component
ENSG00000156482	GO:0005840	ribosome	cellular_component
ENSG00000156502	GO:0003723	RNA binding	molecular_function
ENSG00000156502	GO:0005739	mitochondrion	cellular_component
ENSG00000156508	GO:0003723	RNA binding	molecular_function
ENSG00000156508	GO:0005576	extracellular region	cellular_component
ENSG00000156508	GO:0005840	ribosome	cellular_component
ENSG00000156508	GO:0005886	plasma membrane	cellular_component
ENSG00000156515	GO:0002376	immune system process	biological_process
ENSG00000156515	GO:0005739	mitochondrion	cellular_component
ENSG00000156531	GO:0003723	RNA binding	molecular_function
ENSG00000156587	GO:0002376	immune system process	biological_process
ENSG00000156642	GO:0005886	plasma membrane	cellular_component
ENSG00000156650	GO:0002376	immune system process	biological_process
ENSG00000156671	GO:0005886	plasma membrane	cellular_component
ENSG00000156697	GO:0003723	RNA binding	molecular_function
ENSG00000156709	GO:0005739	mitochondrion	cellular_component
ENSG00000156802	GO:0005576	extracellular region	cellular_component
ENSG00000156968	GO:0005739	mitochondrion	cellular_component
ENSG00000156976	GO:0003723	RNA binding	molecular_function
ENSG00000156983	GO:0002376	immune system process	biological_process
ENSG00000157020	GO:0005576	extracellular region	cellular_component
ENSG00000157036	GO:0005739	mitochondrion	cellular_component
ENSG00000157107	GO:0005886	plasma membrane	cellular_component
ENSG00000157110	GO:0003723	RNA binding	molecular_function
ENSG00000157152	GO:0005886	plasma membrane	cellular_component
ENSG00000157168	GO:0005576	extracellular region	cellular_component
ENSG00000157168	GO:0005886	plasma membrane	cellular_component
ENSG00000157184	GO:0005739	mitochondrion	cellular_component
ENSG00000157191	GO:0005886	plasma membrane	cellular_component
ENSG00000157193	GO:0002376	immune system process	biological_process
ENSG00000157193	GO:0005576	extracellular region	cellular_component
ENSG00000157193	GO:0005886	plasma membrane	cellular_component
ENSG00000157212	GO:0002376	immune system process	biological_process
ENSG00000157214	GO:0005886	plasma membrane	cellular_component
ENSG00000157224	GO:0005886	plasma membrane	cellular_component
ENSG00000157227	GO:0002376	immune system process	biological_process
ENSG00000157227	GO:0005576	extracellular region	cellular_component
ENSG00000157227	GO:0005886	plasma membrane	cellular_component
ENSG00000157240	GO:0005886	plasma membrane	cellular_component
ENSG00000157349	GO:0003723	RNA binding	molecular_function
ENSG00000157349	GO:0005576	extracellular region	cellular_component
ENSG00000157404	GO:0002376	immune system process	biological_process
ENSG00000157404	GO:0005886	plasma membrane	cellular_component
ENSG00000157483	GO:0005576	extracellular region	cellular_component
ENSG00000157483	GO:0005886	plasma membrane	cellular_component
ENSG00000157500	GO:0002376	immune system process	biological_process
ENSG00000157500	GO:0005576	extracellular region	cellular_component
ENSG00000157500	GO:0005886	plasma membrane	cellular_component
ENSG00000157514	GO:0002376	immune system process	biological_process
ENSG00000157570	GO:0005886	plasma membrane	cellular_component
ENSG00000157625	GO:0005576	extracellular region	cellular_component
ENSG00000157625	GO:0005886	plasma membrane	cellular_component
ENSG00000157654	GO:0005886	plasma membrane	cellular_component
ENSG00000157693	GO:0005886	plasma membrane	cellular_component
ENSG00000157764	GO:0005739	mitochondrion	cellular_component
ENSG00000157764	GO:0005886	plasma membrane	cellular_component
ENSG00000157837	GO:0002376	immune system process	biological_process
ENSG00000157837	GO:0005886	plasma membrane	cellular_component
ENSG00000157869	GO:0005886	plasma membrane	cellular_component
ENSG00000157870	GO:0005576	extracellular region	cellular_component
ENSG00000157870	GO:0005739	mitochondrion	cellular_component
ENSG00000157978	GO:0005886	plasma membrane	cellular_component
ENSG00000158042	GO:0005739	mitochondrion	cellular_component
ENSG00000158042	GO:0005840	ribosome	cellular_component
ENSG00000158092	GO:0002376	immune system process	biological_process
ENSG00000158092	GO:0005840	ribosome	cellular_component
ENSG00000158092	GO:0005886	plasma membrane	cellular_component
ENSG00000158109	GO:0005576	extracellular region	cellular_component
ENSG00000158156	GO:0002376	immune system process	biological_process
ENSG00000158156	GO:0005886	plasma membrane	cellular_component
ENSG00000158158	GO:0005886	plasma membrane	cellular_component
ENSG00000158186	GO:0005886	plasma membrane	cellular_component
ENSG00000158195	GO:0005576	extracellular region	cellular_component
ENSG00000158195	GO:0005886	plasma membrane	cellular_component
ENSG00000158201	GO:0005886	plasma membrane	cellular_component
ENSG00000158270	GO:0002376	immune system process	biological_process
ENSG00000158270	GO:0005576	extracellular region	cellular_component
ENSG00000158270	GO:0005886	plasma membrane	cellular_component
ENSG00000158290	GO:0002376	immune system process	biological_process
ENSG00000158290	GO:0005576	extracellular region	cellular_component
ENSG00000158402	GO:0005739	mitochondrion	cellular_component
ENSG00000158411	GO:0005576	extracellular region	cellular_component
ENSG00000158417	GO:0003723	RNA binding	molecular_function
ENSG00000158457	GO:0005886	plasma membrane	cellular_component
ENSG00000158545	GO:0003723	RNA binding	molecular_function
ENSG00000158555	GO:0005886	plasma membrane	cellular_component
ENSG00000158710	GO:0005576	extracellular region	cellular_component
ENSG00000158715	GO:0005886	plasma membrane	cellular_component
ENSG00000158717	GO:0002376	immune system process	biological_process
ENSG00000158747	GO:0002376	immune system process	biological_process
ENSG00000158747	GO:0005576	extracellular region	cellular_component
ENSG00000158793	GO:0005739	mitochondrion	cellular_component
ENSG00000158813	GO:0002376	immune system process	biological_process
ENSG00000158813	GO:0005576	extracellular region	cellular_component
ENSG00000158813	GO:0005886	plasma membrane	cellular_component
ENSG00000158825	GO:0005576	extracellular region	cellular_component
ENSG00000158828	GO:0005739	mitochondrion	cellular_component
ENSG00000158850	GO:0005576	extracellular region	cellular_component
ENSG00000158856	GO:0002376	immune system process	biological_process
ENSG00000158856	GO:0005886	plasma membrane	cellular_component
ENSG00000158864	GO:0005739	mitochondrion	cellular_component
ENSG00000158882	GO:0005739	mitochondrion	cellular_component
ENSG00000158941	GO:0003723	RNA binding	molecular_function
ENSG00000158941	GO:0005739	mitochondrion	cellular_component
ENSG00000158966	GO:0005886	plasma membrane	cellular_component
ENSG00000158985	GO:0005886	plasma membrane	cellular_component
ENSG00000159023	GO:0005886	plasma membrane	cellular_component
ENSG00000159111	GO:0003723	RNA binding	molecular_function
ENSG00000159111	GO:0005739	mitochondrion	cellular_component
ENSG00000159111	GO:0005840	ribosome	cellular_component
ENSG00000159128	GO:0002376	immune system process	biological_process
ENSG00000159128	GO:0005886	plasma membrane	cellular_component
ENSG00000159131	GO:0005576	extracellular region	cellular_component
ENSG00000159140	GO:0003723	RNA binding	molecular_function
ENSG00000159164	GO:0005886	plasma membrane	cellular_component
ENSG00000159167	GO:0005576	extracellular region	cellular_component
ENSG00000159167	GO:0005886	plasma membrane	cellular_component
ENSG00000159176	GO:0003723	RNA binding	molecular_function
ENSG00000159176	GO:0005576	extracellular region	cellular_component
ENSG00000159199	GO:0005739	mitochondrion	cellular_component
ENSG00000159210	GO:0005576	extracellular region	cellular_component
ENSG00000159210	GO:0005886	plasma membrane	cellular_component
ENSG00000159216	GO:0002376	immune system process	biological_process
ENSG00000159217	GO:0003723	RNA binding	molecular_function
ENSG00000159228	GO:0005576	extracellular region	cellular_component
ENSG00000159251	GO:0005576	extracellular region	cellular_component
ENSG00000159256	GO:0002376	immune system process	biological_process
ENSG00000159256	GO:0003723	RNA binding	molecular_function
ENSG00000159322	GO:0005576	extracellular region	cellular_component
ENSG00000159335	GO:0002376	immune system process	biological_process
ENSG00000159346	GO:0005886	plasma membrane	cellular_component
ENSG00000159348	GO:0005576	extracellular region	cellular_component
ENSG00000159348	GO:0005739	mitochondrion	cellular_component
ENSG00000159348	GO:0005886	plasma membrane	cellular_component
ENSG00000159352	GO:0002376	immune system process	biological_process
ENSG00000159352	GO:0003723	RNA binding	molecular_function
ENSG00000159388	GO:0005576	extracellular region	cellular_component
ENSG00000159399	GO:0005739	mitochondrion	cellular_component
ENSG00000159403	GO:0002376	immune system process	biological_process
ENSG00000159403	GO:0005576	extracellular region	cellular_component
ENSG00000159423	GO:0005739	mitochondrion	cellular_component
ENSG00000159445	GO:0005739	mitochondrion	cellular_component
ENSG00000159445	GO:0005886	plasma membrane	cellular_component
ENSG00000159579	GO:0005576	extracellular region	cellular_component
ENSG00000159593	GO:0005886	plasma membrane	cellular_component
ENSG00000159596	GO:0005739	mitochondrion	cellular_component
ENSG00000159685	GO:0005739	mitochondrion	cellular_component
ENSG00000159692	GO:0003723	RNA binding	molecular_function
ENSG00000159714	GO:0002376	immune system process	biological_process
ENSG00000159714	GO:0005576	extracellular region	cellular_component
ENSG00000159720	GO:0005576	extracellular region	cellular_component
ENSG00000159720	GO:0005886	plasma membrane	cellular_component
ENSG00000159788	GO:0005886	plasma membrane	cellular_component
ENSG00000159792	GO:0005886	plasma membrane	cellular_component
ENSG00000159840	GO:0003723	RNA binding	molecular_function
ENSG00000159899	GO:0005886	plasma membrane	cellular_component
ENSG00000160007	GO:0005886	plasma membrane	cellular_component
ENSG00000160014	GO:0005739	mitochondrion	cellular_component
ENSG00000160014	GO:0005886	plasma membrane	cellular_component
ENSG00000160072	GO:0005739	mitochondrion	cellular_component
ENSG00000160072	GO:0005886	plasma membrane	cellular_component
ENSG00000160113	GO:0005739	mitochondrion	cellular_component
ENSG00000160179	GO:0005739	mitochondrion	cellular_component
ENSG00000160179	GO:0005886	plasma membrane	cellular_component
ENSG00000160191	GO:0005886	plasma membrane	cellular_component
ENSG00000160194	GO:0003723	RNA binding	molecular_function
ENSG00000160194	GO:0005739	mitochondrion	cellular_component
ENSG00000160208	GO:0003723	RNA binding	molecular_function
ENSG00000160209	GO:0005576	extracellular region	cellular_component
ENSG00000160211	GO:0002376	immune system process	biological_process
ENSG00000160211	GO:0005576	extracellular region	cellular_component
ENSG00000160211	GO:0005886	plasma membrane	cellular_component
ENSG00000160213	GO:0003723	RNA binding	molecular_function
ENSG00000160213	GO:0005576	extracellular region	cellular_component
ENSG00000160214	GO:0003723	RNA binding	molecular_function
ENSG00000160216	GO:0005886	plasma membrane	cellular_component
ENSG00000160226	GO:0005739	mitochondrion	cellular_component
ENSG00000160226	GO:0005886	plasma membrane	cellular_component
ENSG00000160233	GO:0005886	plasma membrane	cellular_component
ENSG00000160294	GO:0002376	immune system process	biological_process
ENSG00000160305	GO:0005739	mitochondrion	cellular_component
ENSG00000160305	GO:0005886	plasma membrane	cellular_component
ENSG00000160325	GO:0005886	plasma membrane	cellular_component
ENSG00000160326	GO:0005886	plasma membrane	cellular_component
ENSG00000160360	GO:0005886	plasma membrane	cellular_component
ENSG00000160404	GO:0005576	extracellular region	cellular_component
ENSG00000160410	GO:0005886	plasma membrane	cellular_component
ENSG00000160439	GO:0005739	mitochondrion	cellular_component
ENSG00000160446	GO:0002376	immune system process	biological_process
ENSG00000160588	GO:0005886	plasma membrane	cellular_component
ENSG00000160606	GO:0005886	plasma membrane	cellular_component
ENSG00000160633	GO:0003723	RNA binding	molecular_function
ENSG00000160679	GO:0003723	RNA binding	molecular_function
ENSG00000160685	GO:0002376	immune system process	biological_process
ENSG00000160688	GO:0005739	mitochondrion	cellular_component
ENSG00000160691	GO:0005739	mitochondrion	cellular_component
ENSG00000160691	GO:0005886	plasma membrane	cellular_component
ENSG00000160703	GO:0002376	immune system process	biological_process
ENSG00000160703	GO:0005739	mitochondrion	cellular_component
ENSG00000160710	GO:0002376	immune system process	biological_process
ENSG00000160710	GO:0003723	RNA binding	molecular_function
ENSG00000160710	GO:0005739	mitochondrion	cellular_component
ENSG00000160712	GO:0002376	immune system process	biological_process
ENSG00000160712	GO:0005576	extracellular region	cellular_component
ENSG00000160712	GO:0005886	plasma membrane	cellular_component
ENSG00000160741	GO:0005576	extracellular region	cellular_component
ENSG00000160746	GO:0005886	plasma membrane	cellular_component
ENSG00000160785	GO:0005739	mitochondrion	cellular_component
ENSG00000160796	GO:0005886	plasma membrane	cellular_component
ENSG00000160867	GO:0005576	extracellular region	cellular_component
ENSG00000160867	GO:0005886	plasma membrane	cellular_component
ENSG00000160886	GO:0005576	extracellular region	cellular_component
ENSG00000160886	GO:0005886	plasma membrane	cellular_component
ENSG00000160917	GO:0003723	RNA binding	molecular_function
ENSG00000160932	GO:0002376	immune system process	biological_process
ENSG00000160932	GO:0005576	extracellular region	cellular_component
ENSG00000160932	GO:0005886	plasma membrane	cellular_component
ENSG00000160948	GO:0005576	extracellular region	cellular_component
ENSG00000160948	GO:0005886	plasma membrane	cellular_component
ENSG00000160959	GO:0002376	immune system process	biological_process
ENSG00000160972	GO:0005886	plasma membrane	cellular_component
ENSG00000161011	GO:0002376	immune system process	biological_process
ENSG00000161011	GO:0005576	extracellular region	cellular_component
ENSG00000161011	GO:0005739	mitochondrion	cellular_component
ENSG00000161016	GO:0003723	RNA binding	molecular_function
ENSG00000161016	GO:0005840	ribosome	cellular_component
ENSG00000161048	GO:0005576	extracellular region	cellular_component
ENSG00000161048	GO:0005886	plasma membrane	cellular_component
ENSG00000161057	GO:0002376	immune system process	biological_process
ENSG00000161057	GO:0005576	extracellular region	cellular_component
ENSG00000161091	GO:0005886	plasma membrane	cellular_component
ENSG00000161203	GO:0005576	extracellular region	cellular_component
ENSG00000161203	GO:0005886	plasma membrane	cellular_component
ENSG00000161217	GO:0002376	immune system process	biological_process
ENSG00000161249	GO:0005576	extracellular region	cellular_component
ENSG00000161267	GO:0005739	mitochondrion	cellular_component
ENSG00000161513	GO:0005739	mitochondrion	cellular_component
ENSG00000161547	GO:0003723	RNA binding	molecular_function
ENSG00000161558	GO:0005739	mitochondrion	cellular_component
ENSG00000161638	GO:0005886	plasma membrane	cellular_component
ENSG00000161642	GO:0003723	RNA binding	molecular_function
ENSG00000161647	GO:0005886	plasma membrane	cellular_component
ENSG00000161654	GO:0003723	RNA binding	molecular_function
ENSG00000161671	GO:0005576	extracellular region	cellular_component
ENSG00000161714	GO:0005886	plasma membrane	cellular_component
ENSG00000161800	GO:0002376	immune system process	biological_process
ENSG00000161800	GO:0005576	extracellular region	cellular_component
ENSG00000161800	GO:0005739	mitochondrion	cellular_component
ENSG00000161800	GO:0005886	plasma membrane	cellular_component
ENSG00000161813	GO:0003723	RNA binding	molecular_function
ENSG00000161813	GO:0005840	ribosome	cellular_component
ENSG00000161847	GO:0003723	RNA binding	molecular_function
ENSG00000161914	GO:0005576	extracellular region	cellular_component
ENSG00000161921	GO:0002376	immune system process	biological_process
ENSG00000161921	GO:0005576	extracellular region	cellular_component
ENSG00000161921	GO:0005886	plasma membrane	cellular_component
ENSG00000161970	GO:0003723	RNA binding	molecular_function
ENSG00000161970	GO:0005576	extracellular region	cellular_component
ENSG00000161970	GO:0005840	ribosome	cellular_component
ENSG00000161980	GO:0002376	immune system process	biological_process
ENSG00000162032	GO:0002376	immune system process	biological_process
ENSG00000162065	GO:0005886	plasma membrane	cellular_component
ENSG00000162076	GO:0003723	RNA binding	molecular_function
ENSG00000162104	GO:0005886	plasma membrane	cellular_component
ENSG00000162129	GO:0002376	immune system process	biological_process
ENSG00000162129	GO:0005739	mitochondrion	cellular_component
ENSG00000162139	GO:0005886	plasma membrane	cellular_component
ENSG00000162227	GO:0005576	extracellular region	cellular_component
ENSG00000162231	GO:0003723	RNA binding	molecular_function
ENSG00000162241	GO:0005739	mitochondrion	cellular_component
ENSG00000162244	GO:0003723	RNA binding	molecular_function
ENSG00000162244	GO:0005840	ribosome	cellular_component
ENSG00000162298	GO:0002376	immune system process	biological_process
ENSG00000162298	GO:0005886	plasma membrane	cellular_component
ENSG00000162337	GO:0002376	immune system process	biological_process
ENSG00000162337	GO:0005886	plasma membrane	cellular_component
ENSG00000162368	GO:0005576	extracellular region	cellular_component
ENSG00000162377	GO:0005739	mitochondrion	cellular_component
ENSG00000162385	GO:0003723	RNA binding	molecular_function
ENSG00000162390	GO:0005576	extracellular region	cellular_component
ENSG00000162390	GO:0005739	mitochondrion	cellular_component
ENSG00000162396	GO:0005739	mitochondrion	cellular_component
ENSG00000162407	GO:0005886	plasma membrane	cellular_component
ENSG00000162433	GO:0005739	mitochondrion	cellular_component
ENSG00000162434	GO:0002376	immune system process	biological_process
ENSG00000162434	GO:0005886	plasma membrane	cellular_component
ENSG00000162437	GO:0003723	RNA binding	molecular_function
ENSG00000162493	GO:0002376	immune system process	biological_process
ENSG00000162493	GO:0005886	plasma membrane	cellular_component
ENSG00000162496	GO:0005886	plasma membrane	cellular_component
ENSG00000162512	GO:0005576	extracellular region	cellular_component
ENSG00000162512	GO:0005886	plasma membrane	cellular_component
ENSG00000162520	GO:0005886	plasma membrane	cellular_component
ENSG00000162522	GO:0005886	plasma membrane	cellular_component
ENSG00000162551	GO:0005576	extracellular region	cellular_component
ENSG00000162551	GO:0005739	mitochondrion	cellular_component
ENSG00000162551	GO:0005886	plasma membrane	cellular_component
ENSG00000162576	GO:0005576	extracellular region	cellular_component
ENSG00000162576	GO:0005886	plasma membrane	cellular_component
ENSG00000162591	GO:0005576	extracellular region	cellular_component
ENSG00000162591	GO:0005886	plasma membrane	cellular_component
ENSG00000162600	GO:0005739	mitochondrion	cellular_component
ENSG00000162604	GO:0005886	plasma membrane	cellular_component
ENSG00000162613	GO:0003723	RNA binding	molecular_function
ENSG00000162614	GO:0005886	plasma membrane	cellular_component
ENSG00000162616	GO:0005886	plasma membrane	cellular_component
ENSG00000162639	GO:0003723	RNA binding	molecular_function
ENSG00000162642	GO:0003723	RNA binding	molecular_function
ENSG00000162645	GO:0002376	immune system process	biological_process
ENSG00000162664	GO:0003723	RNA binding	molecular_function
ENSG00000162688	GO:0005576	extracellular region	cellular_component
ENSG00000162694	GO:0005576	extracellular region	cellular_component
ENSG00000162695	GO:0005739	mitochondrion	cellular_component
ENSG00000162704	GO:0005576	extracellular region	cellular_component
ENSG00000162729	GO:0005576	extracellular region	cellular_component
ENSG00000162729	GO:0005886	plasma membrane	cellular_component
ENSG00000162733	GO:0005886	plasma membrane	cellular_component
ENSG00000162735	GO:0005886	plasma membrane	cellular_component
ENSG00000162738	GO:0005886	plasma membrane	cellular_component
ENSG00000162745	GO:0005576	extracellular region	cellular_component
ENSG00000162769	GO:0002376	immune system process	biological_process
ENSG00000162769	GO:0005739	mitochondrion	cellular_component
ENSG00000162769	GO:0005886	plasma membrane	cellular_component
ENSG00000162775	GO:0002376	immune system process	biological_process
ENSG00000162775	GO:0003723	RNA binding	molecular_function
ENSG00000162813	GO:0005739	mitochondrion	cellular_component
ENSG00000162819	GO:0005576	extracellular region	cellular_component
ENSG00000162836	GO:0005739	mitochondrion	cellular_component
ENSG00000162851	GO:0003723	RNA binding	molecular_function
ENSG00000162851	GO:0005739	mitochondrion	cellular_component
ENSG00000162852	GO:0005886	plasma membrane	cellular_component
ENSG00000162869	GO:0003723	RNA binding	molecular_function
ENSG00000162878	GO:0005576	extracellular region	cellular_component
ENSG00000162889	GO:0002376	immune system process	biological_process
ENSG00000162889	GO:0005576	extracellular region	cellular_component
ENSG00000162909	GO:0005576	extracellular region	cellular_component
ENSG00000162909	GO:0005886	plasma membrane	cellular_component
ENSG00000162910	GO:0005739	mitochondrion	cellular_component
ENSG00000162910	GO:0005840	ribosome	cellular_component
ENSG00000162923	GO:0005739	mitochondrion	cellular_component
ENSG00000162927	GO:0003723	RNA binding	molecular_function
ENSG00000162927	GO:0005739	mitochondrion	cellular_component
ENSG00000162929	GO:0002376	immune system process	biological_process
ENSG00000162971	GO:0003723	RNA binding	molecular_function
ENSG00000162972	GO:0005739	mitochondrion	cellular_component
ENSG00000163017	GO:0005576	extracellular region	cellular_component
ENSG00000163053	GO:0005886	plasma membrane	cellular_component
ENSG00000163069	GO:0005886	plasma membrane	cellular_component
ENSG00000163131	GO:0002376	immune system process	biological_process
ENSG00000163131	GO:0005576	extracellular region	cellular_component
ENSG00000163170	GO:0005739	mitochondrion	cellular_component
ENSG00000163171	GO:0005886	plasma membrane	cellular_component
ENSG00000163191	GO:0005576	extracellular region	cellular_component
ENSG00000163214	GO:0003723	RNA binding	molecular_function
ENSG00000163235	GO:0005576	extracellular region	cellular_component
ENSG00000163235	GO:0005886	plasma membrane	cellular_component
ENSG00000163249	GO:0005886	plasma membrane	cellular_component
ENSG00000163251	GO:0002376	immune system process	biological_process
ENSG00000163251	GO:0005886	plasma membrane	cellular_component
ENSG00000163297	GO:0005576	extracellular region	cellular_component
ENSG00000163297	GO:0005886	plasma membrane	cellular_component
ENSG00000163319	GO:0003723	RNA binding	molecular_function
ENSG00000163319	GO:0005739	mitochondrion	cellular_component
ENSG00000163319	GO:0005840	ribosome	cellular_component
ENSG00000163328	GO:0005576	extracellular region	cellular_component
ENSG00000163344	GO:0005576	extracellular region	cellular_component
ENSG00000163347	GO:0002376	immune system process	biological_process
ENSG00000163347	GO:0005886	plasma membrane	cellular_component
ENSG00000163362	GO:0002376	immune system process	biological_process
ENSG00000163382	GO:0005576	extracellular region	cellular_component
ENSG00000163382	GO:0005739	mitochondrion	cellular_component
ENSG00000163399	GO:0005576	extracellular region	cellular_component
ENSG00000163399	GO:0005886	plasma membrane	cellular_component
ENSG00000163412	GO:0003723	RNA binding	molecular_function
ENSG00000163430	GO:0005576	extracellular region	cellular_component
ENSG00000163453	GO:0005576	extracellular region	cellular_component
ENSG00000163466	GO:0005576	extracellular region	cellular_component
ENSG00000163466	GO:0005886	plasma membrane	cellular_component
ENSG00000163468	GO:0003723	RNA binding	molecular_function
ENSG00000163468	GO:0005576	extracellular region	cellular_component
ENSG00000163481	GO:0005840	ribosome	cellular_component
ENSG00000163510	GO:0003723	RNA binding	molecular_function
ENSG00000163512	GO:0002376	immune system process	biological_process
ENSG00000163513	GO:0002376	immune system process	biological_process
ENSG00000163513	GO:0005576	extracellular region	cellular_component
ENSG00000163513	GO:0005886	plasma membrane	cellular_component
ENSG00000163517	GO:0005886	plasma membrane	cellular_component
ENSG00000163520	GO:0005576	extracellular region	cellular_component
ENSG00000163528	GO:0005739	mitochondrion	cellular_component
ENSG00000163531	GO:0005886	plasma membrane	cellular_component
ENSG00000163536	GO:0005576	extracellular region	cellular_component
ENSG00000163539	GO:0005886	plasma membrane	cellular_component
ENSG00000163558	GO:0005576	extracellular region	cellular_component
ENSG00000163558	GO:0005886	plasma membrane	cellular_component
ENSG00000163565	GO:0002376	immune system process	biological_process
ENSG00000163565	GO:0003723	RNA binding	molecular_function
ENSG00000163577	GO:0003723	RNA binding	molecular_function
ENSG00000163584	GO:0003723	RNA binding	molecular_function
ENSG00000163584	GO:0005840	ribosome	cellular_component
ENSG00000163608	GO:0003723	RNA binding	molecular_function
ENSG00000163626	GO:0005739	mitochondrion	cellular_component
ENSG00000163629	GO:0005576	extracellular region	cellular_component
ENSG00000163629	GO:0005886	plasma membrane	cellular_component
ENSG00000163636	GO:0002376	immune system process	biological_process
ENSG00000163636	GO:0005576	extracellular region	cellular_component
ENSG00000163644	GO:0005739	mitochondrion	cellular_component
ENSG00000163661	GO:0002376	immune system process	biological_process
ENSG00000163661	GO:0005576	extracellular region	cellular_component
ENSG00000163682	GO:0003723	RNA binding	molecular_function
ENSG00000163682	GO:0005840	ribosome	cellular_component
ENSG00000163684	GO:0003723	RNA binding	molecular_function
ENSG00000163686	GO:0005739	mitochondrion	cellular_component
ENSG00000163686	GO:0005886	plasma membrane	cellular_component
ENSG00000163694	GO:0002376	immune system process	biological_process
ENSG00000163694	GO:0003723	RNA binding	molecular_function
ENSG00000163702	GO:0002376	immune system process	biological_process
ENSG00000163702	GO:0005886	plasma membrane	cellular_component
ENSG00000163710	GO:0005576	extracellular region	cellular_component
ENSG00000163714	GO:0003723	RNA binding	molecular_function
ENSG00000163738	GO:0005739	mitochondrion	cellular_component
ENSG00000163754	GO:0005576	extracellular region	cellular_component
ENSG00000163785	GO:0005886	plasma membrane	cellular_component
ENSG00000163798	GO:0003723	RNA binding	molecular_function
ENSG00000163811	GO:0003723	RNA binding	molecular_function
ENSG00000163814	GO:0005576	extracellular region	cellular_component
ENSG00000163814	GO:0005886	plasma membrane	cellular_component
ENSG00000163840	GO:0002376	immune system process	biological_process
ENSG00000163866	GO:0005739	mitochondrion	cellular_component
ENSG00000163870	GO:0005886	plasma membrane	cellular_component
ENSG00000163874	GO:0002376	immune system process	biological_process
ENSG00000163874	GO:0003723	RNA binding	molecular_function
ENSG00000163877	GO:0003723	RNA binding	molecular_function
ENSG00000163898	GO:0005576	extracellular region	cellular_component
ENSG00000163898	GO:0005886	plasma membrane	cellular_component
ENSG00000163923	GO:0005840	ribosome	cellular_component
ENSG00000163930	GO:0002376	immune system process	biological_process
ENSG00000163931	GO:0005576	extracellular region	cellular_component
ENSG00000163932	GO:0002376	immune system process	biological_process
ENSG00000163932	GO:0005576	extracellular region	cellular_component
ENSG00000163932	GO:0005739	mitochondrion	cellular_component
ENSG00000163932	GO:0005886	plasma membrane	cellular_component
ENSG00000163938	GO:0003723	RNA binding	molecular_function
ENSG00000163946	GO:0003723	RNA binding	molecular_function
ENSG00000163950	GO:0003723	RNA binding	molecular_function
ENSG00000163961	GO:0002376	immune system process	biological_process
ENSG00000163975	GO:0005576	extracellular region	cellular_component
ENSG00000163975	GO:0005886	plasma membrane	cellular_component
ENSG00000163993	GO:0005576	extracellular region	cellular_component
ENSG00000163993	GO:0005886	plasma membrane	cellular_component
ENSG00000164010	GO:0002376	immune system process	biological_process
ENSG00000164010	GO:0005886	plasma membrane	cellular_component
ENSG00000164023	GO:0005886	plasma membrane	cellular_component
ENSG00000164032	GO:0005576	extracellular region	cellular_component
ENSG00000164038	GO:0005739	mitochondrion	cellular_component
ENSG00000164038	GO:0005886	plasma membrane	cellular_component
ENSG00000164039	GO:0005576	extracellular region	cellular_component
ENSG00000164040	GO:0005576	extracellular region	cellular_component
ENSG00000164050	GO:0005576	extracellular region	cellular_component
ENSG00000164050	GO:0005886	plasma membrane	cellular_component
ENSG00000164051	GO:0005739	mitochondrion	cellular_component
ENSG00000164056	GO:0005886	plasma membrane	cellular_component
ENSG00000164062	GO:0003723	RNA binding	molecular_function
ENSG00000164062	GO:0005576	extracellular region	cellular_component
ENSG00000164073	GO:0005739	mitochondrion	cellular_component
ENSG00000164074	GO:0005576	extracellular region	cellular_component
ENSG00000164074	GO:0005739	mitochondrion	cellular_component
ENSG00000164091	GO:0003723	RNA binding	molecular_function
ENSG00000164099	GO:0005576	extracellular region	cellular_component
ENSG00000164099	GO:0005886	plasma membrane	cellular_component
ENSG00000164104	GO:0002376	immune system process	biological_process
ENSG00000164104	GO:0003723	RNA binding	molecular_function
ENSG00000164104	GO:0005576	extracellular region	cellular_component
ENSG00000164111	GO:0005576	extracellular region	cellular_component
ENSG00000164111	GO:0005886	plasma membrane	cellular_component
ENSG00000164120	GO:0005576	extracellular region	cellular_component
ENSG00000164120	GO:0005886	plasma membrane	cellular_component
ENSG00000164134	GO:0003723	RNA binding	molecular_function
ENSG00000164163	GO:0005739	mitochondrion	cellular_component
ENSG00000164163	GO:0005840	ribosome	cellular_component
ENSG00000164164	GO:0002376	immune system process	biological_process
ENSG00000164164	GO:0003723	RNA binding	molecular_function
ENSG00000164167	GO:0003723	RNA binding	molecular_function
ENSG00000164171	GO:0002376	immune system process	biological_process
ENSG00000164171	GO:0005886	plasma membrane	cellular_component
ENSG00000164176	GO:0005576	extracellular region	cellular_component
ENSG00000164180	GO:0005886	plasma membrane	cellular_component
ENSG00000164182	GO:0005739	mitochondrion	cellular_component
ENSG00000164187	GO:0005886	plasma membrane	cellular_component
ENSG00000164190	GO:0005576	extracellular region	cellular_component
ENSG00000164209	GO:0005739	mitochondrion	cellular_component
ENSG00000164237	GO:0005576	extracellular region	cellular_component
ENSG00000164241	GO:0005739	mitochondrion	cellular_component
ENSG00000164251	GO:0002376	immune system process	biological_process
ENSG00000164251	GO:0005886	plasma membrane	cellular_component
ENSG00000164252	GO:0005576	extracellular region	cellular_component
ENSG00000164253	GO:0002376	immune system process	biological_process
ENSG00000164258	GO:0005739	mitochondrion	cellular_component
ENSG00000164284	GO:0005739	mitochondrion	cellular_component
ENSG00000164291	GO:0005576	extracellular region	cellular_component
ENSG00000164292	GO:0005576	extracellular region	cellular_component
ENSG00000164300	GO:0002376	immune system process	biological_process
ENSG00000164300	GO:0005576	extracellular region	cellular_component
ENSG00000164300	GO:0005886	plasma membrane	cellular_component
ENSG00000164305	GO:0002376	immune system process	biological_process
ENSG00000164305	GO:0005886	plasma membrane	cellular_component
ENSG00000164306	GO:0005739	mitochondrion	cellular_component
ENSG00000164307	GO:0002376	immune system process	biological_process
ENSG00000164307	GO:0005576	extracellular region	cellular_component
ENSG00000164308	GO:0002376	immune system process	biological_process
ENSG00000164327	GO:0005886	plasma membrane	cellular_component
ENSG00000164331	GO:0005886	plasma membrane	cellular_component
ENSG00000164338	GO:0003723	RNA binding	molecular_function
ENSG00000164342	GO:0002376	immune system process	biological_process
ENSG00000164342	GO:0003723	RNA binding	molecular_function
ENSG00000164342	GO:0005886	plasma membrane	cellular_component
ENSG00000164346	GO:0003723	RNA binding	molecular_function
ENSG00000164347	GO:0005739	mitochondrion	cellular_component
ENSG00000164366	GO:0005739	mitochondrion	cellular_component
ENSG00000164403	GO:0005886	plasma membrane	cellular_component
ENSG00000164405	GO:0005739	mitochondrion	cellular_component
ENSG00000164414	GO:0005886	plasma membrane	cellular_component
ENSG00000164430	GO:0002376	immune system process	biological_process
ENSG00000164430	GO:0005886	plasma membrane	cellular_component
ENSG00000164442	GO:0002376	immune system process	biological_process
ENSG00000164465	GO:0005886	plasma membrane	cellular_component
ENSG00000164466	GO:0005739	mitochondrion	cellular_component
ENSG00000164494	GO:0005739	mitochondrion	cellular_component
ENSG00000164506	GO:0005886	plasma membrane	cellular_component
ENSG00000164535	GO:0005886	plasma membrane	cellular_component
ENSG00000164548	GO:0003723	RNA binding	molecular_function
ENSG00000164587	GO:0002376	immune system process	biological_process
ENSG00000164587	GO:0003723	RNA binding	molecular_function
ENSG00000164587	GO:0005576	extracellular region	cellular_component
ENSG00000164587	GO:0005840	ribosome	cellular_component
ENSG00000164609	GO:0003723	RNA binding	molecular_function
ENSG00000164610	GO:0003723	RNA binding	molecular_function
ENSG00000164615	GO:0002376	immune system process	biological_process
ENSG00000164619	GO:0005576	extracellular region	cellular_component
ENSG00000164626	GO:0005886	plasma membrane	cellular_component
ENSG00000164638	GO:0005886	plasma membrane	cellular_component
ENSG00000164647	GO:0005886	plasma membrane	cellular_component
ENSG00000164659	GO:0005886	plasma membrane	cellular_component
ENSG00000164687	GO:0005576	extracellular region	cellular_component
ENSG00000164687	GO:0005886	plasma membrane	cellular_component
ENSG00000164692	GO:0005576	extracellular region	cellular_component
ENSG00000164695	GO:0005886	plasma membrane	cellular_component
ENSG00000164713	GO:0005886	plasma membrane	cellular_component
ENSG00000164733	GO:0005576	extracellular region	cellular_component
ENSG00000164733	GO:0005886	plasma membrane	cellular_component
ENSG00000164741	GO:0005886	plasma membrane	cellular_component
ENSG00000164754	GO:0003723	RNA binding	molecular_function
ENSG00000164761	GO:0005576	extracellular region	cellular_component
ENSG00000164761	GO:0005886	plasma membrane	cellular_component
ENSG00000164830	GO:0005739	mitochondrion	cellular_component
ENSG00000164855	GO:0005886	plasma membrane	cellular_component
ENSG00000164877	GO:0005886	plasma membrane	cellular_component
ENSG00000164885	GO:0005886	plasma membrane	cellular_component
ENSG00000164896	GO:0003723	RNA binding	molecular_function
ENSG00000164896	GO:0005739	mitochondrion	cellular_component
ENSG00000164897	GO:0005886	plasma membrane	cellular_component
ENSG00000164898	GO:0005739	mitochondrion	cellular_component
ENSG00000164904	GO:0005576	extracellular region	cellular_component
ENSG00000164904	GO:0005739	mitochondrion	cellular_component
ENSG00000164904	GO:0005886	plasma membrane	cellular_component
ENSG00000164919	GO:0005739	mitochondrion	cellular_component
ENSG00000164924	GO:0002376	immune system process	biological_process
ENSG00000164924	GO:0003723	RNA binding	molecular_function
ENSG00000164924	GO:0005576	extracellular region	cellular_component
ENSG00000164930	GO:0005886	plasma membrane	cellular_component
ENSG00000164933	GO:0005739	mitochondrion	cellular_component
ENSG00000164934	GO:0003723	RNA binding	molecular_function
ENSG00000164944	GO:0003723	RNA binding	molecular_function
ENSG00000164949	GO:0002376	immune system process	biological_process
ENSG00000164949	GO:0005886	plasma membrane	cellular_component
ENSG00000164951	GO:0005739	mitochondrion	cellular_component
ENSG00000164953	GO:0005886	plasma membrane	cellular_component
ENSG00000164967	GO:0003723	RNA binding	molecular_function
ENSG00000164978	GO:0005739	mitochondrion	cellular_component
ENSG00000164983	GO:0005739	mitochondrion	cellular_component
ENSG00000164983	GO:0005886	plasma membrane	cellular_component
ENSG00000164985	GO:0003723	RNA binding	molecular_function
ENSG00000165025	GO:0002376	immune system process	biological_process
ENSG00000165025	GO:0005886	plasma membrane	cellular_component
ENSG00000165030	GO:0002376	immune system process	biological_process
ENSG00000165046	GO:0005739	mitochondrion	cellular_component
ENSG00000165060	GO:0005739	mitochondrion	cellular_component
ENSG00000165092	GO:0005576	extracellular region	cellular_component
ENSG00000165102	GO:0005886	plasma membrane	cellular_component
ENSG00000165119	GO:0003723	RNA binding	molecular_function
ENSG00000165119	GO:0005576	extracellular region	cellular_component
ENSG00000165209	GO:0003723	RNA binding	molecular_function
ENSG00000165219	GO:0005886	plasma membrane	cellular_component
ENSG00000165233	GO:0005739	mitochondrion	cellular_component
ENSG00000165240	GO:0002376	immune system process	biological_process
ENSG00000165240	GO:0005886	plasma membrane	cellular_component
ENSG00000165264	GO:0005739	mitochondrion	cellular_component
ENSG00000165271	GO:0003723	RNA binding	molecular_function
ENSG00000165272	GO:0002376	immune system process	biological_process
ENSG00000165272	GO:0005886	plasma membrane	cellular_component
ENSG00000165275	GO:0003723	RNA binding	molecular_function
ENSG00000165280	GO:0003723	RNA binding	molecular_function
ENSG00000165280	GO:0005576	extracellular region	cellular_component
ENSG00000165283	GO:0002376	immune system process	biological_process
ENSG00000165283	GO:0005739	mitochondrion	cellular_component
ENSG00000165283	GO:0005886	plasma membrane	cellular_component
ENSG00000165304	GO:0005886	plasma membrane	cellular_component
ENSG00000165322	GO:0005886	plasma membrane	cellular_component
ENSG00000165406	GO:0002376	immune system process	biological_process
ENSG00000165410	GO:0005576	extracellular region	cellular_component
ENSG00000165424	GO:0003723	RNA binding	molecular_function
ENSG00000165449	GO:0005886	plasma membrane	cellular_component
ENSG00000165458	GO:0002376	immune system process	biological_process
ENSG00000165458	GO:0005886	plasma membrane	cellular_component
ENSG00000165474	GO:0005886	plasma membrane	cellular_component
ENSG00000165475	GO:0005576	extracellular region	cellular_component
ENSG00000165487	GO:0005739	mitochondrion	cellular_component
ENSG00000165494	GO:0003723	RNA binding	molecular_function
ENSG00000165502	GO:0005840	ribosome	cellular_component
ENSG00000165506	GO:0005576	extracellular region	cellular_component
ENSG00000165507	GO:0005739	mitochondrion	cellular_component
ENSG00000165525	GO:0003723	RNA binding	molecular_function
ENSG00000165525	GO:0005840	ribosome	cellular_component
ENSG00000165527	GO:0005576	extracellular region	cellular_component
ENSG00000165527	GO:0005886	plasma membrane	cellular_component
ENSG00000165533	GO:0005739	mitochondrion	cellular_component
ENSG00000165533	GO:0005886	plasma membrane	cellular_component
ENSG00000165548	GO:0005886	plasma membrane	cellular_component
ENSG00000165609	GO:0003723	RNA binding	molecular_function
ENSG00000165609	GO:0005576	extracellular region	cellular_component
ENSG00000165626	GO:0005576	extracellular region	cellular_component
ENSG00000165629	GO:0003723	RNA binding	molecular_function
ENSG00000165629	GO:0005739	mitochondrion	cellular_component
ENSG00000165633	GO:0005576	extracellular region	cellular_component
ENSG00000165633	GO:0005886	plasma membrane	cellular_component
ENSG00000165637	GO:0005739	mitochondrion	cellular_component
ENSG00000165644	GO:0005739	mitochondrion	cellular_component
ENSG00000165650	GO:0005739	mitochondrion	cellular_component
ENSG00000165672	GO:0005739	mitochondrion	cellular_component
ENSG00000165675	GO:0003723	RNA binding	molecular_function
ENSG00000165675	GO:0005576	extracellular region	cellular_component
ENSG00000165675	GO:0005886	plasma membrane	cellular_component
ENSG00000165678	GO:0005576	extracellular region	cellular_component
ENSG00000165678	GO:0005739	mitochondrion	cellular_component
ENSG00000165699	GO:0005886	plasma membrane	cellular_component
ENSG00000165704	GO:0005576	extracellular region	cellular_component
ENSG00000165724	GO:0005886	plasma membrane	cellular_component
ENSG00000165732	GO:0002376	immune system process	biological_process
ENSG00000165732	GO:0003723	RNA binding	molecular_function
ENSG00000165732	GO:0005739	mitochondrion	cellular_component
ENSG00000165733	GO:0003723	RNA binding	molecular_function
ENSG00000165757	GO:0005886	plasma membrane	cellular_component
ENSG00000165775	GO:0005739	mitochondrion	cellular_component
ENSG00000165782	GO:0005886	plasma membrane	cellular_component
ENSG00000165792	GO:0005739	mitochondrion	cellular_component
ENSG00000165795	GO:0005576	extracellular region	cellular_component
ENSG00000165801	GO:0005886	plasma membrane	cellular_component
ENSG00000165802	GO:0005886	plasma membrane	cellular_component
ENSG00000165806	GO:0003723	RNA binding	molecular_function
ENSG00000165806	GO:0005576	extracellular region	cellular_component
ENSG00000165819	GO:0002376	immune system process	biological_process
ENSG00000165819	GO:0003723	RNA binding	molecular_function
ENSG00000165832	GO:0003723	RNA binding	molecular_function
ENSG00000165832	GO:0005739	mitochondrion	cellular_component
ENSG00000165861	GO:0005739	mitochondrion	cellular_component
ENSG00000165868	GO:0005576	extracellular region	cellular_component
ENSG00000165912	GO:0005576	extracellular region	cellular_component
ENSG00000165912	GO:0005886	plasma membrane	cellular_component
ENSG00000165916	GO:0002376	immune system process	biological_process
ENSG00000165916	GO:0005576	extracellular region	cellular_component
ENSG00000165943	GO:0005739	mitochondrion	cellular_component
ENSG00000165948	GO:0005739	mitochondrion	cellular_component
ENSG00000165949	GO:0002376	immune system process	biological_process
ENSG00000165949	GO:0005739	mitochondrion	cellular_component
ENSG00000165983	GO:0005576	extracellular region	cellular_component
ENSG00000166025	GO:0005886	plasma membrane	cellular_component
ENSG00000166033	GO:0005576	extracellular region	cellular_component
ENSG00000166033	GO:0005886	plasma membrane	cellular_component
ENSG00000166068	GO:0005886	plasma membrane	cellular_component
ENSG00000166073	GO:0005886	plasma membrane	cellular_component
ENSG00000166123	GO:0005739	mitochondrion	cellular_component
ENSG00000166133	GO:0003723	RNA binding	molecular_function
ENSG00000166136	GO:0005739	mitochondrion	cellular_component
ENSG00000166140	GO:0005886	plasma membrane	cellular_component
ENSG00000166145	GO:0005576	extracellular region	cellular_component
ENSG00000166145	GO:0005886	plasma membrane	cellular_component
ENSG00000166165	GO:0005576	extracellular region	cellular_component
ENSG00000166165	GO:0005739	mitochondrion	cellular_component
ENSG00000166165	GO:0005886	plasma membrane	cellular_component
ENSG00000166169	GO:0002376	immune system process	biological_process
ENSG00000166170	GO:0005739	mitochondrion	cellular_component
ENSG00000166173	GO:0003723	RNA binding	molecular_function
ENSG00000166181	GO:0003723	RNA binding	molecular_function
ENSG00000166197	GO:0003723	RNA binding	molecular_function
ENSG00000166206	GO:0005886	plasma membrane	cellular_component
ENSG00000166225	GO:0005886	plasma membrane	cellular_component
ENSG00000166226	GO:0005576	extracellular region	cellular_component
ENSG00000166228	GO:0005576	extracellular region	cellular_component
ENSG00000166250	GO:0005886	plasma membrane	cellular_component
ENSG00000166311	GO:0002376	immune system process	biological_process
ENSG00000166311	GO:0005576	extracellular region	cellular_component
ENSG00000166311	GO:0005886	plasma membrane	cellular_component
ENSG00000166313	GO:0005886	plasma membrane	cellular_component
ENSG00000166321	GO:0005739	mitochondrion	cellular_component
ENSG00000166333	GO:0005886	plasma membrane	cellular_component
ENSG00000166340	GO:0005576	extracellular region	cellular_component
ENSG00000166347	GO:0005739	mitochondrion	cellular_component
ENSG00000166394	GO:0005739	mitochondrion	cellular_component
ENSG00000166401	GO:0005576	extracellular region	cellular_component
ENSG00000166402	GO:0005576	extracellular region	cellular_component
ENSG00000166402	GO:0005886	plasma membrane	cellular_component
ENSG00000166411	GO:0005739	mitochondrion	cellular_component
ENSG00000166441	GO:0003723	RNA binding	molecular_function
ENSG00000166441	GO:0005840	ribosome	cellular_component
ENSG00000166444	GO:0005886	plasma membrane	cellular_component
ENSG00000166477	GO:0002376	immune system process	biological_process
ENSG00000166479	GO:0005886	plasma membrane	cellular_component
ENSG00000166482	GO:0005576	extracellular region	cellular_component
ENSG00000166484	GO:0002376	immune system process	biological_process
ENSG00000166484	GO:0005886	plasma membrane	cellular_component
ENSG00000166526	GO:0002376	immune system process	biological_process
ENSG00000166548	GO:0005739	mitochondrion	cellular_component
ENSG00000166575	GO:0005739	mitochondrion	cellular_component
ENSG00000166598	GO:0002376	immune system process	biological_process
ENSG00000166598	GO:0003723	RNA binding	molecular_function
ENSG00000166598	GO:0005576	extracellular region	cellular_component
ENSG00000166598	GO:0005886	plasma membrane	cellular_component
ENSG00000166710	GO:0002376	immune system process	biological_process
ENSG00000166710	GO:0005576	extracellular region	cellular_component
ENSG00000166710	GO:0005886	plasma membrane	cellular_component
ENSG00000166747	GO:0002376	immune system process	biological_process
ENSG00000166783	GO:0003723	RNA binding	molecular_function
ENSG00000166794	GO:0002376	immune system process	biological_process
ENSG00000166794	GO:0003723	RNA binding	molecular_function
ENSG00000166794	GO:0005576	extracellular region	cellular_component
ENSG00000166816	GO:0005739	mitochondrion	cellular_component
ENSG00000166825	GO:0005576	extracellular region	cellular_component
ENSG00000166825	GO:0005886	plasma membrane	cellular_component
ENSG00000166831	GO:0003723	RNA binding	molecular_function
ENSG00000166845	GO:0005576	extracellular region	cellular_component
ENSG00000166855	GO:0005739	mitochondrion	cellular_component
ENSG00000166860	GO:0002376	immune system process	biological_process
ENSG00000166881	GO:0002376	immune system process	biological_process
ENSG00000166889	GO:0003723	RNA binding	molecular_function
ENSG00000166896	GO:0005739	mitochondrion	cellular_component
ENSG00000166896	GO:0005886	plasma membrane	cellular_component
ENSG00000166900	GO:0005576	extracellular region	cellular_component
ENSG00000166900	GO:0005886	plasma membrane	cellular_component
ENSG00000166902	GO:0003723	RNA binding	molecular_function
ENSG00000166902	GO:0005739	mitochondrion	cellular_component
ENSG00000166902	GO:0005840	ribosome	cellular_component
ENSG00000166908	GO:0005576	extracellular region	cellular_component
ENSG00000166908	GO:0005886	plasma membrane	cellular_component
ENSG00000166913	GO:0005576	extracellular region	cellular_component
ENSG00000166938	GO:0003723	RNA binding	molecular_function
ENSG00000166949	GO:0002376	immune system process	biological_process
ENSG00000166949	GO:0005886	plasma membrane	cellular_component
ENSG00000166965	GO:0005886	plasma membrane	cellular_component
ENSG00000166971	GO:0005886	plasma membrane	cellular_component
ENSG00000166979	GO:0005576	extracellular region	cellular_component
ENSG00000166986	GO:0003723	RNA binding	molecular_function
ENSG00000166986	GO:0005576	extracellular region	cellular_component
ENSG00000166997	GO:0005576	extracellular region	cellular_component
ENSG00000167004	GO:0002376	immune system process	biological_process
ENSG00000167004	GO:0003723	RNA binding	molecular_function
ENSG00000167004	GO:0005576	extracellular region	cellular_component
ENSG00000167005	GO:0003723	RNA binding	molecular_function
ENSG00000167085	GO:0002376	immune system process	biological_process
ENSG00000167085	GO:0005576	extracellular region	cellular_component
ENSG00000167085	GO:0005739	mitochondrion	cellular_component
ENSG00000167085	GO:0005886	plasma membrane	cellular_component
ENSG00000167088	GO:0003723	RNA binding	molecular_function
ENSG00000167106	GO:0002376	immune system process	biological_process
ENSG00000167107	GO:0005739	mitochondrion	cellular_component
ENSG00000167112	GO:0003723	RNA binding	molecular_function
ENSG00000167112	GO:0005739	mitochondrion	cellular_component
ENSG00000167113	GO:0005739	mitochondrion	cellular_component
ENSG00000167114	GO:0005886	plasma membrane	cellular_component
ENSG00000167136	GO:0005739	mitochondrion	cellular_component
ENSG00000167182	GO:0002376	immune system process	biological_process
ENSG00000167186	GO:0005739	mitochondrion	cellular_component
ENSG00000167191	GO:0005576	extracellular region	cellular_component
ENSG00000167191	GO:0005886	plasma membrane	cellular_component
ENSG00000167193	GO:0002376	immune system process	biological_process
ENSG00000167193	GO:0005576	extracellular region	cellular_component
ENSG00000167193	GO:0005886	plasma membrane	cellular_component
ENSG00000167220	GO:0005576	extracellular region	cellular_component
ENSG00000167264	GO:0002376	immune system process	biological_process
ENSG00000167264	GO:0003723	RNA binding	molecular_function
ENSG00000167264	GO:0005739	mitochondrion	cellular_component
ENSG00000167272	GO:0003723	RNA binding	molecular_function
ENSG00000167283	GO:0005739	mitochondrion	cellular_component
ENSG00000167306	GO:0005576	extracellular region	cellular_component
ENSG00000167315	GO:0003723	RNA binding	molecular_function
ENSG00000167315	GO:0005739	mitochondrion	cellular_component
ENSG00000167323	GO:0005886	plasma membrane	cellular_component
ENSG00000167325	GO:0005739	mitochondrion	cellular_component
ENSG00000167333	GO:0002376	immune system process	biological_process
ENSG00000167363	GO:0005739	mitochondrion	cellular_component
ENSG00000167460	GO:0005576	extracellular region	cellular_component
ENSG00000167523	GO:0005739	mitochondrion	cellular_component
ENSG00000167526	GO:0003723	RNA binding	molecular_function
ENSG00000167526	GO:0005840	ribosome	cellular_component
ENSG00000167535	GO:0005886	plasma membrane	cellular_component
ENSG00000167536	GO:0005576	extracellular region	cellular_component
ENSG00000167543	GO:0005886	plasma membrane	cellular_component
ENSG00000167550	GO:0005886	plasma membrane	cellular_component
ENSG00000167552	GO:0005576	extracellular region	cellular_component
ENSG00000167552	GO:0005886	plasma membrane	cellular_component
ENSG00000167601	GO:0002376	immune system process	biological_process
ENSG00000167601	GO:0005576	extracellular region	cellular_component
ENSG00000167601	GO:0005886	plasma membrane	cellular_component
ENSG00000167604	GO:0002376	immune system process	biological_process
ENSG00000167642	GO:0005576	extracellular region	cellular_component
ENSG00000167642	GO:0005886	plasma membrane	cellular_component
ENSG00000167657	GO:0002376	immune system process	biological_process
ENSG00000167658	GO:0003723	RNA binding	molecular_function
ENSG00000167658	GO:0005576	extracellular region	cellular_component
ENSG00000167658	GO:0005840	ribosome	cellular_component
ENSG00000167671	GO:0005576	extracellular region	cellular_component
ENSG00000167680	GO:0005886	plasma membrane	cellular_component
ENSG00000167695	GO:0005886	plasma membrane	cellular_component
ENSG00000167699	GO:0005576	extracellular region	cellular_component
ENSG00000167699	GO:0005739	mitochondrion	cellular_component
ENSG00000167700	GO:0005886	plasma membrane	cellular_component
ENSG00000167703	GO:0005886	plasma membrane	cellular_component
ENSG00000167721	GO:0003723	RNA binding	molecular_function
ENSG00000167733	GO:0005576	extracellular region	cellular_component
ENSG00000167740	GO:0005576	extracellular region	cellular_component
ENSG00000167770	GO:0002376	immune system process	biological_process
ENSG00000167770	GO:0005576	extracellular region	cellular_component
ENSG00000167772	GO:0005576	extracellular region	cellular_component
ENSG00000167775	GO:0002376	immune system process	biological_process
ENSG00000167775	GO:0005886	plasma membrane	cellular_component
ENSG00000167779	GO:0005576	extracellular region	cellular_component
ENSG00000167799	GO:0005739	mitochondrion	cellular_component
ENSG00000167815	GO:0002376	immune system process	biological_process
ENSG00000167815	GO:0005576	extracellular region	cellular_component
ENSG00000167861	GO:0005576	extracellular region	cellular_component
ENSG00000167863	GO:0005739	mitochondrion	cellular_component
ENSG00000167881	GO:0003723	RNA binding	molecular_function
ENSG00000167881	GO:0005840	ribosome	cellular_component
ENSG00000167925	GO:0005576	extracellular region	cellular_component
ENSG00000167930	GO:0005576	extracellular region	cellular_component
ENSG00000167969	GO:0005739	mitochondrion	cellular_component
ENSG00000167972	GO:0005886	plasma membrane	cellular_component
ENSG00000167978	GO:0003723	RNA binding	molecular_function
ENSG00000167985	GO:0005739	mitochondrion	cellular_component
ENSG00000167986	GO:0002376	immune system process	biological_process
ENSG00000167986	GO:0005576	extracellular region	cellular_component
ENSG00000167987	GO:0005576	extracellular region	cellular_component
ENSG00000167996	GO:0002376	immune system process	biological_process
ENSG00000167996	GO:0005576	extracellular region	cellular_component
ENSG00000168002	GO:0003723	RNA binding	molecular_function
ENSG00000168003	GO:0003723	RNA binding	molecular_function
ENSG00000168003	GO:0005576	extracellular region	cellular_component
ENSG00000168003	GO:0005886	plasma membrane	cellular_component
ENSG00000168028	GO:0002376	immune system process	biological_process
ENSG00000168028	GO:0003723	RNA binding	molecular_function
ENSG00000168028	GO:0005576	extracellular region	cellular_component
ENSG00000168028	GO:0005840	ribosome	cellular_component
ENSG00000168028	GO:0005886	plasma membrane	cellular_component
ENSG00000168040	GO:0002376	immune system process	biological_process
ENSG00000168040	GO:0005886	plasma membrane	cellular_component
ENSG00000168056	GO:0005576	extracellular region	cellular_component
ENSG00000168066	GO:0003723	RNA binding	molecular_function
ENSG00000168066	GO:0005840	ribosome	cellular_component
ENSG00000168067	GO:0002376	immune system process	biological_process
ENSG00000168067	GO:0005886	plasma membrane	cellular_component
ENSG00000168092	GO:0005576	extracellular region	cellular_component
ENSG00000168101	GO:0003723	RNA binding	molecular_function
ENSG00000168118	GO:0002376	immune system process	biological_process
ENSG00000168118	GO:0005576	extracellular region	cellular_component
ENSG00000168140	GO:0005576	extracellular region	cellular_component
ENSG00000168140	GO:0005739	mitochondrion	cellular_component
ENSG00000168140	GO:0005886	plasma membrane	cellular_component
ENSG00000168209	GO:0005739	mitochondrion	cellular_component
ENSG00000168216	GO:0005886	plasma membrane	cellular_component
ENSG00000168237	GO:0005739	mitochondrion	cellular_component
ENSG00000168243	GO:0005576	extracellular region	cellular_component
ENSG00000168243	GO:0005886	plasma membrane	cellular_component
ENSG00000168259	GO:0005576	extracellular region	cellular_component
ENSG00000168264	GO:0002376	immune system process	biological_process
ENSG00000168268	GO:0005739	mitochondrion	cellular_component
ENSG00000168273	GO:0005739	mitochondrion	cellular_component
ENSG00000168275	GO:0003723	RNA binding	molecular_function
ENSG00000168275	GO:0005739	mitochondrion	cellular_component
ENSG00000168288	GO:0005739	mitochondrion	cellular_component
ENSG00000168291	GO:0005739	mitochondrion	cellular_component
ENSG00000168297	GO:0005886	plasma membrane	cellular_component
ENSG00000168310	GO:0002376	immune system process	biological_process
ENSG00000168374	GO:0005576	extracellular region	cellular_component
ENSG00000168374	GO:0005886	plasma membrane	cellular_component
ENSG00000168385	GO:0005576	extracellular region	cellular_component
ENSG00000168385	GO:0005886	plasma membrane	cellular_component
ENSG00000168389	GO:0005886	plasma membrane	cellular_component
ENSG00000168393	GO:0005739	mitochondrion	cellular_component
ENSG00000168394	GO:0002376	immune system process	biological_process
ENSG00000168395	GO:0002376	immune system process	biological_process
ENSG00000168397	GO:0005739	mitochondrion	cellular_component
ENSG00000168404	GO:0005886	plasma membrane	cellular_component
ENSG00000168438	GO:0003723	RNA binding	molecular_function
ENSG00000168439	GO:0003723	RNA binding	molecular_function
ENSG00000168461	GO:0005886	plasma membrane	cellular_component
ENSG00000168487	GO:0005576	extracellular region	cellular_component
ENSG00000168488	GO:0003723	RNA binding	molecular_function
ENSG00000168495	GO:0002376	immune system process	biological_process
ENSG00000168496	GO:0005739	mitochondrion	cellular_component
ENSG00000168497	GO:0005886	plasma membrane	cellular_component
ENSG00000168517	GO:0003723	RNA binding	molecular_function
ENSG00000168522	GO:0005886	plasma membrane	cellular_component
ENSG00000168528	GO:0005576	extracellular region	cellular_component
ENSG00000168528	GO:0005886	plasma membrane	cellular_component
ENSG00000168542	GO:0002376	immune system process	biological_process
ENSG00000168542	GO:0005576	extracellular region	cellular_component
ENSG00000168556	GO:0005886	plasma membrane	cellular_component
ENSG00000168564	GO:0003723	RNA binding	molecular_function
ENSG00000168575	GO:0005576	extracellular region	cellular_component
ENSG00000168575	GO:0005886	plasma membrane	cellular_component
ENSG00000168610	GO:0002376	immune system process	biological_process
ENSG00000168610	GO:0003723	RNA binding	molecular_function
ENSG00000168610	GO:0005739	mitochondrion	cellular_component
ENSG00000168610	GO:0005886	plasma membrane	cellular_component
ENSG00000168615	GO:0002376	immune system process	biological_process
ENSG00000168615	GO:0005576	extracellular region	cellular_component
ENSG00000168615	GO:0005886	plasma membrane	cellular_component
ENSG00000168653	GO:0005739	mitochondrion	cellular_component
ENSG00000168672	GO:0005886	plasma membrane	cellular_component
ENSG00000168685	GO:0002376	immune system process	biological_process
ENSG00000168685	GO:0005576	extracellular region	cellular_component
ENSG00000168685	GO:0005886	plasma membrane	cellular_component
ENSG00000168710	GO:0003723	RNA binding	molecular_function
ENSG00000168710	GO:0005576	extracellular region	cellular_component
ENSG00000168710	GO:0005886	plasma membrane	cellular_component
ENSG00000168724	GO:0003723	RNA binding	molecular_function
ENSG00000168724	GO:0005840	ribosome	cellular_component
ENSG00000168743	GO:0005576	extracellular region	cellular_component
ENSG00000168758	GO:0005886	plasma membrane	cellular_component
ENSG00000168778	GO:0005886	plasma membrane	cellular_component
ENSG00000168781	GO:0005886	plasma membrane	cellular_component
ENSG00000168785	GO:0005886	plasma membrane	cellular_component
ENSG00000168792	GO:0005576	extracellular region	cellular_component
ENSG00000168807	GO:0003723	RNA binding	molecular_function
ENSG00000168807	GO:0005886	plasma membrane	cellular_component
ENSG00000168818	GO:0005886	plasma membrane	cellular_component
ENSG00000168826	GO:0002376	immune system process	biological_process
ENSG00000168827	GO:0003723	RNA binding	molecular_function
ENSG00000168827	GO:0005739	mitochondrion	cellular_component
ENSG00000168872	GO:0003723	RNA binding	molecular_function
ENSG00000168884	GO:0002376	immune system process	biological_process
ENSG00000168890	GO:0005886	plasma membrane	cellular_component
ENSG00000168899	GO:0005576	extracellular region	cellular_component
ENSG00000168899	GO:0005886	plasma membrane	cellular_component
ENSG00000168917	GO:0005886	plasma membrane	cellular_component
ENSG00000168924	GO:0005739	mitochondrion	cellular_component
ENSG00000168938	GO:0005576	extracellular region	cellular_component
ENSG00000168958	GO:0005739	mitochondrion	cellular_component
ENSG00000169018	GO:0005739	mitochondrion	cellular_component
ENSG00000169020	GO:0005739	mitochondrion	cellular_component
ENSG00000169021	GO:0005739	mitochondrion	cellular_component
ENSG00000169032	GO:0005739	mitochondrion	cellular_component
ENSG00000169032	GO:0005886	plasma membrane	cellular_component
ENSG00000169062	GO:0003723	RNA binding	molecular_function
ENSG00000169071	GO:0005886	plasma membrane	cellular_component
ENSG00000169084	GO:0005576	extracellular region	cellular_component
ENSG00000169100	GO:0005739	mitochondrion	cellular_component
ENSG00000169105	GO:0005576	extracellular region	cellular_component
ENSG00000169116	GO:0005886	plasma membrane	cellular_component
ENSG00000169118	GO:0005886	plasma membrane	cellular_component
ENSG00000169122	GO:0005739	mitochondrion	cellular_component
ENSG00000169139	GO:0005576	extracellular region	cellular_component
ENSG00000169169	GO:0005886	plasma membrane	cellular_component
ENSG00000169174	GO:0003723	RNA binding	molecular_function
ENSG00000169174	GO:0005576	extracellular region	cellular_component
ENSG00000169174	GO:0005886	plasma membrane	cellular_component
ENSG00000169188	GO:0005739	mitochondrion	cellular_component
ENSG00000169193	GO:0005576	extracellular region	cellular_component
ENSG00000169220	GO:0005886	plasma membrane	cellular_component
ENSG00000169221	GO:0005886	plasma membrane	cellular_component
ENSG00000169223	GO:0005576	extracellular region	cellular_component
ENSG00000169223	GO:0005886	plasma membrane	cellular_component
ENSG00000169228	GO:0005739	mitochondrion	cellular_component
ENSG00000169228	GO:0005886	plasma membrane	cellular_component
ENSG00000169230	GO:0002376	immune system process	biological_process
ENSG00000169230	GO:0005739	mitochondrion	cellular_component
ENSG00000169231	GO:0005576	extracellular region	cellular_component
ENSG00000169239	GO:0005739	mitochondrion	cellular_component
ENSG00000169241	GO:0005886	plasma membrane	cellular_component
ENSG00000169242	GO:0005576	extracellular region	cellular_component
ENSG00000169242	GO:0005886	plasma membrane	cellular_component
ENSG00000169249	GO:0003723	RNA binding	molecular_function
ENSG00000169251	GO:0003723	RNA binding	molecular_function
ENSG00000169258	GO:0005886	plasma membrane	cellular_component
ENSG00000169299	GO:0005576	extracellular region	cellular_component
ENSG00000169371	GO:0003723	RNA binding	molecular_function
ENSG00000169375	GO:0002376	immune system process	biological_process
ENSG00000169375	GO:0003723	RNA binding	molecular_function
ENSG00000169379	GO:0005886	plasma membrane	cellular_component
ENSG00000169398	GO:0002376	immune system process	biological_process
ENSG00000169398	GO:0005886	plasma membrane	cellular_component
ENSG00000169429	GO:0002376	immune system process	biological_process
ENSG00000169429	GO:0005576	extracellular region	cellular_component
ENSG00000169432	GO:0005886	plasma membrane	cellular_component
ENSG00000169439	GO:0005576	extracellular region	cellular_component
ENSG00000169439	GO:0005886	plasma membrane	cellular_component
ENSG00000169446	GO:0005886	plasma membrane	cellular_component
ENSG00000169499	GO:0005886	plasma membrane	cellular_component
ENSG00000169504	GO:0005576	extracellular region	cellular_component
ENSG00000169504	GO:0005739	mitochondrion	cellular_component
ENSG00000169504	GO:0005886	plasma membrane	cellular_component
ENSG00000169515	GO:0005886	plasma membrane	cellular_component
ENSG00000169519	GO:0005739	mitochondrion	cellular_component
ENSG00000169564	GO:0003723	RNA binding	molecular_function
ENSG00000169564	GO:0005576	extracellular region	cellular_component
ENSG00000169567	GO:0005576	extracellular region	cellular_component
ENSG00000169599	GO:0005739	mitochondrion	cellular_component
ENSG00000169604	GO:0005886	plasma membrane	cellular_component
ENSG00000169612	GO:0003723	RNA binding	molecular_function
ENSG00000169635	GO:0002376	immune system process	biological_process
ENSG00000169641	GO:0005576	extracellular region	cellular_component
ENSG00000169660	GO:0005576	extracellular region	cellular_component
ENSG00000169682	GO:0005739	mitochondrion	cellular_component
ENSG00000169684	GO:0005886	plasma membrane	cellular_component
ENSG00000169692	GO:0005886	plasma membrane	cellular_component
ENSG00000169710	GO:0003723	RNA binding	molecular_function
ENSG00000169710	GO:0005576	extracellular region	cellular_component
ENSG00000169710	GO:0005886	plasma membrane	cellular_component
ENSG00000169714	GO:0003723	RNA binding	molecular_function
ENSG00000169733	GO:0005576	extracellular region	cellular_component
ENSG00000169750	GO:0002376	immune system process	biological_process
ENSG00000169750	GO:0005576	extracellular region	cellular_component
ENSG00000169750	GO:0005886	plasma membrane	cellular_component
ENSG00000169756	GO:0005886	plasma membrane	cellular_component
ENSG00000169760	GO:0005576	extracellular region	cellular_component
ENSG00000169760	GO:0005886	plasma membrane	cellular_component
ENSG00000169764	GO:0005576	extracellular region	cellular_component
ENSG00000169813	GO:0003723	RNA binding	molecular_function
ENSG00000169813	GO:0005886	plasma membrane	cellular_component
ENSG00000169814	GO:0005576	extracellular region	cellular_component
ENSG00000169814	GO:0005739	mitochondrion	cellular_component
ENSG00000169855	GO:0005886	plasma membrane	cellular_component
ENSG00000169860	GO:0005886	plasma membrane	cellular_component
ENSG00000169884	GO:0005576	extracellular region	cellular_component
ENSG00000169891	GO:0005886	plasma membrane	cellular_component
ENSG00000169895	GO:0005576	extracellular region	cellular_component
ENSG00000169895	GO:0005886	plasma membrane	cellular_component
ENSG00000169908	GO:0005886	plasma membrane	cellular_component
ENSG00000169919	GO:0005576	extracellular region	cellular_component
ENSG00000169925	GO:0003723	RNA binding	molecular_function
ENSG00000169926	GO:0002376	immune system process	biological_process
ENSG00000169957	GO:0003723	RNA binding	molecular_function
ENSG00000169972	GO:0003723	RNA binding	molecular_function
ENSG00000169972	GO:0005739	mitochondrion	cellular_component
ENSG00000169976	GO:0003723	RNA binding	molecular_function
ENSG00000169992	GO:0005886	plasma membrane	cellular_component
ENSG00000170004	GO:0003723	RNA binding	molecular_function
ENSG00000170017	GO:0002376	immune system process	biological_process
ENSG00000170017	GO:0005576	extracellular region	cellular_component
ENSG00000170017	GO:0005886	plasma membrane	cellular_component
ENSG00000170027	GO:0002376	immune system process	biological_process
ENSG00000170027	GO:0003723	RNA binding	molecular_function
ENSG00000170027	GO:0005576	extracellular region	cellular_component
ENSG00000170027	GO:0005739	mitochondrion	cellular_component
ENSG00000170043	GO:0005576	extracellular region	cellular_component
ENSG00000170144	GO:0003723	RNA binding	molecular_function
ENSG00000170175	GO:0005886	plasma membrane	cellular_component
ENSG00000170185	GO:0002376	immune system process	biological_process
ENSG00000170190	GO:0005886	plasma membrane	cellular_component
ENSG00000170248	GO:0005576	extracellular region	cellular_component
ENSG00000170248	GO:0005886	plasma membrane	cellular_component
ENSG00000170266	GO:0005576	extracellular region	cellular_component
ENSG00000170271	GO:0002376	immune system process	biological_process
ENSG00000170291	GO:0003723	RNA binding	molecular_function
ENSG00000170296	GO:0005886	plasma membrane	cellular_component
ENSG00000170312	GO:0005576	extracellular region	cellular_component
ENSG00000170312	GO:0005739	mitochondrion	cellular_component
ENSG00000170315	GO:0005576	extracellular region	cellular_component
ENSG00000170315	GO:0005739	mitochondrion	cellular_component
ENSG00000170315	GO:0005840	ribosome	cellular_component
ENSG00000170315	GO:0005886	plasma membrane	cellular_component
ENSG00000170348	GO:0005886	plasma membrane	cellular_component
ENSG00000170365	GO:0003723	RNA binding	molecular_function
ENSG00000170381	GO:0005576	extracellular region	cellular_component
ENSG00000170381	GO:0005886	plasma membrane	cellular_component
ENSG00000170385	GO:0005886	plasma membrane	cellular_component
ENSG00000170412	GO:0005576	extracellular region	cellular_component
ENSG00000170412	GO:0005886	plasma membrane	cellular_component
ENSG00000170417	GO:0005886	plasma membrane	cellular_component
ENSG00000170421	GO:0005576	extracellular region	cellular_component
ENSG00000170421	GO:0005886	plasma membrane	cellular_component
ENSG00000170425	GO:0005886	plasma membrane	cellular_component
ENSG00000170445	GO:0003723	RNA binding	molecular_function
ENSG00000170502	GO:0005576	extracellular region	cellular_component
ENSG00000170502	GO:0005739	mitochondrion	cellular_component
ENSG00000170515	GO:0003723	RNA binding	molecular_function
ENSG00000170515	GO:0005576	extracellular region	cellular_component
ENSG00000170537	GO:0005886	plasma membrane	cellular_component
ENSG00000170542	GO:0002376	immune system process	biological_process
ENSG00000170542	GO:0005576	extracellular region	cellular_component
ENSG00000170545	GO:0005886	plasma membrane	cellular_component
ENSG00000170558	GO:0003723	RNA binding	molecular_function
ENSG00000170558	GO:0005576	extracellular region	cellular_component
ENSG00000170558	GO:0005886	plasma membrane	cellular_component
ENSG00000170571	GO:0005886	plasma membrane	cellular_component
ENSG00000170581	GO:0002376	immune system process	biological_process
ENSG00000170606	GO:0005576	extracellular region	cellular_component
ENSG00000170631	GO:0002376	immune system process	biological_process
ENSG00000170632	GO:0005739	mitochondrion	cellular_component
ENSG00000170633	GO:0002376	immune system process	biological_process
ENSG00000170633	GO:0005886	plasma membrane	cellular_component
ENSG00000170634	GO:0005739	mitochondrion	cellular_component
ENSG00000170638	GO:0005739	mitochondrion	cellular_component
ENSG00000170677	GO:0005886	plasma membrane	cellular_component
ENSG00000170759	GO:0002376	immune system process	biological_process
ENSG00000170759	GO:0005739	mitochondrion	cellular_component
ENSG00000170775	GO:0005886	plasma membrane	cellular_component
ENSG00000170791	GO:0005739	mitochondrion	cellular_component
ENSG00000170801	GO:0005576	extracellular region	cellular_component
ENSG00000170837	GO:0005886	plasma membrane	cellular_component
ENSG00000170860	GO:0003723	RNA binding	molecular_function
ENSG00000170876	GO:0002376	immune system process	biological_process
ENSG00000170876	GO:0005886	plasma membrane	cellular_component
ENSG00000170889	GO:0003723	RNA binding	molecular_function
ENSG00000170889	GO:0005576	extracellular region	cellular_component
ENSG00000170889	GO:0005840	ribosome	cellular_component
ENSG00000170906	GO:0005739	mitochondrion	cellular_component
ENSG00000170915	GO:0005886	plasma membrane	cellular_component
ENSG00000170917	GO:0005739	mitochondrion	cellular_component
ENSG00000170955	GO:0005886	plasma membrane	cellular_component
ENSG00000170962	GO:0002376	immune system process	biological_process
ENSG00000170962	GO:0005576	extracellular region	cellular_component
ENSG00000170989	GO:0002376	immune system process	biological_process
ENSG00000170989	GO:0005886	plasma membrane	cellular_component
ENSG00000171017	GO:0005886	plasma membrane	cellular_component
ENSG00000171067	GO:0005886	plasma membrane	cellular_component
ENSG00000171100	GO:0005886	plasma membrane	cellular_component
ENSG00000171103	GO:0005739	mitochondrion	cellular_component
ENSG00000171105	GO:0005576	extracellular region	cellular_component
ENSG00000171105	GO:0005886	plasma membrane	cellular_component
ENSG00000171109	GO:0005739	mitochondrion	cellular_component
ENSG00000171132	GO:0002376	immune system process	biological_process
ENSG00000171132	GO:0005739	mitochondrion	cellular_component
ENSG00000171132	GO:0005886	plasma membrane	cellular_component
ENSG00000171135	GO:0002376	immune system process	biological_process
ENSG00000171150	GO:0002376	immune system process	biological_process
ENSG00000171155	GO:0005576	extracellular region	cellular_component
ENSG00000171169	GO:0005739	mitochondrion	cellular_component
ENSG00000171202	GO:0005739	mitochondrion	cellular_component
ENSG00000171202	GO:0005886	plasma membrane	cellular_component
ENSG00000171208	GO:0005886	plasma membrane	cellular_component
ENSG00000171223	GO:0002376	immune system process	biological_process
ENSG00000171246	GO:0005576	extracellular region	cellular_component
ENSG00000171262	GO:0003723	RNA binding	molecular_function
ENSG00000171298	GO:0005576	extracellular region	cellular_component
ENSG00000171298	GO:0005886	plasma membrane	cellular_component
ENSG00000171302	GO:0005576	extracellular region	cellular_component
ENSG00000171302	GO:0005886	plasma membrane	cellular_component
ENSG00000171311	GO:0003723	RNA binding	molecular_function
ENSG00000171314	GO:0005576	extracellular region	cellular_component
ENSG00000171345	GO:0005576	extracellular region	cellular_component
ENSG00000171345	GO:0005886	plasma membrane	cellular_component
ENSG00000171365	GO:0005886	plasma membrane	cellular_component
ENSG00000171421	GO:0005739	mitochondrion	cellular_component
ENSG00000171421	GO:0005840	ribosome	cellular_component
ENSG00000171444	GO:0005886	plasma membrane	cellular_component
ENSG00000171448	GO:0002376	immune system process	biological_process
ENSG00000171488	GO:0005886	plasma membrane	cellular_component
ENSG00000171490	GO:0003723	RNA binding	molecular_function
ENSG00000171492	GO:0005886	plasma membrane	cellular_component
ENSG00000171503	GO:0005739	mitochondrion	cellular_component
ENSG00000171522	GO:0002376	immune system process	biological_process
ENSG00000171522	GO:0005886	plasma membrane	cellular_component
ENSG00000171530	GO:0003723	RNA binding	molecular_function
ENSG00000171552	GO:0005739	mitochondrion	cellular_component
ENSG00000171603	GO:0005886	plasma membrane	cellular_component
ENSG00000171608	GO:0002376	immune system process	biological_process
ENSG00000171608	GO:0005886	plasma membrane	cellular_component
ENSG00000171612	GO:0005739	mitochondrion	cellular_component
ENSG00000171680	GO:0005886	plasma membrane	cellular_component
ENSG00000171700	GO:0005886	plasma membrane	cellular_component
ENSG00000171714	GO:0005886	plasma membrane	cellular_component
ENSG00000171766	GO:0005576	extracellular region	cellular_component
ENSG00000171766	GO:0005739	mitochondrion	cellular_component
ENSG00000171793	GO:0002376	immune system process	biological_process
ENSG00000171824	GO:0003723	RNA binding	molecular_function
ENSG00000171843	GO:0005576	extracellular region	cellular_component
ENSG00000171858	GO:0003723	RNA binding	molecular_function
ENSG00000171858	GO:0005840	ribosome	cellular_component
ENSG00000171861	GO:0003723	RNA binding	molecular_function
ENSG00000171861	GO:0005739	mitochondrion	cellular_component
ENSG00000171862	GO:0005576	extracellular region	cellular_component
ENSG00000171862	GO:0005886	plasma membrane	cellular_component
ENSG00000171863	GO:0003723	RNA binding	molecular_function
ENSG00000171863	GO:0005840	ribosome	cellular_component
ENSG00000171867	GO:0002376	immune system process	biological_process
ENSG00000171867	GO:0005576	extracellular region	cellular_component
ENSG00000171867	GO:0005886	plasma membrane	cellular_component
ENSG00000171953	GO:0005739	mitochondrion	cellular_component
ENSG00000171984	GO:0002376	immune system process	biological_process
ENSG00000171988	GO:0002376	immune system process	biological_process
ENSG00000172009	GO:0005739	mitochondrion	cellular_component
ENSG00000172037	GO:0005576	extracellular region	cellular_component
ENSG00000172053	GO:0005739	mitochondrion	cellular_component
ENSG00000172113	GO:0005739	mitochondrion	cellular_component
ENSG00000172115	GO:0005739	mitochondrion	cellular_component
ENSG00000172164	GO:0005886	plasma membrane	cellular_component
ENSG00000172171	GO:0003723	RNA binding	molecular_function
ENSG00000172171	GO:0005739	mitochondrion	cellular_component
ENSG00000172172	GO:0003723	RNA binding	molecular_function
ENSG00000172172	GO:0005739	mitochondrion	cellular_component
ENSG00000172172	GO:0005840	ribosome	cellular_component
ENSG00000172175	GO:0002376	immune system process	biological_process
ENSG00000172183	GO:0002376	immune system process	biological_process
ENSG00000172183	GO:0003723	RNA binding	molecular_function
ENSG00000172216	GO:0002376	immune system process	biological_process
ENSG00000172239	GO:0003723	RNA binding	molecular_function
ENSG00000172239	GO:0005886	plasma membrane	cellular_component
ENSG00000172262	GO:0002376	immune system process	biological_process
ENSG00000172270	GO:0002376	immune system process	biological_process
ENSG00000172270	GO:0005576	extracellular region	cellular_component
ENSG00000172270	GO:0005739	mitochondrion	cellular_component
ENSG00000172270	GO:0005886	plasma membrane	cellular_component
ENSG00000172331	GO:0005576	extracellular region	cellular_component
ENSG00000172336	GO:0003723	RNA binding	molecular_function
ENSG00000172340	GO:0005739	mitochondrion	cellular_component
ENSG00000172354	GO:0005576	extracellular region	cellular_component
ENSG00000172354	GO:0005886	plasma membrane	cellular_component
ENSG00000172366	GO:0003723	RNA binding	molecular_function
ENSG00000172375	GO:0005886	plasma membrane	cellular_component
ENSG00000172380	GO:0005576	extracellular region	cellular_component
ENSG00000172380	GO:0005886	plasma membrane	cellular_component
ENSG00000172432	GO:0003723	RNA binding	molecular_function
ENSG00000172432	GO:0005576	extracellular region	cellular_component
ENSG00000172500	GO:0005739	mitochondrion	cellular_component
ENSG00000172530	GO:0003723	RNA binding	molecular_function
ENSG00000172531	GO:0005576	extracellular region	cellular_component
ENSG00000172586	GO:0003723	RNA binding	molecular_function
ENSG00000172586	GO:0005739	mitochondrion	cellular_component
ENSG00000172586	GO:0005840	ribosome	cellular_component
ENSG00000172590	GO:0005739	mitochondrion	cellular_component
ENSG00000172590	GO:0005840	ribosome	cellular_component
ENSG00000172594	GO:0002376	immune system process	biological_process
ENSG00000172594	GO:0005576	extracellular region	cellular_component
ENSG00000172602	GO:0005886	plasma membrane	cellular_component
ENSG00000172638	GO:0005576	extracellular region	cellular_component
ENSG00000172661	GO:0005886	plasma membrane	cellular_component
ENSG00000172667	GO:0003723	RNA binding	molecular_function
ENSG00000172716	GO:0002376	immune system process	biological_process
ENSG00000172716	GO:0003723	RNA binding	molecular_function
ENSG00000172725	GO:0005576	extracellular region	cellular_component
ENSG00000172725	GO:0005886	plasma membrane	cellular_component
ENSG00000172757	GO:0005576	extracellular region	cellular_component
ENSG00000172757	GO:0005739	mitochondrion	cellular_component
ENSG00000172757	GO:0005886	plasma membrane	cellular_component
ENSG00000172766	GO:0005576	extracellular region	cellular_component
ENSG00000172780	GO:0005576	extracellular region	cellular_component
ENSG00000172795	GO:0003723	RNA binding	molecular_function
ENSG00000172809	GO:0003723	RNA binding	molecular_function
ENSG00000172809	GO:0005840	ribosome	cellular_component
ENSG00000172817	GO:0002376	immune system process	biological_process
ENSG00000172828	GO:0005576	extracellular region	cellular_component
ENSG00000172840	GO:0002376	immune system process	biological_process
ENSG00000172840	GO:0005739	mitochondrion	cellular_component
ENSG00000172889	GO:0005576	extracellular region	cellular_component
ENSG00000172932	GO:0005886	plasma membrane	cellular_component
ENSG00000172936	GO:0002376	immune system process	biological_process
ENSG00000172936	GO:0005886	plasma membrane	cellular_component
ENSG00000172939	GO:0002376	immune system process	biological_process
ENSG00000172939	GO:0005576	extracellular region	cellular_component
ENSG00000172986	GO:0005886	plasma membrane	cellular_component
ENSG00000172992	GO:0005739	mitochondrion	cellular_component
ENSG00000173020	GO:0005739	mitochondrion	cellular_component
ENSG00000173020	GO:0005886	plasma membrane	cellular_component
ENSG00000173039	GO:0002376	immune system process	biological_process
ENSG00000173065	GO:0005739	mitochondrion	cellular_component
ENSG00000173083	GO:0005576	extracellular region	cellular_component
ENSG00000173083	GO:0005886	plasma membrane	cellular_component
ENSG00000173137	GO:0005739	mitochondrion	cellular_component
ENSG00000173141	GO:0005739	mitochondrion	cellular_component
ENSG00000173141	GO:0005840	ribosome	cellular_component
ENSG00000173145	GO:0003723	RNA binding	molecular_function
ENSG00000173156	GO:0005739	mitochondrion	cellular_component
ENSG00000173156	GO:0005886	plasma membrane	cellular_component
ENSG00000173193	GO:0002376	immune system process	biological_process
ENSG00000173218	GO:0005886	plasma membrane	cellular_component
ENSG00000173221	GO:0005576	extracellular region	cellular_component
ENSG00000173226	GO:0005576	extracellular region	cellular_component
ENSG00000173264	GO:0002376	immune system process	biological_process
ENSG00000173267	GO:0005576	extracellular region	cellular_component
ENSG00000173334	GO:0002376	immune system process	biological_process
ENSG00000173376	GO:0005576	extracellular region	cellular_component
ENSG00000173402	GO:0005576	extracellular region	cellular_component
ENSG00000173402	GO:0005886	plasma membrane	cellular_component
ENSG00000173436	GO:0005739	mitochondrion	cellular_component
ENSG00000173442	GO:0005886	plasma membrane	cellular_component
ENSG00000173457	GO:0002376	immune system process	biological_process
ENSG00000173473	GO:0002376	immune system process	biological_process
ENSG00000173530	GO:0005886	plasma membrane	cellular_component
ENSG00000173542	GO:0005576	extracellular region	cellular_component
ENSG00000173545	GO:0003723	RNA binding	molecular_function
ENSG00000173546	GO:0005576	extracellular region	cellular_component
ENSG00000173546	GO:0005886	plasma membrane	cellular_component
ENSG00000173575	GO:0003723	RNA binding	molecular_function
ENSG00000173621	GO:0005886	plasma membrane	cellular_component
ENSG00000173638	GO:0002376	immune system process	biological_process
ENSG00000173638	GO:0005886	plasma membrane	cellular_component
ENSG00000173660	GO:0005739	mitochondrion	cellular_component
ENSG00000173674	GO:0003723	RNA binding	molecular_function
ENSG00000173692	GO:0002376	immune system process	biological_process
ENSG00000173692	GO:0005576	extracellular region	cellular_component
ENSG00000173706	GO:0005576	extracellular region	cellular_component
ENSG00000173706	GO:0005886	plasma membrane	cellular_component
ENSG00000173726	GO:0005739	mitochondrion	cellular_component
ENSG00000173744	GO:0003723	RNA binding	molecular_function
ENSG00000173757	GO:0002376	immune system process	biological_process
ENSG00000173786	GO:0003723	RNA binding	molecular_function
ENSG00000173786	GO:0005576	extracellular region	cellular_component
ENSG00000173786	GO:0005739	mitochondrion	cellular_component
ENSG00000173786	GO:0005886	plasma membrane	cellular_component
ENSG00000173801	GO:0005576	extracellular region	cellular_component
ENSG00000173801	GO:0005886	plasma membrane	cellular_component
ENSG00000173812	GO:0003723	RNA binding	molecular_function
ENSG00000173818	GO:0003723	RNA binding	molecular_function
ENSG00000173898	GO:0005886	plasma membrane	cellular_component
ENSG00000173914	GO:0003723	RNA binding	molecular_function
ENSG00000173915	GO:0005739	mitochondrion	cellular_component
ENSG00000173918	GO:0005576	extracellular region	cellular_component
ENSG00000173918	GO:0005886	plasma membrane	cellular_component
ENSG00000173933	GO:0003723	RNA binding	molecular_function
ENSG00000173992	GO:0005739	mitochondrion	cellular_component
ENSG00000174013	GO:0005576	extracellular region	cellular_component
ENSG00000174013	GO:0005886	plasma membrane	cellular_component
ENSG00000174021	GO:0005576	extracellular region	cellular_component
ENSG00000174021	GO:0005886	plasma membrane	cellular_component
ENSG00000174032	GO:0005739	mitochondrion	cellular_component
ENSG00000174080	GO:0002376	immune system process	biological_process
ENSG00000174080	GO:0005576	extracellular region	cellular_component
ENSG00000174099	GO:0005739	mitochondrion	cellular_component
ENSG00000174109	GO:0005739	mitochondrion	cellular_component
ENSG00000174136	GO:0005886	plasma membrane	cellular_component
ENSG00000174173	GO:0003723	RNA binding	molecular_function
ENSG00000174173	GO:0005739	mitochondrion	cellular_component
ENSG00000174177	GO:0003723	RNA binding	molecular_function
ENSG00000174231	GO:0003723	RNA binding	molecular_function
ENSG00000174233	GO:0005886	plasma membrane	cellular_component
ENSG00000174238	GO:0005576	extracellular region	cellular_component
ENSG00000174243	GO:0003723	RNA binding	molecular_function
ENSG00000174243	GO:0005576	extracellular region	cellular_component
ENSG00000174292	GO:0005886	plasma membrane	cellular_component
ENSG00000174307	GO:0005886	plasma membrane	cellular_component
ENSG00000174327	GO:0005886	plasma membrane	cellular_component
ENSG00000174371	GO:0002376	immune system process	biological_process
ENSG00000174405	GO:0002376	immune system process	biological_process
ENSG00000174437	GO:0003723	RNA binding	molecular_function
ENSG00000174437	GO:0005886	plasma membrane	cellular_component
ENSG00000174444	GO:0003723	RNA binding	molecular_function
ENSG00000174444	GO:0005576	extracellular region	cellular_component
ENSG00000174444	GO:0005840	ribosome	cellular_component
ENSG00000174516	GO:0002376	immune system process	biological_process
ENSG00000174547	GO:0003723	RNA binding	molecular_function
ENSG00000174547	GO:0005739	mitochondrion	cellular_component
ENSG00000174547	GO:0005840	ribosome	cellular_component
ENSG00000174574	GO:0002376	immune system process	biological_process
ENSG00000174606	GO:0003723	RNA binding	molecular_function
ENSG00000174606	GO:0005739	mitochondrion	cellular_component
ENSG00000174640	GO:0005886	plasma membrane	cellular_component
ENSG00000174669	GO:0005886	plasma membrane	cellular_component
ENSG00000174684	GO:0005576	extracellular region	cellular_component
ENSG00000174720	GO:0003723	RNA binding	molecular_function
ENSG00000174721	GO:0005576	extracellular region	cellular_component
ENSG00000174748	GO:0003723	RNA binding	molecular_function
ENSG00000174748	GO:0005840	ribosome	cellular_component
ENSG00000174775	GO:0005886	plasma membrane	cellular_component
ENSG00000174791	GO:0005886	plasma membrane	cellular_component
ENSG00000174804	GO:0005886	plasma membrane	cellular_component
ENSG00000174840	GO:0002376	immune system process	biological_process
ENSG00000174840	GO:0005739	mitochondrion	cellular_component
ENSG00000174842	GO:0002376	immune system process	biological_process
ENSG00000174886	GO:0005739	mitochondrion	cellular_component
ENSG00000174903	GO:0005576	extracellular region	cellular_component
ENSG00000174917	GO:0005739	mitochondrion	cellular_component
ENSG00000174938	GO:0005886	plasma membrane	cellular_component
ENSG00000174953	GO:0002376	immune system process	biological_process
ENSG00000174953	GO:0003723	RNA binding	molecular_function
ENSG00000174953	GO:0005576	extracellular region	cellular_component
ENSG00000174953	GO:0005739	mitochondrion	cellular_component
ENSG00000174996	GO:0005886	plasma membrane	cellular_component
ENSG00000175063	GO:0005886	plasma membrane	cellular_component
ENSG00000175066	GO:0005739	mitochondrion	cellular_component
ENSG00000175104	GO:0002376	immune system process	biological_process
ENSG00000175104	GO:0005886	plasma membrane	cellular_component
ENSG00000175110	GO:0005739	mitochondrion	cellular_component
ENSG00000175110	GO:0005840	ribosome	cellular_component
ENSG00000175115	GO:0002376	immune system process	biological_process
ENSG00000175130	GO:0005576	extracellular region	cellular_component
ENSG00000175130	GO:0005886	plasma membrane	cellular_component
ENSG00000175166	GO:0002376	immune system process	biological_process
ENSG00000175166	GO:0005576	extracellular region	cellular_component
ENSG00000175193	GO:0005739	mitochondrion	cellular_component
ENSG00000175198	GO:0005739	mitochondrion	cellular_component
ENSG00000175203	GO:0005576	extracellular region	cellular_component
ENSG00000175215	GO:0005739	mitochondrion	cellular_component
ENSG00000175220	GO:0005576	extracellular region	cellular_component
ENSG00000175220	GO:0005886	plasma membrane	cellular_component
ENSG00000175224	GO:0005739	mitochondrion	cellular_component
ENSG00000175309	GO:0005739	mitochondrion	cellular_component
ENSG00000175324	GO:0003723	RNA binding	molecular_function
ENSG00000175334	GO:0002376	immune system process	biological_process
ENSG00000175354	GO:0002376	immune system process	biological_process
ENSG00000175354	GO:0005886	plasma membrane	cellular_component
ENSG00000175376	GO:0003723	RNA binding	molecular_function
ENSG00000175416	GO:0005886	plasma membrane	cellular_component
ENSG00000175445	GO:0005576	extracellular region	cellular_component
ENSG00000175445	GO:0005886	plasma membrane	cellular_component
ENSG00000175467	GO:0002376	immune system process	biological_process
ENSG00000175467	GO:0003723	RNA binding	molecular_function
ENSG00000175505	GO:0002376	immune system process	biological_process
ENSG00000175505	GO:0005576	extracellular region	cellular_component
ENSG00000175536	GO:0005739	mitochondrion	cellular_component
ENSG00000175548	GO:0005886	plasma membrane	cellular_component
ENSG00000175567	GO:0005739	mitochondrion	cellular_component
ENSG00000175573	GO:0003723	RNA binding	molecular_function
ENSG00000175581	GO:0005739	mitochondrion	cellular_component
ENSG00000175581	GO:0005840	ribosome	cellular_component
ENSG00000175582	GO:0002376	immune system process	biological_process
ENSG00000175582	GO:0005576	extracellular region	cellular_component
ENSG00000175582	GO:0005886	plasma membrane	cellular_component
ENSG00000175600	GO:0005739	mitochondrion	cellular_component
ENSG00000175606	GO:0005739	mitochondrion	cellular_component
ENSG00000175662	GO:0005576	extracellular region	cellular_component
ENSG00000175727	GO:0005739	mitochondrion	cellular_component
ENSG00000175756	GO:0005739	mitochondrion	cellular_component
ENSG00000175756	GO:0005840	ribosome	cellular_component
ENSG00000175768	GO:0005739	mitochondrion	cellular_component
ENSG00000175792	GO:0005576	extracellular region	cellular_component
ENSG00000175793	GO:0002376	immune system process	biological_process
ENSG00000175793	GO:0005576	extracellular region	cellular_component
ENSG00000175806	GO:0005576	extracellular region	cellular_component
ENSG00000175806	GO:0005739	mitochondrion	cellular_component
ENSG00000175826	GO:0005739	mitochondrion	cellular_component
ENSG00000175866	GO:0005576	extracellular region	cellular_component
ENSG00000175866	GO:0005886	plasma membrane	cellular_component
ENSG00000175893	GO:0005886	plasma membrane	cellular_component
ENSG00000175899	GO:0002376	immune system process	biological_process
ENSG00000175899	GO:0005576	extracellular region	cellular_component
ENSG00000175906	GO:0005886	plasma membrane	cellular_component
ENSG00000175928	GO:0005886	plasma membrane	cellular_component
ENSG00000175938	GO:0005886	plasma membrane	cellular_component
ENSG00000176014	GO:0005576	extracellular region	cellular_component
ENSG00000176018	GO:0005886	plasma membrane	cellular_component
ENSG00000176055	GO:0005576	extracellular region	cellular_component
ENSG00000176055	GO:0005739	mitochondrion	cellular_component
ENSG00000176055	GO:0005886	plasma membrane	cellular_component
ENSG00000176102	GO:0003723	RNA binding	molecular_function
ENSG00000176105	GO:0002376	immune system process	biological_process
ENSG00000176105	GO:0005576	extracellular region	cellular_component
ENSG00000176105	GO:0005886	plasma membrane	cellular_component
ENSG00000176108	GO:0005576	extracellular region	cellular_component
ENSG00000176108	GO:0005886	plasma membrane	cellular_component
ENSG00000176170	GO:0002376	immune system process	biological_process
ENSG00000176170	GO:0005886	plasma membrane	cellular_component
ENSG00000176273	GO:0005886	plasma membrane	cellular_component
ENSG00000176340	GO:0005739	mitochondrion	cellular_component
ENSG00000176407	GO:0005576	extracellular region	cellular_component
ENSG00000176407	GO:0005886	plasma membrane	cellular_component
ENSG00000176410	GO:0005739	mitochondrion	cellular_component
ENSG00000176428	GO:0005576	extracellular region	cellular_component
ENSG00000176463	GO:0005886	plasma membrane	cellular_component
ENSG00000176485	GO:0005739	mitochondrion	cellular_component
ENSG00000176485	GO:0005886	plasma membrane	cellular_component
ENSG00000176490	GO:0005886	plasma membrane	cellular_component
ENSG00000176533	GO:0005576	extracellular region	cellular_component
ENSG00000176533	GO:0005886	plasma membrane	cellular_component
ENSG00000176623	GO:0005739	mitochondrion	cellular_component
ENSG00000176624	GO:0003723	RNA binding	molecular_function
ENSG00000176658	GO:0005576	extracellular region	cellular_component
ENSG00000176658	GO:0005886	plasma membrane	cellular_component
ENSG00000176697	GO:0005576	extracellular region	cellular_component
ENSG00000176715	GO:0005739	mitochondrion	cellular_component
ENSG00000176720	GO:0005739	mitochondrion	cellular_component
ENSG00000176749	GO:0005886	plasma membrane	cellular_component
ENSG00000176788	GO:0005576	extracellular region	cellular_component
ENSG00000176788	GO:0005886	plasma membrane	cellular_component
ENSG00000176834	GO:0005886	plasma membrane	cellular_component
ENSG00000176845	GO:0005576	extracellular region	cellular_component
ENSG00000176890	GO:0003723	RNA binding	molecular_function
ENSG00000176890	GO:0005739	mitochondrion	cellular_component
ENSG00000176903	GO:0002376	immune system process	biological_process
ENSG00000176907	GO:0002376	immune system process	biological_process
ENSG00000176974	GO:0003723	RNA binding	molecular_function
ENSG00000176974	GO:0005576	extracellular region	cellular_component
ENSG00000176974	GO:0005739	mitochondrion	cellular_component
ENSG00000176978	GO:0005576	extracellular region	cellular_component
ENSG00000176994	GO:0002376	immune system process	biological_process
ENSG00000177030	GO:0005576	extracellular region	cellular_component
ENSG00000177034	GO:0005739	mitochondrion	cellular_component
ENSG00000177084	GO:0005886	plasma membrane	cellular_component
ENSG00000177105	GO:0005576	extracellular region	cellular_component
ENSG00000177105	GO:0005886	plasma membrane	cellular_component
ENSG00000177106	GO:0005576	extracellular region	cellular_component
ENSG00000177106	GO:0005886	plasma membrane	cellular_component
ENSG00000177119	GO:0002376	immune system process	biological_process
ENSG00000177119	GO:0005576	extracellular region	cellular_component
ENSG00000177119	GO:0005886	plasma membrane	cellular_component
ENSG00000177150	GO:0005739	mitochondrion	cellular_component
ENSG00000177169	GO:0005739	mitochondrion	cellular_component
ENSG00000177189	GO:0002376	immune system process	biological_process
ENSG00000177189	GO:0005840	ribosome	cellular_component
ENSG00000177192	GO:0003723	RNA binding	molecular_function
ENSG00000177192	GO:0005739	mitochondrion	cellular_component
ENSG00000177225	GO:0005576	extracellular region	cellular_component
ENSG00000177283	GO:0005886	plasma membrane	cellular_component
ENSG00000177302	GO:0005739	mitochondrion	cellular_component
ENSG00000177303	GO:0005886	plasma membrane	cellular_component
ENSG00000177311	GO:0005576	extracellular region	cellular_component
ENSG00000177380	GO:0005576	extracellular region	cellular_component
ENSG00000177427	GO:0005739	mitochondrion	cellular_component
ENSG00000177469	GO:0003723	RNA binding	molecular_function
ENSG00000177469	GO:0005739	mitochondrion	cellular_component
ENSG00000177469	GO:0005886	plasma membrane	cellular_component
ENSG00000177485	GO:0002376	immune system process	biological_process
ENSG00000177485	GO:0005886	plasma membrane	cellular_component
ENSG00000177542	GO:0005739	mitochondrion	cellular_component
ENSG00000177570	GO:0005886	plasma membrane	cellular_component
ENSG00000177600	GO:0005576	extracellular region	cellular_component
ENSG00000177600	GO:0005840	ribosome	cellular_component
ENSG00000177606	GO:0003723	RNA binding	molecular_function
ENSG00000177613	GO:0003723	RNA binding	molecular_function
ENSG00000177628	GO:0005576	extracellular region	cellular_component
ENSG00000177646	GO:0005739	mitochondrion	cellular_component
ENSG00000177663	GO:0002376	immune system process	biological_process
ENSG00000177663	GO:0005576	extracellular region	cellular_component
ENSG00000177663	GO:0005886	plasma membrane	cellular_component
ENSG00000177666	GO:0005886	plasma membrane	cellular_component
ENSG00000177674	GO:0005886	plasma membrane	cellular_component
ENSG00000177697	GO:0005576	extracellular region	cellular_component
ENSG00000177697	GO:0005886	plasma membrane	cellular_component
ENSG00000177706	GO:0005576	extracellular region	cellular_component
ENSG00000177707	GO:0005886	plasma membrane	cellular_component
ENSG00000177732	GO:0002376	immune system process	biological_process
ENSG00000177733	GO:0003723	RNA binding	molecular_function
ENSG00000177830	GO:0002376	immune system process	biological_process
ENSG00000177830	GO:0005576	extracellular region	cellular_component
ENSG00000177868	GO:0005576	extracellular region	cellular_component
ENSG00000177885	GO:0002376	immune system process	biological_process
ENSG00000177885	GO:0003723	RNA binding	molecular_function
ENSG00000177885	GO:0005576	extracellular region	cellular_component
ENSG00000177885	GO:0005886	plasma membrane	cellular_component
ENSG00000177889	GO:0002376	immune system process	biological_process
ENSG00000177889	GO:0003723	RNA binding	molecular_function
ENSG00000177889	GO:0005576	extracellular region	cellular_component
ENSG00000177954	GO:0003723	RNA binding	molecular_function
ENSG00000177954	GO:0005840	ribosome	cellular_component
ENSG00000177971	GO:0003723	RNA binding	molecular_function
ENSG00000178033	GO:0005886	plasma membrane	cellular_component
ENSG00000178035	GO:0003723	RNA binding	molecular_function
ENSG00000178035	GO:0005576	extracellular region	cellular_component
ENSG00000178057	GO:0005739	mitochondrion	cellular_component
ENSG00000178074	GO:0005739	mitochondrion	cellular_component
ENSG00000178075	GO:0005886	plasma membrane	cellular_component
ENSG00000178078	GO:0005886	plasma membrane	cellular_component
ENSG00000178096	GO:0005739	mitochondrion	cellular_component
ENSG00000178105	GO:0003723	RNA binding	molecular_function
ENSG00000178127	GO:0005739	mitochondrion	cellular_component
ENSG00000178150	GO:0005576	extracellular region	cellular_component
ENSG00000178184	GO:0005886	plasma membrane	cellular_component
ENSG00000178252	GO:0003723	RNA binding	molecular_function
ENSG00000178301	GO:0005886	plasma membrane	cellular_component
ENSG00000178385	GO:0005886	plasma membrane	cellular_component
ENSG00000178445	GO:0005739	mitochondrion	cellular_component
ENSG00000178449	GO:0005739	mitochondrion	cellular_component
ENSG00000178537	GO:0005739	mitochondrion	cellular_component
ENSG00000178585	GO:0002376	immune system process	biological_process
ENSG00000178605	GO:0005739	mitochondrion	cellular_component
ENSG00000178607	GO:0005739	mitochondrion	cellular_component
ENSG00000178691	GO:0003723	RNA binding	molecular_function
ENSG00000178694	GO:0003723	RNA binding	molecular_function
ENSG00000178694	GO:0005739	mitochondrion	cellular_component
ENSG00000178695	GO:0003723	RNA binding	molecular_function
ENSG00000178695	GO:0005886	plasma membrane	cellular_component
ENSG00000178700	GO:0003723	RNA binding	molecular_function
ENSG00000178700	GO:0005739	mitochondrion	cellular_component
ENSG00000178718	GO:0003723	RNA binding	molecular_function
ENSG00000178741	GO:0005739	mitochondrion	cellular_component
ENSG00000178752	GO:0002376	immune system process	biological_process
ENSG00000178752	GO:0005576	extracellular region	cellular_component
ENSG00000178773	GO:0005576	extracellular region	cellular_component
ENSG00000178773	GO:0005886	plasma membrane	cellular_component
ENSG00000178802	GO:0005576	extracellular region	cellular_component
ENSG00000178878	GO:0005576	extracellular region	cellular_component
ENSG00000178878	GO:0005886	plasma membrane	cellular_component
ENSG00000178896	GO:0003723	RNA binding	molecular_function
ENSG00000178921	GO:0005576	extracellular region	cellular_component
ENSG00000178927	GO:0002376	immune system process	biological_process
ENSG00000178951	GO:0002376	immune system process	biological_process
ENSG00000178952	GO:0003723	RNA binding	molecular_function
ENSG00000178952	GO:0005576	extracellular region	cellular_component
ENSG00000178952	GO:0005739	mitochondrion	cellular_component
ENSG00000178982	GO:0003723	RNA binding	molecular_function
ENSG00000178996	GO:0005576	extracellular region	cellular_component
ENSG00000178996	GO:0005886	plasma membrane	cellular_component
ENSG00000178999	GO:0002376	immune system process	biological_process
ENSG00000179041	GO:0003723	RNA binding	molecular_function
ENSG00000179051	GO:0003723	RNA binding	molecular_function
ENSG00000179051	GO:0005886	plasma membrane	cellular_component
ENSG00000179091	GO:0005739	mitochondrion	cellular_component
ENSG00000179151	GO:0003723	RNA binding	molecular_function
ENSG00000179152	GO:0005739	mitochondrion	cellular_component
ENSG00000179218	GO:0002376	immune system process	biological_process
ENSG00000179218	GO:0003723	RNA binding	molecular_function
ENSG00000179218	GO:0005576	extracellular region	cellular_component
ENSG00000179218	GO:0005739	mitochondrion	cellular_component
ENSG00000179218	GO:0005840	ribosome	cellular_component
ENSG00000179218	GO:0005886	plasma membrane	cellular_component
ENSG00000179222	GO:0005886	plasma membrane	cellular_component
ENSG00000179241	GO:0005886	plasma membrane	cellular_component
ENSG00000179242	GO:0005886	plasma membrane	cellular_component
ENSG00000179331	GO:0005886	plasma membrane	cellular_component
ENSG00000179335	GO:0003723	RNA binding	molecular_function
ENSG00000179348	GO:0002376	immune system process	biological_process
ENSG00000179364	GO:0005739	mitochondrion	cellular_component
ENSG00000179403	GO:0005576	extracellular region	cellular_component
ENSG00000179409	GO:0005576	extracellular region	cellular_component
ENSG00000179431	GO:0005576	extracellular region	cellular_component
ENSG00000179455	GO:0003723	RNA binding	molecular_function
ENSG00000179542	GO:0005886	plasma membrane	cellular_component
ENSG00000179588	GO:0002376	immune system process	biological_process
ENSG00000179598	GO:0005739	mitochondrion	cellular_component
ENSG00000179604	GO:0003723	RNA binding	molecular_function
ENSG00000179604	GO:0005886	plasma membrane	cellular_component
ENSG00000179630	GO:0002376	immune system process	biological_process
ENSG00000179632	GO:0005886	plasma membrane	cellular_component
ENSG00000179750	GO:0002376	immune system process	biological_process
ENSG00000179750	GO:0003723	RNA binding	molecular_function
ENSG00000179820	GO:0005886	plasma membrane	cellular_component
ENSG00000179841	GO:0005886	plasma membrane	cellular_component
ENSG00000179912	GO:0003723	RNA binding	molecular_function
ENSG00000179933	GO:0005739	mitochondrion	cellular_component
ENSG00000179958	GO:0005739	mitochondrion	cellular_component
ENSG00000180011	GO:0005739	mitochondrion	cellular_component
ENSG00000180098	GO:0003723	RNA binding	molecular_function
ENSG00000180185	GO:0005739	mitochondrion	cellular_component
ENSG00000180190	GO:0005739	mitochondrion	cellular_component
ENSG00000180228	GO:0002376	immune system process	biological_process
ENSG00000180228	GO:0003723	RNA binding	molecular_function
ENSG00000180233	GO:0005886	plasma membrane	cellular_component
ENSG00000180340	GO:0005886	plasma membrane	cellular_component
ENSG00000180354	GO:0002376	immune system process	biological_process
ENSG00000180370	GO:0002376	immune system process	biological_process
ENSG00000180370	GO:0005886	plasma membrane	cellular_component
ENSG00000180423	GO:0005886	plasma membrane	cellular_component
ENSG00000180447	GO:0005886	plasma membrane	cellular_component
ENSG00000180448	GO:0005576	extracellular region	cellular_component
ENSG00000180448	GO:0005886	plasma membrane	cellular_component
ENSG00000180488	GO:0005739	mitochondrion	cellular_component
ENSG00000180488	GO:0005886	plasma membrane	cellular_component
ENSG00000180667	GO:0005886	plasma membrane	cellular_component
ENSG00000180694	GO:0002376	immune system process	biological_process
ENSG00000180758	GO:0005886	plasma membrane	cellular_component
ENSG00000180773	GO:0005886	plasma membrane	cellular_component
ENSG00000180776	GO:0005886	plasma membrane	cellular_component
ENSG00000180801	GO:0005576	extracellular region	cellular_component
ENSG00000180817	GO:0005576	extracellular region	cellular_component
ENSG00000180817	GO:0005739	mitochondrion	cellular_component
ENSG00000180902	GO:0005739	mitochondrion	cellular_component
ENSG00000180992	GO:0003723	RNA binding	molecular_function
ENSG00000180992	GO:0005739	mitochondrion	cellular_component
ENSG00000180992	GO:0005840	ribosome	cellular_component
ENSG00000181019	GO:0002376	immune system process	biological_process
ENSG00000181019	GO:0003723	RNA binding	molecular_function
ENSG00000181027	GO:0005576	extracellular region	cellular_component
ENSG00000181027	GO:0005886	plasma membrane	cellular_component
ENSG00000181035	GO:0005739	mitochondrion	cellular_component
ENSG00000181045	GO:0005576	extracellular region	cellular_component
ENSG00000181045	GO:0005886	plasma membrane	cellular_component
ENSG00000181061	GO:0005739	mitochondrion	cellular_component
ENSG00000181104	GO:0005576	extracellular region	cellular_component
ENSG00000181104	GO:0005886	plasma membrane	cellular_component
ENSG00000181163	GO:0003723	RNA binding	molecular_function
ENSG00000181163	GO:0005840	ribosome	cellular_component
ENSG00000181192	GO:0005739	mitochondrion	cellular_component
ENSG00000181284	GO:0002376	immune system process	biological_process
ENSG00000181284	GO:0005739	mitochondrion	cellular_component
ENSG00000181284	GO:0005886	plasma membrane	cellular_component
ENSG00000181381	GO:0003723	RNA binding	molecular_function
ENSG00000181449	GO:0003723	RNA binding	molecular_function
ENSG00000181467	GO:0005576	extracellular region	cellular_component
ENSG00000181467	GO:0005886	plasma membrane	cellular_component
ENSG00000181472	GO:0002376	immune system process	biological_process
ENSG00000181481	GO:0002376	immune system process	biological_process
ENSG00000181523	GO:0005576	extracellular region	cellular_component
ENSG00000181555	GO:0002376	immune system process	biological_process
ENSG00000181610	GO:0003723	RNA binding	molecular_function
ENSG00000181610	GO:0005739	mitochondrion	cellular_component
ENSG00000181610	GO:0005840	ribosome	cellular_component
ENSG00000181722	GO:0002376	immune system process	biological_process
ENSG00000181744	GO:0005576	extracellular region	cellular_component
ENSG00000181754	GO:0005886	plasma membrane	cellular_component
ENSG00000181773	GO:0005886	plasma membrane	cellular_component
ENSG00000181804	GO:0005886	plasma membrane	cellular_component
ENSG00000181817	GO:0003723	RNA binding	molecular_function
ENSG00000181826	GO:0005886	plasma membrane	cellular_component
ENSG00000181856	GO:0005576	extracellular region	cellular_component
ENSG00000181856	GO:0005886	plasma membrane	cellular_component
ENSG00000181915	GO:0005739	mitochondrion	cellular_component
ENSG00000181924	GO:0005739	mitochondrion	cellular_component
ENSG00000182004	GO:0003723	RNA binding	molecular_function
ENSG00000182010	GO:0002376	immune system process	biological_process
ENSG00000182054	GO:0005576	extracellular region	cellular_component
ENSG00000182054	GO:0005739	mitochondrion	cellular_component
ENSG00000182117	GO:0003723	RNA binding	molecular_function
ENSG00000182134	GO:0003723	RNA binding	molecular_function
ENSG00000182134	GO:0005739	mitochondrion	cellular_component
ENSG00000182149	GO:0005576	extracellular region	cellular_component
ENSG00000182150	GO:0005739	mitochondrion	cellular_component
ENSG00000182154	GO:0003723	RNA binding	molecular_function
ENSG00000182154	GO:0005739	mitochondrion	cellular_component
ENSG00000182154	GO:0005840	ribosome	cellular_component
ENSG00000182179	GO:0002376	immune system process	biological_process
ENSG00000182180	GO:0005739	mitochondrion	cellular_component
ENSG00000182180	GO:0005840	ribosome	cellular_component
ENSG00000182196	GO:0003723	RNA binding	molecular_function
ENSG00000182199	GO:0002376	immune system process	biological_process
ENSG00000182199	GO:0005576	extracellular region	cellular_component
ENSG00000182199	GO:0005739	mitochondrion	cellular_component
ENSG00000182220	GO:0005576	extracellular region	cellular_component
ENSG00000182220	GO:0005886	plasma membrane	cellular_component
ENSG00000182240	GO:0005886	plasma membrane	cellular_component
ENSG00000182253	GO:0005886	plasma membrane	cellular_component
ENSG00000182326	GO:0002376	immune system process	biological_process
ENSG00000182326	GO:0005576	extracellular region	cellular_component
ENSG00000182362	GO:0005739	mitochondrion	cellular_component
ENSG00000182379	GO:0005576	extracellular region	cellular_component
ENSG00000182446	GO:0002376	immune system process	biological_process
ENSG00000182481	GO:0003723	RNA binding	molecular_function
ENSG00000182492	GO:0005576	extracellular region	cellular_component
ENSG00000182492	GO:0005886	plasma membrane	cellular_component
ENSG00000182504	GO:0003723	RNA binding	molecular_function
ENSG00000182511	GO:0002376	immune system process	biological_process
ENSG00000182511	GO:0005886	plasma membrane	cellular_component
ENSG00000182512	GO:0005739	mitochondrion	cellular_component
ENSG00000182544	GO:0005886	plasma membrane	cellular_component
ENSG00000182551	GO:0005886	plasma membrane	cellular_component
ENSG00000182580	GO:0002376	immune system process	biological_process
ENSG00000182580	GO:0005576	extracellular region	cellular_component
ENSG00000182580	GO:0005886	plasma membrane	cellular_component
ENSG00000182606	GO:0005739	mitochondrion	cellular_component
ENSG00000182621	GO:0002376	immune system process	biological_process
ENSG00000182621	GO:0005576	extracellular region	cellular_component
ENSG00000182667	GO:0005576	extracellular region	cellular_component
ENSG00000182667	GO:0005886	plasma membrane	cellular_component
ENSG00000182718	GO:0003723	RNA binding	molecular_function
ENSG00000182718	GO:0005576	extracellular region	cellular_component
ENSG00000182718	GO:0005886	plasma membrane	cellular_component
ENSG00000182749	GO:0005886	plasma membrane	cellular_component
ENSG00000182768	GO:0003723	RNA binding	molecular_function
ENSG00000182768	GO:0005576	extracellular region	cellular_component
ENSG00000182768	GO:0005739	mitochondrion	cellular_component
ENSG00000182810	GO:0003723	RNA binding	molecular_function
ENSG00000182810	GO:0005739	mitochondrion	cellular_component
ENSG00000182827	GO:0005739	mitochondrion	cellular_component
ENSG00000182899	GO:0003723	RNA binding	molecular_function
ENSG00000182899	GO:0005576	extracellular region	cellular_component
ENSG00000182899	GO:0005840	ribosome	cellular_component
ENSG00000182919	GO:0005576	extracellular region	cellular_component
ENSG00000182923	GO:0002376	immune system process	biological_process
ENSG00000182934	GO:0003723	RNA binding	molecular_function
ENSG00000182934	GO:0005576	extracellular region	cellular_component
ENSG00000182944	GO:0003723	RNA binding	molecular_function
ENSG00000182944	GO:0005886	plasma membrane	cellular_component
ENSG00000182963	GO:0002376	immune system process	biological_process
ENSG00000182963	GO:0005886	plasma membrane	cellular_component
ENSG00000182985	GO:0002376	immune system process	biological_process
ENSG00000182985	GO:0005886	plasma membrane	cellular_component
ENSG00000183010	GO:0005739	mitochondrion	cellular_component
ENSG00000183011	GO:0003723	RNA binding	molecular_function
ENSG00000183020	GO:0005886	plasma membrane	cellular_component
ENSG00000183023	GO:0005886	plasma membrane	cellular_component
ENSG00000183032	GO:0005739	mitochondrion	cellular_component
ENSG00000183044	GO:0005739	mitochondrion	cellular_component
ENSG00000183048	GO:0005739	mitochondrion	cellular_component
ENSG00000183049	GO:0002376	immune system process	biological_process
ENSG00000183087	GO:0002376	immune system process	biological_process
ENSG00000183087	GO:0005576	extracellular region	cellular_component
ENSG00000183098	GO:0005576	extracellular region	cellular_component
ENSG00000183098	GO:0005886	plasma membrane	cellular_component
ENSG00000183153	GO:0005886	plasma membrane	cellular_component
ENSG00000183172	GO:0005739	mitochondrion	cellular_component
ENSG00000183207	GO:0005576	extracellular region	cellular_component
ENSG00000183255	GO:0005576	extracellular region	cellular_component
ENSG00000183287	GO:0005576	extracellular region	cellular_component
ENSG00000183431	GO:0003723	RNA binding	molecular_function
ENSG00000183439	GO:0002376	immune system process	biological_process
ENSG00000183496	GO:0003723	RNA binding	molecular_function
ENSG00000183508	GO:0003723	RNA binding	molecular_function
ENSG00000183513	GO:0005739	mitochondrion	cellular_component
ENSG00000183520	GO:0003723	RNA binding	molecular_function
ENSG00000183579	GO:0005886	plasma membrane	cellular_component
ENSG00000183597	GO:0005739	mitochondrion	cellular_component
ENSG00000183605	GO:0005739	mitochondrion	cellular_component
ENSG00000183624	GO:0002376	immune system process	biological_process
ENSG00000183648	GO:0005739	mitochondrion	cellular_component
ENSG00000183655	GO:0002376	immune system process	biological_process
ENSG00000183671	GO:0005886	plasma membrane	cellular_component
ENSG00000183691	GO:0005576	extracellular region	cellular_component
ENSG00000183718	GO:0002376	immune system process	biological_process
ENSG00000183735	GO:0002376	immune system process	biological_process
ENSG00000183741	GO:0003723	RNA binding	molecular_function
ENSG00000183751	GO:0003723	RNA binding	molecular_function
ENSG00000183762	GO:0005886	plasma membrane	cellular_component
ENSG00000183763	GO:0005886	plasma membrane	cellular_component
ENSG00000183779	GO:0005739	mitochondrion	cellular_component
ENSG00000183808	GO:0003723	RNA binding	molecular_function
ENSG00000183853	GO:0005886	plasma membrane	cellular_component
ENSG00000183856	GO:0005886	plasma membrane	cellular_component
ENSG00000183978	GO:0005739	mitochondrion	cellular_component
ENSG00000184007	GO:0005886	plasma membrane	cellular_component
ENSG00000184009	GO:0005576	extracellular region	cellular_component
ENSG00000184009	GO:0005886	plasma membrane	cellular_component
ENSG00000184058	GO:0002376	immune system process	biological_process
ENSG00000184076	GO:0005739	mitochondrion	cellular_component
ENSG00000184083	GO:0003723	RNA binding	molecular_function
ENSG00000184117	GO:0005739	mitochondrion	cellular_component
ENSG00000184117	GO:0005886	plasma membrane	cellular_component
ENSG00000184164	GO:0005576	extracellular region	cellular_component
ENSG00000184209	GO:0003723	RNA binding	molecular_function
ENSG00000184216	GO:0002376	immune system process	biological_process
ENSG00000184216	GO:0005886	plasma membrane	cellular_component
ENSG00000184220	GO:0003723	RNA binding	molecular_function
ENSG00000184226	GO:0005886	plasma membrane	cellular_component
ENSG00000184254	GO:0005576	extracellular region	cellular_component
ENSG00000184277	GO:0005886	plasma membrane	cellular_component
ENSG00000184304	GO:0002376	immune system process	biological_process
ENSG00000184304	GO:0005886	plasma membrane	cellular_component
ENSG00000184347	GO:0005576	extracellular region	cellular_component
ENSG00000184347	GO:0005739	mitochondrion	cellular_component
ENSG00000184349	GO:0005576	extracellular region	cellular_component
ENSG00000184349	GO:0005886	plasma membrane	cellular_component
ENSG00000184363	GO:0002376	immune system process	biological_process
ENSG00000184363	GO:0003723	RNA binding	molecular_function
ENSG00000184363	GO:0005886	plasma membrane	cellular_component
ENSG00000184371	GO:0002376	immune system process	biological_process
ENSG00000184371	GO:0005576	extracellular region	cellular_component
ENSG00000184371	GO:0005886	plasma membrane	cellular_component
ENSG00000184381	GO:0002376	immune system process	biological_process
ENSG00000184381	GO:0005739	mitochondrion	cellular_component
ENSG00000184381	GO:0005886	plasma membrane	cellular_component
ENSG00000184489	GO:0005886	plasma membrane	cellular_component
ENSG00000184500	GO:0005576	extracellular region	cellular_component
ENSG00000184500	GO:0005886	plasma membrane	cellular_component
ENSG00000184557	GO:0002376	immune system process	biological_process
ENSG00000184557	GO:0003723	RNA binding	molecular_function
ENSG00000184557	GO:0005886	plasma membrane	cellular_component
ENSG00000184575	GO:0003723	RNA binding	molecular_function
ENSG00000184584	GO:0002376	immune system process	biological_process
ENSG00000184584	GO:0005739	mitochondrion	cellular_component
ENSG00000184584	GO:0005886	plasma membrane	cellular_component
ENSG00000184588	GO:0002376	immune system process	biological_process
ENSG00000184588	GO:0005886	plasma membrane	cellular_component
ENSG00000184602	GO:0005739	mitochondrion	cellular_component
ENSG00000184613	GO:0005576	extracellular region	cellular_component
ENSG00000184675	GO:0005886	plasma membrane	cellular_component
ENSG00000184708	GO:0003723	RNA binding	molecular_function
ENSG00000184719	GO:0005576	extracellular region	cellular_component
ENSG00000184792	GO:0005886	plasma membrane	cellular_component
ENSG00000184831	GO:0005576	extracellular region	cellular_component
ENSG00000184831	GO:0005739	mitochondrion	cellular_component
ENSG00000184857	GO:0005739	mitochondrion	cellular_component
ENSG00000184863	GO:0003723	RNA binding	molecular_function
ENSG00000184867	GO:0005739	mitochondrion	cellular_component
ENSG00000184898	GO:0003723	RNA binding	molecular_function
ENSG00000184903	GO:0005739	mitochondrion	cellular_component
ENSG00000184916	GO:0002376	immune system process	biological_process
ENSG00000184916	GO:0005886	plasma membrane	cellular_component
ENSG00000184922	GO:0005576	extracellular region	cellular_component
ENSG00000184922	GO:0005886	plasma membrane	cellular_component
ENSG00000184967	GO:0003723	RNA binding	molecular_function
ENSG00000184979	GO:0002376	immune system process	biological_process
ENSG00000184983	GO:0005739	mitochondrion	cellular_component
ENSG00000184988	GO:0002376	immune system process	biological_process
ENSG00000184988	GO:0005886	plasma membrane	cellular_component
ENSG00000184990	GO:0002376	immune system process	biological_process
ENSG00000184990	GO:0005739	mitochondrion	cellular_component
ENSG00000184992	GO:0005739	mitochondrion	cellular_component
ENSG00000185000	GO:0005886	plasma membrane	cellular_component
ENSG00000185033	GO:0005886	plasma membrane	cellular_component
ENSG00000185043	GO:0002376	immune system process	biological_process
ENSG00000185043	GO:0005576	extracellular region	cellular_component
ENSG00000185043	GO:0005886	plasma membrane	cellular_component
ENSG00000185088	GO:0003723	RNA binding	molecular_function
ENSG00000185088	GO:0005840	ribosome	cellular_component
ENSG00000185100	GO:0002376	immune system process	biological_process
ENSG00000185104	GO:0005886	plasma membrane	cellular_component
ENSG00000185122	GO:0002376	immune system process	biological_process
ENSG00000185127	GO:0005576	extracellular region	cellular_component
ENSG00000185133	GO:0005886	plasma membrane	cellular_component
ENSG00000185163	GO:0003723	RNA binding	molecular_function
ENSG00000185187	GO:0005886	plasma membrane	cellular_component
ENSG00000185201	GO:0002376	immune system process	biological_process
ENSG00000185201	GO:0005886	plasma membrane	cellular_component
ENSG00000185236	GO:0005576	extracellular region	cellular_component
ENSG00000185246	GO:0003723	RNA binding	molecular_function
ENSG00000185252	GO:0003723	RNA binding	molecular_function
ENSG00000185298	GO:0003723	RNA binding	molecular_function
ENSG00000185305	GO:0005576	extracellular region	cellular_component
ENSG00000185339	GO:0005576	extracellular region	cellular_component
ENSG00000185339	GO:0005886	plasma membrane	cellular_component
ENSG00000185344	GO:0002376	immune system process	biological_process
ENSG00000185344	GO:0005886	plasma membrane	cellular_component
ENSG00000185359	GO:0005576	extracellular region	cellular_component
ENSG00000185432	GO:0005576	extracellular region	cellular_component
ENSG00000185436	GO:0002376	immune system process	biological_process
ENSG00000185436	GO:0005886	plasma membrane	cellular_component
ENSG00000185475	GO:0005886	plasma membrane	cellular_component
ENSG00000185483	GO:0005886	plasma membrane	cellular_component
ENSG00000185499	GO:0005576	extracellular region	cellular_component
ENSG00000185499	GO:0005886	plasma membrane	cellular_component
ENSG00000185507	GO:0002376	immune system process	biological_process
ENSG00000185515	GO:0002376	immune system process	biological_process
ENSG00000185532	GO:0005886	plasma membrane	cellular_component
ENSG00000185561	GO:0005886	plasma membrane	cellular_component
ENSG00000185585	GO:0005576	extracellular region	cellular_component
ENSG00000185608	GO:0003723	RNA binding	molecular_function
ENSG00000185608	GO:0005739	mitochondrion	cellular_component
ENSG00000185608	GO:0005840	ribosome	cellular_component
ENSG00000185624	GO:0002376	immune system process	biological_process
ENSG00000185624	GO:0003723	RNA binding	molecular_function
ENSG00000185624	GO:0005576	extracellular region	cellular_component
ENSG00000185624	GO:0005886	plasma membrane	cellular_component
ENSG00000185627	GO:0002376	immune system process	biological_process
ENSG00000185627	GO:0005576	extracellular region	cellular_component
ENSG00000185630	GO:0002376	immune system process	biological_process
ENSG00000185651	GO:0003723	RNA binding	molecular_function
ENSG00000185658	GO:0005886	plasma membrane	cellular_component
ENSG00000185664	GO:0005576	extracellular region	cellular_component
ENSG00000185664	GO:0005886	plasma membrane	cellular_component
ENSG00000185686	GO:0005886	plasma membrane	cellular_component
ENSG00000185716	GO:0005886	plasma membrane	cellular_component
ENSG00000185722	GO:0005576	extracellular region	cellular_component
ENSG00000185728	GO:0002376	immune system process	biological_process
ENSG00000185728	GO:0003723	RNA binding	molecular_function
ENSG00000185745	GO:0002376	immune system process	biological_process
ENSG00000185745	GO:0003723	RNA binding	molecular_function
ENSG00000185753	GO:0005739	mitochondrion	cellular_component
ENSG00000185760	GO:0005886	plasma membrane	cellular_component
ENSG00000185761	GO:0005576	extracellular region	cellular_component
ENSG00000185803	GO:0005886	plasma membrane	cellular_component
ENSG00000185818	GO:0005739	mitochondrion	cellular_component
ENSG00000185825	GO:0005886	plasma membrane	cellular_component
ENSG00000185875	GO:0005739	mitochondrion	cellular_component
ENSG00000185883	GO:0005576	extracellular region	cellular_component
ENSG00000185883	GO:0005886	plasma membrane	cellular_component
ENSG00000185885	GO:0002376	immune system process	biological_process
ENSG00000185885	GO:0005886	plasma membrane	cellular_component
ENSG00000185896	GO:0002376	immune system process	biological_process
ENSG00000185896	GO:0005576	extracellular region	cellular_component
ENSG00000185896	GO:0005886	plasma membrane	cellular_component
ENSG00000185909	GO:0005886	plasma membrane	cellular_component
ENSG00000185920	GO:0005886	plasma membrane	cellular_component
ENSG00000185946	GO:0003723	RNA binding	molecular_function
ENSG00000185950	GO:0002376	immune system process	biological_process
ENSG00000185950	GO:0005886	plasma membrane	cellular_component
ENSG00000185973	GO:0005739	mitochondrion	cellular_component
ENSG00000185989	GO:0005886	plasma membrane	cellular_component
ENSG00000186073	GO:0002376	immune system process	biological_process
ENSG00000186130	GO:0002376	immune system process	biological_process
ENSG00000186141	GO:0002376	immune system process	biological_process
ENSG00000186153	GO:0005739	mitochondrion	cellular_component
ENSG00000186153	GO:0005886	plasma membrane	cellular_component
ENSG00000186187	GO:0002376	immune system process	biological_process
ENSG00000186187	GO:0005886	plasma membrane	cellular_component
ENSG00000186193	GO:0005886	plasma membrane	cellular_component
ENSG00000186205	GO:0005739	mitochondrion	cellular_component
ENSG00000186280	GO:0005576	extracellular region	cellular_component
ENSG00000186283	GO:0005576	extracellular region	cellular_component
ENSG00000186298	GO:0003723	RNA binding	molecular_function
ENSG00000186298	GO:0005739	mitochondrion	cellular_component
ENSG00000186298	GO:0005886	plasma membrane	cellular_component
ENSG00000186314	GO:0005739	mitochondrion	cellular_component
ENSG00000186318	GO:0005886	plasma membrane	cellular_component
ENSG00000186340	GO:0005576	extracellular region	cellular_component
ENSG00000186350	GO:0005739	mitochondrion	cellular_component
ENSG00000186395	GO:0005576	extracellular region	cellular_component
ENSG00000186395	GO:0005886	plasma membrane	cellular_component
ENSG00000186416	GO:0003723	RNA binding	molecular_function
ENSG00000186462	GO:0005886	plasma membrane	cellular_component
ENSG00000186468	GO:0003723	RNA binding	molecular_function
ENSG00000186468	GO:0005840	ribosome	cellular_component
ENSG00000186469	GO:0005576	extracellular region	cellular_component
ENSG00000186469	GO:0005886	plasma membrane	cellular_component
ENSG00000186470	GO:0002376	immune system process	biological_process
ENSG00000186470	GO:0005886	plasma membrane	cellular_component
ENSG00000186566	GO:0003723	RNA binding	molecular_function
ENSG00000186575	GO:0005886	plasma membrane	cellular_component
ENSG00000186635	GO:0005886	plasma membrane	cellular_component
ENSG00000186642	GO:0005739	mitochondrion	cellular_component
ENSG00000186642	GO:0005886	plasma membrane	cellular_component
ENSG00000186665	GO:0005576	extracellular region	cellular_component
ENSG00000186687	GO:0005739	mitochondrion	cellular_component
ENSG00000186716	GO:0002376	immune system process	biological_process
ENSG00000186716	GO:0005576	extracellular region	cellular_component
ENSG00000186716	GO:0005886	plasma membrane	cellular_component
ENSG00000186792	GO:0005576	extracellular region	cellular_component
ENSG00000186792	GO:0005886	plasma membrane	cellular_component
ENSG00000186834	GO:0002376	immune system process	biological_process
ENSG00000186834	GO:0003723	RNA binding	molecular_function
ENSG00000186854	GO:0005886	plasma membrane	cellular_component
ENSG00000186868	GO:0002376	immune system process	biological_process
ENSG00000186868	GO:0003723	RNA binding	molecular_function
ENSG00000186868	GO:0005576	extracellular region	cellular_component
ENSG00000186868	GO:0005739	mitochondrion	cellular_component
ENSG00000186868	GO:0005886	plasma membrane	cellular_component
ENSG00000186889	GO:0005886	plasma membrane	cellular_component
ENSG00000186907	GO:0005576	extracellular region	cellular_component
ENSG00000186907	GO:0005886	plasma membrane	cellular_component
ENSG00000186908	GO:0005886	plasma membrane	cellular_component
ENSG00000187091	GO:0005576	extracellular region	cellular_component
ENSG00000187091	GO:0005886	plasma membrane	cellular_component
ENSG00000187097	GO:0005576	extracellular region	cellular_component
ENSG00000187118	GO:0005739	mitochondrion	cellular_component
ENSG00000187123	GO:0005576	extracellular region	cellular_component
ENSG00000187123	GO:0005886	plasma membrane	cellular_component
ENSG00000187134	GO:0005576	extracellular region	cellular_component
ENSG00000187147	GO:0002376	immune system process	biological_process
ENSG00000187210	GO:0002376	immune system process	biological_process
ENSG00000187239	GO:0005886	plasma membrane	cellular_component
ENSG00000187244	GO:0005576	extracellular region	cellular_component
ENSG00000187244	GO:0005886	plasma membrane	cellular_component
ENSG00000187266	GO:0005576	extracellular region	cellular_component
ENSG00000187266	GO:0005886	plasma membrane	cellular_component
ENSG00000187446	GO:0005576	extracellular region	cellular_component
ENSG00000187446	GO:0005886	plasma membrane	cellular_component
ENSG00000187498	GO:0005576	extracellular region	cellular_component
ENSG00000187522	GO:0005840	ribosome	cellular_component
ENSG00000187522	GO:0005886	plasma membrane	cellular_component
ENSG00000187555	GO:0002376	immune system process	biological_process
ENSG00000187608	GO:0002376	immune system process	biological_process
ENSG00000187608	GO:0005576	extracellular region	cellular_component
ENSG00000187608	GO:0005840	ribosome	cellular_component
ENSG00000187678	GO:0005886	plasma membrane	cellular_component
ENSG00000187688	GO:0005886	plasma membrane	cellular_component
ENSG00000187720	GO:0005576	extracellular region	cellular_component
ENSG00000187741	GO:0002376	immune system process	biological_process
ENSG00000187742	GO:0003723	RNA binding	molecular_function
ENSG00000187742	GO:0005739	mitochondrion	cellular_component
ENSG00000187764	GO:0002376	immune system process	biological_process
ENSG00000187764	GO:0005576	extracellular region	cellular_component
ENSG00000187764	GO:0005886	plasma membrane	cellular_component
ENSG00000187772	GO:0003723	RNA binding	molecular_function
ENSG00000187778	GO:0003723	RNA binding	molecular_function
ENSG00000187955	GO:0003723	RNA binding	molecular_function
ENSG00000187955	GO:0005576	extracellular region	cellular_component
ENSG00000187957	GO:0005886	plasma membrane	cellular_component
ENSG00000188015	GO:0005886	plasma membrane	cellular_component
ENSG00000188042	GO:0005739	mitochondrion	cellular_component
ENSG00000188042	GO:0005886	plasma membrane	cellular_component
ENSG00000188064	GO:0005576	extracellular region	cellular_component
ENSG00000188064	GO:0005886	plasma membrane	cellular_component
ENSG00000188130	GO:0005739	mitochondrion	cellular_component
ENSG00000188153	GO:0005576	extracellular region	cellular_component
ENSG00000188157	GO:0005576	extracellular region	cellular_component
ENSG00000188157	GO:0005886	plasma membrane	cellular_component
ENSG00000188158	GO:0005886	plasma membrane	cellular_component
ENSG00000188191	GO:0002376	immune system process	biological_process
ENSG00000188191	GO:0005886	plasma membrane	cellular_component
ENSG00000188211	GO:0002376	immune system process	biological_process
ENSG00000188211	GO:0005886	plasma membrane	cellular_component
ENSG00000188215	GO:0005886	plasma membrane	cellular_component
ENSG00000188229	GO:0002376	immune system process	biological_process
ENSG00000188229	GO:0003723	RNA binding	molecular_function
ENSG00000188229	GO:0005576	extracellular region	cellular_component
ENSG00000188266	GO:0005739	mitochondrion	cellular_component
ENSG00000188313	GO:0002376	immune system process	biological_process
ENSG00000188313	GO:0005576	extracellular region	cellular_component
ENSG00000188313	GO:0005886	plasma membrane	cellular_component
ENSG00000188338	GO:0005886	plasma membrane	cellular_component
ENSG00000188343	GO:0005739	mitochondrion	cellular_component
ENSG00000188486	GO:0005576	extracellular region	cellular_component
ENSG00000188517	GO:0005576	extracellular region	cellular_component
ENSG00000188517	GO:0005886	plasma membrane	cellular_component
ENSG00000188529	GO:0003723	RNA binding	molecular_function
ENSG00000188554	GO:0005739	mitochondrion	cellular_component
ENSG00000188612	GO:0003723	RNA binding	molecular_function
ENSG00000188613	GO:0003723	RNA binding	molecular_function
ENSG00000188643	GO:0003723	RNA binding	molecular_function
ENSG00000188643	GO:0005576	extracellular region	cellular_component
ENSG00000188677	GO:0005886	plasma membrane	cellular_component
ENSG00000188690	GO:0005739	mitochondrion	cellular_component
ENSG00000188706	GO:0002376	immune system process	biological_process
ENSG00000188739	GO:0003723	RNA binding	molecular_function
ENSG00000188811	GO:0005576	extracellular region	cellular_component
ENSG00000188846	GO:0003723	RNA binding	molecular_function
ENSG00000188846	GO:0005576	extracellular region	cellular_component
ENSG00000188846	GO:0005840	ribosome	cellular_component
ENSG00000188917	GO:0005739	mitochondrion	cellular_component
ENSG00000188986	GO:0003723	RNA binding	molecular_function
ENSG00000189043	GO:0005739	mitochondrion	cellular_component
ENSG00000189067	GO:0005886	plasma membrane	cellular_component
ENSG00000189077	GO:0002376	immune system process	biological_process
ENSG00000189077	GO:0005886	plasma membrane	cellular_component
ENSG00000189079	GO:0002376	immune system process	biological_process
ENSG00000189091	GO:0003723	RNA binding	molecular_function
ENSG00000189171	GO:0002376	immune system process	biological_process
ENSG00000189171	GO:0005576	extracellular region	cellular_component
ENSG00000189184	GO:0005886	plasma membrane	cellular_component
ENSG00000189195	GO:0005886	plasma membrane	cellular_component
ENSG00000189221	GO:0005739	mitochondrion	cellular_component
ENSG00000189227	GO:0005576	extracellular region	cellular_component
ENSG00000189227	GO:0005739	mitochondrion	cellular_component
ENSG00000189283	GO:0005739	mitochondrion	cellular_component
ENSG00000189337	GO:0005886	plasma membrane	cellular_component
ENSG00000189369	GO:0003723	RNA binding	molecular_function
ENSG00000189403	GO:0002376	immune system process	biological_process
ENSG00000189403	GO:0003723	RNA binding	molecular_function
ENSG00000189403	GO:0005576	extracellular region	cellular_component
ENSG00000189403	GO:0005886	plasma membrane	cellular_component
ENSG00000196072	GO:0005739	mitochondrion	cellular_component
ENSG00000196083	GO:0002376	immune system process	biological_process
ENSG00000196083	GO:0005576	extracellular region	cellular_component
ENSG00000196083	GO:0005886	plasma membrane	cellular_component
ENSG00000196116	GO:0003723	RNA binding	molecular_function
ENSG00000196139	GO:0005576	extracellular region	cellular_component
ENSG00000196141	GO:0003723	RNA binding	molecular_function
ENSG00000196154	GO:0003723	RNA binding	molecular_function
ENSG00000196154	GO:0005576	extracellular region	cellular_component
ENSG00000196177	GO:0005739	mitochondrion	cellular_component
ENSG00000196187	GO:0005576	extracellular region	cellular_component
ENSG00000196187	GO:0005886	plasma membrane	cellular_component
ENSG00000196208	GO:0005576	extracellular region	cellular_component
ENSG00000196230	GO:0002376	immune system process	biological_process
ENSG00000196230	GO:0005576	extracellular region	cellular_component
ENSG00000196235	GO:0003723	RNA binding	molecular_function
ENSG00000196236	GO:0005739	mitochondrion	cellular_component
ENSG00000196262	GO:0002376	immune system process	biological_process
ENSG00000196262	GO:0003723	RNA binding	molecular_function
ENSG00000196262	GO:0005576	extracellular region	cellular_component
ENSG00000196262	GO:0005886	plasma membrane	cellular_component
ENSG00000196290	GO:0005739	mitochondrion	cellular_component
ENSG00000196305	GO:0003723	RNA binding	molecular_function
ENSG00000196305	GO:0005576	extracellular region	cellular_component
ENSG00000196352	GO:0002376	immune system process	biological_process
ENSG00000196352	GO:0005576	extracellular region	cellular_component
ENSG00000196352	GO:0005886	plasma membrane	cellular_component
ENSG00000196371	GO:0002376	immune system process	biological_process
ENSG00000196396	GO:0002376	immune system process	biological_process
ENSG00000196396	GO:0003723	RNA binding	molecular_function
ENSG00000196396	GO:0005739	mitochondrion	cellular_component
ENSG00000196396	GO:0005886	plasma membrane	cellular_component
ENSG00000196405	GO:0005886	plasma membrane	cellular_component
ENSG00000196411	GO:0005576	extracellular region	cellular_component
ENSG00000196411	GO:0005886	plasma membrane	cellular_component
ENSG00000196419	GO:0002376	immune system process	biological_process
ENSG00000196419	GO:0003723	RNA binding	molecular_function
ENSG00000196419	GO:0005576	extracellular region	cellular_component
ENSG00000196449	GO:0003723	RNA binding	molecular_function
ENSG00000196449	GO:0005739	mitochondrion	cellular_component
ENSG00000196449	GO:0005886	plasma membrane	cellular_component
ENSG00000196465	GO:0005576	extracellular region	cellular_component
ENSG00000196504	GO:0003723	RNA binding	molecular_function
ENSG00000196517	GO:0005886	plasma membrane	cellular_component
ENSG00000196526	GO:0005886	plasma membrane	cellular_component
ENSG00000196535	GO:0002376	immune system process	biological_process
ENSG00000196535	GO:0003723	RNA binding	molecular_function
ENSG00000196549	GO:0005576	extracellular region	cellular_component
ENSG00000196549	GO:0005886	plasma membrane	cellular_component
ENSG00000196562	GO:0005576	extracellular region	cellular_component
ENSG00000196562	GO:0005886	plasma membrane	cellular_component
ENSG00000196576	GO:0005576	extracellular region	cellular_component
ENSG00000196576	GO:0005886	plasma membrane	cellular_component
ENSG00000196586	GO:0005576	extracellular region	cellular_component
ENSG00000196586	GO:0005886	plasma membrane	cellular_component
ENSG00000196591	GO:0003723	RNA binding	molecular_function
ENSG00000196636	GO:0005739	mitochondrion	cellular_component
ENSG00000196639	GO:0005886	plasma membrane	cellular_component
ENSG00000196655	GO:0005886	plasma membrane	cellular_component
ENSG00000196683	GO:0005739	mitochondrion	cellular_component
ENSG00000196730	GO:0002376	immune system process	biological_process
ENSG00000196730	GO:0005886	plasma membrane	cellular_component
ENSG00000196743	GO:0005576	extracellular region	cellular_component
ENSG00000196743	GO:0005886	plasma membrane	cellular_component
ENSG00000196776	GO:0002376	immune system process	biological_process
ENSG00000196776	GO:0005576	extracellular region	cellular_component
ENSG00000196776	GO:0005886	plasma membrane	cellular_component
ENSG00000196792	GO:0005886	plasma membrane	cellular_component
ENSG00000196793	GO:0003723	RNA binding	molecular_function
ENSG00000196814	GO:0005576	extracellular region	cellular_component
ENSG00000196814	GO:0005886	plasma membrane	cellular_component
ENSG00000196821	GO:0002376	immune system process	biological_process
ENSG00000196839	GO:0002376	immune system process	biological_process
ENSG00000196839	GO:0005886	plasma membrane	cellular_component
ENSG00000196843	GO:0002376	immune system process	biological_process
ENSG00000196843	GO:0003723	RNA binding	molecular_function
ENSG00000196850	GO:0005739	mitochondrion	cellular_component
ENSG00000196878	GO:0005576	extracellular region	cellular_component
ENSG00000196914	GO:0005576	extracellular region	cellular_component
ENSG00000196924	GO:0003723	RNA binding	molecular_function
ENSG00000196924	GO:0005576	extracellular region	cellular_component
ENSG00000196924	GO:0005886	plasma membrane	cellular_component
ENSG00000196937	GO:0005576	extracellular region	cellular_component
ENSG00000196943	GO:0003723	RNA binding	molecular_function
ENSG00000196950	GO:0005886	plasma membrane	cellular_component
ENSG00000196954	GO:0002376	immune system process	biological_process
ENSG00000196954	GO:0005576	extracellular region	cellular_component
ENSG00000196954	GO:0005739	mitochondrion	cellular_component
ENSG00000196961	GO:0005886	plasma membrane	cellular_component
ENSG00000196975	GO:0005576	extracellular region	cellular_component
ENSG00000196975	GO:0005886	plasma membrane	cellular_component
ENSG00000197006	GO:0005739	mitochondrion	cellular_component
ENSG00000197043	GO:0005576	extracellular region	cellular_component
ENSG00000197043	GO:0005739	mitochondrion	cellular_component
ENSG00000197043	GO:0005886	plasma membrane	cellular_component
ENSG00000197070	GO:0005576	extracellular region	cellular_component
ENSG00000197070	GO:0005886	plasma membrane	cellular_component
ENSG00000197111	GO:0002376	immune system process	biological_process
ENSG00000197111	GO:0003723	RNA binding	molecular_function
ENSG00000197111	GO:0005576	extracellular region	cellular_component
ENSG00000197119	GO:0005739	mitochondrion	cellular_component
ENSG00000197122	GO:0002376	immune system process	biological_process
ENSG00000197122	GO:0005576	extracellular region	cellular_component
ENSG00000197122	GO:0005739	mitochondrion	cellular_component
ENSG00000197122	GO:0005886	plasma membrane	cellular_component
ENSG00000197142	GO:0005739	mitochondrion	cellular_component
ENSG00000197142	GO:0005886	plasma membrane	cellular_component
ENSG00000197147	GO:0005886	plasma membrane	cellular_component
ENSG00000197150	GO:0005739	mitochondrion	cellular_component
ENSG00000197150	GO:0005886	plasma membrane	cellular_component
ENSG00000197157	GO:0003723	RNA binding	molecular_function
ENSG00000197157	GO:0005576	extracellular region	cellular_component
ENSG00000197170	GO:0002376	immune system process	biological_process
ENSG00000197170	GO:0005576	extracellular region	cellular_component
ENSG00000197208	GO:0005739	mitochondrion	cellular_component
ENSG00000197208	GO:0005886	plasma membrane	cellular_component
ENSG00000197223	GO:0003723	RNA binding	molecular_function
ENSG00000197249	GO:0005576	extracellular region	cellular_component
ENSG00000197256	GO:0005739	mitochondrion	cellular_component
ENSG00000197265	GO:0003723	RNA binding	molecular_function
ENSG00000197321	GO:0005886	plasma membrane	cellular_component
ENSG00000197324	GO:0005886	plasma membrane	cellular_component
ENSG00000197343	GO:0005886	plasma membrane	cellular_component
ENSG00000197345	GO:0003723	RNA binding	molecular_function
ENSG00000197345	GO:0005739	mitochondrion	cellular_component
ENSG00000197345	GO:0005840	ribosome	cellular_component
ENSG00000197372	GO:0002376	immune system process	biological_process
ENSG00000197375	GO:0002376	immune system process	biological_process
ENSG00000197375	GO:0005576	extracellular region	cellular_component
ENSG00000197375	GO:0005886	plasma membrane	cellular_component
ENSG00000197381	GO:0002376	immune system process	biological_process
ENSG00000197381	GO:0003723	RNA binding	molecular_function
ENSG00000197442	GO:0002376	immune system process	biological_process
ENSG00000197444	GO:0005739	mitochondrion	cellular_component
ENSG00000197448	GO:0005576	extracellular region	cellular_component
ENSG00000197448	GO:0005739	mitochondrion	cellular_component
ENSG00000197451	GO:0003723	RNA binding	molecular_function
ENSG00000197461	GO:0005576	extracellular region	cellular_component
ENSG00000197467	GO:0005576	extracellular region	cellular_component
ENSG00000197467	GO:0005886	plasma membrane	cellular_component
ENSG00000197496	GO:0005886	plasma membrane	cellular_component
ENSG00000197498	GO:0003723	RNA binding	molecular_function
ENSG00000197548	GO:0002376	immune system process	biological_process
ENSG00000197548	GO:0005576	extracellular region	cellular_component
ENSG00000197555	GO:0005886	plasma membrane	cellular_component
ENSG00000197562	GO:0005886	plasma membrane	cellular_component
ENSG00000197563	GO:0005886	plasma membrane	cellular_component
ENSG00000197565	GO:0005576	extracellular region	cellular_component
ENSG00000197586	GO:0005576	extracellular region	cellular_component
ENSG00000197586	GO:0005886	plasma membrane	cellular_component
ENSG00000197622	GO:0005886	plasma membrane	cellular_component
ENSG00000197635	GO:0002376	immune system process	biological_process
ENSG00000197635	GO:0005576	extracellular region	cellular_component
ENSG00000197635	GO:0005886	plasma membrane	cellular_component
ENSG00000197694	GO:0005576	extracellular region	cellular_component
ENSG00000197694	GO:0005886	plasma membrane	cellular_component
ENSG00000197696	GO:0002376	immune system process	biological_process
ENSG00000197696	GO:0005576	extracellular region	cellular_component
ENSG00000197702	GO:0005886	plasma membrane	cellular_component
ENSG00000197713	GO:0005576	extracellular region	cellular_component
ENSG00000197728	GO:0003723	RNA binding	molecular_function
ENSG00000197728	GO:0005576	extracellular region	cellular_component
ENSG00000197728	GO:0005840	ribosome	cellular_component
ENSG00000197746	GO:0005576	extracellular region	cellular_component
ENSG00000197746	GO:0005886	plasma membrane	cellular_component
ENSG00000197747	GO:0005576	extracellular region	cellular_component
ENSG00000197747	GO:0005886	plasma membrane	cellular_component
ENSG00000197756	GO:0003723	RNA binding	molecular_function
ENSG00000197756	GO:0005576	extracellular region	cellular_component
ENSG00000197756	GO:0005840	ribosome	cellular_component
ENSG00000197766	GO:0002376	immune system process	biological_process
ENSG00000197766	GO:0005576	extracellular region	cellular_component
ENSG00000197785	GO:0002376	immune system process	biological_process
ENSG00000197785	GO:0005739	mitochondrion	cellular_component
ENSG00000197818	GO:0005886	plasma membrane	cellular_component
ENSG00000197822	GO:0005886	plasma membrane	cellular_component
ENSG00000197879	GO:0005576	extracellular region	cellular_component
ENSG00000197879	GO:0005886	plasma membrane	cellular_component
ENSG00000197892	GO:0002376	immune system process	biological_process
ENSG00000197894	GO:0005576	extracellular region	cellular_component
ENSG00000197930	GO:0005576	extracellular region	cellular_component
ENSG00000197943	GO:0002376	immune system process	biological_process
ENSG00000197943	GO:0005576	extracellular region	cellular_component
ENSG00000197943	GO:0005886	plasma membrane	cellular_component
ENSG00000197956	GO:0005576	extracellular region	cellular_component
ENSG00000197956	GO:0005886	plasma membrane	cellular_component
ENSG00000197958	GO:0003723	RNA binding	molecular_function
ENSG00000197958	GO:0005576	extracellular region	cellular_component
ENSG00000197958	GO:0005840	ribosome	cellular_component
ENSG00000197959	GO:0005576	extracellular region	cellular_component
ENSG00000197959	GO:0005886	plasma membrane	cellular_component
ENSG00000197965	GO:0005886	plasma membrane	cellular_component
ENSG00000197969	GO:0005739	mitochondrion	cellular_component
ENSG00000197971	GO:0002376	immune system process	biological_process
ENSG00000197976	GO:0002376	immune system process	biological_process
ENSG00000197976	GO:0003723	RNA binding	molecular_function
ENSG00000198000	GO:0003723	RNA binding	molecular_function
ENSG00000198001	GO:0002376	immune system process	biological_process
ENSG00000198001	GO:0005886	plasma membrane	cellular_component
ENSG00000198018	GO:0002376	immune system process	biological_process
ENSG00000198026	GO:0002376	immune system process	biological_process
ENSG00000198034	GO:0003723	RNA binding	molecular_function
ENSG00000198034	GO:0005576	extracellular region	cellular_component
ENSG00000198034	GO:0005840	ribosome	cellular_component
ENSG00000198042	GO:0003723	RNA binding	molecular_function
ENSG00000198053	GO:0002376	immune system process	biological_process
ENSG00000198053	GO:0005576	extracellular region	cellular_component
ENSG00000198053	GO:0005886	plasma membrane	cellular_component
ENSG00000198060	GO:0002376	immune system process	biological_process
ENSG00000198060	GO:0005739	mitochondrion	cellular_component
ENSG00000198081	GO:0002376	immune system process	biological_process
ENSG00000198087	GO:0005576	extracellular region	cellular_component
ENSG00000198087	GO:0005886	plasma membrane	cellular_component
ENSG00000198113	GO:0005576	extracellular region	cellular_component
ENSG00000198121	GO:0005886	plasma membrane	cellular_component
ENSG00000198130	GO:0005739	mitochondrion	cellular_component
ENSG00000198157	GO:0003723	RNA binding	molecular_function
ENSG00000198162	GO:0005576	extracellular region	cellular_component
ENSG00000198168	GO:0005576	extracellular region	cellular_component
ENSG00000198168	GO:0005886	plasma membrane	cellular_component
ENSG00000198171	GO:0002376	immune system process	biological_process
ENSG00000198208	GO:0005840	ribosome	cellular_component
ENSG00000198218	GO:0005886	plasma membrane	cellular_component
ENSG00000198231	GO:0003723	RNA binding	molecular_function
ENSG00000198242	GO:0003723	RNA binding	molecular_function
ENSG00000198242	GO:0005576	extracellular region	cellular_component
ENSG00000198242	GO:0005840	ribosome	cellular_component
ENSG00000198246	GO:0005739	mitochondrion	cellular_component
ENSG00000198246	GO:0005886	plasma membrane	cellular_component
ENSG00000198356	GO:0005576	extracellular region	cellular_component
ENSG00000198363	GO:0005886	plasma membrane	cellular_component
ENSG00000198369	GO:0005886	plasma membrane	cellular_component
ENSG00000198373	GO:0005576	extracellular region	cellular_component
ENSG00000198380	GO:0005576	extracellular region	cellular_component
ENSG00000198399	GO:0005576	extracellular region	cellular_component
ENSG00000198399	GO:0005886	plasma membrane	cellular_component
ENSG00000198420	GO:0005886	plasma membrane	cellular_component
ENSG00000198492	GO:0002376	immune system process	biological_process
ENSG00000198492	GO:0003723	RNA binding	molecular_function
ENSG00000198542	GO:0005576	extracellular region	cellular_component
ENSG00000198542	GO:0005886	plasma membrane	cellular_component
ENSG00000198576	GO:0003723	RNA binding	molecular_function
ENSG00000198576	GO:0005576	extracellular region	cellular_component
ENSG00000198576	GO:0005886	plasma membrane	cellular_component
ENSG00000198585	GO:0003723	RNA binding	molecular_function
ENSG00000198589	GO:0005886	plasma membrane	cellular_component
ENSG00000198598	GO:0005576	extracellular region	cellular_component
ENSG00000198598	GO:0005886	plasma membrane	cellular_component
ENSG00000198612	GO:0005576	extracellular region	cellular_component
ENSG00000198648	GO:0002376	immune system process	biological_process
ENSG00000198648	GO:0005886	plasma membrane	cellular_component
ENSG00000198663	GO:0005886	plasma membrane	cellular_component
ENSG00000198668	GO:0002376	immune system process	biological_process
ENSG00000198668	GO:0005576	extracellular region	cellular_component
ENSG00000198668	GO:0005886	plasma membrane	cellular_component
ENSG00000198689	GO:0005886	plasma membrane	cellular_component
ENSG00000198707	GO:0005576	extracellular region	cellular_component
ENSG00000198719	GO:0002376	immune system process	biological_process
ENSG00000198719	GO:0005576	extracellular region	cellular_component
ENSG00000198719	GO:0005886	plasma membrane	cellular_component
ENSG00000198720	GO:0005886	plasma membrane	cellular_component
ENSG00000198721	GO:0005739	mitochondrion	cellular_component
ENSG00000198722	GO:0005886	plasma membrane	cellular_component
ENSG00000198728	GO:0002376	immune system process	biological_process
ENSG00000198730	GO:0002376	immune system process	biological_process
ENSG00000198732	GO:0005576	extracellular region	cellular_component
ENSG00000198742	GO:0002376	immune system process	biological_process
ENSG00000198742	GO:0005576	extracellular region	cellular_component
ENSG00000198742	GO:0005739	mitochondrion	cellular_component
ENSG00000198742	GO:0005886	plasma membrane	cellular_component
ENSG00000198746	GO:0002376	immune system process	biological_process
ENSG00000198752	GO:0005576	extracellular region	cellular_component
ENSG00000198752	GO:0005886	plasma membrane	cellular_component
ENSG00000198755	GO:0003723	RNA binding	molecular_function
ENSG00000198755	GO:0005576	extracellular region	cellular_component
ENSG00000198755	GO:0005840	ribosome	cellular_component
ENSG00000198774	GO:0005576	extracellular region	cellular_component
ENSG00000198791	GO:0002376	immune system process	biological_process
ENSG00000198791	GO:0003723	RNA binding	molecular_function
ENSG00000198793	GO:0002376	immune system process	biological_process
ENSG00000198793	GO:0005739	mitochondrion	cellular_component
ENSG00000198793	GO:0005886	plasma membrane	cellular_component
ENSG00000198794	GO:0005886	plasma membrane	cellular_component
ENSG00000198796	GO:0005886	plasma membrane	cellular_component
ENSG00000198805	GO:0002376	immune system process	biological_process
ENSG00000198805	GO:0005576	extracellular region	cellular_component
ENSG00000198814	GO:0005576	extracellular region	cellular_component
ENSG00000198814	GO:0005739	mitochondrion	cellular_component
ENSG00000198830	GO:0002376	immune system process	biological_process
ENSG00000198830	GO:0003723	RNA binding	molecular_function
ENSG00000198836	GO:0002376	immune system process	biological_process
ENSG00000198836	GO:0005739	mitochondrion	cellular_component
ENSG00000198846	GO:0002376	immune system process	biological_process
ENSG00000198853	GO:0005576	extracellular region	cellular_component
ENSG00000198853	GO:0005886	plasma membrane	cellular_component
ENSG00000198873	GO:0005886	plasma membrane	cellular_component
ENSG00000198876	GO:0002376	immune system process	biological_process
ENSG00000198890	GO:0002376	immune system process	biological_process
ENSG00000198898	GO:0005576	extracellular region	cellular_component
ENSG00000198900	GO:0003723	RNA binding	molecular_function
ENSG00000198910	GO:0005576	extracellular region	cellular_component
ENSG00000198910	GO:0005886	plasma membrane	cellular_component
ENSG00000198918	GO:0002376	immune system process	biological_process
ENSG00000198918	GO:0003723	RNA binding	molecular_function
ENSG00000198918	GO:0005840	ribosome	cellular_component
ENSG00000198919	GO:0003723	RNA binding	molecular_function
ENSG00000198925	GO:0005739	mitochondrion	cellular_component
ENSG00000198925	GO:0005886	plasma membrane	cellular_component
ENSG00000198929	GO:0005739	mitochondrion	cellular_component
ENSG00000198929	GO:0005886	plasma membrane	cellular_component
ENSG00000198931	GO:0005576	extracellular region	cellular_component
ENSG00000198933	GO:0002376	immune system process	biological_process
ENSG00000198934	GO:0005886	plasma membrane	cellular_component
ENSG00000198948	GO:0005886	plasma membrane	cellular_component
ENSG00000198951	GO:0005576	extracellular region	cellular_component
ENSG00000198952	GO:0003723	RNA binding	molecular_function
ENSG00000198959	GO:0005576	extracellular region	cellular_component
ENSG00000198959	GO:0005739	mitochondrion	cellular_component
ENSG00000198959	GO:0005886	plasma membrane	cellular_component
ENSG00000198960	GO:0005739	mitochondrion	cellular_component
ENSG00000198961	GO:0002376	immune system process	biological_process
ENSG00000198961	GO:0005886	plasma membrane	cellular_component
ENSG00000198964	GO:0005886	plasma membrane	cellular_component
ENSG00000203667	GO:0005739	mitochondrion	cellular_component
ENSG00000203705	GO:0005739	mitochondrion	cellular_component
ENSG00000203724	GO:0005739	mitochondrion	cellular_component
ENSG00000203879	GO:0002376	immune system process	biological_process
ENSG00000203965	GO:0005886	plasma membrane	cellular_component
ENSG00000204084	GO:0005886	plasma membrane	cellular_component
ENSG00000204103	GO:0002376	immune system process	biological_process
ENSG00000204116	GO:0005886	plasma membrane	cellular_component
ENSG00000204120	GO:0002376	immune system process	biological_process
ENSG00000204120	GO:0003723	RNA binding	molecular_function
ENSG00000204160	GO:0002376	immune system process	biological_process
ENSG00000204237	GO:0005739	mitochondrion	cellular_component
ENSG00000204262	GO:0005576	extracellular region	cellular_component
ENSG00000204264	GO:0002376	immune system process	biological_process
ENSG00000204264	GO:0005576	extracellular region	cellular_component
ENSG00000204267	GO:0002376	immune system process	biological_process
ENSG00000204308	GO:0005739	mitochondrion	cellular_component
ENSG00000204308	GO:0005886	plasma membrane	cellular_component
ENSG00000204315	GO:0005576	extracellular region	cellular_component
ENSG00000204344	GO:0003723	RNA binding	molecular_function
ENSG00000204348	GO:0003723	RNA binding	molecular_function
ENSG00000204356	GO:0003723	RNA binding	molecular_function
ENSG00000204366	GO:0002376	immune system process	biological_process
ENSG00000204370	GO:0005739	mitochondrion	cellular_component
ENSG00000204386	GO:0005576	extracellular region	cellular_component
ENSG00000204386	GO:0005886	plasma membrane	cellular_component
ENSG00000204388	GO:0002376	immune system process	biological_process
ENSG00000204388	GO:0003723	RNA binding	molecular_function
ENSG00000204388	GO:0005576	extracellular region	cellular_component
ENSG00000204388	GO:0005739	mitochondrion	cellular_component
ENSG00000204388	GO:0005886	plasma membrane	cellular_component
ENSG00000204389	GO:0002376	immune system process	biological_process
ENSG00000204389	GO:0003723	RNA binding	molecular_function
ENSG00000204389	GO:0005576	extracellular region	cellular_component
ENSG00000204389	GO:0005739	mitochondrion	cellular_component
ENSG00000204389	GO:0005886	plasma membrane	cellular_component
ENSG00000204390	GO:0005576	extracellular region	cellular_component
ENSG00000204390	GO:0005886	plasma membrane	cellular_component
ENSG00000204392	GO:0003723	RNA binding	molecular_function
ENSG00000204435	GO:0005576	extracellular region	cellular_component
ENSG00000204435	GO:0005886	plasma membrane	cellular_component
ENSG00000204444	GO:0005576	extracellular region	cellular_component
ENSG00000204463	GO:0002376	immune system process	biological_process
ENSG00000204463	GO:0005576	extracellular region	cellular_component
ENSG00000204469	GO:0003723	RNA binding	molecular_function
ENSG00000204469	GO:0005576	extracellular region	cellular_component
ENSG00000204498	GO:0002376	immune system process	biological_process
ENSG00000204516	GO:0002376	immune system process	biological_process
ENSG00000204516	GO:0005886	plasma membrane	cellular_component
ENSG00000204520	GO:0002376	immune system process	biological_process
ENSG00000204520	GO:0005886	plasma membrane	cellular_component
ENSG00000204560	GO:0002376	immune system process	biological_process
ENSG00000204560	GO:0003723	RNA binding	molecular_function
ENSG00000204568	GO:0005739	mitochondrion	cellular_component
ENSG00000204568	GO:0005840	ribosome	cellular_component
ENSG00000204569	GO:0003723	RNA binding	molecular_function
ENSG00000204574	GO:0003723	RNA binding	molecular_function
ENSG00000204576	GO:0003723	RNA binding	molecular_function
ENSG00000204580	GO:0005576	extracellular region	cellular_component
ENSG00000204580	GO:0005886	plasma membrane	cellular_component
ENSG00000204590	GO:0002376	immune system process	biological_process
ENSG00000204628	GO:0003723	RNA binding	molecular_function
ENSG00000204628	GO:0005576	extracellular region	cellular_component
ENSG00000204628	GO:0005739	mitochondrion	cellular_component
ENSG00000204628	GO:0005840	ribosome	cellular_component
ENSG00000204628	GO:0005886	plasma membrane	cellular_component
ENSG00000204713	GO:0002376	immune system process	biological_process
ENSG00000204713	GO:0005739	mitochondrion	cellular_component
ENSG00000204822	GO:0005739	mitochondrion	cellular_component
ENSG00000204822	GO:0005840	ribosome	cellular_component
ENSG00000204842	GO:0003723	RNA binding	molecular_function
ENSG00000204852	GO:0005576	extracellular region	cellular_component
ENSG00000204859	GO:0003723	RNA binding	molecular_function
ENSG00000204922	GO:0005739	mitochondrion	cellular_component
ENSG00000204954	GO:0005739	mitochondrion	cellular_component
ENSG00000204977	GO:0002376	immune system process	biological_process
ENSG00000204991	GO:0005886	plasma membrane	cellular_component
ENSG00000205084	GO:0005886	plasma membrane	cellular_component
ENSG00000205138	GO:0005739	mitochondrion	cellular_component
ENSG00000205155	GO:0005886	plasma membrane	cellular_component
ENSG00000205213	GO:0002376	immune system process	biological_process
ENSG00000205213	GO:0005886	plasma membrane	cellular_component
ENSG00000205220	GO:0002376	immune system process	biological_process
ENSG00000205269	GO:0005886	plasma membrane	cellular_component
ENSG00000205323	GO:0003723	RNA binding	molecular_function
ENSG00000205336	GO:0005576	extracellular region	cellular_component
ENSG00000205336	GO:0005886	plasma membrane	cellular_component
ENSG00000205413	GO:0002376	immune system process	biological_process
ENSG00000205531	GO:0003723	RNA binding	molecular_function
ENSG00000205707	GO:0005739	mitochondrion	cellular_component
ENSG00000205808	GO:0002376	immune system process	biological_process
ENSG00000205808	GO:0005886	plasma membrane	cellular_component
ENSG00000205937	GO:0003723	RNA binding	molecular_function
ENSG00000205978	GO:0003723	RNA binding	molecular_function
ENSG00000205981	GO:0005739	mitochondrion	cellular_component
ENSG00000211456	GO:0005886	plasma membrane	cellular_component
ENSG00000211460	GO:0003723	RNA binding	molecular_function
ENSG00000211584	GO:0005886	plasma membrane	cellular_component
ENSG00000213015	GO:0002376	immune system process	biological_process
ENSG00000213047	GO:0002376	immune system process	biological_process
ENSG00000213079	GO:0003723	RNA binding	molecular_function
ENSG00000213186	GO:0002376	immune system process	biological_process
ENSG00000213190	GO:0005739	mitochondrion	cellular_component
ENSG00000213221	GO:0005739	mitochondrion	cellular_component
ENSG00000213281	GO:0005576	extracellular region	cellular_component
ENSG00000213281	GO:0005886	plasma membrane	cellular_component
ENSG00000213339	GO:0005739	mitochondrion	cellular_component
ENSG00000213341	GO:0002376	immune system process	biological_process
ENSG00000213341	GO:0005886	plasma membrane	cellular_component
ENSG00000213366	GO:0005576	extracellular region	cellular_component
ENSG00000213420	GO:0005576	extracellular region	cellular_component
ENSG00000213420	GO:0005886	plasma membrane	cellular_component
ENSG00000213445	GO:0002376	immune system process	biological_process
ENSG00000213463	GO:0005739	mitochondrion	cellular_component
ENSG00000213465	GO:0005739	mitochondrion	cellular_component
ENSG00000213465	GO:0005886	plasma membrane	cellular_component
ENSG00000213516	GO:0003723	RNA binding	molecular_function
ENSG00000213523	GO:0003723	RNA binding	molecular_function
ENSG00000213551	GO:0005886	plasma membrane	cellular_component
ENSG00000213563	GO:0005739	mitochondrion	cellular_component
ENSG00000213585	GO:0005576	extracellular region	cellular_component
ENSG00000213585	GO:0005739	mitochondrion	cellular_component
ENSG00000213585	GO:0005886	plasma membrane	cellular_component
ENSG00000213593	GO:0005739	mitochondrion	cellular_component
ENSG00000213614	GO:0005576	extracellular region	cellular_component
ENSG00000213639	GO:0005576	extracellular region	cellular_component
ENSG00000213699	GO:0005576	extracellular region	cellular_component
ENSG00000213699	GO:0005739	mitochondrion	cellular_component
ENSG00000213719	GO:0005576	extracellular region	cellular_component
ENSG00000213719	GO:0005739	mitochondrion	cellular_component
ENSG00000213719	GO:0005886	plasma membrane	cellular_component
ENSG00000213722	GO:0005576	extracellular region	cellular_component
ENSG00000213722	GO:0005739	mitochondrion	cellular_component
ENSG00000213741	GO:0003723	RNA binding	molecular_function
ENSG00000213741	GO:0005576	extracellular region	cellular_component
ENSG00000213741	GO:0005840	ribosome	cellular_component
ENSG00000213762	GO:0002376	immune system process	biological_process
ENSG00000213782	GO:0003723	RNA binding	molecular_function
ENSG00000213853	GO:0002376	immune system process	biological_process
ENSG00000213853	GO:0005886	plasma membrane	cellular_component
ENSG00000213977	GO:0005576	extracellular region	cellular_component
ENSG00000213977	GO:0005886	plasma membrane	cellular_component
ENSG00000214022	GO:0003723	RNA binding	molecular_function
ENSG00000214026	GO:0003723	RNA binding	molecular_function
ENSG00000214026	GO:0005739	mitochondrion	cellular_component
ENSG00000214026	GO:0005840	ribosome	cellular_component
ENSG00000214063	GO:0005886	plasma membrane	cellular_component
ENSG00000214078	GO:0005576	extracellular region	cellular_component
ENSG00000214078	GO:0005886	plasma membrane	cellular_component
ENSG00000214113	GO:0005739	mitochondrion	cellular_component
ENSG00000214194	GO:0002376	immune system process	biological_process
ENSG00000214194	GO:0005739	mitochondrion	cellular_component
ENSG00000214253	GO:0005739	mitochondrion	cellular_component
ENSG00000214274	GO:0002376	immune system process	biological_process
ENSG00000214274	GO:0003723	RNA binding	molecular_function
ENSG00000214274	GO:0005576	extracellular region	cellular_component
ENSG00000214413	GO:0005886	plasma membrane	cellular_component
ENSG00000214517	GO:0003723	RNA binding	molecular_function
ENSG00000214753	GO:0003723	RNA binding	molecular_function
ENSG00000214756	GO:0005739	mitochondrion	cellular_component
ENSG00000214944	GO:0003723	RNA binding	molecular_function
ENSG00000214944	GO:0005886	plasma membrane	cellular_component
ENSG00000215012	GO:0005739	mitochondrion	cellular_component
ENSG00000215021	GO:0002376	immune system process	biological_process
ENSG00000215021	GO:0005739	mitochondrion	cellular_component
ENSG00000215021	GO:0005886	plasma membrane	cellular_component
ENSG00000215041	GO:0005739	mitochondrion	cellular_component
ENSG00000215251	GO:0003723	RNA binding	molecular_function
ENSG00000215251	GO:0005739	mitochondrion	cellular_component
ENSG00000215301	GO:0002376	immune system process	biological_process
ENSG00000215301	GO:0003723	RNA binding	molecular_function
ENSG00000215301	GO:0005576	extracellular region	cellular_component
ENSG00000215301	GO:0005739	mitochondrion	cellular_component
ENSG00000215301	GO:0005840	ribosome	cellular_component
ENSG00000215301	GO:0005886	plasma membrane	cellular_component
ENSG00000215712	GO:0005739	mitochondrion	cellular_component
ENSG00000217128	GO:0002376	immune system process	biological_process
ENSG00000217555	GO:0002376	immune system process	biological_process
ENSG00000217555	GO:0005576	extracellular region	cellular_component
ENSG00000218739	GO:0005739	mitochondrion	cellular_component
ENSG00000218891	GO:0003723	RNA binding	molecular_function
ENSG00000219200	GO:0005886	plasma membrane	cellular_component
ENSG00000220205	GO:0002376	immune system process	biological_process
ENSG00000220205	GO:0005886	plasma membrane	cellular_component
ENSG00000221823	GO:0005886	plasma membrane	cellular_component
ENSG00000221829	GO:0005739	mitochondrion	cellular_component
ENSG00000221838	GO:0005576	extracellular region	cellular_component
ENSG00000221955	GO:0005886	plasma membrane	cellular_component
ENSG00000221963	GO:0005576	extracellular region	cellular_component
ENSG00000221983	GO:0005576	extracellular region	cellular_component
ENSG00000221983	GO:0005739	mitochondrion	cellular_component
ENSG00000221983	GO:0005840	ribosome	cellular_component
ENSG00000221983	GO:0005886	plasma membrane	cellular_component
ENSG00000221988	GO:0005576	extracellular region	cellular_component
ENSG00000222011	GO:0005739	mitochondrion	cellular_component
ENSG00000223496	GO:0002376	immune system process	biological_process
ENSG00000223496	GO:0003723	RNA binding	molecular_function
ENSG00000224051	GO:0002376	immune system process	biological_process
ENSG00000224051	GO:0005886	plasma membrane	cellular_component
ENSG00000224470	GO:0003723	RNA binding	molecular_function
ENSG00000224877	GO:0005739	mitochondrion	cellular_component
ENSG00000225697	GO:0002376	immune system process	biological_process
ENSG00000225697	GO:0005886	plasma membrane	cellular_component
ENSG00000225921	GO:0003723	RNA binding	molecular_function
ENSG00000225973	GO:0005739	mitochondrion	cellular_component
ENSG00000227057	GO:0003723	RNA binding	molecular_function
ENSG00000227345	GO:0005739	mitochondrion	cellular_component
ENSG00000228716	GO:0003723	RNA binding	molecular_function
ENSG00000228716	GO:0005739	mitochondrion	cellular_component
ENSG00000229117	GO:0003723	RNA binding	molecular_function
ENSG00000229117	GO:0005840	ribosome	cellular_component
ENSG00000229833	GO:0005739	mitochondrion	cellular_component
ENSG00000230124	GO:0005886	plasma membrane	cellular_component
ENSG00000231500	GO:0003723	RNA binding	molecular_function
ENSG00000231500	GO:0005576	extracellular region	cellular_component
ENSG00000231500	GO:0005840	ribosome	cellular_component
ENSG00000231925	GO:0002376	immune system process	biological_process
ENSG00000232119	GO:0003723	RNA binding	molecular_function
ENSG00000232388	GO:0005739	mitochondrion	cellular_component
ENSG00000232838	GO:0005739	mitochondrion	cellular_component
ENSG00000233927	GO:0003723	RNA binding	molecular_function
ENSG00000233927	GO:0005576	extracellular region	cellular_component
ENSG00000233927	GO:0005840	ribosome	cellular_component
ENSG00000234127	GO:0002376	immune system process	biological_process
ENSG00000234545	GO:0003723	RNA binding	molecular_function
ENSG00000234616	GO:0003723	RNA binding	molecular_function
ENSG00000239306	GO:0002376	immune system process	biological_process
ENSG00000239306	GO:0003723	RNA binding	molecular_function
ENSG00000239672	GO:0003723	RNA binding	molecular_function
ENSG00000239672	GO:0005576	extracellular region	cellular_component
ENSG00000239672	GO:0005739	mitochondrion	cellular_component
ENSG00000239672	GO:0005886	plasma membrane	cellular_component
ENSG00000240065	GO:0002376	immune system process	biological_process
ENSG00000240065	GO:0005576	extracellular region	cellular_component
ENSG00000240184	GO:0005886	plasma membrane	cellular_component
ENSG00000240230	GO:0005739	mitochondrion	cellular_component
ENSG00000240583	GO:0005576	extracellular region	cellular_component
ENSG00000240583	GO:0005886	plasma membrane	cellular_component
ENSG00000240972	GO:0002376	immune system process	biological_process
ENSG00000240972	GO:0005576	extracellular region	cellular_component
ENSG00000240972	GO:0005886	plasma membrane	cellular_component
ENSG00000241058	GO:0003723	RNA binding	molecular_function
ENSG00000241258	GO:0002376	immune system process	biological_process
ENSG00000241258	GO:0005886	plasma membrane	cellular_component
ENSG00000241360	GO:0005886	plasma membrane	cellular_component
ENSG00000241468	GO:0005739	mitochondrion	cellular_component
ENSG00000241553	GO:0005576	extracellular region	cellular_component
ENSG00000241685	GO:0005576	extracellular region	cellular_component
ENSG00000241685	GO:0005886	plasma membrane	cellular_component
ENSG00000241837	GO:0005739	mitochondrion	cellular_component
ENSG00000241837	GO:0005886	plasma membrane	cellular_component
ENSG00000241839	GO:0005576	extracellular region	cellular_component
ENSG00000241878	GO:0005739	mitochondrion	cellular_component
ENSG00000241973	GO:0005576	extracellular region	cellular_component
ENSG00000241973	GO:0005886	plasma membrane	cellular_component
ENSG00000242114	GO:0005739	mitochondrion	cellular_component
ENSG00000242265	GO:0003723	RNA binding	molecular_function
ENSG00000242265	GO:0005576	extracellular region	cellular_component
ENSG00000242372	GO:0002376	immune system process	biological_process
ENSG00000242372	GO:0005576	extracellular region	cellular_component
ENSG00000242485	GO:0003723	RNA binding	molecular_function
ENSG00000242485	GO:0005739	mitochondrion	cellular_component
ENSG00000242485	GO:0005840	ribosome	cellular_component
ENSG00000242616	GO:0005886	plasma membrane	cellular_component
ENSG00000243147	GO:0005739	mitochondrion	cellular_component
ENSG00000243147	GO:0005840	ribosome	cellular_component
ENSG00000243317	GO:0002376	immune system process	biological_process
ENSG00000243317	GO:0005739	mitochondrion	cellular_component
ENSG00000243335	GO:0005886	plasma membrane	cellular_component
ENSG00000243364	GO:0005576	extracellular region	cellular_component
ENSG00000243364	GO:0005886	plasma membrane	cellular_component
ENSG00000243449	GO:0003723	RNA binding	molecular_function
ENSG00000243449	GO:0005576	extracellular region	cellular_component
ENSG00000243725	GO:0002376	immune system process	biological_process
ENSG00000243927	GO:0003723	RNA binding	molecular_function
ENSG00000243927	GO:0005739	mitochondrion	cellular_component
ENSG00000243927	GO:0005840	ribosome	cellular_component
ENSG00000243989	GO:0005576	extracellular region	cellular_component
ENSG00000244005	GO:0005739	mitochondrion	cellular_component
ENSG00000244187	GO:0005739	mitochondrion	cellular_component
ENSG00000244462	GO:0003723	RNA binding	molecular_function
ENSG00000244509	GO:0002376	immune system process	biological_process
ENSG00000244509	GO:0003723	RNA binding	molecular_function
ENSG00000244754	GO:0005576	extracellular region	cellular_component
ENSG00000245848	GO:0002376	immune system process	biological_process
ENSG00000246705	GO:0005576	extracellular region	cellular_component
ENSG00000247077	GO:0005739	mitochondrion	cellular_component
ENSG00000247596	GO:0003723	RNA binding	molecular_function
ENSG00000247596	GO:0005576	extracellular region	cellular_component
ENSG00000247626	GO:0005739	mitochondrion	cellular_component
ENSG00000248333	GO:0003723	RNA binding	molecular_function
ENSG00000249242	GO:0005886	plasma membrane	cellular_component
ENSG00000249915	GO:0005576	extracellular region	cellular_component
ENSG00000250317	GO:0005576	extracellular region	cellular_component
ENSG00000250317	GO:0005739	mitochondrion	cellular_component
ENSG00000250479	GO:0005739	mitochondrion	cellular_component
ENSG00000253251	GO:0002376	immune system process	biological_process
ENSG00000253352	GO:0005739	mitochondrion	cellular_component
ENSG00000254087	GO:0002376	immune system process	biological_process
ENSG00000254087	GO:0005576	extracellular region	cellular_component
ENSG00000254087	GO:0005739	mitochondrion	cellular_component
ENSG00000254087	GO:0005886	plasma membrane	cellular_component
ENSG00000254093	GO:0003723	RNA binding	molecular_function
ENSG00000254122	GO:0005886	plasma membrane	cellular_component
ENSG00000254505	GO:0005886	plasma membrane	cellular_component
ENSG00000254535	GO:0003723	RNA binding	molecular_function
ENSG00000254726	GO:0003723	RNA binding	molecular_function
ENSG00000254858	GO:0005739	mitochondrion	cellular_component
ENSG00000254986	GO:0005576	extracellular region	cellular_component
ENSG00000254999	GO:0005576	extracellular region	cellular_component
ENSG00000255112	GO:0005576	extracellular region	cellular_component
ENSG00000255112	GO:0005886	plasma membrane	cellular_component
ENSG00000256053	GO:0005739	mitochondrion	cellular_component
ENSG00000256061	GO:0005576	extracellular region	cellular_component
ENSG00000256525	GO:0005739	mitochondrion	cellular_component
ENSG00000256537	GO:0005739	mitochondrion	cellular_component
ENSG00000257103	GO:0003723	RNA binding	molecular_function
ENSG00000257218	GO:0005739	mitochondrion	cellular_component
ENSG00000258947	GO:0005576	extracellular region	cellular_component
ENSG00000259207	GO:0002376	immune system process	biological_process
ENSG00000259207	GO:0005576	extracellular region	cellular_component
ENSG00000259207	GO:0005886	plasma membrane	cellular_component
ENSG00000259956	GO:0003723	RNA binding	molecular_function
ENSG00000261236	GO:0003723	RNA binding	molecular_function
ENSG00000262664	GO:0005739	mitochondrion	cellular_component
ENSG00000262814	GO:0003723	RNA binding	molecular_function
ENSG00000262814	GO:0005739	mitochondrion	cellular_component
ENSG00000262814	GO:0005840	ribosome	cellular_component
ENSG00000263465	GO:0003723	RNA binding	molecular_function
ENSG00000263528	GO:0002376	immune system process	biological_process
ENSG00000263528	GO:0005739	mitochondrion	cellular_component
ENSG00000264364	GO:0005886	plasma membrane	cellular_component
ENSG00000264522	GO:0002376	immune system process	biological_process
ENSG00000265241	GO:0003723	RNA binding	molecular_function
ENSG00000265354	GO:0005739	mitochondrion	cellular_component
ENSG00000265491	GO:0002376	immune system process	biological_process
ENSG00000265681	GO:0003723	RNA binding	molecular_function
ENSG00000265681	GO:0005840	ribosome	cellular_component
ENSG00000266028	GO:0005886	plasma membrane	cellular_component
ENSG00000266412	GO:0002376	immune system process	biological_process
ENSG00000266472	GO:0003723	RNA binding	molecular_function
ENSG00000266472	GO:0005739	mitochondrion	cellular_component
ENSG00000266472	GO:0005840	ribosome	cellular_component
ENSG00000267534	GO:0005886	plasma membrane	cellular_component
ENSG00000269335	GO:0002376	immune system process	biological_process
ENSG00000270170	GO:0005739	mitochondrion	cellular_component
ENSG00000270647	GO:0003723	RNA binding	molecular_function
ENSG00000270885	GO:0005886	plasma membrane	cellular_component
ENSG00000272398	GO:0002376	immune system process	biological_process
ENSG00000272398	GO:0005886	plasma membrane	cellular_component
ENSG00000272886	GO:0003723	RNA binding	molecular_function
ENSG00000273167	GO:0005886	plasma membrane	cellular_component
ENSG00000273749	GO:0003723	RNA binding	molecular_function
ENSG00000273749	GO:0005576	extracellular region	cellular_component
ENSG00000273820	GO:0002376	immune system process	biological_process
ENSG00000274211	GO:0005886	plasma membrane	cellular_component
ENSG00000274523	GO:0003723	RNA binding	molecular_function
ENSG00000274523	GO:0005739	mitochondrion	cellular_component
ENSG00000275379	GO:0005576	extracellular region	cellular_component
ENSG00000275700	GO:0003723	RNA binding	molecular_function
ENSG00000275832	GO:0005576	extracellular region	cellular_component
ENSG00000276023	GO:0003723	RNA binding	molecular_function
ENSG00000276045	GO:0002376	immune system process	biological_process
ENSG00000276045	GO:0005886	plasma membrane	cellular_component
ENSG00000276293	GO:0005886	plasma membrane	cellular_component
ENSG00000276547	GO:0005576	extracellular region	cellular_component
ENSG00000276547	GO:0005886	plasma membrane	cellular_component
ENSG00000277443	GO:0005576	extracellular region	cellular_component
ENSG00000277443	GO:0005886	plasma membrane	cellular_component
ENSG00000277791	GO:0002376	immune system process	biological_process
ENSG00000277791	GO:0005576	extracellular region	cellular_component
ENSG00000278023	GO:0003723	RNA binding	molecular_function
ENSG00000278053	GO:0003723	RNA binding	molecular_function
ENSG00000278259	GO:0005739	mitochondrion	cellular_component
ENSG00000278535	GO:0005576	extracellular region	cellular_component
ENSG00000278540	GO:0005739	mitochondrion	cellular_component
ENSG00000278619	GO:0003723	RNA binding	molecular_function
ENSG00000278619	GO:0005739	mitochondrion	cellular_component
