transcript_id	cluster_id
ENST00000315939.11	0
ENST00000262367.10	1
ENST00000244769.8	2
ENST00000515673.7	3
ENST00000282516.13	4
ENST00000319562.11	5
ENST00000371103.8	6
ENST00000397843.7	7
ENST00000649650.1	8
ENST00000235307.7	9
ENST00000357992.9	10
ENST00000585482.6	11
ENST00000261349.9	12
ENST00000356805.9	13
ENST00000610343.4	14
ENST00000380455.9	15
ENST00000414468.3	16
ENST00000401878.8	17
ENST00000540549.5	18
ENST00000367922.7	19
ENST00000651943.2	20
ENST00000333229.6	21
ENST00000539706.5	22
ENST00000430430.5	23
ENST00000370272.9	24
ENST00000389063.3	25
ENST00000353267.8	26
ENST00000647800.2	27
ENST00000645632.1	28
ENST00000649796.2	29
ENST00000219400.8	30
ENST00000409652.5	31
ENST00000367182.8	32
ENST00000266483.7	33
ENST00000308742.9	33
ENST00000650792.2	34
ENST00000633556.3	35
ENST00000533608.7	36
ENST00000309060.7	37
ENST00000673860.1	38
ENST00000607197.6	39
ENST00000359890.8	40
ENST00000334801.7	41
ENST00000349139.6	42
ENST00000409016.8	43
ENST00000267622.8	44
ENST00000407236.5	45
ENST00000527733.7	46
ENST00000527372.6	47
ENST00000395715.7	48
ENST00000345365.10	49
ENST00000396625.5	50
ENST00000425534.8	51
ENST00000233057.9	52
ENST00000616978.5	53
ENST00000261381.7	54
ENST00000643237.3	55
ENST00000538039.6	56
ENST00000381254.7	57
ENST00000310421.5	58
ENST00000306480.11	59
ENST00000533486.5	60
ENST00000433881.5	61
ENST00000255305.10	62
ENST00000025301.4	63
ENST00000649279.2	64
ENST00000264380.9	65
ENST00000275493.7	66
ENST00000607016.2	67
ENST00000322349.13	68
ENST00000392993.7	69
ENST00000512733.5	70
ENST00000336278.8	71
ENST00000368599.4	72
ENST00000409535.6	73
ENST00000427836.8	74
ENST00000409672.5	75
ENST00000527478.6	76
ENST00000335749.4	77
ENST00000519065.6	78
ENST00000340281.9	79
ENST00000261435.11	80
ENST00000519560.6	81
ENST00000322213.9	82
ENST00000369005.6	83
ENST00000263630.13	84
ENST00000379802.8	85
ENST00000302516.10	86
ENST00000422989.5	87
ENST00000347230.9	88
ENST00000334464.7	89
ENST00000244763.9	90
ENST00000360647.8	91
ENST00000280612.9	92
ENST00000389658.4	93
ENST00000274140.10	94
ENST00000367478.9	95
ENST00000310430.11	96
ENST00000304987.4	97
ENST00000373644.5	98
ENST00000156471.10	99
ENST00000344641.8	100
ENST00000345122.8	101
ENST00000296657.7	102
ENST00000285039.12	103
ENST00000476279.5	104
ENST00000496384.7	104
ENST00000314527.9	105
ENST00000255390.10	106
ENST00000394552.3	107
ENST00000371317.10	107
ENST00000261537.6	108
ENST00000651671.1	109
ENST00000192788.6	110
ENST00000536441.7	111
ENST00000261733.7	112
ENST00000614428.4	113
ENST00000419445.6	114
ENST00000396505.7	115
ENST00000202677.12	116
ENST00000453089.2	117
ENST00000322244.10	118
ENST00000269856.5	119
ENST00000545128.5	120
ENST00000333129.4	121
ENST00000265343.10	122
ENST00000357387.8	123
ENST00000427704.6	124
ENST00000181839.10	125
ENST00000259021.9	126
ENST00000389082.10	127
ENST00000264709.7	128
ENST00000322313.9	129
ENST00000370708.8	130
ENST00000302850.10	131
ENST00000441493.7	132
ENST00000399799.3	133
ENST00000399332.6	134
ENST00000369466.9	135
ENST00000429972.6	136
ENST00000267068.5	137
ENST00000652176.1	138
ENST00000357085.5	139
ENST00000220959.8	140
ENST00000262039.9	141
ENST00000204726.8	142
ENST00000324306.11	143
ENST00000274498.9	144
ENST00000307808.10	145
ENST00000353411.11	146
ENST00000361752.8	147
ENST00000370205.6	148
ENST00000225719.9	149
ENST00000298125.7	150
ENST00000375458.6	151
ENST00000539966.5	152
ENST00000474889.6	153
ENST00000371244.9	154
ENST00000394196.9	155
ENST00000418596.7	156
ENST00000269033.7	157
ENST00000375377.2	158
ENST00000261192.12	159
ENST00000264245.9	160
ENST00000382004.7	161
ENST00000367265.9	162
ENST00000343958.9	163
ENST00000264436.9	164
ENST00000672722.1	165
ENST00000649217.2	166
ENST00000296824.4	167
ENST00000324198.11	168
ENST00000367602.8	169
ENST00000399302.7	170
ENST00000399668.7	171
ENST00000627532.3	172
ENST00000263967.4	173
ENST00000296343.10	174
ENST00000373670.5	175
ENST00000543086.7	176
ENST00000395699.5	177
ENST00000403491.8	178
ENST00000397560.7	179
ENST00000498729.8	180
ENST00000439649.7	181
ENST00000257749.9	182
ENST00000356331.9	183
ENST00000369681.10	184
ENST00000355327.7	185
ENST00000311127.9	186
ENST00000367481.7	187
ENST00000297933.11	188
ENST00000380916.8	189
ENST00000265713.8	190
ENST00000249700.9	191
ENST00000395544.9	192
ENST00000377403.7	193
ENST00000608872.6	194
ENST00000582693.5	195
ENST00000396137.5	196
ENST00000460006.6	197
ENST00000379388.7	198
ENST00000237281.5	199
ENST00000369851.7	200
ENST00000301740.13	201
ENST00000346177.6	202
ENST00000261637.5	203
ENST00000321341.11	204
ENST00000371917.5	205
ENST00000297632.7	206
ENST00000381298.7	207
ENST00000325805.13	208
ENST00000355832.10	209
ENST00000404138.5	210
ENST00000328827.9	211
ENST00000673675.1	212
ENST00000401950.7	213
ENST00000305494.6	214
ENST00000433060.3	215
ENST00000345617.7	216
ENST00000222573.5	217
ENST00000297293.6	218
ENST00000413366.8	219
ENST00000423484.3	220
ENST00000260526.11	221
ENST00000334256.9	222
ENST00000311417.7	223
ENST00000581312.6	224
ENST00000426837.6	225
ENST00000508593.6	226
ENST00000302291.8	227
ENST00000379426.2	228
ENST00000344096.4	229
ENST00000376958.5	230
ENST00000261168.8	231
ENST00000333055.8	232
ENST00000403733.8	233
ENST00000487903.5	234
ENST00000309733.6	235
ENST00000649644.1	236
ENST00000450053.8	237
ENST00000320876.11	238
ENST00000513000.5	239
ENST00000369443.10	240
ENST00000354785.10	241
ENST00000368918.8	242
ENST00000446284.6	243
ENST00000313050.11	244
ENST00000571589.6	245
ENST00000257868.10	246
ENST00000379287.4	247
ENST00000290341.8	248
ENST00000311180.9	249
ENST00000320672.8	250
ENST00000263253.9	251
ENST00000342988.8	252
ENST00000380060.7	253
ENST00000399262.7	254
ENST00000264233.6	255
ENST00000456283.7	256
ENST00000608416.5	256
ENST00000366508.5	257
ENST00000580732.6	258
ENST00000326648.4	259
ENST00000312828.4	260
ENST00000524189.6	261
ENST00000361085.9	262
ENST00000392521.7	263
ENST00000356928.2	264
ENST00000645567.1	265
ENST00000642238.1	266
ENST00000648336.2	267
ENST00000361445.9	268
ENST00000314940.7	269
ENST00000301180.10	270
ENST00000606911.6	271
ENST00000359520.12	272
ENST00000296318.12	273
ENST00000434248.6	274
ENST00000360845.3	275
ENST00000267116.8	276
ENST00000263388.7	277
ENST00000443185.7	278
ENST00000355485.7	279
ENST00000310078.12	280
ENST00000564138.6	281
ENST00000380985.10	282
ENST00000262919.10	283
ENST00000244040.4	284
ENST00000433866.7	285
ENST00000288235.9	286
ENST00000275053.8	287
ENST00000664640.1	288
ENST00000262879.11	289
ENST00000361060.5	290
ENST00000496455.7	291
ENST00000392455.9	292
ENST00000334956.15	293
ENST00000379938.7	294
ENST00000314888.10	295
ENST00000372146.5	296
ENST00000284061.8	297
ENST00000551812.5	298
ENST00000298552.9	299
ENST00000334344.11	300
ENST00000324856.13	301
ENST00000371199.7	302
ENST00000644646.1	303
ENST00000356554.7	304
ENST00000266070.8	305
ENST00000504830.6	306
ENST00000621161.5	307
ENST00000273347.10	308
ENST00000330333.11	309
ENST00000319363.11	310
ENST00000416904.5	311
ENST00000381486.7	312
ENST00000288050.9	313
ENST00000411767.7	314
ENST00000370489.5	315
ENST00000265148.9	316
ENST00000265071.3	317
ENST00000481247.6	318
ENST00000489294.2	319
ENST00000371953.8	320
ENST00000296137.7	321
ENST00000318121.8	322
ENST00000369850.10	323
ENST00000334241.9	324
ENST00000350763.9	325
ENST00000498508.6	326
ENST00000406610.7	327
ENST00000370435.5	328
ENST00000341514.11	329
ENST00000395799.8	330
ENST00000343526.9	331
ENST00000262031.10	332
ENST00000367590.9	333
ENST00000491415.7	334
ENST00000367405.4	335
ENST00000298198.5	336
ENST00000646647.2	337
ENST00000402676.7	338
ENST00000262752.5	339
ENST00000306749.4	340
ENST00000261978.9	341
ENST00000366582.8	342
ENST00000222644.9	343
ENST00000334746.10	344
ENST00000371817.8	345
ENST00000561678.6	346
ENST00000264968.7	347
ENST00000358232.11	348
ENST00000452400.7	349
ENST00000570137.7	350
ENST00000261318.5	351
ENST00000352732.10	352
ENST00000403729.7	353
ENST00000636016.2	354
ENST00000553645.7	355
ENST00000317147.10	356
ENST00000374869.8	357
ENST00000395925.8	358
ENST00000323534.5	359
ENST00000356577.10	360
ENST00000548058.6	361
ENST00000319080.12	362
ENST00000339296.10	363
ENST00000361564.9	364
ENST00000378526.9	364
ENST00000369984.4	365
ENST00000358465.7	366
ENST00000269122.8	367
ENST00000372236.9	368
ENST00000620048.6	369
ENST00000309446.11	370
ENST00000315872.11	371
ENST00000281923.4	372
ENST00000437633.6	373
ENST00000402219.7	374
ENST00000568954.5	375
ENST00000356073.8	376
ENST00000303635.12	377
ENST00000287239.10	378
ENST00000369356.8	379
ENST00000406438.5	380
ENST00000408903.7	381
ENST00000539276.7	382
ENST00000375587.8	383
ENST00000287996.8	383
ENST00000308508.5	384
ENST00000157600.8	385
ENST00000238616.10	386
ENST00000382368.8	387
ENST00000273854.7	388
ENST00000205061.9	389
ENST00000392676.8	390
ENST00000382850.8	391
ENST00000378204.7	392
ENST00000457714.5	393
ENST00000427716.6	394
ENST00000308159.10	395
ENST00000619416.4	396
ENST00000430669.6	397
ENST00000308580.12	398
ENST00000395076.9	399
ENST00000220562.9	400
ENST00000572681.6	401
ENST00000559844.6	402
ENST00000349533.11	403
ENST00000361428.3	404
ENST00000349129.6	405
ENST00000264449.14	406
ENST00000179259.6	407
ENST00000284268.8	408
ENST00000357650.9	409
ENST00000426820.7	410
ENST00000325680.12	411
ENST00000285737.9	412
ENST00000560079.7	413
ENST00000330843.9	414
ENST00000457928.7	415
ENST00000259008.7	416
ENST00000566228.6	417
ENST00000216484.6	418
ENST00000263674.4	419
ENST00000350721.9	420
ENST00000298815.13	421
ENST00000375856.5	422
ENST00000378623.6	423
ENST00000335877.11	424
ENST00000619168.4	425
ENST00000617388.4	426
ENST00000273968.5	426
ENST00000586569.3	427
ENST00000367109.7	428
ENST00000392783.7	429
ENST00000294353.7	430
ENST00000409792.3	431
ENST00000300651.11	432
ENST00000301335.10	433
ENST00000612742.4	434
ENST00000533211.5	435
ENST00000263257.6	436
ENST00000336156.9	437
ENST00000274008.5	438
ENST00000296603.5	439
ENST00000249636.10	440
ENST00000265362.9	441
ENST00000238789.10	442
ENST00000369162.7	443
ENST00000509867.6	444
ENST00000341511.11	445
ENST00000616305.2	446
ENST00000398637.10	447
ENST00000614616.4	448
ENST00000322716.8	449
ENST00000301015.14	450
ENST00000671377.2	451
ENST00000261015.5	452
ENST00000231498.8	453
ENST00000467148.1	454
ENST00000369244.7	455
ENST00000375180.7	456
ENST00000286298.5	457
ENST00000410080.7	458
ENST00000425673.6	459
ENST00000400546.6	460
ENST00000263966.8	461
ENST00000649566.1	462
ENST00000355451.8	463
ENST00000640258.1	464
ENST00000263798.8	465
ENST00000415807.7	466
ENST00000443272.3	467
ENST00000337907.7	468
ENST00000642955.1	469
ENST00000397167.5	470
ENST00000258399.8	471
ENST00000380817.8	472
ENST00000389532.9	473
ENST00000242848.8	474
ENST00000325212.11	475
ENST00000644072.2	476
ENST00000261797.7	477
ENST00000367162.8	478
ENST00000272793.10	479
ENST00000336926.11	480
ENST00000297848.8	481
ENST00000344683.10	482
ENST00000360631.7	483
ENST00000222345.11	484
ENST00000374586.8	485
ENST00000324817.6	486
ENST00000624776.3	487
ENST00000334318.10	488
ENST00000379565.9	489
ENST00000445193.7	490
ENST00000542579.5	491
ENST00000262995.8	492
ENST00000260505.13	493
ENST00000294016.8	494
ENST00000665913.1	495
ENST00000357277.8	496
ENST00000397412.8	497
ENST00000368614.8	498
ENST00000284274.5	499
ENST00000302764.9	500
ENST00000394708.7	501
ENST00000371998.8	502
ENST00000334126.11	503
ENST00000506447.5	504
ENST00000334197.11	505
ENST00000407818.8	506
ENST00000199320.9	506
ENST00000235372.11	507
ENST00000353442.10	508
ENST00000368679.8	509
ENST00000357137.9	510
ENST00000373036.5	511
ENST00000640252.2	512
ENST00000377022.8	513
ENST00000376954.5	514
ENST00000441222.8	515
ENST00000206262.2	516
ENST00000512528.3	517
ENST00000296564.9	518
ENST00000258341.5	519
ENST00000320285.9	520
ENST00000336735.9	521
ENST00000295902.11	522
ENST00000295628.4	523
ENST00000320785.10	524
ENST00000307138.10	525
ENST00000541377.5	526
ENST00000377724.8	527
ENST00000367612.7	528
ENST00000355774.6	529
ENST00000427980.7	530
ENST00000433197.4	531
ENST00000448493.7	532
ENST00000280886.12	533
ENST00000526995.6	534
ENST00000373493.10	535
ENST00000357742.9	536
ENST00000567109.6	537
ENST00000372739.7	538
ENST00000338821.6	539
ENST00000614012.4	540
ENST00000372899.5	541
ENST00000307659.6	542
ENST00000340736.10	543
ENST00000292782.9	544
ENST00000418331.7	545
ENST00000296585.10	546
ENST00000299563.5	547
ENST00000618819.5	548
ENST00000621332.5	549
ENST00000345097.8	550
ENST00000640769.2	551
ENST00000475243.6	552
ENST00000382895.7	553
ENST00000369755.4	554
ENST00000393909.7	555
ENST00000552810.6	556
ENST00000320574.10	557
ENST00000373563.9	558
ENST00000543095.7	559
ENST00000263275.5	560
ENST00000392745.8	561
ENST00000260356.6	562
ENST00000311117.8	563
ENST00000318010.12	564
ENST00000311601.6	565
ENST00000296953.6	566
ENST00000449726.6	567
ENST00000366997.9	568
ENST00000366932.4	569
ENST00000341068.8	570
ENST00000216468.8	571
ENST00000252050.9	572
ENST00000374518.6	573
ENST00000260818.11	574
ENST00000302271.11	575
ENST00000318948.7	576
ENST00000447906.8	577
ENST00000360304.7	578
ENST00000396368.8	579
ENST00000266604.7	580
ENST00000651785.1	581
ENST00000439040.5	582
ENST00000264485.11	583
ENST00000355898.6	584
ENST00000437809.5	585
ENST00000591344.2	586
ENST00000360416.8	587
ENST00000306052.12	588
ENST00000371652.9	589
ENST00000374232.8	590
ENST00000315251.11	591
ENST00000474629.7	592
ENST00000592524.6	593
ENST00000262093.11	594
ENST00000367187.7	595
ENST00000399151.3	596
ENST00000283131.4	597
ENST00000514251.5	598
ENST00000327443.9	599
ENST00000270112.7	600
ENST00000298281.8	601
ENST00000353383.6	602
ENST00000356847.8	603
ENST00000341893.8	604
ENST00000399933.8	605
ENST00000412050.8	606
ENST00000336273.8	607
ENST00000373855.5	608
ENST00000492112.3	609
ENST00000372088.8	610
ENST00000398665.8	611
ENST00000264167.10	612
ENST00000541110.5	613
ENST00000372391.7	614
ENST00000350878.8	615
ENST00000395825.4	616
ENST00000382554.4	617
ENST00000306984.8	618
ENST00000493442.2	619
ENST00000392634.9	620
ENST00000305997.8	621
ENST00000380615.8	622
ENST00000494857.6	623
ENST00000334512.10	624
ENST00000367731.5	625
ENST00000556492.6	626
ENST00000275233.12	627
ENST00000519948.4	628
ENST00000594824.5	629
ENST00000366553.2	630
ENST00000381022.6	631
ENST00000355867.8	632
ENST00000311160.14	633
ENST00000555004.2	634
ENST00000360428.9	635
ENST00000340855.11	636
ENST00000359062.3	637
ENST00000298139.7	638
ENST00000274242.10	639
ENST00000355520.6	640
ENST00000359428.10	641
ENST00000564996.6	642
ENST00000233838.9	643
ENST00000331872.11	644
ENST00000369367.8	645
ENST00000272748.9	646
ENST00000533626.5	647
ENST00000344387.9	648
ENST00000263331.10	649
ENST00000389857.11	650
ENST00000371564.8	651
ENST00000322342.4	652
ENST00000337659.11	653
ENST00000358461.6	654
ENST00000303965.9	655
ENST00000379188.7	656
ENST00000449592.7	657
ENST00000267205.7	657
ENST00000341657.9	658
ENST00000263635.8	659
ENST00000409785.9	660
ENST00000427025.6	661
ENST00000531224.6	662
ENST00000398675.8	663
ENST00000323571.9	664
ENST00000373218.5	665
ENST00000270001.12	666
ENST00000376621.7	667
ENST00000222511.11	668
ENST00000403714.8	669
ENST00000607778.2	670
ENST00000398319.6	671
ENST00000368655.5	672
ENST00000281631.10	673
ENST00000315596.15	674
ENST00000367942.4	675
ENST00000644773.1	676
ENST00000310193.4	677
ENST00000367467.8	678
ENST00000379221.4	679
ENST00000265074.13	680
ENST00000336095.10	681
ENST00000310826.10	682
ENST00000216181.11	683
ENST00000359209.11	684
ENST00000294724.8	685
ENST00000572621.5	686
ENST00000356575.9	687
ENST00000309951.8	688
ENST00000330387.11	689
ENST00000256190.12	690
ENST00000328086.12	691
ENST00000361673.4	692
ENST00000269209.7	693
ENST00000406462.6	694
ENST00000562435.6	695
ENST00000258494.14	696
ENST00000528896.7	697
ENST00000473835.7	698
ENST00000330236.7	699
ENST00000418929.7	700
ENST00000276297.9	701
ENST00000376454.8	702
ENST00000405141.5	703
ENST00000504986.6	704
ENST00000355585.9	705
ENST00000319121.4	706
ENST00000613886.4	707
ENST00000456517.2	708
ENST00000263026.10	709
ENST00000531380.2	710
ENST00000529006.7	711
ENST00000253458.12	712
ENST00000330494.12	713
ENST00000396432.7	714
ENST00000538274.5	715
ENST00000454652.6	716
ENST00000307564.8	717
ENST00000368491.8	718
ENST00000534548.7	719
ENST00000414423.8	720
ENST00000314607.11	721
ENST00000274031.7	722
ENST00000223528.6	723
ENST00000543571.6	724
ENST00000373625.8	725
ENST00000336292.11	726
ENST00000420843.7	727
ENST00000311234.9	728
ENST00000417564.3	729
ENST00000238714.8	730
ENST00000564754.6	731
ENST00000342704.11	732
ENST00000648613.1	733
ENST00000380752.10	734
ENST00000339362.9	735
ENST00000291565.9	736
ENST00000359775.10	737
ENST00000532485.6	738
ENST00000311277.9	739
ENST00000379370.7	740
ENST00000262215.8	741
ENST00000323116.10	742
ENST00000294008.4	743
ENST00000330636.8	744
ENST00000316981.8	745
ENST00000309042.12	746
ENST00000358536.8	747
ENST00000343882.10	748
ENST00000315249.11	749
ENST00000367350.5	750
ENST00000409592.7	751
ENST00000366910.10	752
ENST00000264705.9	753
ENST00000343796.6	754
ENST00000290209.9	755
ENST00000673466.1	756
ENST00000371227.8	757
ENST00000281513.10	758
ENST00000312814.11	759
ENST00000643230.2	760
ENST00000373210.4	761
ENST00000299084.9	762
ENST00000261854.10	763
ENST00000399300.6	764
ENST00000359856.11	765
ENST00000232978.13	766
ENST00000297814.7	767
ENST00000358951.7	768
ENST00000404125.6	769
ENST00000652536.1	770
ENST00000265990.11	771
ENST00000473731.5	772
ENST00000381440.4	773
ENST00000392876.8	774
ENST00000382252.6	775
ENST00000369486.8	776
ENST00000394140.9	777
ENST00000230538.12	778
ENST00000262644.9	779
ENST00000281282.5	780
ENST00000438146.7	781
ENST00000280871.9	782
ENST00000560955.5	783
ENST00000371752.5	784
ENST00000347136.10	785
ENST00000254508.7	786
ENST00000261520.9	787
ENST00000268182.10	788
ENST00000261183.8	789
ENST00000551964.6	790
ENST00000286827.7	791
ENST00000393695.8	792
ENST00000323853.10	793
ENST00000266712.11	794
ENST00000353234.5	795
ENST00000503462.3	796
ENST00000327441.11	797
ENST00000342085.9	798
ENST00000458537.7	799
ENST00000457542.7	800
ENST00000306917.5	801
ENST00000586602.5	802
ENST00000379310.8	803
ENST00000529230.6	804
ENST00000370454.9	805
ENST00000377275.4	806
ENST00000263377.6	807
ENST00000327668.11	808
ENST00000236925.8	809
ENST00000335012.3	810
ENST00000355528.9	811
ENST00000554335.6	812
ENST00000336126.6	813
ENST00000369075.8	814
ENST00000377534.8	815
ENST00000358517.6	816
ENST00000396203.7	817
ENST00000397149.4	818
ENST00000303538.13	819
ENST00000267430.10	820
ENST00000265293.8	821
ENST00000425562.7	822
ENST00000540052.5	823
ENST00000282397.9	824
ENST00000257940.7	825
ENST00000377047.9	826
ENST00000261867.5	827
ENST00000355703.3	828
ENST00000253115.7	829
ENST00000324093.8	830
ENST00000326793.11	831
ENST00000648948.2	832
ENST00000367123.8	833
ENST00000356183.9	834
ENST00000357654.9	835
ENST00000338037.11	836
ENST00000420696.7	837
ENST00000367837.10	838
ENST00000331222.6	839
ENST00000307017.9	840
ENST00000221086.8	841
ENST00000269919.11	842
ENST00000338205.9	843
ENST00000262384.4	844
ENST00000451604.7	845
ENST00000347108.7	846
ENST00000651641.1	847
ENST00000266517.9	848
ENST00000366542.6	849
ENST00000559471.6	850
ENST00000256366.6	851
ENST00000375687.10	852
ENST00000182527.4	853
ENST00000274217.4	854
ENST00000261023.8	855
ENST00000295417.4	856
ENST00000651323.1	857
ENST00000368090.5	858
ENST00000264433.11	859
ENST00000378743.9	860
ENST00000399503.4	861
ENST00000274192.7	862
ENST00000428670.7	863
ENST00000378078.5	864
ENST00000381652.4	865
ENST00000545279.6	866
ENST00000601372.6	867
ENST00000261700.8	868
ENST00000262094.10	869
ENST00000395334.6	870
ENST00000360525.8	871
ENST00000311765.4	872
ENST00000367630.9	873
ENST00000256637.8	874
ENST00000539517.7	875
ENST00000318709.9	876
ENST00000505658.6	877
ENST00000291574.9	878
ENST00000394621.7	879
ENST00000404767.8	880
ENST00000532090.3	881
ENST00000468888.6	882
ENST00000484259.3	883
ENST00000261839.12	884
ENST00000504771.3	885
ENST00000521381.6	886
ENST00000333479.12	887
ENST00000646001.2	888
ENST00000299980.8	889
ENST00000376406.8	890
ENST00000438331.5	891
ENST00000379333.5	892
ENST00000401827.8	893
ENST00000401604.8	894
ENST00000583509.7	895
ENST00000435030.6	896
ENST00000326756.4	897
ENST00000380861.9	898
ENST00000643871.1	899
ENST00000443632.2	900
ENST00000341976.5	901
ENST00000337195.9	902
ENST00000233099.6	903
ENST00000300896.9	904
ENST00000373115.5	905
ENST00000402198.7	906
ENST00000309395.7	907
ENST00000578049.4	908
ENST00000305641.7	909
ENST00000374080.8	910
ENST00000264157.10	911
ENST00000319550.9	912
ENST00000665637.1	913
ENST00000378444.9	914
ENST00000309863.11	915
ENST00000644876.1	916
ENST00000322954.11	917
ENST00000376033.3	918
ENST00000277554.4	919
ENST00000555846.2	920
ENST00000348831.9	921
ENST00000398868.8	922
ENST00000281405.9	923
ENST00000287934.4	924
ENST00000216268.6	925
ENST00000359591.9	926
ENST00000300850.5	927
ENST00000264607.9	928
ENST00000622375.4	929
ENST00000361272.9	930
ENST00000344337.11	931
ENST00000373789.8	932
ENST00000259400.11	933
ENST00000367511.4	934
ENST00000644486.2	935
ENST00000286548.9	936
ENST00000369939.8	937
ENST00000398559.7	938
ENST00000367608.6	939
ENST00000321949.13	940
ENST00000513458.9	941
ENST00000343348.10	942
ENST00000636203.1	943
ENST00000262461.7	944
ENST00000321990.5	945
ENST00000544604.7	946
ENST00000252032.9	947
ENST00000640218.2	948
ENST00000284273.6	949
ENST00000374395.9	950
ENST00000357447.7	951
ENST00000359263.9	952
ENST00000402050.7	953
ENST00000264027.9	954
ENST00000392687.4	955
ENST00000052754.10	956
ENST00000371068.11	957
ENST00000295890.8	958
ENST00000307145.4	959
ENST00000285697.9	960
ENST00000509479.6	961
ENST00000361246.7	962
ENST00000538065.5	963
ENST00000335350.10	964
ENST00000323929.8	965
ENST00000367619.8	966
ENST00000217515.11	967
ENST00000306801.8	968
ENST00000318130.13	969
ENST00000318636.8	970
ENST00000328299.4	971
ENST00000376300.7	972
ENST00000591680.6	973
ENST00000374866.9	974
ENST00000617928.5	975
ENST00000273853.11	976
ENST00000262510.10	977
ENST00000396153.7	978
ENST00000409544.5	979
ENST00000252804.9	980
ENST00000263094.11	981
ENST00000261973.12	982
ENST00000453495.2	983
ENST00000564079.6	984
ENST00000409790.6	985
ENST00000425460.5	986
ENST00000278071.6	987
ENST00000579991.3	988
ENST00000379958.3	989
ENST00000370203.9	990
ENST00000400000.7	991
ENST00000452319.5	992
ENST00000523505.3	993
ENST00000392870.3	994
ENST00000280333.9	995
ENST00000450689.7	996
ENST00000261900.8	997
ENST00000414202.7	998
ENST00000405640.1	999
ENST00000408936.7	1000
ENST00000251582.12	1001
ENST00000568546.6	1002
ENST00000305877.13	1003
ENST00000671800.1	1004
ENST00000397033.7	1005
ENST00000511577.5	1006
ENST00000553935.6	1007
ENST00000399395.7	1007
ENST00000299138.12	1008
ENST00000376355.7	1009
ENST00000369893.10	1010
ENST00000352998.7	1011
ENST00000370550.10	1012
ENST00000501748.3	1013
ENST00000380833.9	1014
ENST00000591998.6	1015
ENST00000264414.9	1016
ENST00000371941.4	1017
ENST00000255882.11	1018
ENST00000394872.6	1019
ENST00000394030.8	1020
ENST00000313367.7	1021
ENST00000394070.7	1022
ENST00000517956.5	1023
ENST00000261842.10	1024
ENST00000324559.9	1025
ENST00000241502.9	1026
ENST00000392552.6	1027
ENST00000615301.4	1028
ENST00000324932.12	1029
ENST00000314358.10	1030
ENST00000380338.9	1031
ENST00000496811.6	1032
ENST00000394947.8	1033
ENST00000268603.9	1034
ENST00000434457.6	1035
ENST00000338595.7	1036
ENST00000347364.7	1037
ENST00000264716.9	1038
ENST00000254846.9	1039
ENST00000264159.11	1040
ENST00000402774.8	1041
ENST00000535373.5	1042
ENST00000286918.9	1043
ENST00000374541.4	1044
ENST00000341446.9	1045
ENST00000186436.10	1046
ENST00000379028.8	1047
ENST00000334121.11	1048
ENST00000336078.8	1049
ENST00000366630.5	1050
ENST00000299505.7	1051
ENST00000253699.7	1052
ENST00000614565.5	1053
ENST00000378509.9	1054
ENST00000264276.11	1055
ENST00000567020.6	1056
ENST00000447266.7	1057
ENST00000378933.5	1058
ENST00000273859.8	1059
ENST00000375541.10	1060
ENST00000420353.7	1061
ENST00000369144.8	1062
ENST00000271715.7	1063
ENST00000337537.8	1064
ENST00000429433.3	1065
ENST00000398548.5	1066
ENST00000232607.7	1067
ENST00000505019.5	1068
ENST00000644866.2	1069
ENST00000336314.9	1070
ENST00000370693.5	1071
ENST00000374114.8	1072
ENST00000373004.5	1073
ENST00000388822.10	1074
ENST00000329517.11	1075
ENST00000409651.5	1076
ENST00000025008.10	1077
ENST00000338356.7	1078
ENST00000397752.7	1079
ENST00000276202.8	1080
ENST00000563281.2	1081
ENST00000261588.9	1082
ENST00000674429.1	1083
ENST00000261441.9	1084
ENST00000369303.9	1085
ENST00000257934.9	1086
ENST00000329153.10	1087
ENST00000396912.2	1088
ENST00000368474.9	1089
ENST00000254799.11	1090
ENST00000372371.8	1091
ENST00000397766.4	1092
ENST00000260665.12	1093
ENST00000301732.10	1094
ENST00000396556.6	1095
ENST00000550389.5	1096
ENST00000228928.12	1097
ENST00000242839.10	1098
ENST00000321105.10	1099
ENST00000320954.11	1100
ENST00000532414.3	1101
ENST00000376087.4	1102
ENST00000263238.7	1103
ENST00000014914.6	1104
ENST00000609923.6	1105
ENST00000388901.10	1106
ENST00000370630.6	1107
ENST00000510461.6	1108
ENST00000286307.6	1109
ENST00000373580.8	1110
ENST00000291572.13	1111
ENST00000399451.6	1112
ENST00000319119.4	1113
ENST00000308249.4	1114
ENST00000254605.11	1115
ENST00000380701.8	1116
ENST00000262259.7	1117
ENST00000447648.7	1118
ENST00000350908.9	1119
ENST00000380872.9	1120
ENST00000380753.8	1120
ENST00000380554.5	1120
ENST00000375820.10	1121
ENST00000227322.8	1122
ENST00000265271.7	1123
ENST00000265909.8	1124
ENST00000200639.9	1125
ENST00000262238.10	1126
ENST00000314073.9	1127
ENST00000622186.4	1128
ENST00000305135.10	1129
ENST00000303329.9	1130
ENST00000396128.9	1131
ENST00000402673.7	1132
ENST00000375120.4	1133
ENST00000276520.12	1134
ENST00000409600.6	1135
ENST00000521508.2	1136
ENST00000394422.8	1136
ENST00000369615.5	1137
ENST00000330342.8	1138
ENST00000399410.8	1139
ENST00000404816.7	1140
ENST00000267485.7	1141
ENST00000261254.8	1142
ENST00000265563.13	1143
ENST00000374994.9	1144
ENST00000612814.5	1145
ENST00000083182.8	1146
ENST00000216513.5	1147
ENST00000381271.7	1148
ENST00000262244.6	1149
ENST00000394718.4	1150
ENST00000264663.9	1151
ENST00000257527.9	1152
ENST00000512576.2	1153
ENST00000373173.7	1154
ENST00000379516.7	1155
ENST00000642696.1	1156
ENST00000486715.6	1157
ENST00000297591.10	1158
ENST00000369797.8	1159
ENST00000380486.4	1160
ENST00000381482.8	1161
ENST00000395468.9	1162
ENST00000343325.9	1163
ENST00000307885.4	1164
ENST00000327367.9	1165
ENST00000335508.11	1166
ENST00000636215.2	1167
ENST00000430479.6	1168
ENST00000394607.7	1169
ENST00000228705.7	1170
ENST00000620254.5	1171
ENST00000348403.10	1172
ENST00000507668.7	1173
ENST00000356884.11	1174
ENST00000595635.5	1175
ENST00000297625.8	1176
ENST00000360467.7	1177
ENST00000299506.3	1178
ENST00000519253.5	1179
ENST00000556564.6	1180
ENST00000262376.11	1181
ENST00000458013.7	1182
ENST00000398473.7	1183
ENST00000374011.6	1184
ENST00000355237.6	1185
ENST00000322357.9	1186
ENST00000617444.5	1187
ENST00000260327.9	1188
ENST00000378230.8	1189
ENST00000314622.9	1190
ENST00000369663.10	1191
ENST00000369002.9	1192
ENST00000294618.12	1193
ENST00000319653.14	1194
ENST00000324109.9	1195
ENST00000264956.11	1196
ENST00000369800.6	1197
ENST00000535094.7	1198
ENST00000361603.7	1199
ENST00000361462.7	1200
ENST00000314565.9	1201
ENST00000219837.12	1202
ENST00000526589.5	1203
ENST00000372037.8	1204
ENST00000418814.6	1205
ENST00000332853.9	1206
ENST00000460012.6	1207
ENST00000370801.8	1208
ENST00000373816.5	1209
ENST00000359337.9	1210
ENST00000438032.6	1211
ENST00000314616.11	1212
ENST00000369983.3	1213
ENST00000649564.1	1214
ENST00000291688.6	1215
ENST00000220325.9	1216
ENST00000367142.5	1217
ENST00000368911.8	1218
ENST00000276282.7	1219
ENST00000355624.8	1220
ENST00000335420.10	1221
ENST00000361908.8	1222
ENST00000559717.6	1223
ENST00000453318.6	1224
ENST00000332624.8	1225
ENST00000398844.7	1226
ENST00000617633.5	1227
ENST00000254657.8	1228
ENST00000374864.9	1229
ENST00000284073.7	1230
ENST00000438120.5	1231
ENST00000391975.5	1232
ENST00000348367.9	1233
ENST00000370558.8	1234
ENST00000332707.10	1235
ENST00000224950.8	1236
ENST00000606320.6	1237
ENST00000372806.8	1238
ENST00000648947.1	1239
ENST00000338965.9	1240
ENST00000281821.7	1241
ENST00000379562.9	1242
ENST00000260970.8	1243
ENST00000428135.7	1244
ENST00000338154.11	1245
ENST00000254480.10	1246
ENST00000587303.5	1247
ENST00000394785.9	1248
ENST00000267970.9	1249
ENST00000458035.3	1250
ENST00000431480.6	1251
ENST00000263801.7	1252
ENST00000370398.5	1253
ENST00000553612.6	1254
ENST00000228506.8	1255
ENST00000264454.8	1256
ENST00000265742.8	1257
ENST00000212355.9	1258
ENST00000424173.6	1259
ENST00000264377.8	1260
ENST00000259351.10	1261
ENST00000541916.5	1262
ENST00000346183.8	1263
ENST00000367474.2	1264
ENST00000313005.10	1265
ENST00000267859.8	1266
ENST00000366628.10	1267
ENST00000258886.13	1268
ENST00000614556.5	1269
ENST00000238892.4	1270
ENST00000380502.8	1271
ENST00000231461.10	1272
ENST00000613533.4	1273
ENST00000377264.8	1274
ENST00000211287.9	1275
ENST00000232564.8	1276
ENST00000393203.3	1277
ENST00000405006.8	1278
ENST00000298767.10	1279
ENST00000305097.6	1280
ENST00000503585.6	1281
ENST00000608933.6	1282
ENST00000566454.5	1283
ENST00000263997.11	1283
ENST00000260753.8	1284
ENST00000161863.9	1285
ENST00000373177.3	1286
ENST00000370249.3	1287
ENST00000378495.7	1288
ENST00000370728.5	1289
ENST00000573034.7	1290
ENST00000361618.4	1291
ENST00000360871.7	1292
ENST00000355123.8	1293
ENST00000244221.9	1294
ENST00000373930.4	1295
ENST00000262719.10	1296
ENST00000396987.7	1297
ENST00000369498.8	1298
ENST00000223208.10	1299
ENST00000264867.7	1300
ENST00000373542.9	1301
ENST00000398540.8	1302
ENST00000399061.3	1303
ENST00000439461.6	1304
ENST00000541638.6	1305
ENST00000436587.7	1306
ENST00000513042.6	1307
ENST00000328046.8	1308
ENST00000258439.8	1309
ENST00000673801.1	1310
ENST00000300101.3	1311
ENST00000315927.8	1312
ENST00000284136.10	1313
ENST00000262648.8	1314
ENST00000285968.11	1315
ENST00000674063.1	1316
ENST00000518721.6	1317
ENST00000372195.5	1318
ENST00000327681.10	1319
ENST00000367875.1	1320
ENST00000295958.10	1321
ENST00000345988.7	1322
ENST00000618123.4	1323
ENST00000383314.6	1324
ENST00000439174.7	1325
ENST00000339859.8	1326
ENST00000283351.9	1327
ENST00000323460.10	1328
ENST00000286657.10	1329
ENST00000306858.8	1330
ENST00000237283.9	1331
ENST00000242057.9	1332
ENST00000371627.5	1333
ENST00000371477.4	1334
ENST00000581322.6	1335
ENST00000262435.14	1336
ENST00000233813.5	1337
ENST00000395386.6	1338
ENST00000335626.8	1339
ENST00000312561.9	1340
ENST00000544246.5	1341
ENST00000372904.7	1342
ENST00000349780.9	1343
ENST00000377474.4	1344
ENST00000261596.8	1345
ENST00000375592.8	1346
ENST00000356971.3	1347
ENST00000262293.9	1348
ENST00000398904.6	1349
ENST00000300305.7	1350
ENST00000615540.4	1351
ENST00000379380.9	1352
ENST00000394885.8	1353
ENST00000229179.9	1354
ENST00000246194.8	1355
ENST00000409140.8	1356
ENST00000370574.4	1357
ENST00000414645.6	1358
ENST00000286627.10	1359
ENST00000235345.6	1360
ENST00000399002.7	1361
ENST00000234739.8	1362
ENST00000295208.7	1363
ENST00000452918.7	1364
ENST00000267615.11	1365
ENST00000281017.8	1366
ENST00000297109.11	1367
ENST00000283632.5	1368
ENST00000261326.6	1369
ENST00000455833.7	1370
ENST00000393274.6	1371
ENST00000264634.8	1372
ENST00000296543.10	1373
ENST00000409150.8	1374
ENST00000393094.7	1375
ENST00000281146.9	1376
ENST00000264451.12	1377
ENST00000429204.5	1378
ENST00000379719.8	1379
ENST00000648908.2	1380
ENST00000392321.3	1381
ENST00000337979.9	1382
ENST00000396403.9	1383
ENST00000361575.4	1383
ENST00000380155.4	1384
ENST00000377044.9	1385
ENST00000620157.4	1386
ENST00000394684.8	1387
ENST00000396373.9	1388
ENST00000621999.5	1389
ENST00000381774.9	1390
ENST00000253048.10	1391
ENST00000280571.9	1392
ENST00000327134.7	1393
ENST00000354234.8	1394
ENST00000400335.8	1395
ENST00000324344.9	1396
ENST00000255198.3	1397
ENST00000579534.5	1398
ENST00000474037.6	1399
ENST00000619929.5	1400
ENST00000402558.6	1401
ENST00000326840.11	1402
ENST00000357721.3	1403
ENST00000340417.8	1404
ENST00000449870.5	1405
ENST00000389156.9	1406
ENST00000375712.4	1407
ENST00000339594.9	1408
ENST00000333725.10	1409
ENST00000256497.9	1410
ENST00000278612.9	1411
ENST00000338086.9	1412
ENST00000240922.8	1413
ENST00000552864.5	1414
ENST00000194900.8	1415
ENST00000379066.5	1416
ENST00000361507.5	1417
ENST00000330964.10	1418
ENST00000480687.5	1419
ENST00000521288.2	1420
ENST00000311437.11	1421
ENST00000648817.1	1422
ENST00000404537.6	1423
ENST00000246024.7	1424
ENST00000642384.2	1425
ENST00000262848.6	1426
ENST00000371142.9	1427
ENST00000316364.9	1428
ENST00000507142.6	1429
ENST00000380249.5	1430
ENST00000267436.9	1431
ENST00000361573.2	1432
ENST00000373935.4	1433
ENST00000351218.6	1434
ENST00000252108.8	1435
ENST00000282272.15	1436
ENST00000368226.8	1437
ENST00000360768.5	1438
ENST00000401722.7	1439
ENST00000458705.6	1440
ENST00000359467.8	1440
ENST00000378536.5	1441
ENST00000262525.6	1442
ENST00000275820.4	1443
ENST00000264313.11	1444
ENST00000513973.6	1445
ENST00000222584.8	1446
ENST00000357877.7	1447
ENST00000270139.8	1448
ENST00000450251.5	1449
ENST00000370521.8	1450
ENST00000288266.8	1451
ENST00000248846.10	1452
ENST00000326361.7	1453
ENST00000265602.11	1454
ENST00000542802.7	1455
ENST00000383202.7	1456
ENST00000398706.6	1457
ENST00000280527.7	1458
ENST00000358752.3	1459
ENST00000290158.9	1460
ENST00000280098.9	1461
ENST00000423729.3	1462
ENST00000334534.10	1463
ENST00000407627.7	1464
ENST00000233027.10	1465
ENST00000357641.10	1466
ENST00000407418.8	1467
ENST00000297477.10	1468
ENST00000377386.8	1469
ENST00000541738.5	1470
ENST00000373839.8	1471
ENST00000242208.5	1472
ENST00000267425.8	1473
ENST00000371160.5	1474
ENST00000409175.6	1475
ENST00000431670.7	1476
ENST00000636805.1	1477
ENST00000310454.10	1478
ENST00000306270.12	1479
ENST00000622495.4	1480
ENST00000621565.4	1481
ENST00000326402.9	1482
ENST00000642864.1	1483
ENST00000377038.8	1484
ENST00000377707.4	1485
ENST00000375847.8	1486
ENST00000644715.2	1487
ENST00000240423.9	1488
ENST00000262077.3	1489
ENST00000296721.9	1490
ENST00000264183.9	1491
ENST00000309033.5	1492
ENST00000360586.8	1493
ENST00000351298.9	1494
ENST00000393743.8	1495
ENST00000296795.8	1496
ENST00000646630.1	1497
ENST00000342179.9	1498
ENST00000361170.7	1499
ENST00000361648.6	1500
ENST00000466830.6	1501
ENST00000479665.6	1501
ENST00000259711.11	1502
ENST00000644974.1	1503
ENST00000341776.7	1504
ENST00000227451.4	1505
ENST00000651721.2	1506
ENST00000373871.8	1507
ENST00000320560.13	1508
ENST00000282096.9	1509
ENST00000393238.7	1510
ENST00000510118.5	1511
ENST00000286398.11	1512
ENST00000263733.5	1513
ENST00000262519.14	1514
ENST00000355476.7	1515
ENST00000311027.9	1516
ENST00000362063.6	1517
ENST00000378555.8	1518
ENST00000173229.7	1519
ENST00000274605.6	1520
ENST00000228425.11	1521
ENST00000392238.3	1522
ENST00000369888.6	1523
ENST00000373242.6	1524
ENST00000374789.8	1525
ENST00000360578.7	1526
ENST00000360820.7	1527
ENST00000263073.11	1528
ENST00000309859.8	1529
ENST00000442371.5	1530
ENST00000367537.7	1531
ENST00000442697.7	1532
ENST00000296129.6	1533
ENST00000316157.8	1534
ENST00000457054.6	1535
ENST00000319331.4	1536
ENST00000378278.7	1537
ENST00000306315.9	1538
ENST00000297107.11	1539
ENST00000343067.8	1540
ENST00000264025.8	1541
ENST00000311403.4	1542
ENST00000568449.6	1543
ENST00000311635.12	1544
ENST00000532437.1	1545
ENST00000327827.12	1546
ENST00000357260.6	1547
ENST00000639828.1	1548
ENST00000338641.10	1549
ENST00000361138.7	1550
ENST00000309415.8	1551
ENST00000373060.5	1552
ENST00000263620.8	1553
ENST00000423656.5	1554
ENST00000341516.10	1555
ENST00000649156.2	1556
ENST00000381232.7	1557
ENST00000254528.4	1558
ENST00000371410.5	1559
ENST00000559488.7	1560
ENST00000392161.4	1561
ENST00000373464.5	1562
ENST00000254958.10	1563
ENST00000269499.10	1564
ENST00000452236.3	1565
ENST00000294064.9	1566
ENST00000311630.7	1567
ENST00000278836.9	1568
ENST00000411696.6	1569
ENST00000610213.6	1570
ENST00000262096.13	1571
ENST00000426077.3	1572
ENST00000375412.11	1573
ENST00000366971.9	1574
ENST00000430627.6	1575
ENST00000274000.10	1576
ENST00000336934.10	1577
ENST00000225964.10	1578
ENST00000374647.10	1579
ENST00000256951.10	1580
ENST00000348370.8	1581
ENST00000408954.8	1582
ENST00000354911.9	1583
ENST00000368489.5	1584
ENST00000241436.8	1585
ENST00000622683.5	1586
ENST00000272427.11	1587
ENST00000537505.6	1588
ENST00000352645.5	1589
ENST00000275418.13	1590
ENST00000436063.7	1591
ENST00000265986.11	1592
ENST00000396385.4	1593
ENST00000374888.2	1594
ENST00000367001.5	1595
ENST00000315475.7	1596
ENST00000298694.9	1597
ENST00000409573.7	1598
ENST00000176763.10	1599
ENST00000330676.8	1600
ENST00000574946.5	1601
ENST00000265371.8	1602
ENST00000215832.11	1603
ENST00000374012.8	1604
ENST00000273986.10	1605
ENST00000345127.9	1606
ENST00000262144.11	1607
ENST00000361627.8	1608
ENST00000431932.6	1609
ENST00000261226.9	1610
ENST00000519728.6	1611
ENST00000267460.9	1612
ENST00000367435.5	1613
ENST00000435532.7	1614
ENST00000359600.6	1615
ENST00000382203.5	1616
ENST00000264344.10	1617
ENST00000302418.5	1618
ENST00000271277.11	1619
ENST00000355431.8	1620
ENST00000366935.8	1621
ENST00000303714.8	1622
ENST00000371079.6	1623
ENST00000505667.6	1624
ENST00000264926.7	1625
ENST00000645237.2	1626
ENST00000570440.2	1627
ENST00000257177.9	1628
ENST00000366624.8	1629
ENST00000375255.8	1630
ENST00000301981.8	1631
ENST00000358776.7	1632
ENST00000291592.6	1633
ENST00000395611.7	1634
ENST00000334696.10	1635
ENST00000376962.10	1636
ENST00000635765.1	1637
ENST00000323456.9	1638
ENST00000316851.11	1639
ENST00000647009.1	1640
ENST00000342203.7	1641
ENST00000367635.7	1642
ENST00000368761.11	1643
ENST00000344836.9	1644
ENST00000066544.8	1645
ENST00000333039.3	1646
ENST00000370751.10	1647
ENST00000545947.5	1648
ENST00000645843.1	1649
ENST00000237853.9	1650
ENST00000440460.7	1651
ENST00000417368.7	1652
ENST00000354410.9	1653
ENST00000219478.11	1654
ENST00000351017.8	1655
ENST00000372230.10	1656
ENST00000298310.10	1657
ENST00000358359.7	1658
ENST00000361671.10	1659
ENST00000248248.8	1660
ENST00000266659.8	1661
ENST00000366787.7	1662
ENST00000375401.8	1663
ENST00000274364.11	1664
ENST00000377990.7	1665
ENST00000358689.9	1666
ENST00000606162.6	1667
ENST00000374566.7	1668
ENST00000257215.10	1669
ENST00000366933.5	1670
ENST00000371471.6	1671
ENST00000352410.9	1672
ENST00000358102.8	1673
ENST00000503366.5	1674
ENST00000425690.8	1675
ENST00000332180.10	1676
ENST00000344626.9	1677
ENST00000334444.11	1678
ENST00000370282.8	1679
ENST00000511664.6	1680
ENST00000455537.7	1681
ENST00000379561.6	1682
ENST00000373202.8	1683
ENST00000510708.6	1684
ENST00000316059.7	1685
ENST00000404158.5	1686
ENST00000673630.1	1687
ENST00000382422.6	1688
ENST00000369248.9	1689
ENST00000331782.8	1690
ENST00000243389.8	1691
ENST00000206595.11	1692
ENST00000399921.5	1693
ENST00000296161.9	1694
ENST00000449022.7	1695
ENST00000311550.10	1696
ENST00000373119.9	1697
ENST00000368485.8	1698
ENST00000270357.10	1699
ENST00000260810.10	1700
ENST00000324453.13	1701
ENST00000398752.11	1702
ENST00000337318.8	1703
ENST00000252840.11	1704
ENST00000479870.6	1705
ENST00000262241.7	1706
ENST00000306156.8	1707
ENST00000292599.4	1708
ENST00000280758.10	1709
ENST00000316881.9	1710
ENST00000355689.6	1711
ENST00000395325.7	1712
ENST00000407010.7	1713
ENST00000289371.11	1714
ENST00000373886.8	1715
ENST00000359039.5	1716
ENST00000263092.11	1717
ENST00000617428.3	1718
ENST00000396720.7	1719
ENST00000361297.7	1720
ENST00000547754.6	1721
ENST00000317995.5	1722
ENST00000303694.6	1723
ENST00000619039.4	1724
ENST00000304698.10	1725
ENST00000342494.8	1726
ENST00000357242.10	1727
ENST00000361217.9	1728
ENST00000263102.7	1729
ENST00000322886.12	1730
ENST00000340799.9	1731
ENST00000400256.5	1732
ENST00000431350.7	1733
ENST00000263372.5	1734
ENST00000320892.11	1735
ENST00000299314.12	1736
ENST00000303375.10	1737
ENST00000304363.9	1738
ENST00000433688.2	1739
ENST00000371208.5	1740
ENST00000336596.7	1741
ENST00000260128.8	1742
ENST00000216554.8	1743
ENST00000337827.8	1744
ENST00000381569.5	1745
ENST00000261037.7	1746
ENST00000637508.1	1747
ENST00000261439.9	1748
ENST00000620105.5	1749
ENST00000397942.4	1750
ENST00000370440.5	1751
ENST00000356713.5	1752
ENST00000355286.12	1753
ENST00000261799.9	1754
ENST00000610402.5	1755
ENST00000329492.6	1756
ENST00000324194.12	1757
ENST00000274457.5	1758
ENST00000261590.13	1759
ENST00000226319.11	1760
ENST00000359653.4	1761
ENST00000423485.6	1762
ENST00000521580.3	1763
ENST00000285238.13	1764
ENST00000305544.9	1765
ENST00000409299.8	1766
ENST00000372577.2	1767
ENST00000619269.4	1768
ENST00000325301.7	1769
ENST00000373664.8	1770
ENST00000362003.9	1771
ENST00000396872.7	1772
ENST00000620827.4	1773
ENST00000476120.1	1773
ENST00000328178.13	1773
ENST00000359788.9	1773
ENST00000305866.10	1774
ENST00000450295.5	1775
ENST00000618787.5	1776
ENST00000295633.8	1777
ENST00000618852.5	1778
ENST00000340360.10	1779
ENST00000393359.7	1780
ENST00000380821.7	1781
ENST00000434436.8	1782
ENST00000620123.4	1783
ENST00000452510.7	1784
ENST00000305768.10	1785
ENST00000313961.10	1786
ENST00000321196.8	1787
ENST00000286186.11	1788
ENST00000551295.7	1789
ENST00000281419.8	1790
ENST00000266673.10	1791
ENST00000316418.9	1792
ENST00000515206.5	1792
ENST00000303407.12	1793
ENST00000250894.8	1794
ENST00000229330.9	1795
ENST00000381801.5	1796
ENST00000370944.9	1797
ENST00000306279.4	1798
ENST00000392825.8	1799
ENST00000312938.5	1800
ENST00000397641.8	1801
ENST00000360490.7	1802
ENST00000246229.5	1803
ENST00000369448.4	1804
ENST00000536459.6	1805
ENST00000338754.9	1806
ENST00000222399.11	1807
ENST00000367658.3	1808
ENST00000450894.7	1809
ENST00000286364.9	1810
ENST00000225235.5	1811
ENST00000455600.1	1812
ENST00000518738.2	1813
ENST00000343933.9	1814
ENST00000324685.10	1815
ENST00000388913.4	1816
ENST00000273963.10	1817
ENST00000288670.14	1818
ENST00000278935.8	1819
ENST00000290573.7	1820
ENST00000263688.4	1821
ENST00000223398.11	1822
ENST00000512783.5	1823
ENST00000243706.8	1824
ENST00000450142.7	1825
ENST00000339077.10	1826
ENST00000264107.11	1827
ENST00000300128.9	1828
ENST00000373479.9	1829
ENST00000375231.5	1830
ENST00000649117.1	1831
ENST00000453424.7	1832
ENST00000267101.8	1833
ENST00000651546.1	1834
ENST00000313608.13	1835
ENST00000511217.1	1836
ENST00000342697.5	1837
ENST00000395097.7	1838
ENST00000159111.9	1839
ENST00000375963.8	1840
ENST00000357758.3	1841
ENST00000258243.7	1842
ENST00000263063.8	1843
ENST00000336349.6	1844
ENST00000495273.5	1845
ENST00000245838.13	1846
ENST00000464356.6	1847
ENST00000355312.8	1848
ENST00000324774.9	1849
ENST00000292823.6	1850
ENST00000285208.9	1851
ENST00000296257.10	1852
ENST00000257287.5	1853
ENST00000396976.6	1854
ENST00000261438.10	1855
ENST00000264893.10	1856
ENST00000345093.9	1857
ENST00000284878.12	1858
ENST00000532791.5	1859
ENST00000380958.8	1860
ENST00000602402.6	1861
ENST00000306735.10	1862
ENST00000346436.11	1863
ENST00000549091.5	1864
ENST00000397195.10	1865
ENST00000325870.3	1866
ENST00000334933.8	1867
ENST00000396600.6	1868
ENST00000376447.4	1869
ENST00000370035.8	1870
ENST00000265140.10	1871
ENST00000320172.11	1872
ENST00000361368.6	1873
ENST00000421812.3	1874
ENST00000357430.8	1875
ENST00000369940.7	1876
ENST00000539869.3	1877
ENST00000550804.6	1878
ENST00000621632.5	1879
ENST00000217740.4	1880
ENST00000275230.6	1881
ENST00000244043.5	1882
ENST00000372068.7	1883
ENST00000414031.5	1884
ENST00000394767.3	1885
ENST00000356352.6	1886
ENST00000389797.8	1887
ENST00000368223.4	1888
ENST00000417098.6	1889
ENST00000268058.8	1890
ENST00000380950.7	1891
ENST00000330173.5	1892
ENST00000442267.3	1893
ENST00000240100.7	1894
ENST00000527614.6	1895
ENST00000314641.10	1896
ENST00000313349.3	1897
ENST00000264444.7	1898
ENST00000396212.6	1899
ENST00000262415.8	1900
ENST00000287394.10	1901
ENST00000318522.10	1902
ENST00000382592.5	1903
ENST00000257836.4	1904
ENST00000336418.9	1905
ENST00000245304.5	1906
ENST00000264555.10	1907
ENST00000263791.10	1908
ENST00000350773.9	1909
ENST00000540331.1	1910
ENST00000481739.2	1911
ENST00000264638.9	1912
ENST00000314425.9	1913
ENST00000225296.8	1914
ENST00000295822.7	1915
ENST00000410092.7	1916
ENST00000535902.6	1917
ENST00000617275.5	1918
ENST00000649063.2	1919
ENST00000334705.12	1920
ENST00000274276.8	1921
ENST00000361804.5	1922
ENST00000388820.5	1923
ENST00000380647.8	1924
ENST00000427926.6	1925
ENST00000380324.8	1926
ENST00000361228.5	1927
ENST00000341394.9	1928
ENST00000310455.4	1929
ENST00000405154.6	1930
ENST00000318217.10	1931
ENST00000216373.10	1932
ENST00000596148.3	1933
ENST00000366960.8	1934
ENST00000382103.7	1935
ENST00000394264.7	1936
ENST00000230122.4	1937
ENST00000392142.9	1938
ENST00000202556.14	1939
ENST00000337702.5	1940
ENST00000211998.10	1941
ENST00000355749.7	1942
ENST00000361028.5	1943
ENST00000060969.6	1944
ENST00000232974.11	1945
ENST00000397802.8	1946
ENST00000401073.7	1947
ENST00000266383.10	1948
ENST00000343218.10	1949
ENST00000270066.11	1950
ENST00000304636.9	1951
ENST00000304916.4	1952
ENST00000379068.7	1953
ENST00000329474.7	1954
ENST00000301744.7	1955
ENST00000056217.10	1956
ENST00000251822.7	1957
ENST00000519811.5	1958
ENST00000260947.9	1959
ENST00000263904.5	1960
ENST00000316355.10	1961
ENST00000379170.8	1962
ENST00000344733.9	1963
ENST00000261681.9	1964
ENST00000341460.6	1965
ENST00000033079.7	1966
ENST00000553458.6	1967
ENST00000475153.6	1968
ENST00000376729.10	1969
ENST00000341423.10	1970
ENST00000242505.11	1971
ENST00000372950.6	1971
ENST00000389301.8	1972
ENST00000424279.5	1973
ENST00000378106.10	1974
ENST00000381007.9	1975
ENST00000350148.9	1976
ENST00000261798.10	1977
ENST00000287713.7	1978
ENST00000263593.8	1979
ENST00000644744.1	1980
ENST00000571133.6	1981
ENST00000356321.4	1982
ENST00000306773.5	1983
ENST00000377967.8	1984
ENST00000357749.7	1985
ENST00000340553.8	1986
ENST00000381989.4	1987
ENST00000389915.4	1988
ENST00000373719.8	1989
ENST00000379019.7	1990
ENST00000254624.10	1991
ENST00000409086.7	1992
ENST00000305786.7	1993
ENST00000319555.8	1994
ENST00000428726.8	1995
ENST00000341259.7	1996
ENST00000378392.6	1997
ENST00000338758.11	1998
ENST00000225577.9	1999
ENST00000336665.9	2000
ENST00000263579.5	2001
ENST00000372890.6	2002
ENST00000320985.14	2003
ENST00000446176.7	2004
ENST00000343280.8	2005
ENST00000341255.4	2006
ENST00000373672.8	2007
ENST00000419735.7	2008
ENST00000356357.9	2009
ENST00000243344.8	2010
ENST00000340126.9	2011
ENST00000253401.10	2012
ENST00000377346.9	2013
ENST00000359314.5	2014
ENST00000314256.12	2015
ENST00000372851.8	2016
ENST00000340748.8	2017
ENST00000265348.9	2018
ENST00000313708.11	2019
ENST00000285873.8	2020
ENST00000282441.10	2021
ENST00000435893.6	2022
ENST00000394709.2	2023
ENST00000300619.12	2024
ENST00000409883.7	2025
ENST00000650871.1	2026
ENST00000336643.10	2027
ENST00000264144.5	2028
ENST00000440890.7	2029
ENST00000284881.9	2030
ENST00000260570.8	2031
ENST00000504548.4	2032
ENST00000359246.9	2033
ENST00000481490.3	2034
ENST00000544916.6	2035
ENST00000342745.5	2036
ENST00000379400.8	2037
ENST00000435706.6	2038
ENST00000519638.3	2039
ENST00000466444.7	2040
ENST00000256720.6	2041
ENST00000373731.7	2042
ENST00000563588.6	2043
ENST00000392981.6	2044
ENST00000324048.9	2045
ENST00000339450.10	2046
ENST00000378460.6	2047
ENST00000455566.6	2048
ENST00000374399.9	2049
ENST00000333274.11	2050
ENST00000395407.7	2051
ENST00000615891.2	2052
ENST00000302787.3	2053
ENST00000366917.6	2054
ENST00000379982.8	2055
ENST00000314666.11	2056
ENST00000341156.9	2057
ENST00000358399.8	2058
ENST00000310137.5	2059
ENST00000586178.6	2060
ENST00000298351.5	2061
ENST00000566423.5	2062
ENST00000647584.2	2063
ENST00000253237.10	2064
ENST00000257075.9	2065
ENST00000307662.5	2066
ENST00000344722.5	2067
ENST00000389045.7	2068
ENST00000368061.3	2069
ENST00000372572.5	2070
ENST00000322088.11	2071
ENST00000325110.11	2072
ENST00000333396.11	2073
ENST00000318037.3	2074
ENST00000523377.2	2075
ENST00000377294.3	2076
ENST00000254101.4	2077
ENST00000258962.5	2078
ENST00000264712.8	2079
ENST00000354336.8	2080
ENST00000400183.6	2081
ENST00000433351.7	2082
ENST00000292524.6	2083
ENST00000294753.8	2084
ENST00000340800.6	2085
ENST00000264808.7	2086
ENST00000261845.7	2087
ENST00000330817.11	2088
ENST00000278070.7	2089
ENST00000486442.6	2090
ENST00000265351.12	2091
ENST00000558017.5	2092
ENST00000321867.6	2093
ENST00000557413.6	2094
ENST00000262803.10	2095
ENST00000645526.1	2096
ENST00000310053.10	2097
ENST00000241704.8	2098
ENST00000381657.8	2099
ENST00000377071.9	2100
ENST00000375898.4	2101
ENST00000262134.10	2102
ENST00000299424.9	2103
ENST00000626650.3	2104
ENST00000431877.7	2105
ENST00000356317.8	2106
ENST00000311936.8	2107
ENST00000511367.6	2108
ENST00000361582.8	2109
ENST00000261249.7	2110
ENST00000295461.10	2111
ENST00000265136.12	2112
ENST00000379454.9	2113
ENST00000264930.10	2114
ENST00000291547.10	2115
ENST00000644371.2	2116
ENST00000303921.3	2117
ENST00000258436.10	2118
ENST00000324873.8	2119
ENST00000302538.9	2120
ENST00000649409.2	2121
ENST00000251089.8	2122
ENST00000357618.9	2123
ENST00000523638.6	2124
ENST00000244007.7	2125
ENST00000368192.9	2126
ENST00000273221.8	2127
ENST00000315285.8	2128
ENST00000646102.1	2129
ENST00000426154.5	2130
ENST00000290039.6	2131
ENST00000335509.10	2132
ENST00000263955.9	2133
ENST00000273261.7	2134
ENST00000360299.10	2135
ENST00000219299.8	2136
ENST00000622513.4	2137
ENST00000313143.9	2138
ENST00000590602.5	2139
ENST00000354817.8	2140
ENST00000295087.13	2141
ENST00000312655.9	2142
ENST00000619301.4	2143
ENST00000642385.2	2144
ENST00000317178.10	2145
ENST00000354981.6	2146
ENST00000304195.8	2147
ENST00000367188.5	2148
ENST00000426126.6	2149
ENST00000330501.12	2150
ENST00000239440.9	2151
ENST00000502717.6	2152
ENST00000356448.8	2153
ENST00000557385.2	2154
ENST00000318967.7	2155
ENST00000379214.9	2156
ENST00000392038.7	2157
ENST00000424120.5	2158
ENST00000360864.9	2159
ENST00000395957.6	2160
ENST00000672434.1	2161
ENST00000368068.8	2162
ENST00000339394.7	2163
ENST00000381647.7	2164
ENST00000370355.3	2165
ENST00000613252.5	2166
ENST00000317506.8	2167
ENST00000320027.10	2168
ENST00000570628.6	2169
ENST00000335255.10	2170
ENST00000294517.11	2171
ENST00000448223.7	2172
ENST00000356063.9	2173
ENST00000355112.8	2174
ENST00000430334.8	2175
ENST00000355628.9	2176
ENST00000265641.10	2177
ENST00000265562.5	2178
ENST00000285518.11	2179
ENST00000361204.9	2180
ENST00000374552.9	2181
ENST00000528919.5	2182
ENST00000253925.11	2183
ENST00000379485.2	2184
ENST00000257181.10	2185
ENST00000426508.7	2186
ENST00000409212.5	2187
ENST00000312521.9	2188
ENST00000245907.11	2189
ENST00000537178.5	2190
ENST00000309315.9	2191
ENST00000296509.11	2192
ENST00000379644.9	2193
ENST00000666923.1	2194
ENST00000388995.11	2195
ENST00000375749.8	2196
ENST00000381410.5	2197
ENST00000367012.4	2198
ENST00000243501.10	2199
ENST00000610745.5	2200
ENST00000284617.7	2201
ENST00000359742.8	2202
ENST00000241416.12	2203
ENST00000348165.10	2204
ENST00000301785.7	2205
ENST00000268184.11	2206
ENST00000471841.6	2207
ENST00000441788.6	2208
ENST00000261396.6	2209
ENST00000256079.9	2210
ENST00000399464.7	2211
ENST00000040877.2	2212
ENST00000622132.5	2213
ENST00000450525.7	2214
ENST00000297857.3	2215
ENST00000381213.7	2216
ENST00000542267.7	2217
ENST00000279907.12	2218
ENST00000395104.5	2219
ENST00000377411.5	2220
ENST00000313552.11	2221
ENST00000485303.6	2222
ENST00000361729.3	2223
ENST00000287727.7	2224
ENST00000442241.9	2225
ENST00000378295.9	2226
ENST00000522677.7	2227
ENST00000354221.5	2228
ENST00000647811.1	2229
ENST00000261497.9	2230
ENST00000296088.12	2231
ENST00000436120.7	2232
ENST00000419585.5	2233
ENST00000410023.6	2234
ENST00000284984.8	2235
ENST00000368324.5	2236
ENST00000352251.8	2237
ENST00000361927.9	2238
ENST00000288699.11	2239
ENST00000294304.12	2240
ENST00000303383.8	2241
ENST00000560031.6	2242
ENST00000361464.8	2243
ENST00000378616.5	2244
ENST00000479054.5	2245
ENST00000356834.7	2246
ENST00000263035.9	2247
ENST00000558518.6	2248
ENST00000371113.9	2249
ENST00000373758.5	2250
ENST00000393892.8	2251
ENST00000380050.8	2252
ENST00000309295.9	2253
ENST00000263991.9	2254
ENST00000395601.7	2255
ENST00000372398.6	2256
ENST00000371733.8	2257
ENST00000435634.3	2258
ENST00000283206.9	2259
ENST00000355621.8	2260
ENST00000586659.5	2261
ENST00000277165.11	2262
ENST00000553532.6	2263
ENST00000435962.7	2264
ENST00000359015.5	2265
ENST00000262198.9	2266
ENST00000263734.5	2267
ENST00000403245.8	2268
ENST00000476287.3	2269
ENST00000306177.9	2270
ENST00000418390.6	2271
ENST00000467087.5	2272
ENST00000261427.10	2273
ENST00000358293.7	2274
ENST00000262891.9	2275
ENST00000217289.8	2276
ENST00000347635.9	2277
ENST00000348513.12	2278
ENST00000263212.10	2279
ENST00000288135.6	2280
ENST00000574590.6	2281
ENST00000393609.7	2282
ENST00000381154.6	2283
ENST00000441174.8	2284
ENST00000300571.7	2285
ENST00000591340.6	2286
ENST00000307729.12	2287
ENST00000645214.2	2288
ENST00000422003.6	2289
ENST00000554659.6	2290
ENST00000395867.7	2291
ENST00000308167.10	2292
ENST00000395686.8	2293
ENST00000370060.7	2294
ENST00000263150.9	2295
ENST00000251020.9	2296
ENST00000273739.9	2297
ENST00000437043.8	2298
ENST00000357578.8	2299
ENST00000369864.5	2300
ENST00000285599.8	2301
ENST00000608372.5	2302
ENST00000327628.10	2303
ENST00000366513.9	2304
ENST00000595753.6	2305
ENST00000611976.1	2306
ENST00000355264.8	2307
ENST00000354611.9	2308
ENST00000357182.9	2309
ENST00000284637.14	2310
ENST00000354828.7	2311
ENST00000356136.8	2312
ENST00000382142.8	2313
ENST00000249344.7	2314
ENST00000295971.12	2315
ENST00000299697.11	2316
ENST00000244051.3	2317
ENST00000642319.1	2318
ENST00000312994.9	2319
ENST00000262394.7	2320
ENST00000412923.6	2321
ENST00000302060.10	2322
ENST00000318445.11	2323
ENST00000271636.12	2324
ENST00000316316.10	2325
ENST00000286760.5	2326
ENST00000304685.8	2327
ENST00000366645.1	2328
ENST00000415912.6	2329
ENST00000398864.7	2330
ENST00000359543.8	2331
ENST00000296792.9	2332
ENST00000319190.11	2333
ENST00000539294.6	2334
ENST00000460843.6	2335
ENST00000310127.10	2336
ENST00000256367.3	2337
ENST00000265849.12	2338
ENST00000393800.6	2339
ENST00000446488.7	2340
ENST00000550164.6	2341
ENST00000215793.13	2342
ENST00000282587.9	2343
ENST00000237596.7	2344
ENST00000538936.7	2345
ENST00000251871.9	2346
ENST00000399794.6	2347
ENST00000320676.11	2347
ENST00000265175.5	2348
ENST00000394976.4	2349
ENST00000381884.9	2350
ENST00000296292.8	2351
ENST00000258145.8	2352
ENST00000337532.9	2353
ENST00000293328.8	2354
ENST00000340648.6	2355
ENST00000379942.5	2356
ENST00000231004.5	2357
ENST00000405858.6	2358
ENST00000638088.1	2359
ENST00000368608.4	2360
ENST00000297268.11	2361
ENST00000369093.6	2362
ENST00000392318.8	2363
ENST00000361183.8	2364
ENST00000374704.8	2365
ENST00000643116.3	2366
ENST00000240587.5	2367
ENST00000428746.6	2368
ENST00000256429.8	2369
ENST00000392062.7	2370
ENST00000259605.11	2371
ENST00000357736.9	2372
ENST00000367178.7	2373
ENST00000508501.5	2374
ENST00000269391.11	2375
ENST00000417257.6	2376
ENST00000260600.9	2377
ENST00000401061.9	2378
ENST00000269445.10	2379
ENST00000377813.6	2380
ENST00000368977.9	2381
ENST00000392837.9	2382
ENST00000531120.6	2383
ENST00000264657.9	2384
ENST00000334554.11	2385
ENST00000374142.9	2386
ENST00000261858.7	2387
ENST00000372530.9	2388
ENST00000272645.9	2389
ENST00000253928.13	2390
ENST00000248054.9	2391
ENST00000346618.8	2392
ENST00000398532.9	2393
ENST00000346964.6	2394
ENST00000360150.9	2395
ENST00000563290.6	2396
ENST00000392396.7	2397
ENST00000259939.4	2398
ENST00000335866.7	2399
ENST00000448775.4	2400
ENST00000465804.5	2401
ENST00000016171.6	2402
ENST00000394566.5	2403
ENST00000561878.2	2404
ENST00000378164.7	2405
ENST00000643257.2	2406
ENST00000446544.6	2407
ENST00000370056.9	2408
ENST00000487519.6	2409
ENST00000369709.3	2410
ENST00000314845.7	2411
ENST00000362012.7	2412
ENST00000368468.4	2413
ENST00000355280.11	2414
ENST00000356763.8	2415
ENST00000260731.5	2416
ENST00000369902.8	2417
ENST00000339266.9	2418
ENST00000343629.11	2419
ENST00000373609.1	2420
ENST00000307428.7	2421
ENST00000373624.6	2422
ENST00000298532.2	2423
ENST00000371877.7	2424
ENST00000382226.5	2425
ENST00000359236.10	2426
ENST00000392102.6	2427
ENST00000409959.8	2428
ENST00000371847.8	2429
ENST00000378165.9	2430
ENST00000349841.9	2431
ENST00000592782.5	2432
ENST00000302904.8	2433
ENST00000646441.1	2434
ENST00000354619.10	2435
ENST00000354300.5	2436
ENST00000370544.10	2437
ENST00000306467.10	2438
ENST00000450764.6	2439
ENST00000458549.7	2440
ENST00000328194.8	2441
ENST00000278886.11	2442
ENST00000311124.9	2443
ENST00000517309.6	2444
ENST00000375746.1	2445
ENST00000252699.7	2446
ENST00000377223.6	2447
ENST00000401558.7	2448
ENST00000417955.5	2449
ENST00000336128.12	2450
ENST00000373647.9	2451
ENST00000357460.7	2452
ENST00000421491.4	2453
ENST00000296530.12	2454
ENST00000435680.6	2455
ENST00000375147.8	2456
ENST00000302926.7	2457
ENST00000650623.2	2458
ENST00000338779.11	2459
ENST00000357692.6	2460
ENST00000359523.7	2461
ENST00000450593.5	2462
ENST00000222803.10	2463
ENST00000236192.12	2464
ENST00000380345.7	2465
ENST00000417201.4	2466
ENST00000341420.5	2467
ENST00000324262.9	2468
ENST00000381920.8	2469
ENST00000394095.7	2470
ENST00000674273.1	2471
ENST00000261601.8	2472
ENST00000399598.7	2473
ENST00000432992.6	2474
ENST00000361475.7	2475
ENST00000625842.2	2476
ENST00000294309.8	2477
ENST00000298307.10	2478
ENST00000321617.8	2479
ENST00000257209.8	2480
ENST00000397224.8	2481
ENST00000354449.7	2482
ENST00000317582.10	2483
ENST00000370828.4	2484
ENST00000356692.10	2485
ENST00000306042.9	2486
ENST00000389032.8	2487
ENST00000378156.9	2488
ENST00000522684.5	2489
ENST00000310571.8	2490
ENST00000341744.8	2491
ENST00000317135.13	2492
ENST00000356818.7	2493
ENST00000272342.6	2494
ENST00000361070.9	2495
ENST00000409757.9	2496
ENST00000614628.5	2497
ENST00000389100.9	2498
ENST00000518547.5	2499
ENST00000451493.5	2500
ENST00000405260.5	2501
ENST00000614342.1	2502
ENST00000434178.6	2503
ENST00000439062.6	2504
ENST00000612133.4	2505
ENST00000371141.8	2506
ENST00000262710.5	2507
ENST00000356401.8	2508
ENST00000369329.8	2509
ENST00000611551.1	2510
ENST00000372336.4	2511
ENST00000224652.10	2512
ENST00000335025.12	2513
ENST00000409556.5	2514
ENST00000374700.7	2515
ENST00000332783.12	2516
ENST00000174618.5	2517
ENST00000396161.10	2518
ENST00000369415.9	2519
ENST00000430046.7	2520
ENST00000395366.3	2521
ENST00000333201.13	2522
ENST00000247461.9	2523
ENST00000359930.8	2524
ENST00000264229.11	2525
ENST00000375250.9	2526
ENST00000354268.8	2527
ENST00000583313.7	2528
ENST00000432126.7	2529
ENST00000361757.8	2530
ENST00000336592.11	2531
ENST00000435224.3	2532
ENST00000261646.10	2533
ENST00000262457.7	2534
ENST00000396049.5	2535
ENST00000317571.8	2536
ENST00000261890.7	2537
ENST00000272321.12	2538
ENST00000255304.9	2539
ENST00000261778.2	2540
ENST00000580243.2	2541
ENST00000413817.8	2542
ENST00000320031.13	2543
ENST00000379509.7	2544
ENST00000219611.7	2545
ENST00000295797.5	2546
ENST00000416247.4	2547
ENST00000302824.7	2548
ENST00000361524.8	2549
ENST00000397728.8	2550
ENST00000457308.6	2551
ENST00000637812.1	2552
ENST00000318950.11	2553
ENST00000370238.8	2554
ENST00000359707.8	2555
ENST00000301873.10	2556
ENST00000622479.4	2557
ENST00000335999.7	2558
ENST00000409177.6	2559
ENST00000315322.10	2560
ENST00000299575.5	2561
ENST00000268989.8	2562
ENST00000340080.9	2563
ENST00000517970.6	2564
ENST00000373555.9	2565
ENST00000318066.7	2566
ENST00000261534.8	2567
ENST00000344293.6	2568
ENST00000356940.11	2569
ENST00000265361.8	2570
ENST00000295709.8	2571
ENST00000374193.9	2572
ENST00000349703.7	2573
ENST00000252512.14	2574
ENST00000216286.10	2575
ENST00000244745.4	2576
ENST00000338099.9	2577
ENST00000445922.2	2578
ENST00000354586.5	2579
ENST00000366923.8	2580
ENST00000652555.1	2581
ENST00000303775.10	2582
ENST00000250617.7	2583
ENST00000360635.7	2584
ENST00000300413.10	2585
ENST00000517490.6	2586
ENST00000335327.6	2587
ENST00000361189.7	2588
ENST00000252711.7	2589
ENST00000262133.11	2590
ENST00000319172.10	2591
ENST00000308511.8	2592
ENST00000264914.10	2593
ENST00000583097.5	2594
ENST00000458385.7	2595
ENST00000376747.8	2596
ENST00000362065.9	2597
ENST00000314250.11	2598
ENST00000254719.10	2599
ENST00000615670.5	2600
ENST00000262815.13	2601
ENST00000650821.1	2602
ENST00000318006.9	2603
ENST00000360700.4	2604
ENST00000443439.7	2605
ENST00000374599.7	2606
ENST00000320717.8	2607
ENST00000349215.8	2608
ENST00000344111.4	2609
ENST00000361171.8	2610
ENST00000638257.1	2611
ENST00000297990.9	2612
ENST00000332303.6	2613
ENST00000338121.10	2614
ENST00000370025.9	2615
ENST00000468148.6	2616
ENST00000368648.8	2617
ENST00000239449.6	2618
ENST00000395718.6	2619
ENST00000595661.5	2620
ENST00000399006.6	2621
ENST00000322054.10	2622
ENST00000369485.9	2623
ENST00000315579.10	2624
ENST00000394945.6	2625
ENST00000397374.8	2626
ENST00000251047.6	2627
ENST00000622602.2	2628
ENST00000314400.10	2629
ENST00000450403.3	2630
ENST00000300176.9	2631
ENST00000267814.14	2632
ENST00000452135.6	2633
ENST00000352241.8	2634
ENST00000296591.10	2635
ENST00000373316.5	2636
ENST00000261769.10	2637
ENST00000258301.6	2638
ENST00000346248.7	2639
ENST00000296498.3	2640
ENST00000262455.7	2641
ENST00000254718.8	2642
ENST00000613416.4	2643
ENST00000411432.5	2644
ENST00000258796.12	2645
ENST00000356970.6	2646
ENST00000310442.5	2647
ENST00000298068.9	2648
ENST00000367879.9	2649
ENST00000262305.9	2650
ENST00000339364.10	2651
ENST00000377255.3	2652
ENST00000266682.10	2653
ENST00000368814.8	2654
ENST00000244571.5	2655
ENST00000344423.10	2656
ENST00000392328.6	2657
ENST00000368494.4	2658
ENST00000343813.10	2659
ENST00000256689.10	2660
ENST00000287008.7	2661
ENST00000307305.12	2662
ENST00000267163.5	2663
ENST00000483466.5	2664
ENST00000396821.7	2665
ENST00000298229.7	2666
ENST00000398073.7	2667
ENST00000268097.10	2668
ENST00000375495.8	2669
ENST00000377075.3	2670
ENST00000262608.12	2671
ENST00000281772.14	2672
ENST00000443314.5	2673
ENST00000238738.9	2674
ENST00000416165.6	2675
ENST00000325722.8	2676
ENST00000464606.5	2677
ENST00000233379.9	2678
ENST00000414820.6	2678
ENST00000398594.4	2679
ENST00000452015.9	2680
ENST00000304858.7	2681
ENST00000251810.8	2682
ENST00000253251.12	2683
ENST00000306503.5	2684
ENST00000359321.2	2685
ENST00000332884.11	2686
ENST00000305921.8	2687
ENST00000358933.10	2688
ENST00000409134.8	2689
ENST00000284476.7	2690
ENST00000394507.5	2691
ENST00000374212.5	2692
ENST00000250373.9	2693
ENST00000357122.8	2694
ENST00000307741.11	2695
ENST00000326047.9	2696
ENST00000394434.7	2697
ENST00000269228.10	2698
ENST00000332070.7	2699
ENST00000308177.5	2700
ENST00000469044.6	2701
ENST00000314742.13	2702
ENST00000273179.10	2703
ENST00000490103.5	2704
ENST00000269142.10	2705
ENST00000316334.5	2706
ENST00000595962.6	2707
ENST00000355943.8	2708
ENST00000400324.9	2709
ENST00000648911.1	2710
ENST00000394854.8	2711
ENST00000223145.10	2712
ENST00000401707.7	2713
ENST00000263980.8	2714
ENST00000299608.7	2715
ENST00000379483.4	2716
ENST00000216416.9	2717
ENST00000262965.12	2718
ENST00000349155.7	2719
ENST00000310775.12	2720
ENST00000645032.1	2721
ENST00000001146.6	2722
ENST00000258428.8	2723
ENST00000265748.7	2724
ENST00000650807.1	2725
ENST00000522362.7	2726
ENST00000395314.8	2727
ENST00000397821.8	2728
ENST00000401500.7	2729
ENST00000259963.4	2730
ENST00000535355.5	2731
ENST00000529308.6	2732
ENST00000370695.7	2733
ENST00000397292.8	2734
ENST00000543473.2	2735
ENST00000648446.1	2736
ENST00000371711.4	2737
ENST00000366600.8	2738
ENST00000392959.5	2739
ENST00000397501.5	2740
ENST00000265069.13	2741
ENST00000258111.5	2742
ENST00000301178.9	2743
ENST00000330374.6	2744
ENST00000298832.14	2745
ENST00000292530.11	2746
ENST00000442253.3	2747
ENST00000394957.8	2748
ENST00000263847.6	2749
ENST00000397056.1	2750
ENST00000197268.13	2751
ENST00000613569.4	2752
ENST00000358595.10	2753
ENST00000409418.9	2754
ENST00000215957.10	2755
ENST00000316341.8	2756
ENST00000621003.4	2757
ENST00000319394.8	2758
ENST00000417901.5	2759
ENST00000341928.6	2760
ENST00000261205.9	2761
ENST00000222990.8	2762
ENST00000275072.5	2763
ENST00000335464.10	2764
ENST00000432825.7	2765
ENST00000396684.3	2766
ENST00000397333.4	2767
ENST00000276826.5	2768
ENST00000333219.9	2769
ENST00000394900.7	2770
ENST00000300107.7	2771
ENST00000397041.8	2772
ENST00000264896.8	2773
ENST00000272647.10	2774
ENST00000354670.9	2775
ENST00000366962.8	2776
ENST00000307750.5	2777
ENST00000324439.9	2778
ENST00000294811.2	2779
ENST00000395965.8	2780
ENST00000358849.8	2781
ENST00000560869.6	2782
ENST00000397166.7	2783
ENST00000417314.2	2784
ENST00000448372.5	2785
ENST00000453321.8	2786
ENST00000268154.9	2787
ENST00000317276.9	2788
ENST00000340344.4	2789
ENST00000511833.3	2790
ENST00000519973.6	2791
ENST00000357480.9	2792
ENST00000381323.7	2793
ENST00000003302.8	2794
ENST00000345429.10	2795
ENST00000219240.9	2796
ENST00000424881.5	2797
ENST00000374135.9	2798
ENST00000612899.5	2799
ENST00000651168.1	2800
ENST00000251636.10	2801
ENST00000296666.13	2802
ENST00000354185.9	2803
ENST00000347697.6	2804
ENST00000366609.3	2805
ENST00000304330.9	2806
ENST00000254190.4	2807
ENST00000330143.8	2808
ENST00000265872.11	2809
ENST00000378802.5	2810
ENST00000356231.4	2811
ENST00000375643.7	2812
ENST00000360803.9	2813
ENST00000341165.10	2814
ENST00000242108.9	2815
ENST00000381309.7	2816
ENST00000296702.9	2817
ENST00000329665.5	2818
ENST00000405413.6	2819
ENST00000278505.5	2820
ENST00000273814.8	2821
ENST00000646673.2	2822
ENST00000405954.2	2823
ENST00000550104.5	2824
ENST00000612570.4	2825
ENST00000361311.4	2826
ENST00000361413.8	2827
ENST00000311128.10	2828
ENST00000356591.4	2829
ENST00000523731.6	2830
ENST00000321037.5	2831
ENST00000623400.3	2832
ENST00000282633.10	2832
ENST00000448504.6	2833
ENST00000592502.2	2834
ENST00000374332.8	2835
ENST00000359741.9	2836
ENST00000308448.11	2837
ENST00000267294.4	2838
ENST00000584307.5	2839
ENST00000370978.9	2840
ENST00000221315.10	2841
ENST00000570495.5	2842
ENST00000325327.4	2843
ENST00000173898.12	2844
ENST00000428826.7	2845
ENST00000343537.12	2846
ENST00000296632.8	2847
ENST00000581208.2	2848
ENST00000342665.4	2849
ENST00000373578.6	2850
ENST00000256015.5	2851
ENST00000370651.7	2852
ENST00000379883.3	2853
ENST00000443381.7	2854
ENST00000310942.9	2855
ENST00000270649.11	2856
ENST00000396825.4	2857
ENST00000356454.5	2858
ENST00000335325.9	2859
ENST00000232766.6	2860
ENST00000265433.8	2861
ENST00000361209.6	2862
ENST00000395184.6	2863
ENST00000259324.5	2864
ENST00000373095.6	2865
ENST00000555265.6	2866
ENST00000216267.12	2867
ENST00000296051.7	2868
ENST00000263563.7	2869
ENST00000318602.12	2870
ENST00000170168.9	2871
ENST00000650449.1	2872
ENST00000426739.7	2873
ENST00000649983.1	2874
ENST00000169298.8	2875
ENST00000315366.8	2876
ENST00000369838.6	2877
ENST00000311151.9	2878
ENST00000277458.5	2879
ENST00000579016.6	2880
ENST00000266085.6	2881
ENST00000370812.8	2882
ENST00000542554.5	2883
ENST00000379540.8	2884
ENST00000296220.6	2885
ENST00000617285.5	2886
ENST00000396410.9	2887
ENST00000368498.7	2888
ENST00000616371.4	2889
ENST00000377838.8	2890
ENST00000289081.8	2891
ENST00000374140.6	2892
ENST00000342232.5	2893
ENST00000497571.6	2894
ENST00000357997.10	2895
ENST00000258457.7	2896
ENST00000392547.6	2897
ENST00000251496.7	2898
ENST00000448903.7	2899
ENST00000566157.6	2900
ENST00000370966.9	2901
ENST00000303115.8	2902
ENST00000266674.10	2903
ENST00000262424.10	2904
ENST00000376926.8	2905
ENST00000334186.9	2906
ENST00000481195.6	2907
ENST00000261167.7	2908
ENST00000308234.11	2909
ENST00000354475.5	2910
ENST00000371610.7	2911
ENST00000402291.6	2912
ENST00000358812.9	2913
ENST00000334304.10	2914
ENST00000372159.7	2915
ENST00000310806.9	2916
ENST00000320211.10	2917
ENST00000440411.7	2918
ENST00000273398.8	2919
ENST00000262903.9	2920
ENST00000456430.6	2921
ENST00000427190.5	2922
ENST00000253686.7	2923
ENST00000396408.8	2924
ENST00000287957.5	2925
ENST00000320580.9	2926
ENST00000646299.1	2927
ENST00000357166.11	2928
ENST00000502773.6	2929
ENST00000503362.2	2930
ENST00000506113.5	2931
ENST00000257694.13	2932
ENST00000320805.8	2933
ENST00000394412.8	2934
ENST00000327535.6	2935
ENST00000272369.14	2936
ENST00000606117.2	2937
ENST00000288985.12	2938
ENST00000209728.9	2939
ENST00000234256.4	2940
ENST00000476941.6	2941
ENST00000378799.11	2942
ENST00000282296.10	2943
ENST00000361813.5	2944
ENST00000267199.9	2945
ENST00000308736.7	2946
ENST00000266068.5	2947
ENST00000457749.7	2948
ENST00000520358.7	2949
ENST00000281741.9	2950
ENST00000430297.7	2951
ENST00000261622.5	2952
ENST00000349995.10	2953
ENST00000296215.8	2954
ENST00000394752.8	2955
ENST00000367456.5	2956
ENST00000371429.4	2957
ENST00000333602.13	2958
ENST00000447944.7	2959
ENST00000570101.5	2960
ENST00000331758.8	2961
ENST00000423313.6	2962
ENST00000530705.6	2963
ENST00000577809.6	2964
ENST00000423207.6	2965
ENST00000263461.11	2966
ENST00000534127.5	2967
ENST00000269571.9	2968
ENST00000648994.1	2969
ENST00000399878.8	2970
ENST00000617859.4	2971
ENST00000371065.9	2972
ENST00000296933.10	2973
ENST00000289104.8	2974
ENST00000650836.2	2975
ENST00000450536.6	2976
ENST00000303236.9	2977
ENST00000475381.7	2978
ENST00000445323.7	2979
ENST00000314138.11	2980
ENST00000313334.13	2981
ENST00000252674.9	2982
ENST00000444836.5	2983
ENST00000409379.8	2984
ENST00000257963.9	2985
ENST00000377065.8	2986
ENST00000295754.10	2987
ENST00000287936.9	2988
ENST00000302851.8	2989
ENST00000502346.2	2990
ENST00000614476.4	2991
ENST00000292431.5	2992
ENST00000334690.11	2993
ENST00000379446.10	2994
ENST00000355630.9	2995
ENST00000250263.8	2996
ENST00000424362.6	2997
ENST00000356388.9	2998
ENST00000324849.9	2999
ENST00000216277.12	3000
ENST00000311806.8	3001
ENST00000375360.7	3002
ENST00000228515.6	3003
ENST00000360639.6	3004
ENST00000543227.5	3005
ENST00000296468.8	3006
ENST00000316586.9	3007
ENST00000359154.6	3008
ENST00000348066.8	3009
ENST00000549701.6	3010
ENST00000339365.2	3011
ENST00000382038.7	3012
ENST00000376511.7	3013
ENST00000367468.10	3014
ENST00000436874.6	3015
ENST00000381223.9	3016
ENST00000253083.9	3017
ENST00000337386.10	3018
ENST00000396741.3	3019
ENST00000255006.11	3020
ENST00000332830.9	3021
ENST00000351989.8	3022
ENST00000295065.9	3023
ENST00000222823.9	3024
ENST00000284240.10	3025
ENST00000517566.6	3026
ENST00000392708.9	3027
ENST00000361874.7	3028
ENST00000406902.6	3029
ENST00000493763.7	3030
ENST00000311528.9	3031
ENST00000398145.6	3032
ENST00000367463.5	3033
ENST00000308521.10	3034
ENST00000346299.10	3035
ENST00000322652.10	3036
ENST00000367549.4	3037
ENST00000476993.2	3038
ENST00000569840.6	3039
ENST00000374759.8	3040
ENST00000312916.12	3041
ENST00000288502.9	3042
ENST00000262294.12	3043
ENST00000614091.4	3044
ENST00000249883.9	3045
ENST00000039989.9	3046
ENST00000269214.10	3047
ENST00000377658.8	3048
ENST00000442287.6	3049
ENST00000372396.4	3050
ENST00000261942.7	3051
ENST00000356792.9	3052
ENST00000379775.9	3053
ENST00000370685.7	3054
ENST00000616140.2	3055
ENST00000341469.7	3056
ENST00000354193.5	3057
ENST00000357799.9	3058
ENST00000315150.10	3059
ENST00000260129.6	3060
ENST00000263228.4	3061
ENST00000536831.5	3062
ENST00000265827.8	3063
ENST00000295030.6	3064
ENST00000193322.8	3065
ENST00000315480.9	3066
ENST00000540288.5	3067
ENST00000262366.7	3068
ENST00000542527.7	3069
ENST00000355209.9	3070
ENST00000299213.10	3071
ENST00000618550.5	3072
ENST00000314103.6	3073
ENST00000314011.9	3074
ENST00000220772.8	3075
ENST00000314167.9	3076
ENST00000290399.11	3077
ENST00000281543.6	3078
ENST00000262233.11	3079
ENST00000375859.4	3080
ENST00000230449.9	3081
ENST00000368128.6	3082
ENST00000373656.4	3083
ENST00000322927.3	3084
ENST00000320631.8	3085
ENST00000264012.9	3086
ENST00000481752.6	3087
ENST00000373024.8	3088
ENST00000426455.5	3089
ENST00000361384.7	3090
ENST00000563594.5	3091
ENST00000228820.9	3092
ENST00000258538.7	3093
ENST00000357901.5	3094
ENST00000396842.7	3095
ENST00000262894.11	3096
ENST00000354200.5	3097
ENST00000379484.10	3098
ENST00000371528.2	3099
ENST00000646605.1	3100
ENST00000389759.7	3101
ENST00000383701.8	3102
ENST00000265081.7	3103
ENST00000452733.7	3104
ENST00000481138.6	3105
ENST00000216264.13	3106
ENST00000316292.13	3107
ENST00000322128.5	3108
ENST00000370836.6	3109
ENST00000370475.9	3110
ENST00000296181.9	3111
ENST00000357582.3	3112
ENST00000263196.12	3113
ENST00000271640.9	3114
ENST00000530393.6	3115
ENST00000381006.8	3116
ENST00000216297.7	3117
ENST00000308086.3	3118
ENST00000306065.9	3119
ENST00000366994.8	3120
ENST00000373237.4	3121
ENST00000378060.9	3122
ENST00000434415.6	3123
ENST00000370192.8	3124
ENST00000366672.5	3125
ENST00000325631.10	3126
ENST00000545145.6	3127
ENST00000304658.9	3128
ENST00000399022.9	3129
ENST00000308271.14	3130
ENST00000311320.9	3131
ENST00000230461.11	3132
ENST00000299192.8	3133
ENST00000281456.11	3134
ENST00000256474.3	3135
ENST00000351797.9	3136
ENST00000368149.3	3137
ENST00000379607.10	3138
ENST00000377966.4	3139
ENST00000282344.11	3140
ENST00000199389.11	3141
ENST00000337910.10	3142
ENST00000341356.10	3143
ENST00000263754.5	3144
ENST00000366991.5	3145
ENST00000354992.6	3146
ENST00000382998.8	3147
ENST00000370855.5	3148
ENST00000248211.11	3149
ENST00000377340.6	3150
ENST00000354618.10	3151
ENST00000314128.9	3152
ENST00000305513.12	3153
ENST00000595646.6	3154
ENST00000297185.9	3155
ENST00000394053.7	3156
ENST00000430223.7	3157
ENST00000340253.10	3158
ENST00000304381.10	3159
ENST00000323570.8	3160
ENST00000324225.9	3161
ENST00000342374.5	3162
ENST00000370982.4	3163
ENST00000399820.8	3164
ENST00000393486.5	3165
ENST00000357081.7	3166
ENST00000300291.10	3167
ENST00000207549.8	3168
ENST00000645495.2	3169
ENST00000310823.8	3170
ENST00000261303.13	3171
ENST00000254900.9	3172
ENST00000394048.9	3173
ENST00000397609.6	3174
ENST00000374403.4	3175
ENST00000506030.5	3176
ENST00000316077.14	3177
ENST00000328933.10	3178
ENST00000649389.1	3179
ENST00000331134.11	3180
ENST00000266304.9	3181
ENST00000556143.6	3182
ENST00000383432.8	3183
ENST00000369146.8	3184
ENST00000367649.7	3185
ENST00000044462.12	3186
ENST00000622362.1	3187
ENST00000306014.9	3188
ENST00000343411.8	3189
ENST00000254325.9	3190
ENST00000538576.5	3191
ENST00000432680.7	3192
ENST00000402412.5	3193
ENST00000310074.8	3194
ENST00000275364.8	3195
ENST00000248633.9	3196
ENST00000266069.5	3197
ENST00000264515.11	3198
ENST00000321027.8	3199
ENST00000262210.9	3200
ENST00000610672.4	3201
ENST00000648180.1	3202
ENST00000336783.8	3203
ENST00000638572.2	3204
ENST00000492406.6	3205
ENST00000350997.12	3206
ENST00000223023.5	3207
ENST00000319863.13	3208
ENST00000371072.8	3209
ENST00000380122.10	3210
ENST00000375486.9	3211
ENST00000367506.10	3212
ENST00000314393.6	3213
ENST00000222553.8	3214
ENST00000259470.6	3215
ENST00000623063.3	3216
ENST00000396200.3	3217
ENST00000396083.7	3218
ENST00000537098.7	3219
ENST00000325324.10	3220
ENST00000356126.8	3221
ENST00000600228.6	3222
ENST00000286031.10	3223
ENST00000013125.8	3224
ENST00000254770.2	3225
ENST00000358173.8	3226
ENST00000244020.5	3227
ENST00000505065.1	3228
ENST00000394152.7	3229
ENST00000287667.12	3230
ENST00000330537.10	3230
ENST00000300976.9	3231
ENST00000480456.6	3232
ENST00000350320.10	3233
ENST00000253693.7	3234
ENST00000373825.7	3235
ENST00000392533.8	3236
ENST00000320816.11	3237
ENST00000618099.4	3238
ENST00000305632.11	3239
ENST00000394170.6	3240
ENST00000545558.5	3241
ENST00000375135.4	3242
ENST00000258098.6	3243
ENST00000409579.5	3244
ENST00000523111.7	3245
ENST00000341162.8	3246
ENST00000314915.6	3247
ENST00000322247.7	3248
ENST00000005386.8	3249
ENST00000254323.6	3250
ENST00000374023.8	3251
ENST00000328771.9	3252
ENST00000409558.8	3253
ENST00000610426.5	3254
ENST00000277900.12	3255
ENST00000578681.5	3256
ENST00000327492.4	3257
ENST00000510979.5	3258
ENST00000274400.9	3258
ENST00000429604.5	3259
ENST00000328111.6	3260
ENST00000366641.4	3261
ENST00000263881.8	3262
ENST00000298892.9	3263
ENST00000256383.10	3264
ENST00000315691.8	3265
ENST00000519449.5	3266
ENST00000361367.7	3267
ENST00000261708.9	3268
ENST00000334743.9	3269
ENST00000370794.7	3270
ENST00000392711.5	3271
ENST00000355202.9	3272
ENST00000369535.5	3273
ENST00000426333.7	3274
ENST00000324607.8	3275
ENST00000361786.7	3276
ENST00000203166.10	3277
ENST00000268482.8	3278
ENST00000420878.7	3279
ENST00000400788.9	3280
ENST00000011898.10	3281
ENST00000435817.7	3282
ENST00000443824.5	3283
ENST00000361328.7	3284
ENST00000289921.8	3285
ENST00000295190.9	3286
ENST00000343028.9	3287
ENST00000265112.7	3288
ENST00000358149.8	3289
ENST00000391705.7	3290
ENST00000610726.4	3291
ENST00000374748.5	3292
ENST00000616288.4	3293
ENST00000342462.5	3294
ENST00000470487.6	3295
ENST00000369603.10	3296
ENST00000295887.6	3297
ENST00000590151.5	3298
ENST00000322157.9	3299
ENST00000404922.8	3300
ENST00000440486.7	3301
ENST00000298159.11	3302
ENST00000391911.5	3303
ENST00000325134.9	3304
ENST00000370268.8	3305
ENST00000515279.6	3306
ENST00000446197.8	3307
ENST00000266126.10	3308
ENST00000378251.3	3309
ENST00000245105.8	3310
ENST00000378097.6	3311
ENST00000421999.8	3312
ENST00000371804.4	3313
ENST00000296555.11	3314
ENST00000345506.8	3315
ENST00000456829.7	3316
ENST00000217173.7	3317
ENST00000320081.10	3318
ENST00000464848.5	3319
ENST00000395310.7	3320
ENST00000503780.6	3321
ENST00000376759.8	3322
ENST00000262207.9	3323
ENST00000337768.10	3324
ENST00000612661.2	3325
ENST00000262960.13	3326
ENST00000301831.9	3327
ENST00000216124.10	3328
ENST00000291900.7	3329
ENST00000597850.2	3330
ENST00000234296.7	3331
ENST00000348849.8	3332
ENST00000296490.8	3333
ENST00000379406.8	3334
ENST00000621116.4	3335
ENST00000360802.5	3336
ENST00000613694.5	3337
ENST00000382199.7	3338
ENST00000396496.7	3339
ENST00000646124.2	3340
ENST00000374271.8	3341
ENST00000316610.7	3342
ENST00000306336.6	3343
ENST00000258729.8	3344
ENST00000313093.6	3345
ENST00000618548.4	3346
ENST00000286835.12	3347
ENST00000358410.8	3348
ENST00000234420.11	3349
ENST00000315948.11	3350
ENST00000441843.5	3351
ENST00000307892.13	3352
ENST00000263956.8	3353
ENST00000547488.6	3354
ENST00000590083.5	3355
ENST00000332585.11	3356
ENST00000421699.7	3357
ENST00000376834.8	3358
ENST00000261556.11	3359
ENST00000215730.12	3360
ENST00000327697.11	3361
ENST00000672018.1	3362
ENST00000265565.10	3363
ENST00000645793.1	3364
ENST00000568909.5	3365
ENST00000374379.9	3366
ENST00000360540.9	3367
ENST00000284719.8	3368
ENST00000263666.9	3369
ENST00000271643.8	3370
ENST00000293379.9	3371
ENST00000565488.6	3372
ENST00000265000.9	3373
ENST00000313056.10	3374
ENST00000381431.10	3375
ENST00000305626.6	3376
ENST00000341164.8	3377
ENST00000258173.11	3378
ENST00000297788.9	3379
ENST00000337343.8	3380
ENST00000279394.7	3381
ENST00000301764.12	3382
ENST00000301364.10	3383
ENST00000494292.6	3384
ENST00000327877.10	3385
ENST00000622429.1	3386
ENST00000525621.6	3387
ENST00000261739.9	3388
ENST00000311331.12	3389
ENST00000222120.8	3390
ENST00000265138.4	3391
ENST00000361479.10	3392
ENST00000367559.7	3393
ENST00000227507.3	3394
ENST00000551765.6	3395
ENST00000339507.9	3396
ENST00000252979.6	3397
ENST00000381736.8	3398
ENST00000316902.12	3399
ENST00000615182.5	3400
ENST00000321348.9	3401
ENST00000648957.1	3402
ENST00000372022.6	3403
ENST00000330394.3	3404
ENST00000303991.5	3405
ENST00000371269.9	3406
ENST00000265354.6	3407
ENST00000451899.7	3408
ENST00000517746.6	3409
ENST00000397066.9	3410
ENST00000338222.6	3411
ENST00000341567.8	3412
ENST00000381591.5	3413
ENST00000340811.9	3414
ENST00000309934.4	3415
ENST00000373715.11	3416
ENST00000551659.5	3417
ENST00000263559.11	3418
ENST00000360909.7	3419
ENST00000359271.4	3420
ENST00000369278.5	3421
ENST00000400485.6	3422
ENST00000259241.7	3423
ENST00000334635.10	3424
ENST00000230419.9	3425
ENST00000261667.8	3426
ENST00000360565.8	3427
ENST00000299237.2	3428
ENST00000373475.10	3429
ENST00000306560.1	3430
ENST00000331335.9	3431
ENST00000381809.8	3432
ENST00000368563.6	3433
ENST00000579849.6	3434
ENST00000334463.4	3435
ENST00000330689.6	3436
ENST00000356404.8	3437
ENST00000261844.11	3438
ENST00000392185.8	3439
ENST00000343307.5	3440
ENST00000304060.10	3441
ENST00000347642.7	3442
ENST00000080059.12	3443
ENST00000316843.9	3444
ENST00000612501.2	3445
ENST00000300249.10	3446
ENST00000371459.6	3447
ENST00000340825.7	3448
ENST00000409105.5	3449
ENST00000295491.9	3450
ENST00000321945.12	3450
ENST00000324787.10	3451
ENST00000344063.7	3452
ENST00000234115.10	3453
ENST00000447998.6	3454
ENST00000407364.8	3455
ENST00000396197.8	3456
ENST00000334181.5	3457
ENST00000615189.5	3458
ENST00000616623.4	3459
ENST00000334062.8	3460
ENST00000356978.9	3461
ENST00000361866.8	3462
ENST00000303221.10	3463
ENST00000355673.8	3464
ENST00000367577.7	3465
ENST00000379731.4	3466
ENST00000228741.8	3467
ENST00000400068.7	3468
ENST00000453153.7	3469
ENST00000321662.11	3470
ENST00000261758.6	3471
ENST00000369962.7	3472
ENST00000373327.5	3473
ENST00000259037.8	3474
ENST00000237264.9	3475
ENST00000421351.4	3476
ENST00000518322.6	3477
ENST00000366503.3	3478
ENST00000320934.8	3479
ENST00000388988.9	3480
ENST00000337198.10	3481
ENST00000357479.10	3482
ENST00000600737.5	3483
ENST00000638862.1	3484
ENST00000222673.6	3485
ENST00000444035.6	3486
ENST00000342683.6	3487
ENST00000382159.8	3488
ENST00000078429.9	3489
ENST00000472644.6	3490
ENST00000370631.3	3491
ENST00000263577.11	3492
ENST00000240185.8	3493
ENST00000305364.9	3494
ENST00000262105.6	3495
ENST00000228347.9	3496
ENST00000380492.8	3497
ENST00000253861.5	3498
ENST00000378116.9	3499
ENST00000228437.10	3500
ENST00000461166.5	3501
ENST00000327031.9	3502
ENST00000611712.4	3503
ENST00000376619.6	3504
ENST00000453386.7	3505
ENST00000395348.7	3506
ENST00000340912.6	3507
ENST00000159087.7	3508
ENST00000331426.6	3509
ENST00000283629.8	3510
ENST00000527958.6	3511
ENST00000342415.6	3512
ENST00000394363.5	3513
ENST00000357503.3	3514
ENST00000357039.9	3515
ENST00000262713.7	3516
ENST00000380516.7	3517
ENST00000382745.9	3518
ENST00000394804.6	3519
ENST00000396954.8	3520
ENST00000361487.7	3521
ENST00000238647.5	3522
ENST00000285243.7	3523
ENST00000264110.7	3524
ENST00000296582.8	3525
ENST00000435041.3	3526
ENST00000499666.7	3527
ENST00000361717.4	3528
ENST00000587250.4	3529
ENST00000432498.5	3530
ENST00000251900.9	3531
ENST00000282570.4	3532
ENST00000615277.5	3533
ENST00000581407.5	3534
ENST00000612867.4	3535
ENST00000398055.8	3536
ENST00000576409.5	3537
ENST00000392692.7	3538
ENST00000375708.4	3539
ENST00000373502.9	3540
ENST00000382141.4	3541
ENST00000447116.6	3542
ENST00000265388.9	3543
ENST00000354570.7	3544
ENST00000302609.8	3545
ENST00000319481.8	3546
ENST00000382263.3	3547
ENST00000324300.10	3548
ENST00000373896.8	3549
ENST00000373840.9	3550
ENST00000324771.12	3551
ENST00000368139.6	3552
ENST00000262056.13	3553
ENST00000432560.6	3554
ENST00000449105.8	3555
ENST00000643581.1	3556
ENST00000239906.10	3557
ENST00000380698.5	3558
ENST00000340692.10	3559
ENST00000406189.4	3560
ENST00000621267.4	3561
ENST00000318410.12	3562
ENST00000046640.9	3563
ENST00000553804.6	3564
ENST00000422556.1	3565
ENST00000353487.7	3566
ENST00000375799.8	3567
ENST00000393346.8	3568
ENST00000254898.7	3569
ENST00000413687.3	3570
ENST00000375940.9	3571
ENST00000323944.9	3572
ENST00000632009.1	3573
ENST00000360538.7	3574
ENST00000393077.2	3575
ENST00000409109.6	3576
ENST00000652747.1	3577
ENST00000300146.10	3578
ENST00000617190.4	3579
ENST00000321407.3	3580
ENST00000402038.7	3581
ENST00000587091.6	3582
ENST00000374810.8	3583
ENST00000383657.10	3584
ENST00000616146.4	3585
ENST00000356487.11	3586
ENST00000361066.7	3587
ENST00000274811.9	3588
ENST00000268719.9	3589
ENST00000546500.5	3590
ENST00000361722.7	3591
ENST00000373547.8	3592
ENST00000295400.11	3593
ENST00000361099.8	3594
ENST00000534961.5	3595
ENST00000341170.5	3596
ENST00000216962.9	3597
ENST00000367385.9	3598
ENST00000361901.6	3599
ENST00000358015.8	3600
ENST00000374242.9	3601
ENST00000394818.8	3602
ENST00000299638.8	3603
ENST00000254029.8	3604
ENST00000367498.8	3605
ENST00000238855.11	3606
ENST00000328550.6	3607
ENST00000403299.5	3608
ENST00000394780.8	3609
ENST00000420283.3	3610
ENST00000487273.7	3611
ENST00000276654.9	3612
ENST00000378617.4	3613
ENST00000381714.7	3614
ENST00000375663.8	3615
ENST00000216133.10	3616
ENST00000331173.6	3617
ENST00000366835.8	3618
ENST00000303575.9	3619
ENST00000326505.4	3620
ENST00000381227.5	3621
ENST00000391945.10	3622
ENST00000295770.4	3623
ENST00000212015.11	3624
ENST00000369889.5	3625
ENST00000368073.7	3626
ENST00000380834.7	3627
ENST00000369046.8	3628
ENST00000254950.13	3629
ENST00000374884.3	3630
ENST00000609883.1	3631
ENST00000340934.10	3632
ENST00000429154.7	3633
ENST00000391960.4	3633
ENST00000376652.9	3634
ENST00000284320.6	3635
ENST00000373659.4	3636
ENST00000370033.9	3637
ENST00000673477.1	3638
ENST00000378756.8	3638
ENST00000223357.8	3639
ENST00000465271.6	3640
ENST00000333987.12	3641
ENST00000614302.5	3642
ENST00000226004.8	3643
ENST00000443905.6	3644
ENST00000216106.6	3645
ENST00000210633.3	3646
ENST00000602063.5	3647
ENST00000301318.8	3648
ENST00000308482.14	3649
ENST00000259808.9	3650
ENST00000437161.7	3651
ENST00000042381.9	3652
ENST00000545712.7	3653
ENST00000376233.8	3654
ENST00000194155.7	3655
ENST00000310447.10	3656
ENST00000370466.4	3657
ENST00000593135.6	3658
ENST00000578689.2	3659
ENST00000162330.10	3660
ENST00000299518.7	3661
ENST00000576634.6	3662
ENST00000306376.10	3663
ENST00000397358.7	3664
ENST00000674289.1	3665
ENST00000528667.7	3666
ENST00000392647.7	3667
ENST00000358337.9	3668
ENST00000273064.10	3669
ENST00000398125.5	3670
ENST00000428149.6	3671
ENST00000245934.12	3672
ENST00000367204.6	3673
ENST00000361421.2	3674
ENST00000548553.1	3675
ENST00000370298.9	3676
ENST00000348417.7	3677
ENST00000240651.14	3678
ENST00000546361.7	3679
ENST00000525919.5	3680
ENST00000321897.9	3681
ENST00000608424.6	3682
ENST00000265560.9	3683
ENST00000362057.4	3684
ENST00000320743.7	3685
ENST00000404801.2	3686
ENST00000310926.11	3687
ENST00000295746.13	3688
ENST00000321442.10	3689
ENST00000515098.5	3690
ENST00000316950.11	3691
ENST00000225737.11	3692
ENST00000405266.5	3693
ENST00000268042.7	3694
ENST00000219271.4	3695
ENST00000379643.10	3696
ENST00000239461.11	3697
ENST00000264228.9	3698
ENST00000432094.6	3699
ENST00000358869.5	3700
ENST00000297135.7	3701
ENST00000360214.8	3702
ENST00000333003.10	3703
ENST00000652273.1	3704
ENST00000253193.9	3705
ENST00000252826.10	3706
ENST00000341119.10	3707
ENST00000247956.11	3708
ENST00000263207.8	3709
ENST00000226574.9	3710
ENST00000405510.5	3711
ENST00000614623.4	3712
ENST00000263208.5	3713
ENST00000336689.8	3714
ENST00000282369.7	3715
ENST00000356309.8	3716
ENST00000265981.7	3717
ENST00000360683.6	3718
ENST00000358075.10	3719
ENST00000359866.9	3720
ENST00000230048.5	3721
ENST00000256682.9	3722
ENST00000375436.9	3723
ENST00000275954.4	3724
ENST00000394703.9	3725
ENST00000300737.8	3726
ENST00000527447.1	3727
ENST00000261211.8	3728
ENST00000394553.6	3729
ENST00000375415.5	3730
ENST00000305883.6	3731
ENST00000263773.10	3732
ENST00000514213.6	3733
ENST00000373451.9	3734
ENST00000339249.5	3735
ENST00000217109.9	3736
ENST00000558402.5	3737
ENST00000374694.2	3738
ENST00000371795.5	3739
ENST00000587424.2	3740
ENST00000296135.11	3741
ENST00000316752.11	3742
ENST00000409618.5	3743
ENST00000457354.7	3744
ENST00000281273.8	3745
ENST00000310758.8	3746
ENST00000395863.8	3747
ENST00000335681.10	3748
ENST00000443029.5	3749
ENST00000329271.8	3750
ENST00000618853.5	3751
ENST00000374199.9	3752
ENST00000259154.9	3753
ENST00000488423.2	3754
ENST00000378679.7	3755
ENST00000280551.11	3756
ENST00000302550.16	3757
ENST00000425699.3	3758
ENST00000269141.8	3759
ENST00000266742.9	3760
ENST00000338702.3	3761
ENST00000524625.5	3762
ENST00000529689.5	3763
ENST00000390645.2	3764
ENST00000266546.11	3765
ENST00000394235.6	3766
ENST00000334166.9	3767
ENST00000381937.9	3768
ENST00000642050.1	3769
ENST00000264042.8	3770
ENST00000378302.7	3771
ENST00000261584.9	3772
ENST00000313698.9	3773
ENST00000645694.3	3774
ENST00000246548.9	3775
ENST00000568956.1	3776
ENST00000355070.6	3777
ENST00000356929.3	3778
ENST00000331495.8	3779
ENST00000593767.3	3780
ENST00000296252.9	3781
ENST00000647097.2	3782
ENST00000526148.5	3783
ENST00000326448.12	3784
ENST00000276431.9	3785
ENST00000319778.11	3786
ENST00000419234.9	3787
ENST00000563694.6	3788
ENST00000371666.8	3789
ENST00000329608.11	3790
ENST00000264028.5	3791
ENST00000359541.6	3792
ENST00000396591.8	3793
ENST00000340124.9	3794
ENST00000604000.4	3795
ENST00000326764.9	3796
ENST00000318063.10	3797
ENST00000646076.1	3798
ENST00000371538.5	3799
ENST00000463745.6	3800
ENST00000354666.4	3801
ENST00000272091.8	3802
ENST00000440859.8	3803
ENST00000412770.7	3804
ENST00000645831.2	3805
ENST00000278949.9	3806
ENST00000398238.8	3807
ENST00000222402.8	3808
ENST00000301215.8	3809
ENST00000452699.5	3810
ENST00000255194.11	3811
ENST00000375095.3	3812
ENST00000336976.10	3813
ENST00000371621.5	3814
ENST00000366794.10	3815
ENST00000263925.8	3816
ENST00000249373.8	3817
ENST00000261464.10	3818
ENST00000299957.11	3819
ENST00000396981.6	3820
ENST00000257829.8	3821
ENST00000262820.7	3822
ENST00000370874.2	3823
ENST00000394222.8	3824
ENST00000357103.5	3825
ENST00000488633.2	3826
ENST00000405356.5	3827
ENST00000357002.4	3828
ENST00000366691.4	3829
ENST00000338343.8	3830
ENST00000620565.4	3831
ENST00000296350.10	3832
ENST00000249064.9	3833
ENST00000300134.8	3834
ENST00000367429.9	3835
ENST00000396418.7	3836
ENST00000345094.7	3837
ENST00000230640.10	3838
ENST00000521861.6	3839
ENST00000360270.7	3840
ENST00000240285.10	3841
ENST00000374279.4	3842
ENST00000465148.3	3843
ENST00000303657.10	3844
ENST00000373448.6	3845
ENST00000334398.8	3846
ENST00000337338.9	3847
ENST00000369026.3	3848
ENST00000644635.1	3849
ENST00000361175.8	3850
ENST00000515030.5	3851
ENST00000261503.9	3852
ENST00000313401.4	3853
ENST00000339464.9	3854
ENST00000371123.5	3855
ENST00000282541.10	3856
ENST00000358432.8	3857
ENST00000308660.6	3858
ENST00000337138.9	3859
ENST00000283415.4	3860
ENST00000285667.4	3861
ENST00000398576.6	3862
ENST00000313733.9	3863
ENST00000369799.10	3864
ENST00000373312.4	3865
ENST00000351870.8	3866
ENST00000374343.5	3867
ENST00000536438.5	3868
ENST00000297145.9	3869
ENST00000284031.13	3870
ENST00000649612.2	3871
ENST00000389120.8	3872
ENST00000368985.8	3873
ENST00000422440.7	3874
ENST00000647468.2	3875
ENST00000396355.5	3876
ENST00000252992.8	3877
ENST00000368874.8	3878
ENST00000368932.5	3879
ENST00000376874.9	3880
ENST00000358780.10	3881
ENST00000263795.11	3882
ENST00000640051.2	3883
ENST00000297273.9	3884
ENST00000376065.8	3885
ENST00000245479.3	3886
ENST00000253122.10	3887
ENST00000378867.7	3888
ENST00000262370.12	3889
ENST00000597186.5	3890
ENST00000314636.2	3891
ENST00000400556.7	3892
ENST00000392006.8	3893
ENST00000378863.9	3894
ENST00000322723.9	3895
ENST00000357628.8	3896
ENST00000652011.2	3897
ENST00000326172.9	3898
ENST00000380737.8	3899
ENST00000358935.3	3900
ENST00000324460.7	3901
ENST00000260372.8	3902
ENST00000228136.9	3903
ENST00000542838.6	3904
ENST00000228495.11	3905
ENST00000265113.9	3906
ENST00000439211.7	3907
ENST00000239690.9	3908
ENST00000377921.7	3909
ENST00000578921.6	3910
ENST00000456936.4	3911
ENST00000319357.6	3912
ENST00000237822.8	3913
ENST00000393106.6	3914
ENST00000255078.8	3915
ENST00000561100.2	3916
ENST00000203664.10	3917
ENST00000647444.2	3918
ENST00000249269.9	3919
ENST00000318008.11	3920
ENST00000453061.7	3921
ENST00000283109.8	3922
ENST00000288078.11	3923
ENST00000674370.1	3924
ENST00000642691.1	3925
ENST00000373700.8	3926
ENST00000396271.8	3927
ENST00000344420.10	3928
ENST00000599117.5	3929
ENST00000649934.3	3930
ENST00000400451.7	3931
ENST00000444387.7	3932
ENST00000380773.9	3933
ENST00000354831.11	3934
ENST00000266269.10	3935
ENST00000370526.5	3936
ENST00000251143.9	3937
ENST00000296658.4	3938
ENST00000222567.6	3939
ENST00000331299.6	3940
ENST00000261401.7	3941
ENST00000331923.9	3942
ENST00000306851.9	3943
ENST00000434106.7	3944
ENST00000589666.6	3945
ENST00000160298.8	3946
ENST00000434687.5	3947
ENST00000313486.12	3948
ENST00000296577.9	3949
ENST00000447966.7	3950
ENST00000261560.10	3951
ENST00000372989.5	3952
ENST00000321764.4	3953
ENST00000369452.9	3954
ENST00000372343.8	3955
ENST00000258484.11	3956
ENST00000257575.8	3957
ENST00000507489.2	3958
ENST00000261965.8	3959
ENST00000567759.5	3960
ENST00000280346.11	3961
ENST00000428931.6	3962
ENST00000298316.7	3963
ENST00000220509.10	3964
ENST00000508821.6	3965
ENST00000378700.8	3966
ENST00000394815.3	3967
ENST00000394132.7	3968
ENST00000337190.7	3969
ENST00000249075.4	3970
ENST00000257118.5	3971
ENST00000344517.5	3972
ENST00000290271.7	3973
ENST00000376395.9	3974
ENST00000216410.8	3975
ENST00000302692.7	3976
ENST00000404141.6	3977
ENST00000231524.14	3978
ENST00000602465.5	3979
ENST00000586582.6	3980
ENST00000260641.9	3981
ENST00000375213.8	3982
ENST00000233156.9	3983
ENST00000286201.2	3984
ENST00000308824.11	3985
ENST00000356253.9	3986
ENST00000303334.9	3987
ENST00000165698.9	3988
ENST00000305031.5	3989
ENST00000606812.5	3990
ENST00000238875.10	3991
ENST00000377524.8	3992
ENST00000376016.7	3993
ENST00000445061.6	3994
ENST00000372648.10	3995
ENST00000263650.12	3996
ENST00000276925.7	3997
ENST00000298097.7	3998
ENST00000216487.12	3999
ENST00000372548.9	4000
ENST00000358704.4	4001
ENST00000555661.5	4002
ENST00000300574.3	4003
ENST00000287482.6	4004
ENST00000295148.9	4005
ENST00000269195.5	4006
ENST00000373129.7	4007
ENST00000371383.7	4008
ENST00000396516.6	4009
ENST00000536716.1	4010
ENST00000585933.2	4011
ENST00000402508.5	4012
ENST00000302506.8	4013
ENST00000321612.8	4014
ENST00000307712.11	4015
ENST00000337227.9	4016
ENST00000264499.9	4017
ENST00000531837.2	4018
ENST00000345317.7	4019
ENST00000367500.9	4020
ENST00000270861.10	4021
ENST00000393158.7	4022
ENST00000377026.4	4023
ENST00000353265.8	4024
ENST00000334295.9	4025
ENST00000260746.6	4026
ENST00000331968.11	4027
ENST00000437508.6	4028
ENST00000340413.7	4029
ENST00000258418.10	4030
ENST00000379608.8	4031
ENST00000566044.5	4032
ENST00000571995.6	4033
ENST00000339618.8	4034
ENST00000263116.6	4035
ENST00000484457.6	4036
ENST00000368644.5	4037
ENST00000075120.12	4038
ENST00000295408.9	4039
ENST00000302236.10	4040
ENST00000527786.7	4041
ENST00000309784.9	4042
ENST00000303795.9	4043
ENST00000282574.8	4044
ENST00000338625.9	4045
ENST00000269216.9	4046
ENST00000287859.11	4047
ENST00000634734.2	4048
ENST00000376573.9	4049
ENST00000617875.6	4050
ENST00000594295.5	4051
ENST00000291416.10	4052
ENST00000261250.8	4053
ENST00000340381.11	4054
ENST00000271308.9	4055
ENST00000409687.5	4056
ENST00000315571.6	4057
ENST00000325954.9	4058
ENST00000309794.16	4059
ENST00000448803.6	4060
ENST00000258201.9	4061
ENST00000338179.6	4062
ENST00000344762.6	4063
ENST00000341376.10	4064
ENST00000274813.4	4065
ENST00000389384.8	4066
ENST00000647659.1	4067
ENST00000395923.5	4068
ENST00000358160.9	4069
ENST00000257915.10	4070
ENST00000411539.6	4071
ENST00000327268.8	4072
ENST00000335016.9	4073
ENST00000263087.9	4074
ENST00000304788.4	4075
ENST00000369397.8	4076
ENST00000231887.8	4077
ENST00000368888.9	4078
ENST00000579436.7	4079
ENST00000408939.4	4080
ENST00000519824.6	4081
ENST00000528080.6	4082
ENST00000355610.9	4083
ENST00000354700.10	4084
ENST00000370752.4	4085
ENST00000436784.7	4086
ENST00000300952.6	4087
ENST00000407559.8	4088
ENST00000524413.5	4089
ENST00000263681.7	4090
ENST00000301904.4	4091
ENST00000619541.4	4092
ENST00000619898.5	4093
ENST00000392951.9	4094
ENST00000321765.10	4095
ENST00000650454.1	4096
ENST00000228307.11	4097
ENST00000376771.9	4098
ENST00000370950.7	4099
ENST00000283147.7	4100
ENST00000396033.6	4101
ENST00000613358.4	4102
ENST00000359534.4	4103
ENST00000393085.4	4104
ENST00000319212.9	4105
ENST00000263256.7	4106
ENST00000211379.9	4107
ENST00000229794.8	4108
ENST00000366756.4	4109
ENST00000315323.5	4110
ENST00000330212.7	4111
ENST00000220531.9	4112
ENST00000334163.4	4113
ENST00000535420.5	4114
ENST00000378000.5	4115
ENST00000264346.12	4116
ENST00000456692.6	4117
ENST00000377708.7	4118
ENST00000412055.6	4119
ENST00000430365.7	4120
ENST00000455077.5	4121
ENST00000311565.4	4122
ENST00000250896.7	4123
ENST00000243298.3	4124
ENST00000272638.14	4125
ENST00000588649.7	4126
ENST00000276533.4	4127
ENST00000228865.3	4128
ENST00000369724.5	4129
ENST00000244289.9	4130
ENST00000398022.7	4131
ENST00000373020.9	4132
ENST00000295414.7	4133
ENST00000338034.9	4134
ENST00000374466.4	4135
ENST00000496259.5	4136
ENST00000266581.4	4137
ENST00000302759.11	4138
ENST00000644495.1	4139
ENST00000392133.7	4140
ENST00000309166.8	4141
ENST00000344646.10	4142
ENST00000373783.3	4143
ENST00000287078.7	4144
ENST00000337137.9	4145
ENST00000316534.8	4146
ENST00000335472.12	4147
ENST00000650450.2	4148
ENST00000337777.7	4149
ENST00000414097.6	4150
ENST00000302763.12	4151
ENST00000305188.13	4152
ENST00000373299.5	4153
ENST00000263239.7	4154
ENST00000264156.3	4155
ENST00000323303.9	4156
ENST00000520262.6	4157
ENST00000269385.9	4158
ENST00000446108.5	4159
ENST00000302262.8	4160
ENST00000329962.11	4161
ENST00000262120.10	4162
ENST00000282903.10	4163
ENST00000315870.10	4164
ENST00000257548.10	4165
ENST00000309428.10	4166
ENST00000251809.4	4167
ENST00000358901.11	4168
ENST00000444129.7	4169
ENST00000264605.8	4170
ENST00000615383.5	4171
ENST00000319004.6	4172
ENST00000613122.5	4173
ENST00000242728.5	4174
ENST00000618098.4	4175
ENST00000650012.1	4176
ENST00000357214.6	4177
ENST00000056233.4	4178
ENST00000305963.2	4179
ENST00000371527.6	4180
ENST00000323848.14	4181
ENST00000262646.12	4182
ENST00000377205.6	4183
ENST00000284202.9	4184
ENST00000361337.3	4185
ENST00000310836.11	4186
ENST00000353047.11	4187
ENST00000427177.6	4188
ENST00000503787.6	4189
ENST00000297488.10	4190
ENST00000373049.8	4191
ENST00000341189.8	4192
ENST00000335281.8	4193
ENST00000301011.9	4194
ENST00000392562.5	4195
ENST00000358755.5	4196
ENST00000319211.5	4197
ENST00000360375.8	4198
ENST00000216877.10	4199
ENST00000442628.7	4200
ENST00000322753.7	4201
ENST00000337109.9	4202
ENST00000260363.9	4203
ENST00000319283.7	4204
ENST00000261822.5	4205
ENST00000335725.9	4206
ENST00000389131.8	4207
ENST00000621592.7	4208
ENST00000260447.6	4209
ENST00000220496.9	4209
ENST00000322635.7	4210
ENST00000264039.7	4211
ENST00000321919.14	4212
ENST00000450136.1	4213
ENST00000361781.7	4214
ENST00000358912.5	4215
ENST00000265044.6	4216
ENST00000274255.11	4217
ENST00000001008.6	4218
ENST00000613394.4	4219
ENST00000378852.7	4220
ENST00000528416.6	4221
ENST00000280258.6	4222
ENST00000370269.3	4223
ENST00000314028.10	4224
ENST00000394869.7	4225
ENST00000394303.8	4226
ENST00000577830.6	4227
ENST00000325438.12	4228
ENST00000672477.1	4229
ENST00000262320.8	4230
ENST00000374103.9	4231
ENST00000250024.9	4232
ENST00000341247.8	4233
ENST00000198767.11	4234
ENST00000281950.8	4235
ENST00000307630.5	4236
ENST00000317243.10	4237
ENST00000369872.4	4238
ENST00000638108.1	4239
ENST00000533940.5	4240
ENST00000391973.6	4241
ENST00000311852.11	4242
ENST00000356286.10	4243
ENST00000367233.10	4244
ENST00000218340.4	4245
ENST00000409548.7	4246
ENST00000373243.7	4247
ENST00000262352.8	4248
ENST00000394144.9	4249
ENST00000260187.7	4250
ENST00000652046.1	4251
ENST00000396398.8	4252
ENST00000289013.11	4253
ENST00000248098.8	4254
ENST00000397525.5	4255
ENST00000473414.6	4256
ENST00000273962.7	4257
ENST00000282388.4	4258
ENST00000610540.4	4259
ENST00000319974.6	4260
ENST00000380110.8	4261
ENST00000613503.5	4262
ENST00000247833.11	4263
ENST00000299853.10	4264
ENST00000321545.5	4265
ENST00000264094.8	4266
ENST00000265717.5	4267
ENST00000323544.5	4268
ENST00000355295.5	4269
ENST00000375256.5	4270
ENST00000342694.6	4271
ENST00000393047.8	4272
ENST00000397809.10	4273
ENST00000262291.9	4274
ENST00000317568.10	4275
ENST00000341911.10	4276
ENST00000225792.10	4277
ENST00000574538.2	4278
ENST00000313683.15	4279
ENST00000371856.6	4280
ENST00000382020.8	4281
ENST00000326181.11	4282
ENST00000264220.6	4283
ENST00000360541.10	4284
ENST00000258947.7	4285
ENST00000396553.6	4286
ENST00000300289.10	4287
ENST00000246117.9	4288
ENST00000393651.8	4289
ENST00000361956.8	4290
ENST00000296679.9	4291
ENST00000378387.4	4292
ENST00000257910.8	4293
ENST00000239882.7	4294
ENST00000323180.10	4295
ENST00000612935.4	4296
ENST00000409606.5	4297
ENST00000301396.8	4298
ENST00000269392.8	4299
ENST00000309822.7	4300
ENST00000431232.7	4301
ENST00000373433.9	4302
ENST00000441448.7	4303
ENST00000547530.7	4304
ENST00000295598.10	4305
ENST00000518421.5	4306
ENST00000287598.11	4307
ENST00000317905.10	4308
ENST00000218104.6	4309
ENST00000320393.9	4310
ENST00000263736.5	4311
ENST00000207870.8	4312
ENST00000521988.6	4313
ENST00000285071.9	4314
ENST00000290246.11	4315
ENST00000269701.7	4316
ENST00000354667.8	4317
ENST00000007414.8	4318
ENST00000519676.6	4319
ENST00000611255.5	4320
ENST00000300060.7	4321
ENST00000586802.5	4322
ENST00000368072.9	4323
ENST00000381501.8	4324
ENST00000281187.10	4325
ENST00000297338.7	4326
ENST00000369604.6	4327
ENST00000322444.7	4328
ENST00000265728.6	4329
ENST00000278319.10	4330
ENST00000528718.6	4331
ENST00000305476.10	4332
ENST00000262768.11	4333
ENST00000333590.5	4334
ENST00000437150.7	4335
ENST00000610704.5	4336
ENST00000285021.12	4337
ENST00000372338.9	4338
ENST00000531165.5	4339
ENST00000337975.6	4340
ENST00000371475.9	4341
ENST00000377793.9	4342
ENST00000219439.9	4343
ENST00000216039.9	4344
ENST00000252599.9	4345
ENST00000376810.5	4346
ENST00000315073.10	4347
ENST00000005260.9	4348
ENST00000220822.12	4349
ENST00000651358.1	4350
ENST00000359042.6	4351
ENST00000374259.8	4352
ENST00000268206.12	4353
ENST00000646641.1	4354
ENST00000370996.5	4355
ENST00000533099.5	4356
ENST00000413052.6	4357
ENST00000226760.5	4358
ENST00000261458.8	4359
ENST00000398484.6	4360
ENST00000337995.4	4361
ENST00000302118.5	4362
ENST00000392505.6	4363
ENST00000374431.7	4364
ENST00000358369.8	4365
ENST00000347613.8	4366
ENST00000239367.7	4367
ENST00000381577.4	4368
ENST00000361470.4	4369
ENST00000377648.5	4370
ENST00000323482.9	4371
ENST00000340258.10	4372
ENST00000266022.9	4373
ENST00000488300.6	4374
ENST00000378037.9	4375
ENST00000238667.9	4376
ENST00000354650.7	4377
ENST00000649286.2	4378
ENST00000394224.3	4379
ENST00000356537.9	4380
ENST00000317204.11	4381
ENST00000279488.8	4382
ENST00000396396.6	4383
ENST00000394282.8	4384
ENST00000297423.9	4385
ENST00000332499.4	4386
ENST00000340941.11	4387
ENST00000611185.4	4388
ENST00000395762.7	4389
ENST00000299565.9	4390
ENST00000343702.9	4391
ENST00000456909.6	4392
ENST00000398246.8	4393
ENST00000435364.7	4394
ENST00000454158.7	4395
ENST00000175756.10	4396
ENST00000311916.8	4397
ENST00000266732.8	4398
ENST00000338728.10	4399
ENST00000298786.4	4400
ENST00000435822.5	4401
ENST00000236137.10	4402
ENST00000429094.6	4403
ENST00000340096.11	4404
ENST00000378103.7	4405
ENST00000243997.8	4406
ENST00000304056.9	4407
ENST00000433976.6	4408
ENST00000280734.3	4409
ENST00000290649.10	4410
ENST00000359426.6	4411
ENST00000370214.9	4412
ENST00000367321.7	4413
ENST00000357164.4	4414
ENST00000305242.10	4415
ENST00000339950.5	4416
ENST00000296315.7	4417
ENST00000005178.6	4418
ENST00000343979.6	4419
ENST00000369702.5	4420
ENST00000460680.6	4421
ENST00000370397.8	4422
ENST00000455521.5	4423
ENST00000614654.2	4424
ENST00000368836.7	4425
ENST00000591885.5	4426
ENST00000373449.7	4427
ENST00000372172.5	4428
ENST00000260702.4	4429
ENST00000327787.13	4430
ENST00000245960.9	4431
ENST00000311922.4	4432
ENST00000544216.7	4433
ENST00000296861.2	4434
ENST00000264864.8	4435
ENST00000306385.10	4436
ENST00000361684.8	4437
ENST00000361264.9	4438
ENST00000651776.1	4439
ENST00000359593.9	4440
ENST00000452027.3	4441
ENST00000412401.3	4442
ENST00000450114.7	4443
ENST00000555238.5	4444
ENST00000537866.5	4445
ENST00000611074.4	4446
ENST00000229812.8	4447
ENST00000359798.9	4448
ENST00000366812.6	4449
ENST00000610854.2	4450
ENST00000356709.9	4451
ENST00000429344.7	4452
ENST00000346798.8	4453
ENST00000368309.4	4454
ENST00000649979.2	4455
ENST00000205214.11	4456
ENST00000318003.11	4457
ENST00000369980.8	4458
ENST00000614034.5	4459
ENST00000409939.8	4460
ENST00000335754.8	4461
ENST00000311459.12	4462
ENST00000332981.10	4463
ENST00000290524.8	4464
ENST00000276893.10	4465
ENST00000599599.6	4466
ENST00000251241.9	4467
ENST00000253814.6	4468
ENST00000038176.8	4469
ENST00000455146.8	4470
ENST00000339486.8	4471
ENST00000360534.8	4472
ENST00000268766.11	4473
ENST00000640888.2	4474
ENST00000325366.14	4475
ENST00000348335.7	4476
ENST00000335972.11	4477
ENST00000394162.5	4478
ENST00000226225.7	4479
ENST00000357037.6	4480
ENST00000323798.8	4481
ENST00000324907.14	4482
ENST00000243253.8	4483
ENST00000650064.2	4484
ENST00000216879.8	4485
ENST00000373954.10	4486
ENST00000328205.9	4487
ENST00000621663.4	4488
ENST00000370377.8	4489
ENST00000645548.1	4490
ENST00000377694.2	4491
ENST00000440944.6	4492
ENST00000269187.10	4493
ENST00000287916.8	4494
ENST00000650287.1	4495
ENST00000615911.4	4496
ENST00000316549.11	4497
ENST00000402306.7	4498
ENST00000245787.9	4499
ENST00000257770.8	4500
ENST00000598519.2	4501
ENST00000391713.5	4502
ENST00000264710.5	4503
ENST00000360128.11	4504
ENST00000336898.8	4505
ENST00000252891.8	4506
ENST00000362091.8	4507
ENST00000322897.11	4508
ENST00000312397.10	4509
ENST00000287461.8	4510
ENST00000416614.7	4511
ENST00000617533.4	4512
ENST00000245414.9	4513
ENST00000392550.8	4514
ENST00000359843.8	4515
ENST00000414429.5	4516
ENST00000308022.7	4517
ENST00000427159.7	4518
ENST00000261593.8	4519
ENST00000290881.11	4520
ENST00000394859.8	4521
ENST00000262982.3	4522
ENST00000311638.7	4523
ENST00000399004.7	4524
ENST00000327671.10	4525
ENST00000581486.5	4526
ENST00000563544.5	4527
ENST00000269829.5	4528
ENST00000372936.4	4529
ENST00000024061.7	4530
ENST00000374692.8	4531
ENST00000261861.10	4532
ENST00000409580.5	4533
ENST00000265465.8	4534
ENST00000295488.8	4535
ENST00000309100.8	4536
ENST00000353617.7	4537
ENST00000504169.2	4538
ENST00000589717.2	4539
ENST00000434342.5	4540
ENST00000355667.10	4541
ENST00000407690.6	4542
ENST00000536681.8	4543
ENST00000205402.10	4544
ENST00000449825.5	4545
ENST00000216832.9	4546
ENST00000256649.9	4547
ENST00000369037.9	4548
ENST00000398568.6	4549
ENST00000337231.5	4550
ENST00000312584.4	4551
ENST00000302345.6	4552
ENST00000370782.6	4553
ENST00000355765.11	4554
ENST00000448921.5	4555
ENST00000355467.6	4556
ENST00000366922.3	4557
ENST00000638705.1	4558
ENST00000357006.8	4559
ENST00000203556.9	4560
ENST00000392379.6	4561
ENST00000220853.8	4562
ENST00000407008.8	4563
ENST00000494481.5	4564
ENST00000469408.6	4565
ENST00000410053.8	4566
ENST00000439958.7	4567
ENST00000389879.9	4568
ENST00000601098.6	4569
ENST00000393230.6	4570
ENST00000381588.9	4571
ENST00000262426.6	4572
ENST00000397621.6	4573
ENST00000454678.7	4574
ENST00000370351.9	4575
ENST00000392769.6	4576
ENST00000376139.6	4577
ENST00000290155.8	4578
ENST00000300213.9	4579
ENST00000219070.9	4580
ENST00000534070.5	4581
ENST00000264350.8	4582
ENST00000622567.4	4583
ENST00000436639.6	4584
ENST00000250448.5	4585
ENST00000592904.6	4586
ENST00000327374.9	4587
ENST00000295588.9	4588
ENST00000282003.7	4589
ENST00000325307.12	4590
ENST00000407426.8	4591
ENST00000343597.4	4592
ENST00000355619.10	4593
ENST00000263277.8	4594
ENST00000313028.12	4595
ENST00000393931.8	4596
ENST00000409190.8	4597
ENST00000397588.8	4598
ENST00000357967.9	4599
ENST00000325385.11	4600
ENST00000360663.9	4601
ENST00000254260.8	4602
ENST00000381854.4	4603
ENST00000232375.8	4604
ENST00000376943.8	4605
ENST00000375771.5	4606
ENST00000439374.6	4607
ENST00000381685.10	4608
ENST00000354464.11	4609
ENST00000291041.6	4610
ENST00000407086.7	4611
ENST00000289968.11	4612
ENST00000367079.3	4613
ENST00000397238.7	4614
ENST00000013070.11	4615
ENST00000296736.4	4616
ENST00000327532.7	4617
ENST00000299427.12	4618
ENST00000307201.5	4619
ENST00000260045.8	4620
ENST00000446597.5	4621
ENST00000381831.7	4622
ENST00000313010.8	4623
ENST00000332439.5	4624
ENST00000341285.8	4625
ENST00000230792.7	4626
ENST00000378752.7	4627
ENST00000427197.2	4628
ENST00000374282.8	4629
ENST00000421367.7	4630
ENST00000330560.8	4631
ENST00000376234.7	4632
ENST00000370995.6	4633
ENST00000359511.4	4634
ENST00000237455.5	4635
ENST00000320394.10	4636
ENST00000301454.9	4637
ENST00000448116.7	4638
ENST00000375807.8	4639
ENST00000280154.12	4640
ENST00000249923.7	4641
ENST00000360168.7	4642
ENST00000429436.7	4643
ENST00000335968.8	4644
ENST00000297151.9	4645
ENST00000005286.8	4646
ENST00000379161.5	4647
ENST00000394128.7	4648
ENST00000639955.1	4649
ENST00000287380.6	4650
ENST00000319332.10	4651
ENST00000300650.9	4652
ENST00000543872.6	4653
ENST00000055335.11	4654
ENST00000303915.10	4655
ENST00000300403.11	4656
ENST00000339562.9	4657
ENST00000247815.9	4658
ENST00000269601.10	4659
ENST00000377390.7	4660
ENST00000309660.10	4661
ENST00000329841.10	4662
ENST00000611618.1	4663
ENST00000215829.8	4664
ENST00000394419.8	4665
ENST00000336714.8	4666
ENST00000451436.6	4667
ENST00000622235.5	4668
ENST00000253063.4	4669
ENST00000373491.3	4670
ENST00000634901.1	4671
ENST00000333611.8	4672
ENST00000322396.7	4673
ENST00000331738.12	4674
ENST00000392271.6	4675
ENST00000240123.11	4676
ENST00000356341.8	4677
ENST00000396307.6	4678
ENST00000216122.9	4679
ENST00000216214.7	4680
ENST00000397622.7	4681
ENST00000371361.3	4682
ENST00000442196.7	4683
ENST00000314673.8	4684
ENST00000380629.7	4685
ENST00000396330.6	4686
ENST00000231061.9	4687
ENST00000366548.8	4688
ENST00000265073.9	4689
ENST00000346027.9	4690
ENST00000354725.8	4691
ENST00000313732.9	4692
ENST00000393469.8	4693
ENST00000373603.5	4694
ENST00000295522.4	4695
ENST00000302955.11	4696
ENST00000300527.9	4697
ENST00000304611.13	4698
ENST00000373425.8	4699
ENST00000263088.11	4700
ENST00000379151.9	4701
ENST00000372517.8	4702
ENST00000306193.8	4703
ENST00000354371.7	4704
ENST00000361488.7	4705
ENST00000487137.6	4706
ENST00000370867.8	4707
ENST00000533601.7	4708
ENST00000261772.13	4709
ENST00000368352.10	4710
ENST00000392701.8	4711
ENST00000343289.9	4712
ENST00000446526.8	4713
ENST00000265056.12	4714
ENST00000240328.4	4715
ENST00000373874.6	4716
ENST00000641198.1	4717
ENST00000256458.5	4718
ENST00000542236.5	4719
ENST00000302472.4	4720
ENST00000373068.6	4721
ENST00000331366.10	4722
ENST00000358807.8	4723
ENST00000314134.4	4724
ENST00000473183.7	4725
ENST00000361900.10	4726
ENST00000379655.8	4727
ENST00000261425.7	4728
ENST00000242209.9	4729
ENST00000317502.11	4730
ENST00000240055.8	4731
ENST00000368885.8	4732
ENST00000613071.1	4733
ENST00000237642.6	4734
ENST00000325875.7	4735
ENST00000251287.3	4736
ENST00000323557.11	4737
ENST00000371712.4	4738
ENST00000263181.7	4739
ENST00000642017.2	4740
ENST00000357606.7	4741
ENST00000502412.1	4742
ENST00000209884.5	4743
ENST00000355790.8	4744
ENST00000369454.4	4745
ENST00000297440.11	4746
ENST00000370396.7	4747
ENST00000379600.8	4748
ENST00000318584.10	4749
ENST00000397677.6	4750
ENST00000270223.7	4751
ENST00000377191.5	4752
ENST00000583931.6	4753
ENST00000367510.8	4754
ENST00000634607.1	4755
ENST00000376442.8	4756
ENST00000298746.5	4757
ENST00000326195.13	4758
ENST00000261693.11	4759
ENST00000329713.5	4760
ENST00000246069.12	4761
ENST00000308595.10	4762
ENST00000375344.8	4763
ENST00000064780.7	4764
ENST00000415083.7	4765
ENST00000359644.7	4766
ENST00000323666.10	4767
ENST00000373078.5	4768
ENST00000337488.11	4769
ENST00000397983.7	4770
ENST00000311956.9	4771
ENST00000291906.5	4772
ENST00000381163.7	4773
ENST00000535040.4	4774
ENST00000367157.6	4775
ENST00000367145.4	4776
ENST00000368323.8	4777
ENST00000340067.4	4778
ENST00000373313.3	4779
ENST00000289361.11	4780
ENST00000244519.7	4780
ENST00000354293.9	4781
ENST00000298596.11	4782
ENST00000353706.6	4783
ENST00000357066.8	4784
ENST00000618156.5	4785
ENST00000251108.10	4786
ENST00000249750.9	4787
ENST00000216129.7	4788
ENST00000011619.6	4789
ENST00000248594.11	4790
ENST00000415914.4	4791
ENST00000341105.7	4792
ENST00000263100.8	4793
ENST00000437304.6	4794
ENST00000343242.9	4795
ENST00000393081.5	4796
ENST00000298999.7	4797
ENST00000300853.8	4798
ENST00000323469.5	4799
ENST00000284376.7	4800
ENST00000389709.8	4801
ENST00000323301.8	4802
ENST00000261918.9	4803
ENST00000263370.3	4804
ENST00000277570.10	4805
ENST00000317370.13	4806
ENST00000349062.6	4807
ENST00000247291.8	4808
ENST00000335757.10	4809
ENST00000307063.9	4810
ENST00000394236.9	4811
ENST00000342649.9	4812
ENST00000429642.2	4813
ENST00000356189.6	4814
ENST00000215906.6	4815
ENST00000256108.10	4816
ENST00000265960.8	4817
ENST00000395631.6	4818
ENST00000554943.5	4819
ENST00000361735.4	4820
ENST00000337288.9	4821
ENST00000354698.8	4822
ENST00000221200.9	4823
ENST00000345496.7	4824
ENST00000295006.6	4825
ENST00000379205.5	4826
ENST00000428304.6	4827
ENST00000562103.2	4828
ENST00000301280.10	4829
ENST00000272438.9	4830
ENST00000380009.9	4831
ENST00000380738.8	4832
ENST00000380034.8	4833
ENST00000449352.7	4834
ENST00000503176.6	4835
ENST00000253024.10	4836
ENST00000400198.8	4837
ENST00000426263.9	4838
ENST00000252115.10	4839
ENST00000495880.2	4840
ENST00000305596.8	4841
ENST00000299088.11	4842
ENST00000306024.4	4843
ENST00000335044.6	4844
ENST00000541970.6	4845
ENST00000336180.7	4846
ENST00000375631.5	4847
ENST00000371224.7	4848
ENST00000271857.6	4849
ENST00000377182.5	4850
ENST00000263205.11	4851
ENST00000507116.5	4852
ENST00000360535.9	4853
ENST00000367840.3	4854
ENST00000401867.5	4855
ENST00000548125.5	4856
ENST00000377687.6	4857
ENST00000422285.7	4858
ENST00000313833.5	4859
ENST00000431561.7	4860
ENST00000331075.10	4861
ENST00000305798.8	4862
ENST00000234170.10	4863
ENST00000221671.8	4864
ENST00000371872.8	4865
ENST00000317578.7	4866
ENST00000375200.6	4867
ENST00000381042.9	4868
ENST00000339986.8	4869
ENST00000250111.9	4870
ENST00000369705.4	4871
ENST00000619707.5	4872
ENST00000218348.7	4873
ENST00000238497.10	4874
ENST00000420993.7	4875
ENST00000649689.2	4876
ENST00000374865.5	4877
ENST00000247225.7	4878
ENST00000266542.9	4879
ENST00000434821.7	4880
ENST00000261653.10	4881
ENST00000261024.7	4882
ENST00000479950.5	4883
ENST00000359626.10	4884
ENST00000326232.14	4885
ENST00000520509.5	4886
ENST00000588072.6	4887
ENST00000276603.10	4888
ENST00000269967.4	4889
ENST00000504924.6	4890
ENST00000618804.5	4891
ENST00000299492.9	4892
ENST00000264036.6	4893
ENST00000543341.7	4894
ENST00000420578.6	4895
ENST00000263440.6	4896
ENST00000229633.7	4897
ENST00000373151.6	4898
ENST00000300747.10	4899
ENST00000308696.11	4900
ENST00000504273.5	4901
ENST00000270747.8	4902
ENST00000261038.6	4903
ENST00000568223.7	4904
ENST00000337401.8	4905
ENST00000433867.5	4906
ENST00000376770.5	4907
ENST00000367042.6	4908
ENST00000621198.5	4909
ENST00000423007.5	4910
ENST00000553127.5	4911
ENST00000259746.13	4912
ENST00000499023.7	4913
ENST00000331569.6	4914
ENST00000354161.8	4915
ENST00000262319.11	4916
ENST00000252011.8	4917
ENST00000428239.5	4918
ENST00000369763.5	4919
ENST00000378386.7	4920
ENST00000621676.4	4921
ENST00000367261.8	4922
ENST00000259365.9	4923
ENST00000396878.8	4924
ENST00000361101.8	4925
ENST00000262460.5	4926
ENST00000263849.9	4927
ENST00000533342.6	4928
ENST00000222339.7	4929
ENST00000367139.8	4930
ENST00000205636.4	4931
ENST00000264993.7	4932
ENST00000302190.9	4933
ENST00000548825.6	4934
ENST00000406870.7	4935
ENST00000378888.10	4936
ENST00000429602.7	4937
ENST00000333486.4	4938
ENST00000398136.7	4939
ENST00000313146.10	4940
ENST00000204961.5	4941
ENST00000389682.8	4942
ENST00000286353.9	4943
ENST00000309971.9	4944
ENST00000266943.11	4945
ENST00000378313.7	4946
ENST00000251849.8	4947
ENST00000277865.5	4948
ENST00000332509.8	4949
ENST00000392017.9	4950
ENST00000285420.8	4951
ENST00000308724.9	4952
ENST00000425042.7	4953
ENST00000374296.3	4954
ENST00000329117.10	4955
ENST00000272542.8	4956
ENST00000423368.6	4957
ENST00000515780.6	4958
ENST00000318443.10	4959
ENST00000327064.9	4960
ENST00000333137.11	4961
ENST00000196371.10	4962
ENST00000252934.10	4963
ENST00000280326.9	4964
ENST00000389902.7	4965
ENST00000399722.6	4966
ENST00000395744.7	4967
ENST00000355773.6	4968
ENST00000397281.6	4969
ENST00000381150.5	4970
ENST00000314529.10	4971
ENST00000315869.8	4972
ENST00000651687.1	4973
ENST00000552014.5	4974
ENST00000236342.12	4975
ENST00000342854.10	4976
ENST00000324096.9	4977
ENST00000355899.8	4978
ENST00000570010.6	4979
ENST00000398411.5	4980
ENST00000330574.2	4981
ENST00000006053.7	4982
ENST00000366607.5	4983
ENST00000265245.10	4984
ENST00000394963.9	4985
ENST00000337963.9	4986
ENST00000225726.10	4987
ENST00000229195.7	4988
ENST00000362031.10	4989
ENST00000219069.6	4990
ENST00000354567.7	4991
ENST00000270570.8	4992
ENST00000358196.8	4993
ENST00000383791.8	4994
ENST00000287878.9	4995
ENST00000258534.13	4996
ENST00000643777.3	4997
ENST00000282251.9	4998
ENST00000245407.8	4999
ENST00000366661.9	5000
ENST00000389617.9	5001
ENST00000265807.8	5002
ENST00000326197.11	5003
ENST00000333188.10	5004
ENST00000357635.10	5005
ENST00000288071.11	5006
ENST00000254066.10	5007
ENST00000371250.4	5008
ENST00000355999.5	5009
ENST00000274695.8	5010
ENST00000322535.11	5011
ENST00000540757.6	5012
ENST00000336498.8	5013
ENST00000520311.5	5014
ENST00000262577.6	5015
ENST00000403825.8	5016
ENST00000274599.9	5017
ENST00000238561.10	5018
ENST00000300870.15	5019
ENST00000378247.8	5020
ENST00000318596.8	5021
ENST00000378735.5	5022
ENST00000533256.5	5023
ENST00000257570.9	5024
ENST00000612339.4	5025
ENST00000465784.7	5026
ENST00000327347.10	5027
ENST00000329565.6	5028
ENST00000372927.5	5029
ENST00000546378.1	5030
ENST00000267978.10	5031
ENST00000371222.4	5032
ENST00000341772.5	5033
ENST00000395443.7	5034
ENST00000397332.2	5035
ENST00000394773.6	5036
ENST00000308025.8	5037
ENST00000361483.4	5038
ENST00000316519.11	5039
ENST00000263125.10	5040
ENST00000552695.6	5041
ENST00000621654.2	5042
ENST00000370898.7	5043
ENST00000471115.6	5044
ENST00000423828.5	5045
ENST00000380359.3	5046
ENST00000229314.10	5047
ENST00000355803.8	5048
ENST00000296674.13	5049
ENST00000418476.2	5050
ENST00000342784.7	5051
ENST00000369849.9	5052
ENST00000535456.7	5053
ENST00000330149.10	5054
ENST00000263246.8	5055
ENST00000394334.7	5056
ENST00000301843.13	5057
ENST00000349598.6	5058
ENST00000613322.4	5059
ENST00000261674.8	5060
ENST00000261461.7	5061
ENST00000440940.7	5062
ENST00000442986.5	5063
ENST00000394855.7	5064
ENST00000265593.9	5065
ENST00000648610.1	5066
ENST00000376257.8	5067
ENST00000293883.9	5068
ENST00000284116.9	5069
ENST00000581977.7	5070
ENST00000382099.2	5071
ENST00000292211.5	5072
ENST00000456397.7	5073
ENST00000374987.4	5074
ENST00000373477.8	5075
ENST00000394833.6	5076
ENST00000323019.9	5077
ENST00000307522.5	5078
ENST00000341426.9	5079
ENST00000320159.2	5080
ENST00000354952.7	5081
ENST00000509734.5	5082
ENST00000340578.10	5083
ENST00000370200.6	5084
ENST00000344532.7	5085
ENST00000340533.9	5086
ENST00000381525.8	5087
ENST00000306077.5	5088
ENST00000260502.11	5089
ENST00000375050.6	5090
ENST00000300456.5	5091
ENST00000427314.6	5092
ENST00000312090.10	5093
ENST00000354532.8	5094
ENST00000380059.7	5095
ENST00000216281.13	5096
ENST00000261875.10	5097
ENST00000273183.7	5098
ENST00000273598.8	5099
ENST00000422135.5	5100
ENST00000356264.7	5101
ENST00000290231.11	5102
ENST00000295050.12	5103
ENST00000423041.6	5104
ENST00000345044.10	5105
ENST00000540393.6	5106
ENST00000372923.8	5107
ENST00000278302.9	5108
ENST00000322536.8	5109
ENST00000389749.9	5110
ENST00000379682.8	5111
ENST00000369516.7	5112
ENST00000226091.3	5113
ENST00000455140.7	5114
ENST00000202816.5	5115
ENST00000603017.2	5116
ENST00000370455.8	5117
ENST00000310574.8	5118
ENST00000259512.9	5119
ENST00000285605.8	5120
ENST00000396663.2	5121
ENST00000216218.8	5122
ENST00000381967.9	5123
ENST00000229708.4	5124
ENST00000296529.11	5125
ENST00000470229.6	5126
ENST00000491431.2	5127
ENST00000395216.3	5128
ENST00000368463.8	5129
ENST00000356948.11	5130
ENST00000331536.8	5131
ENST00000372524.5	5132
ENST00000596536.5	5133
ENST00000369256.6	5134
ENST00000620134.4	5135
ENST00000357276.9	5136
ENST00000370315.4	5137
ENST00000367858.9	5138
ENST00000334660.10	5139
ENST00000598334.5	5140
ENST00000303545.4	5141
ENST00000313871.9	5142
ENST00000360356.6	5143
ENST00000378061.7	5144
ENST00000370339.8	5145
ENST00000216160.11	5146
ENST00000261636.13	5147
ENST00000265598.8	5148
ENST00000491614.6	5149
ENST00000369966.8	5150
ENST00000261721.9	5151
ENST00000259006.8	5152
ENST00000354957.8	5153
ENST00000361361.7	5154
ENST00000242786.6	5155
ENST00000291182.9	5156
ENST00000216237.10	5157
ENST00000360131.5	5158
ENST00000330430.10	5159
ENST00000539719.6	5160
ENST00000645393.1	5161
ENST00000399602.9	5162
ENST00000391769.2	5163
ENST00000226725.11	5164
ENST00000369076.8	5165
ENST00000350777.7	5166
ENST00000456935.7	5167
ENST00000616701.5	5168
ENST00000309983.5	5169
ENST00000392872.8	5170
ENST00000590720.6	5171
ENST00000326132.11	5172
ENST00000368457.3	5173
ENST00000359429.11	5174
ENST00000372114.4	5175
ENST00000368300.9	5176
ENST00000403092.5	5177
ENST00000257604.9	5178
ENST00000040663.8	5179
ENST00000347869.8	5180
ENST00000394991.8	5181
ENST00000310300.11	5182
ENST00000307367.2	5183
ENST00000336576.9	5184
ENST00000313766.6	5185
ENST00000354947.10	5186
ENST00000263280.11	5187
ENST00000343820.10	5188
ENST00000398805.8	5189
ENST00000369569.6	5190
ENST00000294952.13	5191
ENST00000283928.10	5192
ENST00000247930.5	5193
ENST00000263390.8	5194
ENST00000358321.4	5195
ENST00000257536.12	5196
ENST00000258530.8	5197
ENST00000615612.2	5198
ENST00000239878.9	5199
ENST00000323037.5	5200
ENST00000252542.9	5201
ENST00000420826.7	5202
ENST00000328747.12	5203
ENST00000293471.11	5204
ENST00000273153.10	5205
ENST00000333503.8	5206
ENST00000378609.9	5207
ENST00000321250.13	5208
ENST00000401642.8	5209
ENST00000252015.3	5210
ENST00000294794.7	5211
ENST00000269143.8	5212
ENST00000370888.6	5213
ENST00000546463.6	5214
ENST00000399138.5	5215
ENST00000309311.7	5216
ENST00000411486.7	5217
ENST00000484800.6	5218
ENST00000409900.9	5219
ENST00000441310.7	5220
ENST00000304400.11	5221
ENST00000223095.5	5222
ENST00000292246.8	5223
ENST00000329759.6	5224
ENST00000003100.13	5225
ENST00000652337.1	5226
ENST00000319725.10	5227
ENST00000358154.8	5228
ENST00000402297.6	5229
ENST00000256495.4	5230
ENST00000358625.3	5231
ENST00000312777.9	5232
ENST00000392976.5	5233
ENST00000357227.9	5234
ENST00000431975.7	5235
ENST00000377326.7	5236
ENST00000308406.9	5237
ENST00000366472.6	5238
ENST00000263268.11	5239
ENST00000256398.13	5240
ENST00000325222.9	5241
ENST00000534064.6	5242
ENST00000368378.7	5243
ENST00000399793.6	5244
ENST00000298743.9	5245
ENST00000286713.7	5246
ENST00000274496.10	5247
ENST00000526060.5	5248
ENST00000260270.3	5249
ENST00000334270.3	5250
ENST00000372858.8	5251
ENST00000382452.6	5252
ENST00000652689.1	5253
ENST00000300738.10	5254
ENST00000649205.1	5255
ENST00000360066.6	5256
ENST00000295802.9	5257
ENST00000265631.10	5258
ENST00000325542.10	5259
ENST00000513710.3	5260
ENST00000332349.5	5261
ENST00000283033.9	5262
ENST00000375341.8	5263
ENST00000263856.9	5264
ENST00000287218.9	5265
ENST00000293443.12	5266
ENST00000239938.5	5267
ENST00000375315.6	5268
ENST00000316738.12	5269
ENST00000261489.6	5270
ENST00000394672.8	5271
ENST00000425248.5	5272
ENST00000300145.4	5273
ENST00000438495.6	5274
ENST00000333942.10	5275
ENST00000330688.9	5276
ENST00000261880.10	5277
ENST00000360957.10	5278
ENST00000367519.9	5279
ENST00000409155.8	5280
ENST00000348459.10	5281
ENST00000334205.9	5282
ENST00000289788.4	5283
ENST00000339697.5	5284
ENST00000263274.12	5285
ENST00000271732.8	5286
ENST00000446818.6	5287
ENST00000264424.12	5288
ENST00000242591.10	5289
ENST00000392588.5	5290
ENST00000570896.5	5291
ENST00000371568.8	5292
ENST00000378026.5	5293
ENST00000242783.11	5294
ENST00000367262.4	5295
ENST00000305943.8	5296
ENST00000396738.7	5297
ENST00000316715.9	5298
ENST00000396478.4	5299
ENST00000234590.10	5300
ENST00000359362.6	5300
ENST00000492590.6	5301
ENST00000233146.7	5302
ENST00000225916.10	5303
ENST00000400809.8	5304
ENST00000258281.6	5305
ENST00000511912.6	5306
ENST00000367339.7	5307
ENST00000320203.8	5308
ENST00000359204.5	5309
ENST00000372839.7	5310
ENST00000396852.9	5311
ENST00000371628.8	5312
ENST00000368849.8	5313
ENST00000398793.6	5314
ENST00000328089.11	5315
ENST00000372797.7	5316
ENST00000294489.10	5317
ENST00000311502.12	5318
ENST00000325144.5	5319
ENST00000447869.5	5320
ENST00000412916.7	5321
ENST00000211936.10	5322
ENST00000259883.3	5323
ENST00000339142.6	5324
ENST00000355387.6	5325
ENST00000264161.9	5326
ENST00000293350.9	5327
ENST00000419235.6	5328
ENST00000393459.5	5329
ENST00000673968.1	5330
ENST00000335793.4	5331
ENST00000377482.10	5332
ENST00000297508.8	5333
ENST00000360876.9	5334
ENST00000371738.4	5335
ENST00000261776.10	5336
ENST00000375826.4	5337
ENST00000394894.8	5338
ENST00000255977.7	5339
ENST00000324679.5	5340
ENST00000268699.9	5341
ENST00000368822.5	5342
ENST00000292408.9	5343
ENST00000355338.6	5344
ENST00000262315.14	5345
ENST00000367103.4	5346
ENST00000278840.9	5347
ENST00000367772.8	5348
ENST00000358387.9	5349
ENST00000359794.11	5350
ENST00000527323.5	5351
ENST00000304863.6	5352
ENST00000400181.9	5353
ENST00000336083.7	5354
ENST00000360943.10	5355
ENST00000169551.11	5356
ENST00000282561.4	5357
ENST00000379328.9	5358
ENST00000278823.7	5359
ENST00000389231.9	5360
ENST00000343744.6	5361
ENST00000292114.8	5362
ENST00000367446.7	5363
ENST00000326291.11	5364
ENST00000371975.9	5365
ENST00000314797.10	5366
ENST00000424337.6	5367
ENST00000374902.9	5368
ENST00000287675.10	5369
ENST00000406697.5	5370
ENST00000334310.10	5371
ENST00000518868.5	5372
ENST00000621775.2	5373
ENST00000242719.4	5374
ENST00000336148.10	5375
ENST00000263265.11	5376
ENST00000356840.8	5377
ENST00000332810.4	5378
ENST00000394249.8	5379
ENST00000437198.7	5380
ENST00000320585.11	5381
ENST00000262971.3	5382
ENST00000596288.7	5383
ENST00000337147.11	5384
ENST00000305949.6	5385
ENST00000614790.5	5386
ENST00000381527.8	5387
ENST00000493196.2	5388
ENST00000220809.9	5389
ENST00000616199.4	5390
ENST00000460469.1	5391
ENST00000314994.5	5392
ENST00000354919.11	5393
ENST00000424280.5	5394
ENST00000434316.7	5395
ENST00000264538.4	5396
ENST00000392391.7	5397
ENST00000396081.5	5398
ENST00000361840.8	5399
ENST00000378669.5	5400
ENST00000264670.11	5401
ENST00000262213.7	5402
ENST00000344051.8	5403
ENST00000309117.11	5404
ENST00000360947.8	5405
ENST00000621083.4	5406
ENST00000304141.5	5407
ENST00000435765.5	5408
ENST00000272732.11	5409
ENST00000477892.5	5410
ENST00000284690.4	5411
ENST00000241014.6	5412
ENST00000261647.10	5413
ENST00000373203.8	5414
ENST00000592529.5	5415
ENST00000509430.5	5416
ENST00000393677.8	5417
ENST00000266079.5	5418
ENST00000388712.7	5419
ENST00000394164.5	5420
ENST00000306562.8	5421
ENST00000395510.6	5422
ENST00000336868.8	5423
ENST00000525074.5	5424
ENST00000319540.9	5425
ENST00000281081.12	5426
ENST00000356725.9	5427
ENST00000290295.8	5428
ENST00000370481.9	5429
ENST00000370473.5	5429
ENST00000316423.11	5430
ENST00000356924.9	5431
ENST00000373943.9	5432
ENST00000253778.13	5433
ENST00000264428.9	5434
ENST00000478244.6	5435
ENST00000526991.3	5436
ENST00000367242.4	5437
ENST00000307126.10	5438
ENST00000376423.8	5439
ENST00000282185.8	5440
ENST00000221980.5	5441
ENST00000605895.6	5442
ENST00000243776.11	5443
ENST00000506351.6	5444
ENST00000377698.4	5445
ENST00000360900.11	5446
ENST00000393829.6	5447
ENST00000426398.2	5448
ENST00000282276.8	5449
ENST00000308153.9	5450
ENST00000258613.5	5451
ENST00000396593.6	5452
ENST00000591022.6	5453
ENST00000376741.5	5454
ENST00000271620.8	5455
ENST00000230124.8	5456
ENST00000593690.5	5457
ENST00000394555.6	5458
ENST00000234310.8	5459
ENST00000313546.8	5460
ENST00000638170.2	5461
ENST00000358495.8	5462
ENST00000331710.10	5463
ENST00000450554.6	5464
ENST00000263549.8	5465
ENST00000339664.6	5466
ENST00000264805.9	5467
ENST00000310786.10	5468
ENST00000248564.6	5469
ENST00000535601.5	5470
ENST00000374126.9	5471
ENST00000553264.5	5472
ENST00000259467.9	5473
ENST00000650831.1	5474
ENST00000509081.5	5475
ENST00000393915.9	5476
ENST00000374270.8	5477
ENST00000417856.5	5478
ENST00000315005.8	5479
ENST00000397712.7	5480
ENST00000327680.6	5481
ENST00000592224.5	5482
ENST00000369816.5	5483
ENST00000265963.9	5484
ENST00000418532.6	5485
ENST00000399599.7	5486
ENST00000219473.11	5487
ENST00000379638.9	5488
ENST00000417816.2	5489
ENST00000396801.7	5490
ENST00000317089.10	5491
ENST00000374092.9	5492
ENST00000369809.5	5493
ENST00000258774.10	5494
ENST00000377263.6	5495
ENST00000372979.9	5496
ENST00000356260.10	5497
ENST00000651253.2	5498
ENST00000302085.9	5499
ENST00000356151.7	5500
ENST00000283875.6	5501
ENST00000296015.9	5502
ENST00000276569.8	5503
ENST00000368594.8	5504
ENST00000409746.5	5505
ENST00000341832.10	5506
ENST00000404249.8	5506
ENST00000367833.7	5507
ENST00000336812.5	5508
ENST00000398449.7	5509
ENST00000263433.8	5510
ENST00000462138.6	5511
ENST00000254942.8	5512
ENST00000383233.8	5513
ENST00000309683.11	5514
ENST00000394942.2	5515
ENST00000398148.7	5516
ENST00000317683.4	5517
ENST00000491306.6	5518
ENST00000262316.10	5519
ENST00000587557.5	5520
ENST00000367963.8	5521
ENST00000005340.10	5522
ENST00000446044.5	5523
ENST00000319933.7	5524
ENST00000393792.3	5525
ENST00000366690.5	5526
ENST00000281142.10	5527
ENST00000008527.10	5528
ENST00000250113.12	5529
ENST00000371384.4	5530
ENST00000334133.9	5531
ENST00000338863.12	5532
ENST00000332118.11	5533
ENST00000282111.4	5534
ENST00000393328.6	5535
ENST00000347755.10	5536
ENST00000454366.2	5537
ENST00000372564.7	5538
ENST00000525428.6	5539
ENST00000261488.10	5540
ENST00000611208.4	5541
ENST00000266643.6	5542
ENST00000265316.9	5543
ENST00000508177.5	5544
ENST00000321358.12	5545
ENST00000238788.14	5546
ENST00000442218.3	5547
ENST00000336614.9	5548
ENST00000196061.5	5549
ENST00000372759.4	5550
ENST00000340020.11	5551
ENST00000294543.10	5552
ENST00000295321.9	5553
ENST00000485511.6	5554
ENST00000673933.1	5555
ENST00000349004.6	5556
ENST00000524300.6	5557
ENST00000406452.8	5558
ENST00000465995.6	5559
ENST00000514747.6	5560
ENST00000267938.9	5561
ENST00000369258.8	5562
ENST00000264866.9	5563
ENST00000444643.7	5564
ENST00000264832.8	5565
ENST00000613058.4	5566
ENST00000369798.7	5567
ENST00000381883.5	5568
ENST00000389834.9	5569
ENST00000377199.4	5570
ENST00000376335.8	5571
ENST00000298292.12	5572
ENST00000344099.4	5573
ENST00000409697.7	5574
ENST00000265896.10	5575
ENST00000332854.10	5576
ENST00000368321.8	5577
ENST00000399975.7	5578
ENST00000354258.4	5579
ENST00000257552.7	5580
ENST00000396268.7	5581
ENST00000438528.7	5582
ENST00000321878.10	5583
ENST00000497547.2	5584
ENST00000392476.6	5585
ENST00000618262.4	5586
ENST00000361580.7	5587
ENST00000295317.4	5588
ENST00000614032.5	5589
ENST00000222693.5	5590
ENST00000292562.12	5591
ENST00000358230.7	5592
ENST00000486685.3	5593
ENST00000335080.6	5594
ENST00000500337.6	5595
ENST00000356613.4	5596
ENST00000263379.4	5597
ENST00000356955.6	5598
ENST00000373053.7	5599
ENST00000307641.9	5600
ENST00000649124.1	5601
ENST00000326080.10	5602
ENST00000447467.6	5603
ENST00000221462.9	5604
ENST00000317868.9	5605
ENST00000380649.8	5606
ENST00000274849.3	5607
ENST00000429644.7	5608
ENST00000337682.9	5609
ENST00000383794.7	5610
ENST00000359878.8	5611
ENST00000546354.6	5612
ENST00000285279.10	5613
ENST00000233535.9	5614
ENST00000444881.5	5615
ENST00000445902.3	5616
ENST00000374672.5	5617
ENST00000285106.10	5618
ENST00000307149.10	5619
ENST00000623711.3	5620
ENST00000267102.12	5621
ENST00000553888.5	5622
ENST00000367352.3	5623
ENST00000366669.9	5624
ENST00000377350.7	5625
ENST00000301050.7	5626
ENST00000371873.9	5627
ENST00000395323.9	5628
ENST00000358485.8	5629
ENST00000371989.8	5630
ENST00000203001.7	5631
ENST00000264409.5	5632
ENST00000376281.8	5633
ENST00000403707.7	5634
ENST00000368340.9	5635
ENST00000322030.13	5636
ENST00000280987.8	5637
ENST00000357785.9	5638
ENST00000383366.9	5639
ENST00000285093.15	5640
ENST00000416649.6	5641
ENST00000229922.7	5642
ENST00000395353.5	5643
ENST00000333751.6	5644
ENST00000350612.11	5645
ENST00000622544.4	5646
ENST00000302243.12	5647
ENST00000325421.7	5648
ENST00000448552.7	5649
ENST00000296424.9	5650
ENST00000343823.11	5651
ENST00000303145.11	5652
ENST00000425354.7	5653
ENST00000219139.8	5654
ENST00000533544.6	5655
ENST00000352397.10	5656
ENST00000285407.11	5657
ENST00000301459.5	5658
ENST00000351328.8	5659
ENST00000374338.5	5660
ENST00000311813.10	5661
ENST00000397762.6	5662
ENST00000319074.6	5663
ENST00000335272.10	5664
ENST00000310118.9	5665
ENST00000481909.2	5666
ENST00000590208.5	5667
ENST00000397890.6	5668
ENST00000392518.8	5669
ENST00000399932.8	5670
ENST00000374680.3	5671
ENST00000340368.9	5672
ENST00000303372.7	5673
ENST00000353258.8	5674
ENST00000349048.9	5675
ENST00000372718.8	5676
ENST00000582401.6	5677
ENST00000285689.8	5678
ENST00000327858.11	5679
ENST00000370763.6	5680
ENST00000393784.8	5681
ENST00000261658.7	5682
ENST00000393045.7	5683
ENST00000379692.9	5684
ENST00000301463.9	5685
ENST00000299157.5	5686
ENST00000315367.4	5687
ENST00000521688.6	5688
ENST00000379919.6	5689
ENST00000250916.6	5690
ENST00000422706.5	5691
ENST00000396602.7	5692
ENST00000251507.8	5693
ENST00000375234.8	5694
ENST00000261643.8	5695
ENST00000281701.11	5696
ENST00000497454.6	5697
ENST00000392343.3	5698
ENST00000282841.9	5699
ENST00000262127.7	5700
ENST00000255641.13	5701
ENST00000530878.5	5702
ENST00000262395.10	5703
ENST00000369063.8	5704
ENST00000329138.9	5705
ENST00000337843.7	5706
ENST00000396319.6	5707
ENST00000602142.6	5708
ENST00000294889.6	5709
ENST00000322602.9	5710
ENST00000265727.11	5711
ENST00000297578.9	5712
ENST00000338448.10	5713
ENST00000261366.10	5714
ENST00000312541.10	5715
ENST00000379751.5	5716
ENST00000354546.10	5717
ENST00000317907.9	5718
ENST00000339020.8	5719
ENST00000379965.8	5720
ENST00000361193.8	5721
ENST00000233557.7	5722
ENST00000380041.8	5723
ENST00000337872.9	5724
ENST00000231198.12	5725
ENST00000502399.7	5726
ENST00000392485.2	5727
ENST00000215582.8	5728
ENST00000360596.7	5729
ENST00000406877.8	5730
ENST00000542575.6	5731
ENST00000622746.4	5732
ENST00000247191.7	5733
ENST00000556147.5	5734
ENST00000225972.8	5735
ENST00000397637.5	5736
ENST00000367466.4	5737
ENST00000296456.10	5738
ENST00000163416.7	5739
ENST00000265107.9	5740
ENST00000376983.8	5741
ENST00000389737.5	5742
ENST00000200135.8	5743
ENST00000324238.7	5744
ENST00000443124.5	5745
ENST00000610261.6	5746
ENST00000356406.10	5747
ENST00000566621.6	5748
ENST00000331320.12	5749
ENST00000317091.10	5750
ENST00000349485.9	5751
ENST00000367679.7	5752
ENST00000314759.6	5753
ENST00000295809.11	5754
ENST00000448666.7	5755
ENST00000344229.7	5756
ENST00000598088.5	5757
ENST00000532205.5	5758
ENST00000538906.5	5759
ENST00000274773.12	5760
ENST00000372224.9	5761
ENST00000201031.3	5762
ENST00000366671.7	5763
ENST00000296677.5	5764
ENST00000318607.10	5765
ENST00000342192.9	5766
ENST00000257700.7	5767
ENST00000394109.7	5768
ENST00000644874.2	5769
ENST00000276390.7	5770
ENST00000351808.9	5771
ENST00000331768.10	5772
ENST00000339397.5	5773
ENST00000229340.10	5774
ENST00000264249.8	5775
ENST00000280187.11	5776
ENST00000615234.5	5777
ENST00000439977.7	5778
ENST00000505242.6	5779
ENST00000649598.1	5780
ENST00000372748.8	5781
ENST00000238936.8	5782
ENST00000227638.8	5783
ENST00000324348.8	5784
ENST00000396334.8	5785
ENST00000263056.6	5786
ENST00000521578.6	5787
ENST00000285116.8	5788
ENST00000442744.7	5789
ENST00000455895.6	5790
ENST00000325599.13	5791
ENST00000369462.5	5792
ENST00000373833.10	5793
ENST00000263556.3	5794
ENST00000370952.4	5795
ENST00000254321.10	5796
ENST00000380266.4	5797
ENST00000380579.6	5798
ENST00000389805.9	5799
ENST00000373489.10	5800
ENST00000297056.11	5801
ENST00000466490.7	5802
ENST00000447513.7	5803
ENST00000370113.7	5804
ENST00000290418.4	5805
ENST00000222574.9	5806
ENST00000378209.8	5807
ENST00000648566.1	5808
ENST00000330452.8	5809
ENST00000419617.7	5810
ENST00000228510.8	5811
ENST00000278412.7	5812
ENST00000307877.7	5813
ENST00000361162.10	5814
ENST00000369905.9	5815
ENST00000356891.4	5816
ENST00000534928.5	5817
ENST00000418388.6	5818
ENST00000535366.5	5819
ENST00000367669.8	5820
ENST00000614891.5	5821
ENST00000542507.5	5822
ENST00000554015.5	5823
ENST00000536254.6	5824
ENST00000615982.4	5825
ENST00000336023.9	5826
ENST00000301072.11	5826
ENST00000204549.9	5827
ENST00000309137.13	5828
ENST00000397771.6	5829
ENST00000378378.9	5830
ENST00000310512.4	5831
ENST00000354379.8	5832
ENST00000223127.8	5833
ENST00000414773.5	5834
ENST00000518137.6	5835
ENST00000248071.6	5836
ENST00000376572.8	5837
ENST00000295757.8	5838
ENST00000382762.7	5839
ENST00000356824.9	5840
ENST00000271690.12	5841
ENST00000503004.5	5842
ENST00000454002.6	5843
ENST00000361936.9	5844
ENST00000381341.6	5845
ENST00000306434.8	5846
ENST00000331563.7	5847
ENST00000304735.4	5848
ENST00000614443.2	5849
ENST00000613102.5	5850
ENST00000328834.9	5851
ENST00000375442.8	5852
ENST00000635736.1	5853
ENST00000334220.9	5854
ENST00000341871.8	5855
ENST00000323959.9	5856
ENST00000342456.11	5857
ENST00000498926.7	5858
ENST00000370589.7	5859
ENST00000330137.12	5860
ENST00000408953.4	5861
ENST00000476832.2	5862
ENST00000617501.5	5863
ENST00000335870.7	5864
ENST00000242248.10	5865
ENST00000375722.5	5866
ENST00000379198.5	5867
ENST00000421852.6	5868
ENST00000374409.5	5869
ENST00000382936.8	5870
ENST00000361113.10	5871
ENST00000255499.3	5872
ENST00000512944.6	5873
ENST00000235521.4	5874
ENST00000343632.9	5875
ENST00000313288.9	5876
ENST00000367166.5	5877
ENST00000216392.8	5878
ENST00000403627.7	5879
ENST00000404914.8	5880
ENST00000302874.9	5881
ENST00000618014.1	5882
ENST00000262027.10	5883
ENST00000325418.5	5884
ENST00000376936.9	5885
ENST00000372706.6	5886
ENST00000320230.9	5887
ENST00000532297.5	5888
ENST00000599218.6	5889
ENST00000335815.7	5890
ENST00000322434.8	5890
ENST00000316948.8	5891
ENST00000375906.5	5892
ENST00000355468.7	5893
ENST00000591247.6	5894
ENST00000536630.5	5895
ENST00000563468.5	5896
ENST00000340438.6	5896
ENST00000367988.8	5897
ENST00000222482.10	5898
ENST00000327214.5	5899
ENST00000511689.5	5900
ENST00000370733.5	5901
ENST00000333916.8	5902
ENST00000242729.6	5903
ENST00000569795.6	5904
ENST00000590089.5	5905
ENST00000005257.7	5906
ENST00000274289.8	5907
ENST00000298569.9	5908
ENST00000258739.9	5909
ENST00000402030.6	5910
ENST00000279022.7	5911
ENST00000261413.9	5912
ENST00000315050.11	5913
ENST00000382361.8	5914
ENST00000260382.9	5915
ENST00000262554.7	5916
ENST00000349459.10	5917
ENST00000311413.5	5918
ENST00000299767.10	5919
ENST00000370162.8	5920
ENST00000308127.9	5921
ENST00000356109.10	5922
ENST00000221930.6	5923
ENST00000340611.9	5924
ENST00000637790.2	5925
ENST00000338560.12	5926
ENST00000240727.10	5927
ENST00000305352.7	5928
ENST00000306721.8	5929
ENST00000375734.6	5930
ENST00000245046.6	5931
ENST00000521604.7	5932
ENST00000505459.6	5933
ENST00000521400.6	5934
ENST00000402868.8	5935
ENST00000487416.6	5936
ENST00000255152.3	5937
ENST00000353546.7	5938
ENST00000170447.12	5939
ENST00000266534.8	5940
ENST00000355341.8	5941
ENST00000373019.5	5942
ENST00000395326.8	5943
ENST00000260257.9	5944
ENST00000340967.3	5945
ENST00000524782.6	5946
ENST00000358242.5	5947
ENST00000304283.9	5948
ENST00000392153.7	5949
ENST00000517392.5	5950
ENST00000394056.6	5951
ENST00000394147.5	5952
ENST00000336308.10	5953
ENST00000338272.9	5954
ENST00000334661.4	5955
ENST00000324432.9	5956
ENST00000525815.6	5957
ENST00000316491.13	5958
ENST00000339413.11	5959
ENST00000372523.1	5960
ENST00000318080.7	5961
ENST00000223369.3	5962
ENST00000652332.1	5963
ENST00000278618.9	5964
ENST00000220003.13	5965
ENST00000340099.9	5966
ENST00000300433.7	5967
ENST00000304434.11	5968
ENST00000375011.4	5969
ENST00000343769.6	5970
ENST00000375654.5	5971
ENST00000256854.10	5972
ENST00000301998.5	5973
ENST00000390667.11	5974
ENST00000371514.8	5975
ENST00000237654.9	5976
ENST00000285419.8	5977
ENST00000366843.6	5978
ENST00000380525.8	5979
ENST00000543184.5	5980
ENST00000474710.5	5981
ENST00000548747.5	5982
ENST00000443950.6	5983
ENST00000392170.6	5984
ENST00000361478.1	5985
ENST00000369622.8	5986
ENST00000556440.7	5987
ENST00000284995.11	5988
ENST00000216180.8	5989
ENST00000370487.5	5990
ENST00000238823.13	5991
ENST00000378719.7	5992
ENST00000372445.9	5993
ENST00000647578.1	5994
ENST00000367591.5	5995
ENST00000367311.5	5996
ENST00000316403.15	5997
ENST00000282605.8	5998
ENST00000394936.8	5999
ENST00000419916.8	6000
ENST00000434507.5	6001
ENST00000378825.5	6002
ENST00000403290.5	6003
ENST00000220058.9	6004
ENST00000375743.8	6005
ENST00000344366.7	6006
ENST00000245157.10	6007
ENST00000439428.5	6008
ENST00000432999.6	6009
ENST00000307961.11	6010
ENST00000256544.8	6011
ENST00000614499.4	6012
ENST00000259339.7	6013
ENST00000545336.5	6014
ENST00000252797.6	6015
ENST00000355994.7	6016
ENST00000469520.6	6017
ENST00000393370.6	6018
ENST00000328850.8	6019
ENST00000255559.7	6020
ENST00000358204.9	6021
ENST00000376687.4	6022
ENST00000380094.10	6023
ENST00000330871.3	6024
ENST00000216254.9	6025
ENST00000436886.7	6026
ENST00000393405.6	6027
ENST00000611002.4	6028
ENST00000261888.10	6029
ENST00000290551.5	6030
ENST00000164133.7	6031
ENST00000243918.10	6032
ENST00000263245.10	6033
ENST00000369064.8	6034
ENST00000344095.8	6035
ENST00000251473.9	6036
ENST00000220429.12	6037
ENST00000406397.1	6038
ENST00000295759.12	6039
ENST00000541212.6	6040
ENST00000319977.8	6041
ENST00000593685.5	6042
ENST00000374839.8	6043
ENST00000368623.7	6044
ENST00000292539.8	6045
ENST00000261377.10	6046
ENST00000600449.8	6047
ENST00000371984.8	6048
ENST00000280557.11	6049
ENST00000331302.12	6050
ENST00000285398.7	6051
ENST00000326474.4	6052
ENST00000248139.8	6053
ENST00000329291.6	6054
ENST00000357700.11	6055
ENST00000396026.7	6056
ENST00000262348.9	6057
ENST00000217159.6	6058
ENST00000396703.6	6059
ENST00000395064.3	6060
ENST00000310380.11	6061
ENST00000265689.9	6062
ENST00000373921.8	6063
ENST00000327300.12	6064
ENST00000265634.4	6065
ENST00000310850.9	6066
ENST00000442011.7	6067
ENST00000246166.3	6068
ENST00000284551.11	6069
ENST00000372491.4	6070
ENST00000647941.2	6071
ENST00000359308.8	6072
ENST00000517876.5	6073
ENST00000377102.5	6074
ENST00000300056.8	6075
ENST00000380445.8	6076
ENST00000528252.5	6077
ENST00000260403.7	6078
ENST00000267202.7	6079
ENST00000250457.9	6080
ENST00000421807.7	6081
ENST00000297661.9	6082
ENST00000476907.6	6083
ENST00000326317.11	6084
ENST00000440314.7	6085
ENST00000268383.7	6086
ENST00000373509.6	6087
ENST00000342512.3	6088
ENST00000449549.4	6089
ENST00000644793.1	6090
ENST00000393565.5	6091
ENST00000332556.5	6092
ENST00000371486.4	6093
ENST00000284503.7	6094
ENST00000355653.8	6095
ENST00000219782.10	6096
ENST00000306688.8	6097
ENST00000357666.8	6098
ENST00000354775.4	6099
ENST00000188790.9	6100
ENST00000308677.9	6101
ENST00000317991.9	6102
ENST00000219345.10	6103
ENST00000264932.11	6104
ENST00000325795.7	6105
ENST00000376488.7	6106
ENST00000263672.11	6107
ENST00000221132.8	6108
ENST00000559239.2	6109
ENST00000252483.10	6110
ENST00000343380.6	6111
ENST00000455147.6	6112
ENST00000394258.6	6113
ENST00000373932.3	6114
ENST00000372409.8	6115
ENST00000432648.8	6116
ENST00000299238.7	6117
ENST00000300209.13	6118
ENST00000300658.9	6119
ENST00000356663.8	6120
ENST00000296411.11	6121
ENST00000336604.8	6122
ENST00000373045.10	6123
ENST00000315368.7	6124
ENST00000318782.9	6125
ENST00000249066.10	6126
ENST00000379052.10	6127
ENST00000319264.4	6128
ENST00000394919.5	6129
ENST00000305386.4	6130
ENST00000330475.9	6131
ENST00000315970.12	6132
ENST00000613219.4	6133
ENST00000373001.4	6134
ENST00000319023.7	6135
ENST00000265070.7	6136
ENST00000220966.10	6137
ENST00000243050.5	6138
ENST00000367838.5	6139
ENST00000541961.5	6140
ENST00000248244.5	6141
ENST00000269397.9	6142
ENST00000371554.2	6143
ENST00000354883.10	6144
ENST00000621158.5	6145
ENST00000301765.10	6146
ENST00000669516.1	6147
ENST00000409796.5	6148
ENST00000222329.9	6149
ENST00000504110.2	6150
ENST00000292430.10	6151
ENST00000266718.5	6152
ENST00000449247.6	6153
ENST00000621169.1	6154
ENST00000540200.6	6155
ENST00000273480.4	6156
ENST00000006015.4	6157
ENST00000282892.4	6158
ENST00000326043.5	6159
ENST00000652021.1	6160
ENST00000265686.8	6161
ENST00000268638.10	6162
ENST00000394908.9	6163
ENST00000217026.5	6164
ENST00000332290.3	6165
ENST00000233154.9	6166
ENST00000215057.7	6167
ENST00000415673.6	6168
ENST00000467963.6	6169
ENST00000338523.9	6170
ENST00000264992.7	6171
ENST00000338492.9	6172
ENST00000301019.9	6173
ENST00000260803.9	6174
ENST00000298130.5	6175
ENST00000354926.9	6176
ENST00000279281.8	6177
ENST00000276079.13	6178
ENST00000370853.7	6179
ENST00000431845.3	6180
ENST00000618539.4	6181
ENST00000389386.8	6182
ENST00000374852.4	6183
ENST00000409012.6	6184
ENST00000345633.8	6185
ENST00000595796.5	6186
ENST00000396056.7	6187
ENST00000284771.7	6188
ENST00000371485.8	6189
ENST00000330062.8	6190
ENST00000321556.5	6191
ENST00000373818.8	6192
ENST00000341864.6	6193
ENST00000238146.9	6194
ENST00000323927.3	6195
ENST00000373087.7	6196
ENST00000397938.6	6197
ENST00000264954.5	6198
ENST00000373953.8	6199
ENST00000563719.3	6200
ENST00000394295.6	6201
ENST00000262146.9	6202
ENST00000375249.5	6203
ENST00000301671.12	6204
ENST00000334274.9	6205
ENST00000373079.4	6206
ENST00000303068.13	6207
ENST00000432561.6	6208
ENST00000261245.9	6209
ENST00000393623.6	6210
ENST00000315436.7	6211
ENST00000308394.9	6212
ENST00000308418.10	6213
ENST00000221665.5	6214
ENST00000361441.5	6215
ENST00000304411.3	6216
ENST00000437570.6	6217
ENST00000321998.10	6218
ENST00000366647.9	6219
ENST00000356628.4	6220
ENST00000375370.10	6221
ENST00000273062.6	6222
ENST00000336431.10	6223
ENST00000216807.12	6224
ENST00000299402.10	6225
ENST00000270176.10	6226
ENST00000637759.1	6227
ENST00000366639.9	6228
ENST00000261191.12	6229
ENST00000240316.5	6230
ENST00000571688.5	6231
ENST00000368633.2	6232
ENST00000290510.10	6233
ENST00000187762.7	6234
ENST00000246672.4	6235
ENST00000356836.10	6236
ENST00000549115.5	6237
ENST00000270815.5	6238
ENST00000369722.8	6239
ENST00000366554.3	6240
ENST00000510025.7	6241
ENST00000253462.8	6242
ENST00000355527.8	6243
ENST00000318407.5	6244
ENST00000368364.4	6245
ENST00000381125.9	6246
ENST00000329734.4	6247
ENST00000335351.8	6248
ENST00000429586.6	6249
ENST00000375201.8	6250
ENST00000373910.9	6251
ENST00000278937.7	6252
ENST00000370078.2	6253
ENST00000391984.7	6254
ENST00000295981.7	6255
ENST00000296522.11	6256
ENST00000370372.7	6257
ENST00000395123.6	6258
ENST00000397356.8	6259
ENST00000371945.9	6260
ENST00000379661.8	6261
ENST00000380607.5	6262
ENST00000276816.8	6263
ENST00000335263.9	6264
ENST00000305233.6	6265
ENST00000333421.6	6266
ENST00000372733.3	6267
ENST00000310054.9	6268
ENST00000395550.7	6269
ENST00000288014.7	6270
ENST00000569437.5	6271
ENST00000536549.5	6272
ENST00000360156.11	6273
ENST00000367816.5	6274
ENST00000282412.9	6275
ENST00000610581.4	6276
ENST00000334785.11	6277
ENST00000266000.10	6278
ENST00000545985.5	6279
ENST00000320756.7	6280
ENST00000273359.8	6281
ENST00000273990.6	6282
ENST00000350498.8	6283
ENST00000264827.9	6284
ENST00000316836.5	6285
ENST00000395840.6	6286
ENST00000326397.10	6287
ENST00000302517.8	6288
ENST00000290776.13	6289
ENST00000498907.3	6290
ENST00000330938.8	6291
ENST00000646974.2	6292
ENST00000611884.5	6293
ENST00000368455.9	6294
ENST00000376736.6	6295
ENST00000296412.13	6296
ENST00000296595.10	6297
ENST00000323646.9	6298
ENST00000286448.12	6299
ENST00000216294.5	6300
ENST00000474879.7	6301
ENST00000634811.1	6302
ENST00000296388.10	6303
ENST00000460911.5	6304
ENST00000354105.10	6305
ENST00000292140.9	6306
ENST00000367064.9	6307
ENST00000263780.9	6308
ENST00000366899.4	6309
ENST00000340296.8	6310
ENST00000371703.7	6311
ENST00000408957.6	6312
ENST00000331434.7	6313
ENST00000358769.7	6314
ENST00000634597.1	6315
ENST00000311177.7	6316
ENST00000396426.7	6317
ENST00000641597.1	6318
ENST00000612748.1	6319
ENST00000222747.8	6320
ENST00000321562.9	6321
ENST00000343605.5	6322
ENST00000275603.9	6323
ENST00000294072.9	6324
ENST00000397261.7	6325
ENST00000402744.9	6326
ENST00000366541.8	6327
ENST00000264434.6	6328
ENST00000379671.7	6329
ENST00000275015.9	6330
ENST00000361822.8	6331
ENST00000354269.9	6332
ENST00000562787.6	6333
ENST00000372945.8	6334
ENST00000535286.5	6335
ENST00000269305.8	6336
ENST00000592062.5	6337
ENST00000334651.11	6338
ENST00000293829.9	6339
ENST00000321560.4	6340
ENST00000376062.6	6341
ENST00000310864.11	6342
ENST00000299871.9	6343
ENST00000229769.3	6344
ENST00000336564.5	6345
ENST00000279068.11	6346
ENST00000511320.6	6347
ENST00000072869.9	6348
ENST00000261819.8	6349
ENST00000350051.8	6350
ENST00000434581.7	6351
ENST00000335867.4	6352
ENST00000378069.5	6353
ENST00000409840.7	6354
ENST00000286234.6	6355
ENST00000262065.8	6356
ENST00000201647.11	6357
ENST00000260276.8	6358
ENST00000338591.8	6359
ENST00000321337.12	6360
ENST00000618172.4	6361
ENST00000216271.10	6362
ENST00000321264.9	6363
ENST00000324894.13	6364
ENST00000381031.8	6365
ENST00000612892.4	6366
ENST00000563965.5	6367
ENST00000409344.7	6368
ENST00000216471.4	6369
ENST00000379097.7	6370
ENST00000648915.2	6371
ENST00000337432.9	6372
ENST00000375571.6	6373
ENST00000372106.5	6374
ENST00000369085.8	6375
ENST00000305560.11	6376
ENST00000433642.3	6377
ENST00000379520.7	6378
ENST00000220659.11	6379
ENST00000306071.7	6380
ENST00000264552.14	6381
ENST00000342066.8	6382
ENST00000407540.8	6383
ENST00000311669.12	6384
ENST00000378643.8	6385
ENST00000585603.6	6386
ENST00000374980.3	6387
ENST00000366535.4	6388
ENST00000233668.9	6389
ENST00000316937.8	6390
ENST00000430256.3	6391
ENST00000389501.9	6392
ENST00000406797.5	6393
ENST00000311575.6	6394
ENST00000373517.4	6395
ENST00000331079.11	6396
ENST00000401752.6	6397
ENST00000368656.7	6398
ENST00000249330.3	6399
ENST00000257909.8	6400
ENST00000521022.6	6401
ENST00000412830.8	6402
ENST00000301727.9	6403
ENST00000458663.6	6404
ENST00000344697.3	6405
ENST00000307102.10	6406
ENST00000292377.4	6407
ENST00000542587.5	6408
ENST00000196489.4	6409
ENST00000361387.6	6410
ENST00000271688.10	6411
ENST00000651061.1	6412
ENST00000262225.8	6413
ENST00000397778.7	6414
ENST00000643460.2	6415
ENST00000254584.6	6416
ENST00000241463.5	6417
ENST00000238994.6	6418
ENST00000323348.10	6419
ENST00000296233.4	6420
ENST00000343053.5	6421
ENST00000307358.7	6422
ENST00000381346.9	6423
ENST00000394562.5	6424
ENST00000430350.2	6425
ENST00000374840.8	6426
ENST00000370310.5	6427
ENST00000263629.9	6428
ENST00000395176.3	6429
ENST00000370128.8	6430
ENST00000255087.10	6431
ENST00000251269.9	6432
ENST00000280700.10	6433
ENST00000347708.5	6434
ENST00000302165.5	6435
ENST00000392055.7	6436
ENST00000537981.5	6437
ENST00000398733.8	6438
ENST00000336395.6	6439
ENST00000265295.9	6440
ENST00000556883.1	6441
ENST00000308360.8	6442
ENST00000328879.9	6443
ENST00000366974.9	6444
ENST00000339235.4	6445
ENST00000316694.8	6446
ENST00000651534.1	6447
ENST00000367808.8	6448
ENST00000441711.6	6449
ENST00000649764.2	6450
ENST00000601808.1	6451
ENST00000307363.10	6452
ENST00000539479.6	6453
ENST00000409074.7	6454
ENST00000396865.7	6455
ENST00000302503.8	6456
ENST00000331239.8	6457
ENST00000238682.7	6458
ENST00000270225.12	6459
ENST00000320623.10	6460
ENST00000268483.8	6461
ENST00000273047.9	6462
ENST00000622789.5	6463
ENST00000375651.7	6464
ENST00000375650.5	6464
ENST00000397977.8	6465
ENST00000406246.8	6466
ENST00000613904.1	6467
ENST00000220751.5	6468
ENST00000269886.7	6469
ENST00000263702.11	6470
ENST00000289382.8	6471
ENST00000327892.13	6472
ENST00000199448.9	6473
ENST00000316963.8	6474
ENST00000377325.2	6475
ENST00000278426.8	6476
ENST00000350033.8	6477
ENST00000265174.5	6478
ENST00000619133.4	6479
ENST00000251775.9	6480
ENST00000325404.3	6481
ENST00000615637.3	6482
ENST00000281038.10	6483
ENST00000380668.9	6484
ENST00000546034.1	6485
ENST00000327773.7	6486
ENST00000274569.9	6487
ENST00000317551.12	6488
ENST00000217909.8	6489
ENST00000286648.10	6490
ENST00000247026.10	6491
ENST00000381165.3	6492
ENST00000265036.10	6493
ENST00000316308.9	6494
ENST00000278174.9	6495
ENST00000358385.12	6496
ENST00000353999.6	6497
ENST00000227756.5	6498
ENST00000355937.9	6499
ENST00000306862.7	6500
ENST00000257789.4	6501
ENST00000373585.8	6502
ENST00000166139.9	6503
ENST00000316097.13	6504
ENST00000222250.5	6505
ENST00000227868.9	6506
ENST00000584667.6	6507
ENST00000303071.10	6508
ENST00000324266.10	6509
ENST00000595607.6	6510
ENST00000379834.7	6511
ENST00000263233.8	6512
ENST00000371521.8	6513
ENST00000502935.6	6514
ENST00000395499.5	6515
ENST00000526406.5	6516
ENST00000336233.10	6517
ENST00000392325.9	6518
ENST00000298428.14	6519
ENST00000267339.6	6520
ENST00000648169.1	6521
ENST00000425241.5	6522
ENST00000231790.8	6523
ENST00000483209.5	6524
ENST00000281453.10	6525
ENST00000320895.10	6526
ENST00000371899.9	6527
ENST00000300131.8	6528
ENST00000325752.8	6529
ENST00000341197.9	6530
ENST00000294964.6	6531
ENST00000315082.9	6532
ENST00000370008.4	6533
ENST00000306999.7	6534
ENST00000485960.6	6535
ENST00000647956.2	6536
ENST00000328257.13	6537
ENST00000599921.6	6538
ENST00000273130.9	6539
ENST00000383463.9	6540
ENST00000279147.9	6541
ENST00000376285.6	6542
ENST00000368921.5	6543
ENST00000373264.5	6544
ENST00000344595.10	6545
ENST00000427316.6	6546
ENST00000375911.2	6547
ENST00000220913.10	6548
ENST00000305850.9	6549
ENST00000261868.10	6550
ENST00000393818.3	6551
ENST00000265350.9	6552
ENST00000359655.9	6553
ENST00000369583.4	6554
ENST00000308807.12	6555
ENST00000325495.9	6556
ENST00000234111.9	6557
ENST00000380739.6	6558
ENST00000367202.9	6559
ENST00000261455.8	6560
ENST00000508164.6	6561
ENST00000253329.3	6562
ENST00000275517.8	6563
ENST00000225927.7	6564
ENST00000406818.7	6565
ENST00000543796.6	6566
ENST00000358377.7	6567
ENST00000373383.9	6568
ENST00000417220.6	6569
ENST00000221419.9	6570
ENST00000249910.5	6571
ENST00000307471.8	6572
ENST00000371996.9	6573
ENST00000369550.10	6574
ENST00000230771.9	6575
ENST00000449309.2	6576
ENST00000376344.8	6577
ENST00000382952.7	6578
ENST00000303887.10	6579
ENST00000268057.9	6580
ENST00000258955.7	6581
ENST00000255108.8	6582
ENST00000369077.3	6583
ENST00000188312.6	6584
ENST00000259526.4	6585
ENST00000380542.9	6586
ENST00000226230.8	6587
ENST00000368908.10	6588
ENST00000361983.7	6589
ENST00000326674.10	6590
ENST00000304061.8	6591
ENST00000258317.6	6592
ENST00000507606.3	6593
ENST00000535612.6	6594
ENST00000268655.5	6595
ENST00000473942.5	6596
ENST00000302327.4	6597
ENST00000308020.6	6598
ENST00000538320.5	6599
ENST00000235090.10	6600
ENST00000341049.7	6601
ENST00000358227.5	6602
ENST00000537025.6	6603
ENST00000359943.8	6604
ENST00000524821.6	6605
ENST00000371811.4	6606
ENST00000397267.5	6607
ENST00000234198.9	6608
ENST00000265594.9	6609
ENST00000325551.9	6610
ENST00000268099.13	6611
ENST00000296003.9	6612
ENST00000378119.9	6613
ENST00000275227.9	6614
ENST00000298048.7	6615
ENST00000645481.2	6616
ENST00000000412.8	6617
ENST00000306125.12	6618
ENST00000409784.8	6619
ENST00000336219.4	6620
ENST00000349752.10	6621
ENST00000234160.5	6622
ENST00000361544.11	6623
ENST00000185150.9	6624
ENST00000435505.6	6625
ENST00000397062.8	6626
ENST00000461988.6	6627
ENST00000308982.12	6628
ENST00000222725.10	6629
ENST00000340828.7	6630
ENST00000371793.7	6631
ENST00000650309.2	6632
ENST00000358065.4	6633
ENST00000341441.9	6634
ENST00000324464.8	6635
ENST00000521545.7	6636
ENST00000319518.13	6637
ENST00000311015.7	6638
ENST00000415913.5	6639
ENST00000361432.3	6640
ENST00000426836.5	6641
ENST00000406470.6	6642
ENST00000465139.6	6643
ENST00000360057.7	6644
ENST00000374811.7	6645
ENST00000392863.6	6646
ENST00000449187.6	6647
ENST00000383847.7	6648
ENST00000389266.8	6649
ENST00000331483.9	6650
ENST00000376180.8	6651
ENST00000267868.8	6652
ENST00000338910.9	6653
ENST00000359678.10	6654
ENST00000229595.6	6655
ENST00000301738.9	6656
ENST00000342782.4	6657
ENST00000283122.7	6658
ENST00000258214.3	6659
ENST00000394456.10	6660
ENST00000166345.8	6661
ENST00000264669.10	6662
ENST00000286096.9	6663
ENST00000317398.10	6664
ENST00000394965.6	6665
ENST00000264198.5	6666
ENST00000647887.1	6667
ENST00000569669.6	6668
ENST00000435881.6	6669
ENST00000395595.7	6670
ENST00000258381.10	6671
ENST00000355076.6	6672
ENST00000239007.11	6673
ENST00000375980.9	6674
ENST00000245564.8	6675
ENST00000393408.7	6676
ENST00000622277.4	6677
ENST00000245206.10	6678
ENST00000319410.9	6679
ENST00000360472.9	6680
ENST00000313236.10	6681
ENST00000345330.9	6682
ENST00000215912.10	6683
ENST00000379504.7	6684
ENST00000330651.11	6685
ENST00000040584.6	6686
ENST00000449934.7	6687
ENST00000252229.7	6687
ENST00000336615.9	6688
ENST00000263915.8	6689
ENST00000356721.3	6690
ENST00000324862.7	6691
ENST00000622395.4	6692
ENST00000318887.8	6693
ENST00000342947.9	6694
ENST00000618534.4	6695
ENST00000374677.8	6696
ENST00000262053.8	6697
ENST00000260599.10	6698
ENST00000259239.8	6699
ENST00000260952.9	6700
ENST00000228872.9	6701
ENST00000360564.5	6702
ENST00000222139.11	6703
ENST00000246071.8	6704
ENST00000342245.9	6705
ENST00000245816.11	6706
ENST00000290291.10	6707
ENST00000249356.4	6708
ENST00000331772.9	6709
ENST00000270233.12	6710
ENST00000367558.6	6711
ENST00000520694.6	6712
ENST00000254286.9	6713
ENST00000381132.6	6714
ENST00000316149.8	6715
ENST00000228027.12	6716
ENST00000318348.9	6717
ENST00000372097.9	6718
ENST00000446113.7	6719
ENST00000317811.6	6720
ENST00000405315.9	6721
ENST00000264381.8	6722
ENST00000291442.3	6723
ENST00000265651.8	6724
ENST00000436106.3	6725
ENST00000378344.7	6726
ENST00000439351.5	6727
ENST00000394636.9	6728
ENST00000264963.8	6729
ENST00000367294.4	6730
ENST00000424014.7	6731
ENST00000427587.9	6732
ENST00000341191.11	6733
ENST00000276055.4	6734
ENST00000331272.9	6735
ENST00000295962.8	6736
ENST00000313182.6	6737
ENST00000356208.10	6738
ENST00000443659.6	6739
ENST00000428849.7	6740
ENST00000306006.10	6741
ENST00000379487.5	6742
ENST00000327247.9	6743
ENST00000379611.10	6744
ENST00000303305.11	6745
ENST00000378567.8	6746
ENST00000002165.11	6747
ENST00000394308.8	6748
ENST00000267842.10	6749
ENST00000394657.12	6750
ENST00000304031.8	6751
ENST00000446859.7	6752
ENST00000337573.10	6753
ENST00000263776.9	6754
ENST00000289166.6	6755
ENST00000367651.4	6756
ENST00000372134.6	6757
ENST00000271227.11	6758
ENST00000382172.4	6759
ENST00000375992.4	6760
ENST00000494664.6	6761
ENST00000434127.2	6762
ENST00000547315.6	6763
ENST00000370768.6	6764
ENST00000423316.6	6765
ENST00000264563.7	6766
ENST00000390665.9	6767
ENST00000377045.9	6768
ENST00000394440.8	6769
ENST00000295124.9	6770
ENST00000333926.6	6771
ENST00000282032.4	6772
ENST00000420613.7	6773
ENST00000538234.5	6774
ENST00000334527.11	6775
ENST00000373055.6	6776
ENST00000244204.11	6777
ENST00000314520.6	6778
ENST00000258080.7	6779
ENST00000375299.8	6780
ENST00000221891.9	6781
ENST00000619850.2	6782
ENST00000296444.6	6783
ENST00000263985.11	6784
ENST00000368314.5	6785
ENST00000054950.4	6786
ENST00000300057.4	6787
ENST00000315781.9	6788
ENST00000272233.6	6789
ENST00000445716.6	6790
ENST00000368086.5	6791
ENST00000264935.6	6792
ENST00000292591.12	6793
ENST00000355221.7	6794
ENST00000315616.12	6795
ENST00000248114.7	6796
ENST00000277632.8	6797
ENST00000308110.9	6798
ENST00000611050.4	6799
ENST00000264596.4	6800
ENST00000325285.8	6801
ENST00000552283.6	6802
ENST00000622669.4	6803
ENST00000264689.11	6804
ENST00000258884.5	6805
ENST00000266077.5	6806
ENST00000486111.5	6807
ENST00000531382.5	6808
ENST00000230990.7	6809
ENST00000651428.1	6810
ENST00000371692.9	6811
ENST00000233575.7	6812
ENST00000361114.10	6813
ENST00000243056.5	6814
ENST00000371281.4	6815
ENST00000371279.4	6816
ENST00000313117.11	6817
ENST00000361725.5	6818
ENST00000358011.8	6819
ENST00000301964.6	6820
ENST00000322177.6	6821
ENST00000243644.9	6822
ENST00000645496.1	6823
ENST00000230323.8	6824
ENST00000331595.9	6825
ENST00000307227.9	6826
ENST00000321394.12	6827
ENST00000391701.1	6828
ENST00000354590.7	6829
ENST00000376854.6	6830
ENST00000373062.8	6831
ENST00000200453.6	6832
ENST00000265846.10	6833
ENST00000396659.8	6834
ENST00000370783.8	6835
ENST00000377674.9	6836
ENST00000523908.5	6837
ENST00000261921.8	6838
ENST00000368006.8	6839
ENST00000178640.10	6840
ENST00000268695.10	6841
ENST00000374922.9	6842
ENST00000372764.4	6843
ENST00000256196.9	6844
ENST00000393119.7	6845
ENST00000276201.7	6846
ENST00000397901.8	6847
ENST00000337743.9	6848
ENST00000291842.10	6849
ENST00000311772.10	6850
ENST00000372201.5	6851
ENST00000265866.11	6852
ENST00000525754.5	6853
ENST00000338165.8	6854
ENST00000337130.9	6855
ENST00000263753.8	6856
ENST00000367976.4	6857
ENST00000469257.2	6858
ENST00000371084.8	6859
ENST00000265340.12	6860
ENST00000227524.9	6861
ENST00000258772.9	6862
ENST00000438747.7	6863
ENST00000665145.1	6864
ENST00000359971.3	6865
ENST00000319349.10	6866
ENST00000321753.8	6867
ENST00000263174.9	6868
ENST00000344302.9	6869
ENST00000307450.11	6870
ENST00000310109.5	6871
ENST00000542230.7	6872
ENST00000338010.9	6873
ENST00000356221.8	6874
ENST00000289805.10	6875
ENST00000402418.7	6876
ENST00000374516.7	6877
ENST00000424011.6	6878
ENST00000240364.7	6879
ENST00000303434.8	6880
ENST00000644510.2	6881
ENST00000379153.4	6882
ENST00000556994.5	6883
ENST00000369660.9	6884
ENST00000375078.4	6885
ENST00000371942.8	6886
ENST00000394836.7	6887
ENST00000225777.7	6888
ENST00000293778.12	6889
ENST00000408923.8	6890
ENST00000424930.6	6891
ENST00000295926.8	6892
ENST00000216500.9	6893
ENST00000409406.1	6894
ENST00000401850.5	6895
ENST00000228799.7	6896
ENST00000256319.7	6897
ENST00000396300.6	6898
ENST00000330899.5	6899
ENST00000300181.7	6900
ENST00000382844.2	6901
ENST00000424325.6	6902
ENST00000272462.3	6903
ENST00000332395.7	6904
ENST00000542965.2	6905
ENST00000368002.8	6906
ENST00000529221.5	6907
ENST00000592540.5	6908
ENST00000401695.8	6909
ENST00000298537.11	6910
ENST00000588258.6	6911
ENST00000380762.5	6912
ENST00000312960.4	6913
ENST00000543262.5	6914
ENST00000249647.8	6915
ENST00000376227.4	6916
ENST00000357325.10	6917
ENST00000348035.9	6918
ENST00000610322.5	6919
ENST00000551590.5	6920
ENST00000620094.4	6921
ENST00000306910.9	6922
ENST00000358201.9	6923
ENST00000261714.11	6924
ENST00000393927.9	6925
ENST00000532636.5	6926
ENST00000380071.8	6927
ENST00000255476.3	6928
ENST00000402802.7	6929
ENST00000288937.7	6930
ENST00000335181.10	6931
ENST00000263383.8	6932
ENST00000367749.4	6933
ENST00000331203.7	6934
ENST00000615550.5	6935
ENST00000541640.5	6936
ENST00000602795.6	6937
ENST00000277540.7	6938
ENST00000253107.12	6939
ENST00000417775.5	6940
ENST00000230895.11	6941
ENST00000258874.4	6942
ENST00000644802.2	6943
ENST00000373795.7	6944
ENST00000349938.8	6945
ENST00000325278.6	6946
ENST00000529010.6	6947
ENST00000239830.9	6948
ENST00000621421.4	6949
ENST00000345042.6	6950
ENST00000256759.8	6951
ENST00000199814.9	6952
ENST00000594239.5	6953
ENST00000334047.12	6954
ENST00000565678.5	6955
ENST00000302819.10	6956
ENST00000394795.6	6957
ENST00000380191.9	6958
ENST00000316637.7	6959
ENST00000316594.6	6960
ENST00000411948.7	6961
ENST00000652271.1	6962
ENST00000313368.8	6963
ENST00000383472.8	6964
ENST00000457408.7	6965
ENST00000227471.7	6966
ENST00000245615.6	6967
ENST00000302937.8	6968
ENST00000393040.7	6969
ENST00000297994.4	6970
ENST00000263093.7	6971
ENST00000379263.8	6972
ENST00000241052.5	6973
ENST00000359232.8	6974
ENST00000354884.8	6975
ENST00000557943.6	6976
ENST00000380412.7	6977
ENST00000606098.1	6978
ENST00000531323.1	6979
ENST00000377768.7	6980
ENST00000373552.8	6981
ENST00000398802.5	6982
ENST00000545797.7	6983
ENST00000255613.8	6984
ENST00000312196.10	6985
ENST00000370683.6	6986
ENST00000265260.8	6987
ENST00000268261.9	6988
ENST00000337014.10	6989
ENST00000373247.7	6990
ENST00000405666.5	6991
ENST00000245908.11	6992
ENST00000380087.7	6993
ENST00000517492.5	6994
ENST00000313525.4	6995
ENST00000272227.8	6996
ENST00000625761.2	6997
ENST00000451137.7	6998
ENST00000304414.12	6999
ENST00000254337.10	7000
ENST00000449058.7	7001
ENST00000272252.10	7002
ENST00000264848.9	7003
ENST00000299045.8	7004
ENST00000333628.4	7005
ENST00000340384.5	7005
ENST00000315491.12	7005
ENST00000264071.7	7005
ENST00000282292.9	7006
ENST00000392358.6	7007
ENST00000436390.5	7008
ENST00000621372.4	7009
ENST00000309212.10	7010
ENST00000361682.11	7011
ENST00000415229.6	7012
ENST00000372561.4	7013
ENST00000254816.6	7014
ENST00000329875.13	7015
ENST00000270776.13	7016
ENST00000367535.8	7017
ENST00000263663.10	7018
ENST00000405375.5	7019
ENST00000616600.5	7020
ENST00000370818.8	7021
ENST00000374358.5	7022
ENST00000265720.8	7023
ENST00000247668.7	7024
ENST00000372383.8	7025
ENST00000399409.7	7026
ENST00000459757.6	7027
ENST00000354694.12	7028
ENST00000256953.6	7029
ENST00000562188.6	7030
ENST00000437139.7	7031
ENST00000293261.8	7032
ENST00000275521.10	7033
ENST00000328965.9	7034
ENST00000370841.9	7035
ENST00000329630.10	7036
ENST00000454073.7	7037
ENST00000215743.8	7038
ENST00000349431.11	7039
ENST00000238112.8	7040
ENST00000618562.2	7041
ENST00000403766.8	7042
ENST00000422689.3	7043
ENST00000393593.8	7044
ENST00000253754.8	7045
ENST00000577985.5	7046
ENST00000536220.5	7047
ENST00000373189.6	7048
ENST00000342679.9	7049
ENST00000575842.5	7050
ENST00000423027.7	7051
ENST00000477313.5	7052
ENST00000258648.7	7053
ENST00000426923.2	7054
ENST00000251607.11	7055
ENST00000338128.13	7056
ENST00000545121.5	7057
ENST00000162044.14	7058
ENST00000337664.9	7059
ENST00000366783.8	7060
ENST00000264883.8	7061
ENST00000219281.8	7062
ENST00000263346.13	7063
ENST00000347343.6	7064
ENST00000370053.3	7065
ENST00000319908.7	7066
ENST00000272519.10	7067
ENST00000286692.8	7068
ENST00000301061.9	7069
ENST00000347147.8	7070
ENST00000263657.7	7071
ENST00000369536.10	7072
ENST00000446747.6	7073
ENST00000437807.6	7074
ENST00000254322.3	7075
ENST00000245932.11	7076
ENST00000636580.2	7077
ENST00000265339.7	7078
ENST00000422447.8	7079
ENST00000566780.6	7080
ENST00000266970.9	7081
ENST00000447750.7	7082
ENST00000263960.6	7083
ENST00000534000.6	7084
ENST00000336138.4	7085
ENST00000397196.7	7086
ENST00000361952.5	7087
ENST00000499247.3	7088
ENST00000421798.5	7089
ENST00000366903.8	7090
ENST00000508856.2	7091
ENST00000468812.6	7092
ENST00000348257.9	7093
ENST00000617313.4	7094
ENST00000372237.8	7095
ENST00000308354.11	7096
ENST00000369847.4	7097
ENST00000295448.8	7098
ENST00000334636.9	7099
ENST00000261407.9	7100
ENST00000300441.8	7101
ENST00000200652.4	7102
ENST00000361271.8	7103
ENST00000355848.7	7104
ENST00000371019.4	7105
ENST00000309594.5	7106
ENST00000309156.9	7107
ENST00000306796.10	7108
ENST00000265239.11	7109
ENST00000221957.9	7110
ENST00000323588.9	7111
ENST00000319397.6	7112
ENST00000377818.4	7113
ENST00000221566.7	7114
ENST00000377710.10	7115
ENST00000394650.7	7116
ENST00000361711.7	7117
ENST00000379460.6	7118
ENST00000331314.11	7119
ENST00000266679.8	7120
ENST00000221455.8	7121
ENST00000322764.10	7122
ENST00000340473.8	7123
ENST00000249806.11	7124
ENST00000261507.11	7125
ENST00000237530.11	7126
ENST00000263634.8	7127
ENST00000296581.11	7128
ENST00000258770.8	7129
ENST00000621648.4	7130
ENST00000435456.7	7131
ENST00000368662.10	7132
ENST00000591399.5	7133
ENST00000335099.8	7134
ENST00000308278.13	7135
ENST00000271373.9	7136
ENST00000393562.10	7137
ENST00000194530.8	7138
ENST00000265334.9	7139
ENST00000272430.10	7140
ENST00000263083.11	7141
ENST00000572195.3	7141
ENST00000290219.10	7142
ENST00000345491.7	7143
ENST00000313601.11	7144
ENST00000361131.5	7145
ENST00000264230.5	7146
ENST00000412389.5	7147
ENST00000292852.9	7148
ENST00000361584.5	7149
ENST00000377873.8	7150
ENST00000381844.8	7151
ENST00000342932.8	7152
ENST00000301021.7	7153
ENST00000301608.8	7154
ENST00000226299.8	7155
ENST00000409850.5	7156
ENST00000256001.13	7157
ENST00000227155.9	7158
ENST00000357348.9	7159
ENST00000413034.3	7160
ENST00000269466.8	7161
ENST00000217381.3	7162
ENST00000344034.5	7163
ENST00000376911.1	7164
ENST00000268711.4	7165
ENST00000371924.5	7166
ENST00000271064.12	7167
ENST00000222543.11	7168
ENST00000328599.4	7169
ENST00000614411.1	7170
ENST00000313244.14	7171
ENST00000282308.4	7172
ENST00000303077.7	7173
ENST00000231948.8	7174
ENST00000376588.4	7175
ENST00000254730.11	7176
ENST00000311008.16	7177
ENST00000269593.5	7178
ENST00000414542.6	7179
ENST00000372232.8	7180
ENST00000289228.7	7181
ENST00000318663.5	7182
ENST00000312251.8	7183
ENST00000322989.8	7184
ENST00000538716.7	7185
ENST00000262776.8	7186
ENST00000217456.3	7187
ENST00000616661.5	7188
ENST00000256997.9	7189
ENST00000318129.6	7190
ENST00000269221.8	7191
ENST00000221265.8	7192
ENST00000304895.9	7193
ENST00000622694.4	7194
ENST00000313655.5	7195
ENST00000354724.8	7196
ENST00000334546.6	7197
ENST00000225174.8	7198
ENST00000533683.7	7199
ENST00000396154.7	7200
ENST00000239243.7	7201
ENST00000374171.5	7202
ENST00000434758.7	7203
ENST00000222330.8	7204
ENST00000260210.5	7205
ENST00000215838.8	7206
ENST00000295694.9	7207
ENST00000278903.11	7208
ENST00000382409.4	7209
ENST00000458591.7	7210
ENST00000367763.7	7211
ENST00000240139.9	7212
ENST00000222374.3	7213
ENST00000371571.5	7214
ENST00000231512.5	7215
ENST00000314423.12	7216
ENST00000297596.3	7217
ENST00000397885.3	7218
ENST00000353339.7	7219
ENST00000247933.9	7220
ENST00000265062.8	7221
ENST00000428202.7	7222
ENST00000300605.11	7223
ENST00000002125.9	7224
ENST00000379480.9	7225
ENST00000356839.10	7226
ENST00000233078.9	7227
ENST00000291295.14	7228
ENST00000303400.9	7229
ENST00000296849.10	7230
ENST00000398389.8	7231
ENST00000327435.11	7232
ENST00000357485.8	7233
ENST00000020945.4	7234
ENST00000409587.5	7235
ENST00000296786.8	7236
ENST00000216780.9	7237
ENST00000054666.11	7238
ENST00000373884.6	7239
ENST00000371088.5	7240
ENST00000344417.10	7241
ENST00000395471.7	7242
ENST00000369886.8	7243
ENST00000281182.9	7244
ENST00000392554.7	7245
ENST00000316757.4	7246
ENST00000375153.8	7247
ENST00000342480.7	7248
ENST00000252655.1	7249
ENST00000325303.8	7250
ENST00000306243.7	7251
ENST00000395511.7	7252
ENST00000372919.8	7253
ENST00000329687.8	7254
ENST00000426013.7	7255
ENST00000297156.4	7256
ENST00000162749.7	7257
ENST00000297679.10	7258
ENST00000651974.1	7259
ENST00000374467.4	7260
ENST00000315758.10	7261
ENST00000369405.7	7262
ENST00000222122.10	7263
ENST00000360370.8	7264
ENST00000372546.9	7265
ENST00000357730.6	7266
ENST00000355893.11	7267
ENST00000503752.5	7268
ENST00000281031.5	7269
ENST00000368576.8	7270
ENST00000339209.9	7271
ENST00000377304.7	7272
ENST00000525077.2	7273
ENST00000336174.12	7274
ENST00000314891.11	7275
ENST00000299601.10	7276
ENST00000244230.7	7277
ENST00000324052.10	7278
ENST00000394951.5	7279
ENST00000311227.6	7280
ENST00000404072.7	7281
ENST00000443698.5	7282
ENST00000228843.13	7283
ENST00000204517.11	7284
ENST00000643617.1	7285
ENST00000372215.5	7286
ENST00000605844.6	7287
ENST00000296785.8	7288
ENST00000254250.7	7289
ENST00000318974.14	7290
ENST00000366773.8	7291
ENST00000292616.10	7292
ENST00000424542.7	7293
ENST00000300093.9	7294
ENST00000447654.5	7295
ENST00000561734.5	7296
ENST00000409690.4	7297
ENST00000306200.7	7298
ENST00000406581.6	7299
ENST00000643944.2	7300
ENST00000636849.1	7301
ENST00000328923.8	7302
ENST00000377603.5	7303
ENST00000370566.7	7304
ENST00000343938.9	7305
ENST00000368361.9	7306
ENST00000544301.7	7307
ENST00000293771.10	7308
ENST00000520429.6	7309
ENST00000259075.6	7310
ENST00000642555.1	7311
ENST00000407106.5	7312
ENST00000245543.6	7313
ENST00000378578.9	7314
ENST00000474844.5	7315
ENST00000217426.7	7316
ENST00000263097.9	7317
ENST00000396908.8	7318
ENST00000372484.7	7319
ENST00000249014.5	7320
ENST00000272902.10	7321
ENST00000461554.5	7322
ENST00000264639.9	7323
ENST00000352393.8	7324
ENST00000366913.8	7325
ENST00000273590.3	7326
ENST00000373371.8	7327
ENST00000220166.10	7328
ENST00000323703.11	7329
ENST00000269576.6	7330
ENST00000331200.8	7331
ENST00000306318.5	7332
ENST00000304874.14	7333
ENST00000305218.9	7334
ENST00000321297.10	7335
ENST00000228740.7	7336
ENST00000397098.8	7337
ENST00000323374.8	7338
ENST00000329286.7	7339
ENST00000374024.4	7340
ENST00000513312.3	7341
ENST00000355415.7	7342
ENST00000357847.9	7343
ENST00000612130.4	7344
ENST00000525908.6	7345
ENST00000366999.9	7346
ENST00000273258.4	7347
ENST00000424479.7	7348
ENST00000528838.6	7349
ENST00000228918.9	7350
ENST00000621723.4	7351
ENST00000392750.7	7352
ENST00000245544.9	7353
ENST00000379589.4	7354
ENST00000300035.9	7355
ENST00000378339.7	7356
ENST00000417550.6	7357
ENST00000300086.5	7358
ENST00000405709.7	7359
ENST00000053867.8	7360
ENST00000372811.10	7361
ENST00000367306.5	7362
ENST00000227525.8	7363
ENST00000261531.12	7364
ENST00000337620.8	7365
ENST00000511455.7	7366
ENST00000672987.1	7367
ENST00000260643.7	7368
ENST00000011473.6	7369
ENST00000552551.5	7370
ENST00000316509.11	7371
ENST00000261597.9	7372
ENST00000599538.5	7373
ENST00000421832.3	7374
ENST00000361720.10	7375
ENST00000371699.5	7376
ENST00000012049.10	7377
ENST00000372829.8	7378
ENST00000422725.4	7379
ENST00000301305.8	7380
ENST00000342058.8	7381
ENST00000335290.10	7382
ENST00000231572.8	7383
ENST00000444623.5	7384
ENST00000305783.13	7385
ENST00000273861.5	7386
ENST00000298295.4	7387
ENST00000219169.9	7388
ENST00000373548.8	7389
ENST00000324868.13	7390
ENST00000427478.6	7391
ENST00000366667.5	7392
ENST00000382862.7	7393
ENST00000397225.2	7394
ENST00000393218.6	7395
ENST00000435064.6	7396
ENST00000369124.5	7397
ENST00000315286.13	7398
ENST00000304062.11	7399
ENST00000401525.7	7400
ENST00000361523.8	7401
ENST00000395523.5	7402
ENST00000300006.9	7403
ENST00000393451.7	7404
ENST00000379378.8	7405
ENST00000334571.7	7406
ENST00000255174.3	7407
ENST00000261600.11	7408
ENST00000266025.4	7409
ENST00000336283.7	7410
ENST00000262055.9	7411
ENST00000398208.3	7412
ENST00000454402.7	7413
ENST00000303562.9	7414
ENST00000298299.4	7415
ENST00000381077.10	7416
ENST00000648542.1	7417
ENST00000331683.10	7418
ENST00000222812.8	7419
ENST00000619189.5	7420
ENST00000360612.5	7421
ENST00000650617.1	7422
ENST00000321256.10	7423
ENST00000357321.9	7424
ENST00000376980.8	7425
ENST00000602212.6	7426
ENST00000374301.7	7427
ENST00000357743.9	7428
ENST00000358130.7	7429
ENST00000256538.9	7430
ENST00000379245.8	7431
ENST00000367874.5	7432
ENST00000297785.8	7433
ENST00000298630.8	7434
ENST00000629482.3	7435
ENST00000428708.6	7436
ENST00000329214.13	7437
ENST00000221543.10	7438
ENST00000217233.8	7439
ENST00000429711.7	7440
ENST00000323760.11	7441
ENST00000586790.6	7442
ENST00000339360.9	7443
ENST00000336032.4	7444
ENST00000292566.4	7445
ENST00000340990.10	7446
ENST00000382456.7	7447
ENST00000368984.8	7448
ENST00000370938.8	7449
ENST00000265857.8	7450
ENST00000263360.11	7451
ENST00000382291.7	7452
ENST00000502527.2	7453
ENST00000297350.9	7454
ENST00000253031.6	7455
ENST00000215941.9	7456
ENST00000413219.6	7457
ENST00000307980.7	7458
ENST00000368926.6	7459
ENST00000264079.11	7460
ENST00000357949.5	7461
ENST00000273920.8	7462
ENST00000572844.1	7463
ENST00000308158.10	7464
ENST00000351698.5	7465
ENST00000346416.7	7466
ENST00000368694.8	7467
ENST00000342483.5	7468
ENST00000397410.10	7469
ENST00000371320.7	7470
ENST00000407315.6	7471
ENST00000534854.6	7472
ENST00000376509.4	7473
ENST00000367739.9	7474
ENST00000372586.4	7475
ENST00000396751.6	7476
ENST00000409789.5	7477
ENST00000286317.6	7478
ENST00000372841.8	7479
ENST00000304271.11	7480
ENST00000374617.9	7481
ENST00000618250.4	7482
ENST00000442738.7	7483
ENST00000372435.10	7484
ENST00000319296.10	7485
ENST00000271526.9	7486
ENST00000392524.6	7487
ENST00000367924.1	7488
ENST00000375614.6	7489
ENST00000361234.9	7490
ENST00000375053.6	7491
ENST00000381070.8	7492
ENST00000620338.4	7493
ENST00000381317.9	7494
ENST00000405430.5	7495
ENST00000409624.1	7496
ENST00000318631.8	7497
ENST00000321757.11	7498
ENST00000343483.7	7499
ENST00000394654.3	7500
ENST00000375490.9	7501
ENST00000412716.8	7502
ENST00000248306.8	7503
ENST00000509156.5	7504
ENST00000619387.5	7505
ENST00000234875.9	7506
ENST00000366621.8	7507
ENST00000381750.9	7508
ENST00000425380.6	7509
ENST00000548249.5	7510
ENST00000374941.8	7511
ENST00000266087.12	7512
ENST00000531188.6	7513
ENST00000444614.8	7514
ENST00000301329.10	7515
ENST00000373627.9	7516
ENST00000264080.11	7517
ENST00000290429.11	7518
ENST00000368336.10	7519
ENST00000483233.5	7520
ENST00000289989.10	7521
ENST00000002501.11	7522
ENST00000297689.4	7523
ENST00000236671.7	7524
ENST00000254940.10	7525
ENST00000229758.8	7526
ENST00000355091.9	7527
ENST00000328381.10	7528
ENST00000254976.7	7529
ENST00000358022.4	7530
ENST00000374435.3	7531
ENST00000264335.13	7532
ENST00000262887.10	7533
ENST00000651354.1	7534
ENST00000393132.2	7535
ENST00000397566.5	7536
ENST00000450736.6	7537
ENST00000594369.6	7538
ENST00000330263.5	7539
ENST00000248437.9	7540
ENST00000320912.8	7541
ENST00000253496.3	7542
ENST00000349456.8	7543
ENST00000242576.7	7544
ENST00000372592.8	7545
ENST00000663595.1	7546
ENST00000249861.9	7547
ENST00000348579.6	7548
ENST00000611161.2	7549
ENST00000369047.9	7550
ENST00000262187.10	7551
ENST00000355119.8	7552
ENST00000635031.1	7553
ENST00000392329.7	7554
ENST00000310325.10	7555
ENST00000374222.5	7556
ENST00000348721.3	7557
ENST00000267812.4	7558
ENST00000243167.9	7559
ENST00000367993.7	7560
ENST00000310682.6	7561
ENST00000247706.4	7562
ENST00000419091.6	7563
ENST00000234091.8	7564
ENST00000372281.8	7565
ENST00000549621.5	7566
ENST00000530028.3	7567
ENST00000314531.5	7568
ENST00000368845.6	7569
ENST00000357338.3	7570
ENST00000378980.8	7571
ENST00000309061.12	7572
ENST00000326427.11	7573
ENST00000264595.7	7574
ENST00000379375.6	7575
ENST00000339600.6	7576
ENST00000287842.7	7577
ENST00000532971.2	7578
ENST00000534947.5	7579
ENST00000464506.2	7580
ENST00000366592.8	7581
ENST00000280665.11	7582
ENST00000323699.9	7583
ENST00000337859.11	7584
ENST00000312184.6	7585
ENST00000337233.8	7586
ENST00000367627.8	7587
ENST00000216034.6	7588
ENST00000260453.4	7589
ENST00000391440.3	7590
ENST00000257013.9	7590
ENST00000370775.2	7590
ENST00000256442.10	7591
ENST00000376004.5	7592
ENST00000289119.7	7593
ENST00000383229.7	7594
ENST00000474781.5	7595
ENST00000314852.2	7596
ENST00000372991.9	7597
ENST00000279242.7	7598
ENST00000248121.7	7599
ENST00000373014.5	7600
ENST00000331456.7	7601
ENST00000310754.5	7602
ENST00000370575.5	7603
ENST00000294168.8	7604
ENST00000393812.4	7605
ENST00000371750.9	7606
ENST00000394391.9	7607
ENST00000598742.6	7608
ENST00000558555.6	7609
ENST00000254803.4	7610
ENST00000256255.11	7611
ENST00000399277.6	7612
ENST00000243045.10	7613
ENST00000264833.8	7614
ENST00000216038.6	7615
ENST00000337304.2	7616
ENST00000337132.10	7617
ENST00000229903.5	7618
ENST00000268797.12	7619
ENST00000265038.9	7620
ENST00000397583.8	7621
ENST00000300069.5	7622
ENST00000288167.8	7623
ENST00000373365.5	7624
ENST00000242159.5	7625
ENST00000305885.3	7626
ENST00000533050.6	7627
ENST00000577395.5	7628
ENST00000431802.5	7629
ENST00000272928.4	7630
ENST00000233047.8	7631
ENST00000376918.7	7632
ENST00000239223.4	7633
ENST00000261884.8	7634
ENST00000216121.12	7635
ENST00000215904.7	7636
ENST00000290363.6	7637
ENST00000271764.7	7638
ENST00000313511.8	7639
ENST00000382363.8	7640
ENST00000358664.9	7641
ENST00000321169.10	7642
ENST00000292450.9	7643
ENST00000539589.5	7644
ENST00000311181.5	7645
ENST00000423777.7	7646
ENST00000370360.8	7647
ENST00000541182.1	7648
ENST00000369534.8	7649
ENST00000356433.10	7650
ENST00000269389.8	7651
ENST00000649276.1	7652
ENST00000332503.6	7653
ENST00000216727.8	7654
ENST00000393545.9	7655
ENST00000623276.3	7656
ENST00000317799.10	7657
ENST00000275767.3	7658
ENST00000533400.6	7659
ENST00000256379.9	7660
ENST00000303746.10	7661
ENST00000367330.6	7662
ENST00000264279.10	7663
ENST00000322090.8	7664
ENST00000262188.12	7665
ENST00000321149.7	7666
ENST00000262613.10	7667
ENST00000539909.6	7668
ENST00000370206.9	7669
ENST00000246190.10	7670
ENST00000652396.1	7671
ENST00000261369.9	7672
ENST00000425432.6	7673
ENST00000398322.7	7674
ENST00000374900.4	7675
ENST00000422154.6	7676
ENST00000565263.6	7677
ENST00000304842.6	7678
ENST00000323206.2	7679
ENST00000393674.7	7680
ENST00000298717.9	7681
ENST00000371697.3	7682
ENST00000539827.5	7683
ENST00000360652.7	7684
ENST00000355849.10	7685
ENST00000370508.7	7686
ENST00000320316.8	7687
ENST00000295688.8	7688
ENST00000379817.7	7689
ENST00000393760.6	7690
ENST00000354190.10	7691
ENST00000342435.9	7692
ENST00000622804.1	7693
ENST00000303460.5	7694
ENST00000206542.9	7695
ENST00000451321.6	7696
ENST00000204679.9	7697
ENST00000427358.3	7698
ENST00000423137.1	7699
ENST00000372394.5	7700
ENST00000372813.4	7701
ENST00000368232.8	7702
ENST00000236959.14	7703
ENST00000332780.4	7704
ENST00000438320.6	7705
ENST00000355299.8	7706
ENST00000268896.10	7707
ENST00000371085.7	7708
ENST00000215790.12	7709
ENST00000376008.3	7710
ENST00000612750.5	7711
ENST00000306908.10	7712
ENST00000370509.5	7713
ENST00000203630.9	7714
ENST00000219204.8	7715
ENST00000301391.8	7716
ENST00000372457.9	7717
ENST00000436261.5	7718
ENST00000248706.5	7719
ENST00000313269.5	7720
ENST00000597229.2	7721
ENST00000375991.9	7722
ENST00000326737.3	7723
ENST00000526727.5	7724
ENST00000350027.8	7725
ENST00000450168.2	7726
ENST00000253457.8	7727
ENST00000271452.8	7728
ENST00000306103.3	7729
ENST00000416274.7	7730
ENST00000375527.3	7731
ENST00000278243.9	7732
ENST00000334805.10	7733
ENST00000309469.9	7734
ENST00000439502.6	7735
ENST00000232744.13	7736
ENST00000280614.4	7737
ENST00000216420.12	7738
ENST00000522111.3	7739
ENST00000250489.8	7740
ENST00000308860.11	7741
ENST00000240617.10	7742
ENST00000484302.3	7743
ENST00000339157.10	7744
ENST00000405598.5	7745
ENST00000268835.7	7746
ENST00000202017.6	7747
ENST00000360001.11	7748
ENST00000648319.1	7749
ENST00000294244.9	7750
ENST00000262643.8	7751
ENST00000369908.9	7752
ENST00000614445.4	7753
ENST00000343381.10	7754
ENST00000263578.10	7755
ENST00000397132.6	7756
ENST00000447388.7	7757
ENST00000446465.3	7758
ENST00000450735.7	7759
ENST00000504156.7	7760
ENST00000394926.7	7761
ENST00000392129.10	7762
ENST00000315423.12	7763
ENST00000221138.9	7764
ENST00000333511.9	7765
ENST00000043402.8	7766
ENST00000377575.3	7767
ENST00000367419.10	7768
ENST00000538862.6	7769
ENST00000306601.9	7770
ENST00000396706.2	7771
ENST00000350690.10	7772
ENST00000620771.4	7773
ENST00000234038.11	7774
ENST00000361427.6	7775
ENST00000341491.9	7776
ENST00000382723.5	7777
ENST00000577745.2	7778
ENST00000610935.2	7779
ENST00000320152.11	7780
ENST00000343810.9	7781
ENST00000258662.3	7782
ENST00000222219.8	7783
ENST00000333213.11	7784
ENST00000296484.7	7785
ENST00000414822.8	7786
ENST00000268150.13	7787
ENST00000380274.2	7788
ENST00000378198.9	7789
ENST00000254436.8	7790
ENST00000307998.11	7791
ENST00000326005.10	7792
ENST00000418458.6	7793
ENST00000305264.8	7794
ENST00000406384.5	7795
ENST00000331803.8	7796
ENST00000220763.10	7797
ENST00000373255.9	7798
ENST00000402394.6	7799
ENST00000381334.10	7800
ENST00000228251.9	7801
ENST00000245451.9	7802
ENST00000381359.5	7803
ENST00000564644.5	7804
ENST00000392173.6	7805
ENST00000378895.9	7806
ENST00000252818.5	7807
ENST00000253110.16	7808
ENST00000539247.5	7809
ENST00000369747.8	7810
ENST00000297431.9	7811
ENST00000270583.10	7812
ENST00000221431.11	7813
ENST00000359365.8	7814
ENST00000259818.8	7815
ENST00000586600.5	7816
ENST00000311086.9	7817
ENST00000262288.8	7818
ENST00000393033.9	7819
ENST00000409990.7	7820
ENST00000342016.8	7821
ENST00000323061.7	7822
ENST00000250101.10	7823
ENST00000299300.11	7824
ENST00000301281.11	7825
ENST00000373605.7	7826
ENST00000234677.7	7827
ENST00000268379.9	7828
ENST00000332822.6	7829
ENST00000329276.10	7830
ENST00000215742.9	7831
ENST00000393860.7	7832
ENST00000648987.1	7833
ENST00000261783.4	7834
ENST00000264151.10	7835
ENST00000164305.10	7836
ENST00000380379.10	7837
ENST00000361847.7	7838
ENST00000544612.6	7839
ENST00000619913.4	7840
ENST00000572447.6	7841
ENST00000262139.10	7842
ENST00000645668.2	7843
ENST00000240851.9	7844
ENST00000295777.9	7845
ENST00000307180.4	7846
ENST00000357814.8	7847
ENST00000244137.12	7848
ENST00000326153.9	7849
ENST00000649030.2	7850
ENST00000592949.5	7851
ENST00000417647.7	7852
ENST00000541323.1	7853
ENST00000596251.6	7854
ENST00000521389.6	7855
ENST00000338663.11	7856
ENST00000295830.13	7857
ENST00000631941.2	7858
ENST00000343459.8	7859
ENST00000223500.9	7860
ENST00000322940.11	7861
ENST00000311481.11	7862
ENST00000366329.6	7863
ENST00000316448.10	7864
ENST00000373709.8	7865
ENST00000360403.7	7866
ENST00000225729.8	7867
ENST00000278980.10	7868
ENST00000322623.10	7869
ENST00000316660.7	7870
ENST00000348411.3	7871
ENST00000394609.6	7872
ENST00000257787.6	7873
ENST00000367411.7	7874
ENST00000262033.11	7875
ENST00000276914.7	7876
ENST00000337344.9	7877
ENST00000263655.4	7878
ENST00000295992.8	7879
ENST00000322217.6	7880
ENST00000258415.9	7881
ENST00000265195.9	7882
ENST00000377960.9	7883
ENST00000393586.1	7884
ENST00000574385.5	7885
ENST00000262990.9	7886
ENST00000233121.7	7887
ENST00000296048.10	7888
ENST00000262061.7	7889
ENST00000361383.11	7890
ENST00000369967.7	7891
ENST00000395284.8	7892
ENST00000528655.5	7893
ENST00000260443.9	7894
ENST00000426633.6	7895
ENST00000622735.2	7896
ENST00000372090.6	7897
ENST00000394671.7	7898
ENST00000295766.9	7899
ENST00000262506.8	7900
ENST00000248450.8	7901
ENST00000323963.10	7902
ENST00000320578.3	7903
ENST00000382374.9	7904
ENST00000221283.10	7905
ENST00000295927.4	7906
ENST00000581521.5	7907
ENST00000374492.8	7908
ENST00000266458.10	7909
ENST00000335512.8	7910
ENST00000381112.7	7911
ENST00000429687.7	7912
ENST00000360814.8	7913
ENST00000216190.13	7914
ENST00000371204.4	7915
ENST00000317702.10	7916
ENST00000263201.7	7917
ENST00000217971.8	7918
ENST00000264059.8	7919
ENST00000336307.6	7920
ENST00000380283.5	7921
ENST00000265395.7	7922
ENST00000525451.6	7923
ENST00000422318.7	7924
ENST00000164227.10	7925
ENST00000338045.7	7926
ENST00000241261.7	7927
ENST00000274054.3	7928
ENST00000303596.3	7929
ENST00000307767.13	7930
ENST00000225298.12	7931
ENST00000603798.6	7932
ENST00000391842.5	7933
ENST00000370032.9	7934
ENST00000419869.7	7935
ENST00000303721.12	7936
ENST00000395047.6	7937
ENST00000262067.5	7938
ENST00000379957.8	7939
ENST00000442898.5	7940
ENST00000247977.9	7941
ENST00000256257.2	7942
ENST00000301455.7	7943
ENST00000336985.11	7944
ENST00000395609.5	7945
ENST00000530374.5	7946
ENST00000227266.10	7947
ENST00000415061.8	7948
ENST00000326974.9	7949
ENST00000400590.7	7950
ENST00000307921.7	7951
ENST00000648936.2	7952
ENST00000331373.10	7953
ENST00000265322.8	7954
ENST00000535401.5	7955
ENST00000591470.5	7956
ENST00000373894.8	7957
ENST00000343210.11	7958
ENST00000483851.6	7959
ENST00000376389.8	7960
ENST00000326282.5	7961
ENST00000257904.11	7962
ENST00000310496.9	7963
ENST00000312838.9	7964
ENST00000309276.10	7965
ENST00000433922.6	7966
ENST00000249396.12	7967
ENST00000340356.9	7968
ENST00000342206.10	7969
ENST00000371226.8	7970
ENST00000230354.10	7971
ENST00000281938.7	7972
ENST00000564088.5	7973
ENST00000235310.7	7974
ENST00000371756.4	7975
ENST00000372506.5	7976
ENST00000286733.9	7977
ENST00000358314.12	7978
ENST00000242592.9	7979
ENST00000215794.8	7980
ENST00000343575.10	7981
ENST00000373944.8	7982
ENST00000334983.10	7983
ENST00000304189.6	7984
ENST00000377798.9	7985
ENST00000429709.7	7986
ENST00000369552.9	7987
ENST00000261234.11	7988
ENST00000616144.4	7989
ENST00000286788.9	7990
ENST00000367576.6	7991
ENST00000361891.9	7992
ENST00000297265.5	7993
ENST00000399892.7	7994
ENST00000287820.10	7995
ENST00000266014.10	7996
ENST00000361288.9	7997
ENST00000373044.3	7998
ENST00000345664.10	7999
ENST00000408888.8	8000
ENST00000258091.10	8001
ENST00000321356.9	8002
ENST00000286371.8	8003
ENST00000314144.10	8004
ENST00000345005.8	8005
ENST00000543774.6	8006
ENST00000293195.10	8007
ENST00000439096.3	8008
ENST00000378533.4	8009
ENST00000376560.8	8010
ENST00000392523.8	8011
ENST00000306108.10	8012
ENST00000316218.12	8013
ENST00000466072.5	8014
ENST00000534025.6	8015
ENST00000219789.11	8016
ENST00000262428.5	8017
ENST00000421241.6	8018
ENST00000510994.5	8019
ENST00000409501.7	8020
ENST00000261475.9	8021
ENST00000614766.5	8022
ENST00000303004.5	8023
ENST00000297565.8	8024
ENST00000257347.9	8025
ENST00000574882.5	8026
ENST00000269321.12	8027
ENST00000276416.11	8028
ENST00000301905.9	8029
ENST00000389017.6	8030
ENST00000313578.4	8031
ENST00000238379.9	8032
ENST00000392920.8	8033
ENST00000338399.9	8034
ENST00000641389.1	8035
ENST00000395074.6	8036
ENST00000221856.11	8037
ENST00000321030.9	8038
ENST00000370274.8	8039
ENST00000290759.9	8040
ENST00000307720.4	8041
ENST00000278407.9	8042
ENST00000323345.11	8043
ENST00000525361.5	8043
ENST00000589334.5	8044
ENST00000302754.6	8045
ENST00000373842.9	8046
ENST00000315792.5	8047
ENST00000227474.8	8048
ENST00000393913.8	8049
ENST00000533682.2	8050
ENST00000531909.5	8051
ENST00000312280.9	8052
ENST00000297991.6	8053
ENST00000260386.7	8054
ENST00000254108.12	8055
ENST00000372542.5	8056
ENST00000358215.8	8057
ENST00000292476.10	8058
ENST00000547026.5	8059
ENST00000305536.11	8060
ENST00000503771.2	8061
ENST00000269373.11	8062
ENST00000072644.7	8063
ENST00000651500.1	8064
ENST00000299610.5	8065
ENST00000264020.6	8066
ENST00000372070.7	8067
ENST00000358007.7	8068
ENST00000595358.5	8069
ENST00000308748.10	8070
ENST00000260508.9	8071
ENST00000367454.5	8072
ENST00000359623.9	8073
ENST00000256996.9	8074
ENST00000209873.9	8075
ENST00000409520.7	8076
ENST00000268717.10	8077
ENST00000377842.7	8078
ENST00000283646.5	8079
ENST00000309922.7	8080
ENST00000327304.10	8081
ENST00000277746.11	8082
ENST00000290810.8	8083
ENST00000392627.7	8084
ENST00000261416.12	8085
ENST00000646664.1	8086
ENST00000392490.5	8087
ENST00000037869.7	8088
ENST00000489418.6	8089
ENST00000288723.8	8090
ENST00000448521.5	8091
ENST00000266529.8	8092
ENST00000368021.7	8093
ENST00000347055.4	8094
ENST00000322611.4	8095
ENST00000457167.9	8096
ENST00000418115.6	8097
ENST00000373970.4	8098
ENST00000349394.6	8099
ENST00000394863.8	8100
ENST00000391711.7	8101
ENST00000308027.7	8102
ENST00000286070.10	8103
ENST00000309522.8	8104
ENST00000361574.10	8105
ENST00000368218.8	8106
ENST00000334828.6	8107
ENST00000376371.7	8108
ENST00000267415.12	8109
ENST00000447601.6	8110
ENST00000373830.4	8111
ENST00000204566.7	8112
ENST00000336737.8	8113
ENST00000262109.8	8114
ENST00000327141.9	8115
ENST00000403892.7	8116
ENST00000396124.9	8117
ENST00000372447.7	8118
ENST00000297532.11	8119
ENST00000294179.8	8120
ENST00000611155.4	8121
ENST00000377615.7	8122
ENST00000247003.9	8123
ENST00000321265.10	8124
ENST00000377400.8	8125
ENST00000568606.5	8126
ENST00000366560.4	8127
ENST00000321895.7	8128
ENST00000263202.15	8129
ENST00000278829.7	8130
ENST00000612460.5	8131
ENST00000272217.7	8132
ENST00000614058.4	8133
ENST00000420702.6	8134
ENST00000264771.9	8135
ENST00000297071.9	8136
ENST00000366514.5	8137
ENST00000306627.8	8138
ENST00000409333.1	8139
ENST00000358290.9	8140
ENST00000251413.8	8141
ENST00000251412.8	8141
ENST00000266556.8	8142
ENST00000597960.7	8143
ENST00000452853.6	8144
ENST00000228922.11	8145
ENST00000251363.10	8146
ENST00000336294.10	8147
ENST00000319017.5	8148
ENST00000269260.7	8149
ENST00000215659.13	8150
ENST00000372462.1	8151
ENST00000216085.12	8152
ENST00000409668.1	8153
ENST00000371558.7	8154
ENST00000380198.6	8155
ENST00000395834.5	8156
ENST00000262482.11	8157
ENST00000238651.9	8158
ENST00000217182.6	8159
ENST00000395860.7	8160
ENST00000586534.6	8161
ENST00000328709.8	8162
ENST00000325748.9	8163
ENST00000259229.7	8164
ENST00000477703.6	8165
ENST00000370109.8	8166
ENST00000426677.7	8167
ENST00000255631.9	8168
ENST00000356467.4	8169
ENST00000353379.12	8170
ENST00000574322.6	8171
ENST00000382125.8	8172
ENST00000275766.2	8173
ENST00000331581.10	8174
ENST00000330877.6	8175
ENST00000371370.8	8176
ENST00000219252.10	8177
ENST00000373212.6	8178
ENST00000263697.6	8179
ENST00000368440.5	8180
ENST00000329548.5	8181
ENST00000427575.6	8182
ENST00000378372.8	8183
ENST00000616035.4	8184
ENST00000262030.8	8185
ENST00000296930.9	8186
ENST00000236273.9	8187
ENST00000292577.11	8188
ENST00000378842.8	8189
ENST00000279263.13	8190
ENST00000259953.8	8191
ENST00000613183.1	8192
ENST00000372715.6	8193
ENST00000380574.5	8194
ENST00000319359.8	8195
ENST00000326194.10	8196
ENST00000372466.8	8197
ENST00000361092.9	8198
ENST00000157812.7	8199
ENST00000373030.8	8200
ENST00000331573.8	8201
ENST00000373573.9	8202
ENST00000554914.1	8203
ENST00000594442.2	8204
ENST00000340607.5	8205
ENST00000554643.5	8206
ENST00000248975.6	8207
ENST00000487577.5	8208
ENST00000271889.8	8209
ENST00000358572.10	8210
ENST00000339374.10	8211
ENST00000351111.7	8212
ENST00000250244.10	8213
ENST00000320334.5	8214
ENST00000451739.6	8215
ENST00000229329.7	8216
ENST00000225688.4	8217
ENST00000355904.9	8218
ENST00000328631.10	8219
ENST00000222305.8	8220
ENST00000366957.10	8221
ENST00000331890.6	8222
ENST00000329957.7	8223
ENST00000634944.1	8224
ENST00000344629.11	8225
ENST00000307365.4	8226
ENST00000431843.7	8227
ENST00000372289.7	8228
ENST00000369909.6	8229
ENST00000374656.5	8230
ENST00000335783.4	8231
ENST00000241051.8	8232
ENST00000395245.9	8233
ENST00000392386.8	8234
ENST00000597198.5	8235
ENST00000332859.11	8236
ENST00000424086.5	8237
ENST00000525239.5	8238
ENST00000564104.5	8239
ENST00000266254.12	8240
ENST00000358784.11	8241
ENST00000304222.2	8242
ENST00000379286.6	8243
ENST00000436644.6	8244
ENST00000463569.5	8245
ENST00000399672.5	8246
ENST00000372257.7	8247
ENST00000367999.9	8248
ENST00000649295.1	8249
ENST00000312629.10	8250
ENST00000396679.6	8251
ENST00000322344.8	8252
ENST00000373714.5	8253
ENST00000369109.8	8254
ENST00000315144.14	8255
ENST00000376510.8	8256
ENST00000409257.9	8257
ENST00000407422.8	8258
ENST00000260102.9	8259
ENST00000538426.5	8260
ENST00000613266.4	8261
ENST00000304478.9	8262
ENST00000610970.1	8263
ENST00000009041.11	8264
ENST00000261881.9	8265
ENST00000313777.9	8266
ENST00000303577.7	8267
ENST00000262948.10	8268
ENST00000393261.8	8269
ENST00000428879.5	8270
ENST00000328666.11	8271
ENST00000270061.12	8272
ENST00000282728.10	8273
ENST00000368868.10	8274
ENST00000395321.6	8275
ENST00000006777.11	8276
ENST00000453996.7	8277
ENST00000320270.4	8278
ENST00000567435.5	8279
ENST00000450454.7	8280
ENST00000574733.5	8281
ENST00000280696.9	8282
ENST00000230340.9	8283
ENST00000295083.8	8284
ENST00000600490.5	8285
ENST00000568000.6	8286
ENST00000451682.5	8287
ENST00000322428.10	8288
ENST00000336990.8	8289
ENST00000084798.9	8290
ENST00000555309.5	8291
ENST00000249776.12	8292
ENST00000399728.5	8293
ENST00000355841.7	8294
ENST00000259895.9	8295
ENST00000359864.7	8296
ENST00000371614.2	8297
ENST00000368521.9	8298
ENST00000264995.8	8299
ENST00000301838.5	8300
ENST00000430889.3	8301
ENST00000308683.3	8302
ENST00000648346.1	8303
ENST00000543039.2	8304
ENST00000335791.10	8305
ENST00000312438.8	8306
ENST00000250092.11	8307
ENST00000244050.3	8308
ENST00000358005.7	8309
ENST00000593829.6	8310
ENST00000373290.7	8311
ENST00000342503.8	8312
ENST00000404933.7	8313
ENST00000312562.7	8314
ENST00000378090.9	8315
ENST00000439556.3	8316
ENST00000317897.5	8317
ENST00000449337.6	8318
ENST00000228438.2	8319
ENST00000333167.13	8320
ENST00000436066.4	8321
ENST00000029410.10	8322
ENST00000443597.7	8323
ENST00000355315.8	8324
ENST00000508394.6	8325
ENST00000456790.2	8326
ENST00000312419.8	8327
ENST00000216014.9	8328
ENST00000200457.9	8329
ENST00000270708.12	8330
ENST00000225665.12	8331
ENST00000262633.9	8332
ENST00000350028.5	8333
ENST00000377716.6	8334
ENST00000375533.6	8335
ENST00000340385.6	8336
ENST00000320095.12	8337
ENST00000263382.8	8338
ENST00000375792.7	8339
ENST00000267488.8	8340
ENST00000301244.12	8341
ENST00000306406.5	8342
ENST00000395833.7	8343
ENST00000285814.9	8344
ENST00000437553.6	8345
ENST00000288943.5	8346
ENST00000258052.8	8347
ENST00000216330.7	8348
ENST00000338415.8	8349
ENST00000451315.7	8350
ENST00000370747.9	8351
ENST00000372285.8	8352
ENST00000380523.8	8353
ENST00000342045.6	8354
ENST00000343818.11	8355
ENST00000250383.11	8356
ENST00000396024.7	8357
ENST00000264202.8	8358
ENST00000648006.2	8359
ENST00000336430.11	8360
ENST00000613466.4	8361
ENST00000506259.5	8362
ENST00000353172.6	8363
ENST00000277010.9	8364
ENST00000330368.3	8365
ENST00000373538.8	8366
ENST00000598441.6	8367
ENST00000300255.7	8368
ENST00000222726.4	8369
ENST00000378572.8	8370
ENST00000232496.5	8371
ENST00000389912.7	8372
ENST00000241393.4	8373
ENST00000378750.10	8374
ENST00000375349.7	8375
ENST00000610140.7	8376
ENST00000302279.8	8377
ENST00000602117.1	8378
ENST00000306306.8	8379
ENST00000391812.5	8380
ENST00000416503.6	8381
ENST00000380815.5	8382
ENST00000331457.9	8383
ENST00000303210.9	8384
ENST00000276500.4	8385
ENST00000443358.6	8386
ENST00000325167.9	8387
ENST00000215570.8	8388
ENST00000223368.7	8389
ENST00000216639.8	8390
ENST00000312423.4	8391
ENST00000263354.8	8392
ENST00000372479.7	8393
ENST00000464488.3	8394
ENST00000396052.3	8395
ENST00000368199.7	8396
ENST00000533558.5	8397
ENST00000444321.2	8398
ENST00000548065.7	8399
ENST00000373016.4	8400
ENST00000281623.8	8401
ENST00000335390.6	8402
ENST00000343150.10	8403
ENST00000238721.9	8404
ENST00000272444.7	8405
ENST00000633531.1	8406
ENST00000309739.6	8407
ENST00000270257.9	8408
ENST00000308197.9	8409
ENST00000326739.9	8410
ENST00000264389.7	8411
ENST00000243108.5	8412
ENST00000645190.1	8413
ENST00000367287.5	8414
ENST00000278460.12	8415
ENST00000330579.6	8416
ENST00000220507.5	8417
ENST00000425642.2	8418
ENST00000544381.4	8419
ENST00000370664.4	8420
ENST00000270517.12	8421
ENST00000378531.8	8422
ENST00000361605.4	8423
ENST00000278422.9	8424
ENST00000428559.7	8425
ENST00000315580.9	8426
ENST00000307407.8	8427
ENST00000206474.11	8428
ENST00000371785.5	8429
ENST00000296511.10	8430
ENST00000647897.1	8431
ENST00000299626.10	8432
ENST00000356017.8	8433
ENST00000511817.1	8434
ENST00000374767.5	8435
ENST00000425728.6	8436
ENST00000290949.8	8437
ENST00000338134.8	8438
ENST00000304661.6	8439
ENST00000374514.8	8440
ENST00000264108.5	8441
ENST00000265164.7	8442
ENST00000368842.10	8443
ENST00000303809.7	8444
ENST00000397956.7	8445
ENST00000379215.9	8446
ENST00000306730.8	8447
ENST00000361837.9	8448
ENST00000214869.7	8449
ENST00000303142.11	8450
ENST00000448108.7	8451
ENST00000355526.8	8452
ENST00000202917.10	8453
ENST00000219313.9	8454
ENST00000292363.10	8455
ENST00000242261.6	8456
ENST00000262507.11	8457
ENST00000258200.8	8458
ENST00000218758.9	8459
ENST00000230321.10	8460
ENST00000225728.8	8461
ENST00000568641.1	8462
ENST00000502976.5	8463
ENST00000380822.9	8464
ENST00000621943.4	8465
ENST00000331817.6	8466
ENST00000367249.9	8467
ENST00000253270.13	8468
ENST00000261735.4	8469
ENST00000219150.10	8470
ENST00000252207.9	8471
ENST00000376772.8	8472
ENST00000369306.8	8473
ENST00000221494.10	8474
ENST00000395042.2	8475
ENST00000324941.5	8476
ENST00000222005.7	8477
ENST00000331410.10	8478
ENST00000218197.9	8479
ENST00000286428.7	8480
ENST00000263694.9	8481
ENST00000219097.7	8482
ENST00000305533.10	8483
ENST00000530167.1	8484
ENST00000611517.4	8485
ENST00000246868.7	8486
ENST00000323274.15	8487
ENST00000380488.9	8488
ENST00000362007.6	8489
ENST00000395694.7	8490
ENST00000303127.12	8491
ENST00000599840.5	8492
ENST00000429029.6	8493
ENST00000378605.3	8494
ENST00000425719.6	8495
ENST00000225308.12	8496
ENST00000372876.2	8497
ENST00000340852.9	8498
ENST00000295685.14	8499
ENST00000310999.11	8500
ENST00000416007.9	8501
ENST00000397625.8	8502
ENST00000464845.6	8503
ENST00000217402.3	8504
ENST00000265097.9	8505
ENST00000371579.7	8506
ENST00000337491.7	8507
ENST00000370500.10	8508
ENST00000380527.3	8509
ENST00000407693.7	8510
ENST00000216442.12	8511
ENST00000329478.4	8512
ENST00000273139.13	8513
ENST00000381554.8	8514
ENST00000303436.11	8515
ENST00000438980.6	8516
ENST00000203407.6	8517
ENST00000332629.7	8518
ENST00000381473.7	8519
ENST00000652617.1	8520
ENST00000336767.6	8521
ENST00000628514.2	8522
ENST00000246151.9	8523
ENST00000328024.11	8524
ENST00000333467.4	8525
ENST00000532097.6	8526
ENST00000303251.11	8527
ENST00000243498.10	8528
ENST00000282226.5	8529
ENST00000330828.3	8530
ENST00000353341.8	8531
ENST00000311604.8	8532
ENST00000333651.11	8533
ENST00000373912.8	8534
ENST00000509578.1	8535
ENST00000613312.4	8536
ENST00000306072.10	8537
ENST00000244766.7	8538
ENST00000262942.10	8539
ENST00000539111.7	8540
ENST00000619920.4	8541
ENST00000342879.7	8542
ENST00000320848.7	8543
ENST00000545234.6	8544
ENST00000320033.5	8545
ENST00000599612.3	8546
ENST00000360321.7	8547
ENST00000232424.4	8548
ENST00000375599.8	8549
ENST00000375731.9	8550
ENST00000378670.8	8551
ENST00000265806.11	8552
ENST00000450361.2	8553
ENST00000524803.6	8554
ENST00000229266.8	8555
ENST00000258742.10	8556
ENST00000283290.10	8557
ENST00000409682.8	8558
ENST00000323523.8	8559
ENST00000343666.6	8560
ENST00000379977.8	8561
ENST00000382518.6	8562
ENST00000490107.6	8563
ENST00000250535.5	8564
ENST00000304191.4	8565
ENST00000243878.9	8566
ENST00000392818.7	8567
ENST00000374050.4	8568
ENST00000316273.11	8569
ENST00000285379.10	8570
ENST00000611055.4	8571
ENST00000330070.5	8572
ENST00000331479.4	8573
ENST00000395080.8	8574
ENST00000374273.8	8575
ENST00000414487.7	8576
ENST00000381249.4	8577
ENST00000375780.6	8578
ENST00000315467.9	8579
ENST00000301336.7	8580
ENST00000449692.3	8581
ENST00000216797.10	8582
ENST00000396060.7	8583
ENST00000426395.7	8584
ENST00000375333.2	8585
ENST00000332211.10	8586
ENST00000371522.9	8587
ENST00000602710.5	8588
ENST00000371421.9	8589
ENST00000355697.7	8590
ENST00000305366.8	8591
ENST00000343470.9	8592
ENST00000216117.9	8593
ENST00000298510.4	8594
ENST00000474627.8	8595
ENST00000215071.8	8596
ENST00000368407.8	8597
ENST00000397676.8	8598
ENST00000301327.5	8599
ENST00000219481.10	8600
ENST00000393952.3	8601
ENST00000330720.7	8602
ENST00000392519.7	8603
ENST00000215882.10	8604
ENST00000263735.9	8605
ENST00000495075.5	8606
ENST00000562889.5	8607
ENST00000329421.8	8608
ENST00000314787.8	8609
ENST00000371696.7	8610
ENST00000290130.4	8611
ENST00000302631.8	8612
ENST00000397420.9	8613
ENST00000595090.6	8614
ENST00000271628.9	8615
ENST00000380996.9	8616
ENST00000302708.9	8617
ENST00000232501.8	8618
ENST00000232888.7	8619
ENST00000307259.9	8620
ENST00000314392.12	8621
ENST00000380843.9	8622
ENST00000235332.6	8623
ENST00000510585.3	8624
ENST00000263038.9	8625
ENST00000429772.7	8626
ENST00000380421.3	8627
ENST00000351223.7	8628
ENST00000396076.5	8629
ENST00000616640.1	8630
ENST00000265838.9	8631
ENST00000372712.6	8632
ENST00000471583.5	8633
ENST00000230085.13	8634
ENST00000566339.6	8635
ENST00000381209.7	8636
ENST00000251968.4	8637
ENST00000552374.7	8638
ENST00000379774.5	8639
ENST00000649170.1	8640
ENST00000418577.1	8641
ENST00000269097.8	8642
ENST00000549578.6	8643
ENST00000491935.5	8644
ENST00000307275.7	8645
ENST00000253407.4	8646
ENST00000276590.5	8647
ENST00000370495.6	8648
ENST00000645188.1	8649
ENST00000392246.7	8650
ENST00000308659.12	8651
ENST00000279839.8	8652
ENST00000421828.7	8653
ENST00000323997.10	8654
ENST00000367048.5	8655
ENST00000617768.5	8656
ENST00000221573.11	8657
ENST00000596046.1	8658
ENST00000287387.7	8659
ENST00000311208.13	8660
ENST00000617979.5	8661
ENST00000373699.6	8662
ENST00000223061.6	8663
ENST00000247194.9	8664
ENST00000618403.5	8665
ENST00000392028.8	8666
ENST00000400137.9	8667
ENST00000611621.2	8668
ENST00000216446.9	8669
ENST00000378494.8	8670
ENST00000317173.9	8671
ENST00000368892.9	8672
ENST00000266987.7	8673
ENST00000260361.9	8674
ENST00000588030.5	8675
ENST00000264255.8	8676
ENST00000259727.5	8677
ENST00000600324.5	8678
ENST00000302746.11	8679
ENST00000281243.10	8680
ENST00000372422.7	8681
ENST00000267328.5	8682
ENST00000301729.9	8683
ENST00000280701.8	8684
ENST00000396394.6	8685
ENST00000652429.1	8686
ENST00000508190.1	8687
ENST00000431635.6	8688
ENST00000366654.5	8689
ENST00000318528.8	8690
ENST00000369729.7	8691
ENST00000298288.11	8692
ENST00000217131.6	8693
ENST00000317096.9	8694
ENST00000373284.10	8695
ENST00000310614.12	8696
ENST00000258930.8	8697
ENST00000252456.7	8698
ENST00000242776.9	8699
ENST00000219207.10	8700
ENST00000248924.10	8701
ENST00000353704.3	8702
ENST00000617316.2	8703
ENST00000290216.14	8704
ENST00000222256.9	8705
ENST00000372874.9	8706
ENST00000295079.6	8707
ENST00000320776.5	8708
ENST00000307771.7	8709
ENST00000579310.5	8710
ENST00000614167.2	8711
ENST00000372889.5	8712
ENST00000314567.8	8713
ENST00000380051.7	8714
ENST00000288207.7	8715
ENST00000225504.8	8716
ENST00000323563.8	8717
ENST00000368009.7	8718
ENST00000360840.9	8719
ENST00000439742.6	8720
ENST00000222800.7	8721
ENST00000339399.5	8722
ENST00000298248.12	8723
ENST00000345057.9	8724
ENST00000330288.6	8725
ENST00000393114.7	8726
ENST00000348225.7	8727
ENST00000263645.10	8728
ENST00000219599.8	8729
ENST00000222547.8	8730
ENST00000304786.11	8731
ENST00000262932.5	8732
ENST00000295704.7	8733
ENST00000526639.3	8734
ENST00000361505.10	8735
ENST00000371601.5	8736
ENST00000278826.11	8737
ENST00000216068.9	8738
ENST00000406938.3	8739
ENST00000316084.10	8740
ENST00000404366.7	8741
ENST00000301057.8	8742
ENST00000372318.8	8743
ENST00000367811.8	8744
ENST00000394775.3	8745
ENST00000340766.9	8746
ENST00000359435.8	8747
ENST00000249071.11	8748
ENST00000588815.5	8749
ENST00000396813.5	8750
ENST00000217958.8	8751
ENST00000270645.8	8752
ENST00000247843.7	8753
ENST00000372025.5	8754
ENST00000287025.4	8755
ENST00000263384.12	8756
ENST00000581066.2	8757
ENST00000310392.5	8758
ENST00000397404.5	8759
ENST00000381571.6	8760
ENST00000328663.8	8761
ENST00000323249.8	8762
ENST00000532059.5	8763
ENST00000293971.10	8764
ENST00000373586.1	8765
ENST00000377526.4	8766
ENST00000401959.6	8767
ENST00000228827.8	8768
ENST00000293872.12	8769
ENST00000235532.9	8770
ENST00000254654.8	8771
ENST00000390658.4	8772
ENST00000318471.5	8773
ENST00000256460.8	8774
ENST00000216714.8	8775
ENST00000296238.4	8776
ENST00000328697.11	8777
ENST00000265471.10	8778
ENST00000369982.5	8779
ENST00000376148.9	8780
ENST00000265616.10	8781
ENST00000265965.10	8782
ENST00000381401.11	8783
ENST00000273308.9	8784
ENST00000418543.8	8785
ENST00000269159.8	8786
ENST00000392481.6	8787
ENST00000398153.7	8788
ENST00000258975.7	8789
ENST00000327490.8	8790
ENST00000375429.8	8791
ENST00000225614.6	8792
ENST00000376753.9	8793
ENST00000381140.9	8794
ENST00000296503.10	8795
ENST00000231238.10	8796
ENST00000342972.3	8797
ENST00000336854.8	8798
ENST00000333050.7	8799
ENST00000576930.5	8800
ENST00000254722.9	8801
ENST00000438419.6	8802
ENST00000370383.5	8803
ENST00000274458.9	8804
ENST00000409753.8	8805
ENST00000396914.4	8806
ENST00000352903.6	8807
ENST00000647529.1	8808
ENST00000362011.7	8809
ENST00000366651.7	8810
ENST00000234454.6	8811
ENST00000264908.11	8812
ENST00000243662.11	8813
ENST00000372836.5	8814
ENST00000329399.7	8815
ENST00000261313.3	8816
ENST00000301634.12	8817
ENST00000262962.12	8818
ENST00000295901.8	8819
ENST00000288607.3	8820
ENST00000295666.6	8821
ENST00000256443.8	8822
ENST00000243189.12	8823
ENST00000244227.8	8824
ENST00000325926.4	8825
ENST00000533632.6	8826
ENST00000393599.3	8827
ENST00000393473.6	8828
ENST00000359957.8	8829
ENST00000338193.11	8830
ENST00000396628.6	8831
ENST00000243347.5	8832
ENST00000376745.9	8833
ENST00000405204.6	8834
ENST00000388837.6	8835
ENST00000308317.10	8836
ENST00000348956.7	8837
ENST00000519374.6	8838
ENST00000022615.9	8839
ENST00000299705.10	8840
ENST00000322048.12	8841
ENST00000215574.9	8842
ENST00000371626.9	8843
ENST00000382564.8	8844
ENST00000393795.7	8845
ENST00000248600.5	8846
ENST00000375431.9	8847
ENST00000258455.8	8848
ENST00000233809.9	8849
ENST00000370277.5	8850
ENST00000326266.13	8851
ENST00000313843.8	8852
ENST00000348354.7	8853
ENST00000397299.9	8854
ENST00000435506.7	8855
ENST00000588790.5	8856
ENST00000380118.7	8857
ENST00000253669.10	8858
ENST00000303904.8	8859
ENST00000344962.9	8860
ENST00000542893.2	8861
ENST00000376473.9	8862
ENST00000279387.12	8863
ENST00000375128.5	8864
ENST00000259873.5	8865
ENST00000493111.7	8866
ENST00000345635.8	8867
ENST00000394231.8	8868
ENST00000285947.5	8869
ENST00000298585.3	8870
ENST00000298556.8	8871
ENST00000216452.9	8872
ENST00000268605.11	8873
ENST00000300784.8	8874
ENST00000391851.8	8875
ENST00000538789.5	8876
ENST00000620173.4	8877
ENST00000369023.8	8878
ENST00000361566.7	8879
ENST00000335756.9	8880
ENST00000266735.9	8881
ENST00000377811.3	8882
ENST00000333130.3	8883
ENST00000292035.10	8884
ENST00000344537.10	8885
ENST00000311141.6	8886
ENST00000294258.8	8887
ENST00000224784.10	8888
ENST00000290378.6	8888
ENST00000222224.4	8889
ENST00000535923.6	8890
ENST00000335765.9	8891
ENST00000324871.12	8892
ENST00000358791.9	8893
ENST00000303088.9	8894
ENST00000368097.9	8895
ENST00000370626.4	8896
ENST00000600100.6	8897
ENST00000250340.9	8898
ENST00000283474.12	8899
ENST00000321331.11	8900
ENST00000293860.6	8901
ENST00000389167.9	8902
ENST00000215631.9	8903
ENST00000380394.9	8904
ENST00000272937.10	8905
ENST00000591090.5	8906
ENST00000340093.8	8907
ENST00000269740.9	8908
ENST00000054650.8	8909
ENST00000379979.8	8910
ENST00000175091.5	8911
ENST00000356493.10	8912
ENST00000306442.5	8913
ENST00000257696.5	8914
ENST00000239165.9	8915
ENST00000235835.7	8916
ENST00000531072.1	8917
ENST00000376032.9	8918
ENST00000282572.5	8919
ENST00000285930.9	8920
ENST00000379847.8	8921
ENST00000368858.9	8922
ENST00000357519.9	8923
ENST00000575195.2	8924
ENST00000233596.8	8925
ENST00000263974.4	8926
ENST00000350697.8	8927
ENST00000379160.3	8928
ENST00000348547.6	8929
ENST00000378319.8	8930
ENST00000283006.7	8931
ENST00000452211.5	8932
ENST00000370986.9	8933
ENST00000296149.9	8934
ENST00000399069.8	8935
ENST00000396705.10	8936
ENST00000205194.5	8937
ENST00000262302.14	8938
ENST00000304301.10	8939
ENST00000292894.2	8940
ENST00000216968.5	8941
ENST00000235382.7	8942
ENST00000398712.7	8943
ENST00000346234.7	8944
ENST00000396861.5	8945
ENST00000389703.7	8946
ENST00000605786.5	8947
ENST00000261692.7	8948
ENST00000425753.7	8949
ENST00000210060.12	8950
ENST00000551150.5	8951
ENST00000282074.7	8952
ENST00000612363.2	8953
ENST00000375156.4	8954
ENST00000249442.11	8955
ENST00000622845.5	8956
ENST00000379095.5	8957
ENST00000219548.9	8958
ENST00000375549.8	8959
ENST00000380842.5	8960
ENST00000216479.8	8961
ENST00000393600.8	8962
ENST00000261813.9	8963
ENST00000368797.10	8964
ENST00000216185.7	8965
ENST00000367351.4	8966
ENST00000517503.1	8967
ENST00000340042.2	8968
ENST00000217901.10	8969
ENST00000412356.5	8970
ENST00000393700.8	8971
ENST00000253413.10	8972
ENST00000370476.10	8973
ENST00000316824.4	8974
ENST00000310144.11	8975
ENST00000354862.4	8976
ENST00000600659.3	8977
ENST00000373042.5	8978
ENST00000347970.7	8979
ENST00000250237.10	8980
ENST00000587252.5	8981
ENST00000289528.10	8982
ENST00000281141.9	8983
ENST00000307422.9	8984
ENST00000368884.8	8985
ENST00000302386.10	8986
ENST00000218516.4	8987
ENST00000256441.5	8988
ENST00000248566.3	8989
ENST00000372695.6	8990
ENST00000443585.6	8991
ENST00000372638.4	8992
ENST00000276704.6	8993
ENST00000295304.5	8994
ENST00000355190.7	8995
ENST00000247020.9	8996
ENST00000339276.6	8997
ENST00000367975.7	8998
ENST00000317881.9	8999
ENST00000581216.6	9000
ENST00000325102.12	9001
ENST00000553066.5	9002
ENST00000341541.8	9003
ENST00000587230.6	9004
ENST00000250454.8	9005
ENST00000415050.2	9006
ENST00000354488.8	9007
ENST00000654798.1	9008
ENST00000372171.4	9009
ENST00000310597.6	9010
ENST00000368404.9	9011
ENST00000357849.9	9012
ENST00000444739.7	9013
ENST00000316634.6	9014
ENST00000216146.9	9015
ENST00000351018.5	9016
ENST00000281382.11	9017
ENST00000283882.4	9018
ENST00000373232.8	9019
ENST00000566848.5	9020
ENST00000264258.8	9021
ENST00000272139.5	9022
ENST00000265421.9	9023
ENST00000331552.12	9024
ENST00000321685.7	9025
ENST00000354287.5	9026
ENST00000312637.5	9027
ENST00000361309.5	9028
ENST00000291386.4	9029
ENST00000373166.8	9030
ENST00000262498.8	9031
ENST00000369842.9	9032
ENST00000256897.9	9033
ENST00000225525.4	9034
ENST00000475092.4	9035
ENST00000340487.5	9036
ENST00000434325.7	9037
ENST00000616265.4	9038
ENST00000368547.4	9039
ENST00000267838.7	9040
ENST00000243563.8	9041
ENST00000316788.12	9042
ENST00000369541.4	9043
ENST00000642195.1	9044
ENST00000271843.9	9045
ENST00000433078.5	9046
ENST00000309377.9	9047
ENST00000356464.10	9048
ENST00000380749.10	9049
ENST00000537817.5	9050
ENST00000255784.5	9051
ENST00000396811.6	9052
ENST00000558311.5	9053
ENST00000372425.8	9054
ENST00000306010.8	9055
ENST00000392678.7	9056
ENST00000372622.8	9057
ENST00000230056.8	9058
ENST00000376957.7	9059
ENST00000306185.8	9060
ENST00000591046.1	9061
ENST00000557540.7	9062
ENST00000371442.4	9063
ENST00000379031.10	9064
ENST00000544855.5	9065
ENST00000255681.7	9066
ENST00000354882.10	9067
ENST00000368409.8	9068
ENST00000380254.7	9069
ENST00000334418.6	9070
ENST00000616524.4	9071
ENST00000301458.10	9072
ENST00000576892.8	9073
ENST00000408965.4	9074
ENST00000395159.7	9075
ENST00000374436.7	9076
ENST00000369102.5	9077
ENST00000530349.2	9078
ENST00000294613.9	9079
ENST00000263867.9	9080
ENST00000318158.11	9081
ENST00000372538.8	9082
ENST00000317040.12	9083
ENST00000581193.5	9084
ENST00000260118.7	9085
ENST00000293695.8	9086
ENST00000302188.8	9087
ENST00000395787.4	9088
ENST00000300452.8	9089
ENST00000382753.5	9090
ENST00000585124.6	9091
ENST00000617612.3	9092
ENST00000216259.8	9093
ENST00000280350.8	9094
ENST00000380171.8	9095
ENST00000370963.9	9096
ENST00000617445.4	9097
ENST00000373669.8	9098
ENST00000380591.7	9099
ENST00000259874.6	9100
ENST00000375446.5	9101
ENST00000318978.6	9102
ENST00000279146.8	9103
ENST00000524270.5	9104
ENST00000433436.6	9105
ENST00000262746.5	9106
ENST00000647248.2	9107
ENST00000395748.8	9108
ENST00000366523.5	9109
ENST00000352983.7	9110
ENST00000549117.5	9111
ENST00000318753.13	9112
ENST00000438323.2	9113
ENST00000596358.6	9114
ENST00000283027.10	9115
ENST00000451249.6	9116
ENST00000407217.7	9117
ENST00000361314.5	9118
ENST00000243346.10	9119
ENST00000217652.7	9120
ENST00000425133.2	9121
ENST00000458198.3	9122
ENST00000304430.10	9123
ENST00000303204.9	9124
ENST00000398075.4	9125
ENST00000337619.11	9126
ENST00000398955.2	9127
ENST00000336811.10	9128
ENST00000409115.7	9129
ENST00000225171.7	9130
ENST00000430524.6	9131
ENST00000372628.5	9132
ENST00000407800.2	9133
ENST00000297205.7	9134
ENST00000287156.9	9135
ENST00000239891.4	9136
ENST00000304494.9	9137
ENST00000242465.4	9138
ENST00000202967.4	9139
ENST00000403994.9	9140
ENST00000393381.3	9141
ENST00000388752.8	9142
ENST00000310418.8	9143
ENST00000455809.5	9144
ENST00000366735.5	9145
ENST00000284292.11	9146
ENST00000007390.3	9147
ENST00000287706.8	9148
ENST00000372902.4	9149
ENST00000290349.11	9150
ENST00000391759.5	9151
ENST00000245539.11	9152
ENST00000431606.4	9153
ENST00000273550.12	9154
ENST00000267103.10	9155
ENST00000265758.7	9156
ENST00000374293.5	9157
ENST00000395797.1	9158
ENST00000220514.8	9159
ENST00000252809.3	9160
ENST00000221418.9	9161
ENST00000372625.8	9162
ENST00000223029.8	9163
ENST00000262265.10	9164
ENST00000313582.6	9165
ENST00000318911.5	9166
ENST00000327726.11	9167
ENST00000254521.7	9168
ENST00000580018.4	9169
ENST00000287437.8	9170
ENST00000394106.6	9171
ENST00000301761.7	9172
ENST00000216465.10	9173
ENST00000647435.1	9174
ENST00000334731.7	9175
ENST00000373358.8	9176
ENST00000351486.9	9177
ENST00000244496.6	9178
ENST00000343484.10	9179
ENST00000319285.5	9180
ENST00000370202.5	9181
ENST00000429722.3	9182
ENST00000210444.6	9183
ENST00000400093.3	9184
ENST00000369314.2	9185
ENST00000329146.9	9186
ENST00000600118.5	9187
ENST00000541412.5	9188
ENST00000379542.10	9188
ENST00000228945.9	9189
ENST00000260379.11	9190
ENST00000372685.8	9191
ENST00000378409.7	9192
ENST00000301068.11	9193
ENST00000322347.11	9194
ENST00000368706.9	9195
ENST00000248879.8	9196
ENST00000615984.4	9197
ENST00000307526.4	9198
ENST00000225698.8	9199
ENST00000216225.9	9200
ENST00000292586.11	9201
ENST00000241337.9	9202
ENST00000309851.10	9202
ENST00000392283.9	9203
ENST00000405308.6	9204
ENST00000389704.4	9205
ENST00000252486.9	9206
ENST00000613326.4	9207
ENST00000221486.6	9208
ENST00000620284.5	9209
ENST00000309083.8	9210
ENST00000300811.8	9211
ENST00000402924.5	9212
ENST00000014930.9	9213
ENST00000317058.8	9214
ENST00000253023.8	9215
ENST00000367889.8	9216
ENST00000275428.9	9217
ENST00000611665.4	9218
ENST00000394532.7	9219
ENST00000246535.4	9220
ENST00000393950.7	9221
ENST00000563197.6	9222
ENST00000217455.9	9223
ENST00000301935.9	9224
ENST00000229390.8	9225
ENST00000451590.5	9226
ENST00000432901.4	9227
ENST00000409466.6	9228
ENST00000530758.2	9229
ENST00000602676.6	9230
ENST00000348227.4	9231
ENST00000372663.9	9232
ENST00000372642.5	9233
ENST00000370902.8	9234
ENST00000311111.11	9235
ENST00000357765.6	9236
ENST00000328649.11	9237
ENST00000287600.9	9238
ENST00000301821.11	9239
ENST00000512805.6	9240
ENST00000403633.6	9241
ENST00000215567.10	9242
ENST00000297157.8	9243
ENST00000533166.5	9244
ENST00000316461.9	9245
ENST00000266263.10	9246
ENST00000299736.5	9247
ENST00000262812.9	9248
ENST00000314340.10	9249
ENST00000381192.10	9250
ENST00000338639.10	9251
ENST00000430715.6	9252
ENST00000391857.9	9253
ENST00000306954.5	9254
ENST00000221801.8	9255
ENST00000495186.6	9256
ENST00000374882.8	9257
ENST00000587708.7	9258
ENST00000485972.6	9259
ENST00000379226.9	9260
ENST00000300688.8	9261
ENST00000378720.8	9262
ENST00000267884.11	9263
ENST00000355151.9	9264
ENST00000375094.4	9265
ENST00000533475.6	9266
ENST00000378887.3	9267
ENST00000280357.12	9268
ENST00000396308.3	9269
ENST00000567970.2	9270
ENST00000534507.5	9271
ENST00000368235.8	9272
ENST00000215061.9	9273
ENST00000264933.9	9274
ENST00000279206.8	9275
ENST00000252288.8	9276
ENST00000328703.12	9277
ENST00000508632.6	9278
ENST00000263921.8	9279
ENST00000295702.9	9280
ENST00000278483.8	9281
ENST00000216027.8	9282
ENST00000429243.7	9283
ENST00000308831.7	9284
ENST00000381116.5	9285
ENST00000284440.9	9286
ENST00000331334.5	9287
ENST00000253108.9	9288
ENST00000376327.6	9289
ENST00000294360.5	9290
ENST00000255764.4	9291
ENST00000356708.12	9292
ENST00000377673.10	9293
ENST00000258169.9	9294
ENST00000369937.5	9295
ENST00000290765.8	9296
ENST00000538771.5	9297
ENST00000373713.7	9298
ENST00000483063.2	9299
ENST00000425441.5	9300
ENST00000296504.4	9301
ENST00000376901.9	9302
ENST00000369153.2	9303
ENST00000268533.9	9304
ENST00000397510.7	9305
ENST00000330398.9	9306
ENST00000297613.4	9307
ENST00000371974.8	9308
ENST00000258083.3	9309
ENST00000373602.9	9310
ENST00000278671.10	9311
ENST00000253794.7	9312
ENST00000293861.8	9313
ENST00000369489.10	9314
ENST00000357500.5	9315
ENST00000361518.10	9316
ENST00000300151.5	9317
ENST00000449250.3	9318
ENST00000381342.7	9319
ENST00000268220.12	9320
ENST00000221480.6	9321
ENST00000493333.5	9322
ENST00000264093.9	9323
ENST00000425675.7	9324
ENST00000371588.9	9325
ENST00000396265.4	9326
ENST00000424576.6	9327
ENST00000373279.6	9328
ENST00000433985.7	9329
ENST00000338370.7	9330
ENST00000282058.11	9331
ENST00000498737.8	9332
ENST00000272317.10	9333
ENST00000264265.4	9334
ENST00000393964.1	9335
ENST00000317615.11	9336
ENST00000256545.9	9337
ENST00000219302.7	9338
ENST00000344795.8	9339
ENST00000273596.8	9340
ENST00000252506.11	9341
ENST00000533244.6	9342
ENST00000367495.4	9343
ENST00000379270.4	9344
ENST00000446510.6	9345
ENST00000254998.3	9346
ENST00000614404.1	9347
ENST00000597436.5	9348
ENST00000270824.1	9349
ENST00000382758.6	9350
ENST00000378045.5	9351
ENST00000481533.5	9352
ENST00000515837.7	9353
ENST00000216252.4	9354
ENST00000254193.11	9355
ENST00000305784.7	9356
ENST00000263278.9	9357
ENST00000426197.2	9358
ENST00000447630.5	9359
ENST00000379715.10	9360
ENST00000375535.4	9361
ENST00000333449.9	9362
ENST00000239666.8	9363
ENST00000265564.8	9364
ENST00000361439.9	9365
ENST00000292090.8	9366
ENST00000517562.3	9367
ENST00000262584.7	9368
ENST00000334982.9	9369
ENST00000264254.11	9370
ENST00000448878.6	9371
ENST00000306897.9	9372
ENST00000380113.8	9373
ENST00000356432.8	9374
ENST00000303698.7	9375
ENST00000621784.4	9376
ENST00000361731.4	9377
ENST00000000233.10	9378
ENST00000358406.10	9379
ENST00000261499.10	9380
ENST00000373463.8	9381
ENST00000276692.11	9382
ENST00000370321.8	9383
ENST00000303927.4	9384
ENST00000218230.6	9385
ENST00000257247.11	9386
ENST00000261479.9	9387
ENST00000267750.9	9388
ENST00000252445.7	9389
ENST00000329319.7	9390
ENST00000651629.1	9391
ENST00000259254.9	9392
ENST00000374859.3	9393
ENST00000587758.5	9394
ENST00000226796.7	9395
ENST00000297534.7	9396
ENST00000366612.1	9397
ENST00000330978.3	9398
ENST00000397764.8	9399
ENST00000318364.12	9400
ENST00000333676.8	9401
ENST00000247970.9	9402
ENST00000395783.5	9403
ENST00000252603.7	9404
ENST00000243578.8	9405
ENST00000368685.6	9406
ENST00000368467.4	9407
ENST00000380044.6	9408
ENST00000379155.9	9409
ENST00000260953.10	9410
ENST00000252593.7	9411
ENST00000290913.8	9412
ENST00000219479.7	9413
ENST00000273668.7	9414
ENST00000221233.9	9415
ENST00000290354.6	9416
ENST00000453707.6	9417
ENST00000215375.7	9418
ENST00000311893.13	9419
ENST00000394666.7	9420
ENST00000462790.8	9421
ENST00000391865.7	9422
ENST00000396958.8	9423
ENST00000481508.1	9424
ENST00000309318.8	9425
ENST00000335209.12	9426
ENST00000211314.5	9427
ENST00000472174.7	9428
ENST00000232905.4	9429
ENST00000254878.8	9430
ENST00000298966.7	9431
ENST00000221855.8	9432
ENST00000246792.4	9433
ENST00000297347.7	9434
ENST00000592875.6	9435
ENST00000376112.4	9436
ENST00000223864.7	9437
ENST00000347519.12	9438
ENST00000396209.5	9439
ENST00000226798.9	9440
ENST00000368708.9	9441
ENST00000242827.11	9442
ENST00000326577.9	9443
ENST00000358514.9	9444
ENST00000324557.9	9445
ENST00000409906.9	9446
ENST00000037243.7	9447
ENST00000334598.11	9448
ENST00000367034.5	9449
ENST00000317479.8	9450
ENST00000422514.7	9451
ENST00000245812.8	9452
ENST00000317459.11	9453
ENST00000252602.1	9454
ENST00000258416.8	9455
ENST00000296662.9	9456
ENST00000206451.11	9457
ENST00000360668.8	9458
ENST00000292330.3	9459
ENST00000312579.4	9460
ENST00000370873.9	9461
ENST00000379359.4	9462
ENST00000254301.14	9463
ENST00000372014.5	9464
ENST00000453212.5	9465
ENST00000379341.9	9466
ENST00000216455.9	9467
ENST00000252984.11	9468
ENST00000523950.5	9469
ENST00000168216.11	9470
ENST00000373116.6	9471
ENST00000419198.6	9472
ENST00000216756.11	9473
ENST00000432641.3	9474
ENST00000290330.7	9475
ENST00000216115.3	9476
ENST00000374561.6	9477
ENST00000376582.7	9478
ENST00000357360.4	9479
ENST00000271002.14	9480
ENST00000292510.6	9481
ENST00000353107.8	9482
ENST00000301464.4	9483
ENST00000393035.6	9484
ENST00000228825.12	9485
ENST00000343262.9	9486
ENST00000485876.6	9487
ENST00000344318.4	9488
ENST00000436697.3	9489
ENST00000333610.4	9490
ENST00000623876.2	9491
ENST00000393196.7	9492
ENST00000289359.6	9493
ENST00000215980.10	9494
ENST00000375866.2	9495
ENST00000376419.5	9496
ENST00000506197.2	9497
ENST00000398838.8	9498
ENST00000292614.9	9499
ENST00000246747.9	9500
ENST00000307650.9	9501
ENST00000378364.8	9502
ENST00000399312.3	9503
ENST00000240488.8	9504
ENST00000376836.8	9505
ENST00000380986.9	9506
ENST00000301522.3	9507
ENST00000369103.3	9508
ENST00000297873.9	9509
ENST00000545127.1	9510
ENST00000370641.3	9511
ENST00000314222.5	9512
ENST00000292147.7	9513
ENST00000300030.8	9514
ENST00000442039.3	9515
ENST00000366988.5	9516
ENST00000330029.6	9517
ENST00000194214.9	9518
ENST00000370081.6	9519
ENST00000621465.5	9520
ENST00000372645.3	9521
ENST00000269298.10	9522
ENST00000311832.5	9523
ENST00000284245.9	9524
ENST00000245903.4	9525
ENST00000528157.7	9526
ENST00000301488.8	9527
ENST00000311083.10	9528
ENST00000462576.5	9529
ENST00000233630.11	9530
ENST00000311351.9	9531
ENST00000309048.8	9532
ENST00000360961.11	9533
ENST00000326925.11	9534
ENST00000245552.7	9535
ENST00000342669.7	9536
ENST00000372728.4	9537
ENST00000372677.7	9537
ENST00000229238.5	9538
ENST00000336133.8	9539
ENST00000588234.6	9540
ENST00000309324.8	9541
ENST00000267935.13	9542
ENST00000270142.11	9543
ENST00000350499.6	9544
ENST00000300026.4	9545
ENST00000393537.5	9546
ENST00000616316.1	9547
ENST00000399808.5	9547
ENST00000262193.7	9548
ENST00000368003.6	9549
ENST00000619594.5	9550
ENST00000227618.8	9551
ENST00000304952.11	9552
ENST00000395131.5	9553
ENST00000368211.8	9554
ENST00000369825.6	9555
ENST00000240079.11	9556
ENST00000614830.5	9557
ENST00000392221.5	9558
ENST00000397826.7	9559
ENST00000242784.5	9560
ENST00000646651.1	9561
ENST00000316495.8	9562
ENST00000257663.4	9563
ENST00000370110.5	9564
ENST00000367029.5	9565
ENST00000322028.5	9566
ENST00000577222.5	9567
ENST00000562336.5	9568
ENST00000344726.9	9569
ENST00000309244.9	9570
ENST00000374206.4	9571
ENST00000331825.11	9572
ENST00000602845.2	9573
ENST00000223136.5	9574
ENST00000569529.6	9575
ENST00000584164.6	9576
ENST00000409293.6	9577
ENST00000274065.9	9578
ENST00000569691.2	9579
ENST00000302362.11	9580
ENST00000222284.10	9581
ENST00000296417.6	9582
ENST00000637401.1	9583
ENST00000322310.10	9584
ENST00000315732.3	9585
ENST00000265462.9	9586
ENST00000337604.6	9587
ENST00000579408.5	9588
ENST00000375661.6	9589
ENST00000375464.7	9590
ENST00000318388.11	9591
ENST00000392568.7	9592
ENST00000394668.2	9593
ENST00000304043.10	9594
ENST00000575771.5	9595
ENST00000585313.5	9596
ENST00000332435.10	9597
ENST00000303151.5	9598
ENST00000372833.6	9599
ENST00000551018.5	9600
ENST00000574980.5	9601
ENST00000263897.10	9602
ENST00000328221.5	9603
ENST00000377595.7	9604
ENST00000344887.10	9605
ENST00000316052.6	9606
ENST00000335183.11	9607
ENST00000394975.3	9608
ENST00000290079.9	9609
ENST00000552360.4	9610
ENST00000243440.2	9611
ENST00000293777.6	9612
ENST00000598418.6	9613
ENST00000371964.5	9614
ENST00000314067.10	9615
ENST00000226105.11	9616
ENST00000362020.4	9617
ENST00000259632.12	9618
ENST00000338825.5	9619
ENST00000370179.8	9620
ENST00000248958.5	9621
ENST00000270586.8	9622
ENST00000254661.5	9623
ENST00000312515.7	9624
ENST00000555619.6	9625
ENST00000480502.5	9626
ENST00000264218.7	9627
ENST00000311549.10	9628
ENST00000338366.6	9629
ENST00000392509.6	9630
ENST00000369713.10	9631
ENST00000544844.6	9632
ENST00000303731.9	9633
ENST00000375071.4	9634
ENST00000371620.4	9635
ENST00000372521.9	9636
ENST00000225655.6	9637
ENST00000244520.10	9638
ENST00000373768.4	9639
ENST00000370940.6	9640
ENST00000263368.9	9641
ENST00000368107.2	9642
ENST00000395422.4	9643
ENST00000278200.5	9644
ENST00000345358.12	9645
ENST00000216802.10	9646
ENST00000301788.12	9647
ENST00000557016.6	9648
ENST00000587834.6	9649
ENST00000261811.6	9650
ENST00000297290.4	9651
ENST00000263270.11	9652
ENST00000329970.8	9653
ENST00000299299.4	9654
ENST00000438998.7	9655
ENST00000335174.6	9656
ENST00000367660.4	9657
ENST00000524796.6	9658
ENST00000621356.3	9659
ENST00000274606.8	9660
ENST00000504148.3	9661
ENST00000328434.8	9662
ENST00000308987.6	9663
ENST00000396651.8	9664
ENST00000358435.8	9665
ENST00000248553.7	9666
ENST00000356455.9	9667
ENST00000304800.14	9668
ENST00000248342.9	9669
ENST00000391752.5	9670
ENST00000409255.1	9671
ENST00000488034.5	9672
ENST00000218388.9	9673
ENST00000418976.1	9674
ENST00000619426.5	9675
ENST00000375916.4	9676
ENST00000304511.7	9677
ENST00000255688.8	9678
ENST00000233627.14	9679
ENST00000247470.10	9680
ENST00000372017.4	9681
ENST00000290299.7	9682
ENST00000304979.8	9683
ENST00000294189.11	9684
ENST00000329967.11	9685
ENST00000253796.10	9686
ENST00000270792.10	9687
ENST00000410014.5	9688
ENST00000368328.4	9689
ENST00000222008.11	9690
ENST00000433055.1	9691
ENST00000524142.5	9692
ENST00000265643.4	9693
ENST00000221459.7	9694
ENST00000523016.1	9695
ENST00000376693.3	9696
ENST00000368713.8	9697
ENST00000521476.5	9698
ENST00000398606.10	9699
ENST00000225831.4	9700
ENST00000505416.5	9701
ENST00000374517.6	9702
ENST00000313468.10	9703
ENST00000225430.9	9704
ENST00000415949.5	9705
ENST00000367089.8	9706
ENST00000589913.6	9707
ENST00000305105.3	9708
ENST00000378546.9	9709
ENST00000612813.4	9710
ENST00000549724.2	9711
ENST00000288087.12	9712
ENST00000322203.7	9713
ENST00000397049.2	9714
ENST00000317943.6	9715
ENST00000554880.5	9716
ENST00000321301.7	9717
ENST00000372994.2	9718
ENST00000306061.10	9719
ENST00000334350.7	9719
ENST00000367439.7	9720
ENST00000344843.12	9721
ENST00000484558.3	9722
ENST00000531743.5	9723
ENST00000444469.4	9724
ENST00000362034.7	9725
ENST00000302979.5	9726
ENST00000261623.8	9727
ENST00000324913.9	9728
ENST00000276689.8	9729
ENST00000550765.6	9730
ENST00000258424.3	9731
ENST00000367569.4	9732
ENST00000451882.3	9733
ENST00000588750.5	9734
ENST00000342166.10	9735
ENST00000232975.8	9736
ENST00000440685.6	9737
ENST00000508987.1	9738
ENST00000261070.6	9739
ENST00000250498.9	9740
ENST00000380377.8	9741
ENST00000597279.5	9742
ENST00000263864.10	9743
ENST00000249289.5	9744
ENST00000299166.9	9745
ENST00000556230.2	9746
ENST00000297258.11	9747
ENST00000546591.6	9748
ENST00000298289.7	9749
ENST00000268668.11	9750
ENST00000357156.6	9751
ENST00000393115.7	9752
ENST00000368720.6	9753
ENST00000397298.8	9754
ENST00000368811.8	9755
ENST00000296684.10	9756
ENST00000257245.9	9757
ENST00000422424.7	9758
ENST00000317534.6	9759
ENST00000400159.6	9760
ENST00000272424.11	9761
ENST00000594797.6	9762
ENST00000224073.6	9763
ENST00000592141.6	9764
ENST00000374550.8	9765
ENST00000306384.5	9766
ENST00000371470.8	9767
ENST00000264001.9	9768
ENST00000529513.5	9769
ENST00000547649.5	9770
ENST00000360476.8	9771
ENST00000274787.3	9772
ENST00000230431.11	9773
ENST00000325636.8	9774
ENST00000233468.5	9775
ENST00000184266.3	9776
ENST00000521262.5	9777
ENST00000252102.9	9778
ENST00000259667.6	9779
ENST00000393366.7	9780
ENST00000544848.2	9781
ENST00000549920.6	9782
ENST00000374266.7	9783
ENST00000649529.1	9784
ENST00000355857.7	9785
ENST00000530797.5	9786
ENST00000374741.4	9787
ENST00000602318.5	9788
ENST00000361436.10	9789
ENST00000222247.10	9790
ENST00000289373.5	9791
ENST00000296597.10	9792
ENST00000251453.8	9793
ENST00000372013.8	9794
ENST00000325318.10	9795
ENST00000368305.9	9796
ENST00000314355.7	9797
ENST00000250495.10	9798
ENST00000301587.9	9799
ENST00000341942.9	9800
ENST00000590247.7	9801
ENST00000367393.8	9802
ENST00000309451.7	9803
ENST00000338380.2	9804
ENST00000272348.7	9805
ENST00000291568.7	9806
ENST00000645440.1	9807
ENST00000371443.6	9808
ENST00000238618.8	9809
ENST00000526415.5	9810
ENST00000537328.6	9811
ENST00000247665.12	9812
ENST00000521291.5	9813
ENST00000308961.5	9814
ENST00000333119.7	9815
ENST00000368715.5	9816
ENST00000270625.7	9817
ENST00000373408.4	9818
ENST00000423014.3	9819
ENST00000593646.5	9820
ENST00000431388.3	9821
ENST00000223641.5	9822
ENST00000271638.3	9823
ENST00000438607.2	9824
ENST00000229281.6	9825
ENST00000394077.8	9826
ENST00000301242.9	9827
ENST00000429985.1	9828
ENST00000284818.7	9829
ENST00000233893.10	9830
ENST00000408925.4	9831
ENST00000215754.8	9832
ENST00000327428.10	9833
ENST00000295682.5	9834
ENST00000439602.7	9835
ENST00000454214.1	9836
ENST00000372967.3	9837
ENST00000311672.10	9838
ENST00000215565.3	9839
ENST00000222032.10	9840
ENST00000329559.8	9841
ENST00000215909.10	9842
ENST00000525634.6	9843
ENST00000619087.4	9844
ENST00000358666.7	9845
ENST00000592588.6	9846
ENST00000296102.8	9847
ENST00000328848.6	9848
ENST00000335514.10	9849
ENST00000230050.4	9850
ENST00000616365.2	9851
ENST00000374078.5	9852
ENST00000258105.8	9853
ENST00000314133.4	9854
ENST00000252622.15	9855
ENST00000411646.2	9856
ENST00000341298.3	9857
ENST00000527673.2	9858
ENST00000409860.1	9859
ENST00000296370.4	9860
ENST00000233143.6	9861
ENST00000348462.6	9862
ENST00000238609.4	9863
ENST00000371437.5	9864
ENST00000607357.2	9865
ENST00000394485.5	9866
ENST00000245185.6	9867
ENST00000343986.9	9868
ENST00000651669.1	9869
ENST00000394186.3	9870
ENST00000304312.5	9871
