transcript_id_original	transcript_id_base	gene_id_base	passes_final_cohort
ENST00000342066.8	ENST00000342066	ENSG00000187634	True
ENST00000338591.8	ENST00000338591	ENSG00000187961	True
ENST00000304952.11	ENST00000304952	ENSG00000188290	True
ENST00000649529.1	ENST00000649529	ENSG00000187608	True
ENST00000379370.7	ENST00000379370	ENSG00000188157	True
ENST00000421241.6	ENST00000421241	ENSG00000131591	True
ENST00000360001.11	ENST00000360001	ENSG00000078808	True
ENST00000379198.5	ENST00000379198	ENSG00000176022	True
ENST00000349431.11	ENST00000349431	ENSG00000160087	True
ENST00000354700.10	ENST00000354700	ENSG00000131584	True
ENST00000379031.10	ENST00000379031	ENSG00000169972	True
ENST00000435064.6	ENST00000435064	ENSG00000127054	True
ENST00000343938.9	ENST00000343938	ENSG00000224051	True
ENST00000378888.10	ENST00000378888	ENSG00000107404	True
ENST00000309212.10	ENST00000309212	ENSG00000162576	True
ENST00000338370.7	ENST00000338370	ENSG00000175756	True
ENST00000400809.8	ENST00000400809	ENSG00000221978	True
ENST00000344843.12	ENST00000344843	ENSG00000242485	True
ENST00000476993.2	ENST00000476993	ENSG00000179403	True
ENST00000673477.1	ENST00000673477	ENSG00000160072	True
ENST00000378756.8	ENST00000378756	ENSG00000197785	True
ENST00000291386.4	ENST00000291386	ENSG00000160075	True
ENST00000422725.4	ENST00000422725	ENSG00000228594	True
ENST00000341832.10	ENST00000341832	ENSG00000248333	True
ENST00000617444.5	ENST00000617444	ENSG00000189339	True
ENST00000404249.8	ENST00000404249	ENSG00000008128	True
ENST00000341426.9	ENST00000341426	ENSG00000008130	True
ENST00000378609.9	ENST00000378609	ENSG00000078369	True
ENST00000378567.8	ENST00000378567	ENSG00000067606	True
ENST00000378546.9	ENST00000378546	ENSG00000162585	True
ENST00000378536.5	ENST00000378536	ENSG00000157933	True
ENST00000378531.8	ENST00000378531	ENSG00000116151	True
ENST00000605895.6	ENST00000605895	ENSG00000157916	True
ENST00000447513.7	ENST00000447513	ENSG00000157911	True
ENST00000419916.8	ENST00000419916	ENSG00000157870	True
ENST00000378378.9	ENST00000378378	ENSG00000130762	True
ENST00000356575.9	ENST00000356575	ENSG00000162591	True
ENST00000378344.7	ENST00000378344	ENSG00000158109	True
ENST00000270708.12	ENST00000270708	ENSG00000116213	True
ENST00000378295.9	ENST00000378295	ENSG00000078900	True
ENST00000378251.3	ENST00000378251	ENSG00000130764	True
ENST00000378230.8	ENST00000378230	ENSG00000116198	True
ENST00000378209.8	ENST00000378209	ENSG00000169598	True
ENST00000361605.4	ENST00000361605	ENSG00000198912	True
ENST00000378156.9	ENST00000378156	ENSG00000131697	True
ENST00000378097.6	ENST00000378097	ENSG00000069424	True
ENST00000234875.9	ENST00000234875	ENSG00000116251	True
ENST00000343813.10	ENST00000343813	ENSG00000116237	True
ENST00000377842.7	ENST00000377842	ENSG00000097021	True
ENST00000535355.5	ENST00000535355	ENSG00000171680	True
ENST00000377674.9	ENST00000377674	ENSG00000204859	True
ENST00000377658.8	ENST00000377658	ENSG00000162413	True
ENST00000377648.5	ENST00000377648	ENSG00000116273	True
ENST00000054650.8	ENST00000054650	ENSG00000041988	True
ENST00000303635.12	ENST00000303635	ENSG00000171735	True
ENST00000054666.11	ENST00000054666	ENSG00000049245	True
ENST00000613533.4	ENST00000613533	ENSG00000049246	True
ENST00000338639.10	ENST00000338639	ENSG00000116288	True
ENST00000377482.10	ENST00000377482	ENSG00000116285	True
ENST00000337907.7	ENST00000337907	ENSG00000142599	True
ENST00000234590.10	ENST00000234590	ENSG00000074800	True
ENST00000377411.5	ENST00000377411	ENSG00000180758	True
ENST00000377403.7	ENST00000377403	ENSG00000049239	True
ENST00000328089.11	ENST00000328089	ENSG00000171621	True
ENST00000302692.7	ENST00000302692	ENSG00000171612	True
ENST00000340381.11	ENST00000340381	ENSG00000188807	True
ENST00000377346.9	ENST00000377346	ENSG00000171608	True
ENST00000361311.4	ENST00000361311	ENSG00000171603	True
ENST00000377263.6	ENST00000377263	ENSG00000178585	True
ENST00000377223.6	ENST00000377223	ENSG00000162441	True
ENST00000377205.6	ENST00000377205	ENSG00000173614	True
ENST00000253251.12	ENST00000253251	ENSG00000130939	True
ENST00000270776.13	ENST00000270776	ENSG00000142657	True
ENST00000309048.8	ENST00000309048	ENSG00000175279	True
ENST00000377038.8	ENST00000377038	ENSG00000160049	True
ENST00000377022.8	ENST00000377022	ENSG00000130940	True
ENST00000240185.8	ENST00000240185	ENSG00000120948	True
ENST00000376957.7	ENST00000376957	ENSG00000116649	True
ENST00000376936.9	ENST00000376936	ENSG00000171824	True
ENST00000361445.9	ENST00000361445	ENSG00000198793	True
ENST00000376810.5	ENST00000376810	ENSG00000120942	True
ENST00000354287.5	ENST00000354287	ENSG00000116661	True
ENST00000376770.5	ENST00000376770	ENSG00000132879	True
ENST00000376753.9	ENST00000376753	ENSG00000116663	True
ENST00000235310.7	ENST00000235310	ENSG00000116670	True
ENST00000314340.10	ENST00000314340	ENSG00000177674	True
ENST00000346436.11	ENST00000346436	ENSG00000011021	True
ENST00000376572.8	ENST00000376572	ENSG00000116685	True
ENST00000196061.5	ENST00000196061	ENSG00000083444	True
ENST00000444836.5	ENST00000444836	ENSG00000116688	True
ENST00000235332.6	ENST00000235332	ENSG00000116691	True
ENST00000616661.5	ENST00000616661	ENSG00000162496	True
ENST00000294489.10	ENST00000294489	ENSG00000162493	True
ENST00000235372.11	ENST00000235372	ENSG00000116731	True
ENST00000636203.1	ENST00000636203	ENSG00000189337	True
ENST00000376008.3	ENST00000376008	ENSG00000171729	True
ENST00000375980.9	ENST00000375980	ENSG00000142634	True
ENST00000375847.8	ENST00000375847	ENSG00000116138	True
ENST00000375826.4	ENST00000375826	ENSG00000116771	True
ENST00000375799.8	ENST00000375799	ENSG00000116786	True
ENST00000375771.5	ENST00000375771	ENSG00000162458	True
ENST00000375743.8	ENST00000375743	ENSG00000116809	True
ENST00000358432.8	ENST00000358432	ENSG00000142627	True
ENST00000270747.8	ENST00000270747	ENSG00000142632	True
ENST00000375599.8	ENST00000375599	ENSG00000132881	True
ENST00000375592.8	ENST00000375592	ENSG00000037637	True
ENST00000337132.10	ENST00000337132	ENSG00000157191	True
ENST00000375541.10	ENST00000375541	ENSG00000058453	True
ENST00000375535.4	ENST00000375535	ENSG00000117122	True
ENST00000452699.5	ENST00000452699	ENSG00000159363	True
ENST00000375486.9	ENST00000375486	ENSG00000117115	True
ENST00000375436.9	ENST00000375436	ENSG00000179051	True
ENST00000375415.5	ENST00000375415	ENSG00000074964	True
ENST00000375341.8	ENST00000375341	ENSG00000159423	True
ENST00000455833.7	ENST00000455833	ENSG00000169991	True
ENST00000330263.5	ENST00000330263	ENSG00000053372	True
ENST00000235835.7	ENST00000235835	ENSG00000053371	True
ENST00000375153.8	ENST00000375153	ENSG00000040487	True
ENST00000264202.8	ENST00000264202	ENSG00000077549	True
ENST00000322753.7	ENST00000322753	ENSG00000173436	True
ENST00000621723.4	ENST00000621723	ENSG00000158747	True
ENST00000294543.10	ENST00000294543	ENSG00000162542	True
ENST00000375120.4	ENST00000375120	ENSG00000169914	True
ENST00000375078.4	ENST00000375078	ENSG00000162545	True
ENST00000264198.5	ENST00000264198	ENSG00000090432	True
ENST00000375071.4	ENST00000375071	ENSG00000158825	True
ENST00000321556.5	ENST00000321556	ENSG00000158828	True
ENST00000444387.7	ENST00000444387	ENSG00000189410	True
ENST00000438032.6	ENST00000438032	ENSG00000127483	True
ENST00000415912.6	ENST00000415912	ENSG00000117298	True
ENST00000374840.8	ENST00000374840	ENSG00000162551	True
ENST00000308271.14	ENST00000308271	ENSG00000090686	True
ENST00000404138.5	ENST00000404138	ENSG00000184677	True
ENST00000400181.9	ENST00000400181	ENSG00000004487	True
ENST00000302291.8	ENST00000302291	ENSG00000169641	True
ENST00000302271.11	ENST00000302271	ENSG00000125944	True
ENST00000314011.9	ENST00000314011	ENSG00000125945	True
ENST00000450454.7	ENST00000450454	ENSG00000204219	True
ENST00000336689.8	ENST00000336689	ENSG00000088280	True
ENST00000361729.3	ENST00000361729	ENSG00000007968	True
ENST00000374561.6	ENST00000374561	ENSG00000117318	True
ENST00000374550.8	ENST00000374550	ENSG00000142676	True
ENST00000418390.6	ENST00000418390	ENSG00000011007	True
ENST00000246151.9	ENST00000246151	ENSG00000057757	True
ENST00000374514.8	ENST00000374514	ENSG00000011009	True
ENST00000617979.5	ENST00000617979	ENSG00000117308	True
ENST00000647887.1	ENST00000647887	ENSG00000189266	True
ENST00000492112.3	ENST00000492112	ENSG00000188529	True
ENST00000327535.6	ENST00000327535	ENSG00000185436	True
ENST00000374409.5	ENST00000374409	ENSG00000001460	True
ENST00000374399.9	ENST00000374399	ENSG00000001461	True
ENST00000374395.9	ENST00000374395	ENSG00000117602	True
ENST00000323848.14	ENST00000323848	ENSG00000133226	True
ENST00000374379.9	ENST00000374379	ENSG00000169504	True
ENST00000236273.9	ENST00000236273	ENSG00000117614	True
ENST00000243189.12	ENST00000243189	ENSG00000117616	True
ENST00000374358.5	ENST00000374358	ENSG00000183726	True
ENST00000374343.5	ENST00000374343	ENSG00000204178	True
ENST00000374338.5	ENST00000374338	ENSG00000157978	True
ENST00000374332.8	ENST00000374332	ENSG00000117643	True
ENST00000374301.7	ENST00000374301	ENSG00000117640	True
ENST00000538789.5	ENST00000538789	ENSG00000127423	True
ENST00000374296.3	ENST00000374296	ENSG00000182749	True
ENST00000399728.5	ENST00000399728	ENSG00000117632	True
ENST00000374282.8	ENST00000374282	ENSG00000158006	True
ENST00000374271.8	ENST00000374271	ENSG00000175087	True
ENST00000374266.7	ENST00000374266	ENSG00000142684	True
ENST00000252992.8	ENST00000252992	ENSG00000130695	True
ENST00000270792.10	ENST00000270792	ENSG00000142669	True
ENST00000374222.5	ENST00000374222	ENSG00000158062	True
ENST00000236342.12	ENST00000236342	ENSG00000117682	True
ENST00000361427.6	ENST00000361427	ENSG00000198830	True
ENST00000531382.5	ENST00000531382	ENSG00000117676	True
ENST00000324856.13	ENST00000324856	ENSG00000117713	True
ENST00000674273.1	ENST00000674273	ENSG00000060642	True
ENST00000374142.9	ENST00000374142	ENSG00000204160	True
ENST00000339276.6	ENST00000339276	ENSG00000175793	True
ENST00000374135.9	ENST00000374135	ENSG00000142751	True
ENST00000361720.10	ENST00000361720	ENSG00000198746	True
ENST00000321265.10	ENST00000321265	ENSG00000090273	True
ENST00000522111.3	ENST00000522111	ENSG00000253368	True
ENST00000289166.6	ENST00000289166	ENSG00000158246	True
ENST00000263980.8	ENST00000263980	ENSG00000090020	True
ENST00000319394.8	ENST00000319394	ENSG00000142784	True
ENST00000611517.4	ENST00000611517	ENSG00000186501	True
ENST00000357582.3	ENST00000357582	ENSG00000142733	True
ENST00000374024.4	ENST00000374024	ENSG00000181773	True
ENST00000618852.5	ENST00000618852	ENSG00000158195	True
ENST00000374011.6	ENST00000374011	ENSG00000126705	True
ENST00000362020.4	ENST00000362020	ENSG00000126709	True
ENST00000373954.10	ENST00000373954	ENSG00000009780	True
ENST00000373943.9	ENST00000373943	ENSG00000117758	True
ENST00000311772.10	ENST00000311772	ENSG00000117751	True
ENST00000373921.8	ENST00000373921	ENSG00000130775	True
ENST00000373912.8	ENST00000373912	ENSG00000117748	True
ENST00000373894.8	ENST00000373894	ENSG00000130768	True
ENST00000373884.6	ENST00000373884	ENSG00000158156	True
ENST00000373871.8	ENST00000373871	ENSG00000158161	True
ENST00000263697.6	ENST00000263697	ENSG00000126698	True
ENST00000335514.10	ENST00000335514	ENSG00000130770	True
ENST00000253063.4	ENST00000253063	ENSG00000130766	True
ENST00000373842.9	ENST00000373842	ENSG00000130772	True
ENST00000373839.8	ENST00000373839	ENSG00000204138	True
ENST00000373833.10	ENST00000373833	ENSG00000180198	True
ENST00000373830.4	ENST00000373830	ENSG00000180098	True
ENST00000263974.4	ENST00000263974	ENSG00000120656	True
ENST00000373816.5	ENST00000373816	ENSG00000162419	True
ENST00000542507.5	ENST00000542507	ENSG00000198492	True
ENST00000343067.8	ENST00000343067	ENSG00000159023	True
ENST00000373795.7	ENST00000373795	ENSG00000116350	True
ENST00000263702.11	ENST00000263702	ENSG00000116353	True
ENST00000339394.7	ENST00000339394	ENSG00000162512	True
ENST00000257075.9	ENST00000257075	ENSG00000134644	True
ENST00000263694.9	ENST00000263694	ENSG00000060688	True
ENST00000373714.5	ENST00000373714	ENSG00000121766	True
ENST00000373713.7	ENST00000373713	ENSG00000121769	True
ENST00000373709.8	ENST00000373709	ENSG00000168528	True
ENST00000271064.12	ENST00000271064	ENSG00000142910	True
ENST00000373672.8	ENST00000373672	ENSG00000084636	True
ENST00000647444.2	ENST00000647444	ENSG00000184007	True
ENST00000327300.12	ENST00000327300	ENSG00000121774	True
ENST00000336294.10	ENST00000336294	ENSG00000121775	True
ENST00000373625.8	ENST00000373625	ENSG00000025800	True
ENST00000373609.1	ENST00000373609	ENSG00000084652	True
ENST00000373602.9	ENST00000373602	ENSG00000160050	True
ENST00000373586.1	ENST00000373586	ENSG00000084623	True
ENST00000373548.8	ENST00000373548	ENSG00000116478	True
ENST00000329421.8	ENST00000329421	ENSG00000175130	True
ENST00000455895.6	ENST00000455895	ENSG00000160058	True
ENST00000373493.10	ENST00000373493	ENSG00000162521	True
ENST00000409190.8	ENST00000409190	ENSG00000162520	True
ENST00000401073.7	ENST00000401073	ENSG00000162522	True
ENST00000373477.8	ENST00000373477	ENSG00000134684	True
ENST00000373475.10	ENST00000373475	ENSG00000116497	True
ENST00000373463.8	ENST00000373463	ENSG00000121900	True
ENST00000373449.7	ENST00000373449	ENSG00000004455	True
ENST00000294517.11	ENST00000294517	ENSG00000142920	True
ENST00000291416.10	ENST00000291416	ENSG00000116525	True
ENST00000539719.6	ENST00000539719	ENSG00000160094	True
ENST00000257118.5	ENST00000257118	ENSG00000134686	True
ENST00000361328.7	ENST00000361328	ENSG00000121903	True
ENST00000521580.3	ENST00000521580	ENSG00000163866	True
ENST00000357182.9	ENST00000357182	ENSG00000163867	True
ENST00000650449.1	ENST00000650449	ENSG00000197056	True
ENST00000357214.6	ENST00000357214	ENSG00000116560	True
ENST00000314607.11	ENST00000314607	ENSG00000146463	True
ENST00000325722.8	ENST00000325722	ENSG00000142687	True
ENST00000373243.7	ENST00000373243	ENSG00000020129	True
ENST00000373237.4	ENST00000373237	ENSG00000126067	True
ENST00000270815.5	ENST00000270815	ENSG00000142686	True
ENST00000318121.8	ENST00000318121	ENSG00000092853	True
ENST00000373210.4	ENST00000373210	ENSG00000134698	True
ENST00000373166.8	ENST00000373166	ENSG00000054116	True
ENST00000373151.6	ENST00000373151	ENSG00000116871	True
ENST00000354618.10	ENST00000354618	ENSG00000054118	True
ENST00000270824.1	ENST00000270824	ENSG00000142694	True
ENST00000373129.7	ENST00000373129	ENSG00000196182	True
ENST00000315732.3	ENST00000315732	ENSG00000181817	True
ENST00000235532.9	ENST00000235532	ENSG00000116885	True
ENST00000373116.6	ENST00000373116	ENSG00000116898	True
ENST00000373087.7	ENST00000373087	ENSG00000163874	True
ENST00000296215.8	ENST00000296215	ENSG00000163877	True
ENST00000373062.8	ENST00000373062	ENSG00000134697	True
ENST00000358011.8	ENST00000358011	ENSG00000116922	True
ENST00000373055.6	ENST00000373055	ENSG00000134690	True
ENST00000373045.10	ENST00000373045	ENSG00000185090	True
ENST00000373044.3	ENST00000373044	ENSG00000196449	True
ENST00000373042.5	ENST00000373042	ENSG00000197982	True
ENST00000373036.5	ENST00000373036	ENSG00000188786	True
ENST00000373024.8	ENST00000373024	ENSG00000204084	True
ENST00000373019.5	ENST00000373019	ENSG00000183431	True
ENST00000373016.4	ENST00000373016	ENSG00000183386	True
ENST00000373014.5	ENST00000373014	ENSG00000183520	True
ENST00000373001.4	ENST00000373001	ENSG00000116954	True
ENST00000432648.8	ENST00000432648	ENSG00000174574	True
ENST00000372967.3	ENST00000372967	ENSG00000168653	True
ENST00000372858.8	ENST00000372858	ENSG00000090621	True
ENST00000397332.2	ENST00000397332	ENSG00000116990	True
ENST00000372811.10	ENST00000372811	ENSG00000168389	True
ENST00000372797.7	ENST00000372797	ENSG00000131236	True
ENST00000642050.1	ENST00000642050	ENSG00000131238	True
ENST00000372759.4	ENST00000372759	ENSG00000084073	True
ENST00000372748.8	ENST00000372748	ENSG00000049089	True
ENST00000372718.8	ENST00000372718	ENSG00000084070	True
ENST00000361584.5	ENST00000361584	ENSG00000187801	True
ENST00000372706.6	ENST00000372706	ENSG00000187815	True
ENST00000648542.1	ENST00000648542	ENSG00000117010	True
ENST00000447388.7	ENST00000447388	ENSG00000066136	True
ENST00000372638.4	ENST00000372638	ENSG00000179862	True
ENST00000649124.1	ENST00000649124	ENSG00000171793	True
ENST00000326197.11	ENST00000326197	ENSG00000010803	True
ENST00000372572.5	ENST00000372572	ENSG00000198815	True
ENST00000372561.4	ENST00000372561	ENSG00000127125	True
ENST00000304979.8	ENST00000304979	ENSG00000171960	True
ENST00000321358.12	ENST00000321358	ENSG00000065978	True
ENST00000296388.10	ENST00000296388	ENSG00000117385	True
ENST00000372521.9	ENST00000372521	ENSG00000177868	True
ENST00000372517.8	ENST00000372517	ENSG00000164010	True
ENST00000372506.5	ENST00000372506	ENSG00000164011	True
ENST00000426263.9	ENST00000426263	ENSG00000117394	True
ENST00000431635.6	ENST00000431635	ENSG00000117395	True
ENST00000372462.1	ENST00000372462	ENSG00000117399	True
ENST00000621943.4	ENST00000621943	ENSG00000066322	True
ENST00000372457.9	ENST00000372457	ENSG00000159479	True
ENST00000372425.8	ENST00000372425	ENSG00000178922	True
ENST00000438120.5	ENST00000438120	ENSG00000142949	True
ENST00000372396.4	ENST00000372396	ENSG00000066135	True
ENST00000372343.8	ENST00000372343	ENSG00000117408	True
ENST00000255108.8	ENST00000255108	ENSG00000132768	True
ENST00000472174.7	ENST00000472174	ENSG00000117410	True
ENST00000356836.10	ENST00000356836	ENSG00000117411	True
ENST00000372318.8	ENST00000372318	ENSG00000159214	True
ENST00000357730.6	ENST00000357730	ENSG00000196517	True
ENST00000372289.7	ENST00000372289	ENSG00000178028	True
ENST00000372257.7	ENST00000372257	ENSG00000117419	True
ENST00000355387.6	ENST00000355387	ENSG00000187147	True
ENST00000372237.8	ENST00000372237	ENSG00000126106	True
ENST00000372224.9	ENST00000372224	ENSG00000142945	True
ENST00000396651.8	ENST00000396651	ENSG00000142937	True
ENST00000372201.5	ENST00000372201	ENSG00000173846	True
ENST00000360403.7	ENST00000360403	ENSG00000070785	True
ENST00000372172.5	ENST00000372172	ENSG00000126107	True
ENST00000359600.6	ENST00000359600	ENSG00000162415	True
ENST00000372090.6	ENST00000372090	ENSG00000132773	True
ENST00000629482.3	ENST00000629482	ENSG00000280670	True
ENST00000401061.9	ENST00000401061	ENSG00000132763	True
ENST00000262746.5	ENST00000262746	ENSG00000117450	True
ENST00000372070.7	ENST00000372070	ENSG00000117448	True
ENST00000351223.7	ENST00000351223	ENSG00000132780	True
ENST00000372025.5	ENST00000372025	ENSG00000159596	True
ENST00000396478.4	ENST00000396478	ENSG00000197429	True
ENST00000361297.7	ENST00000361297	ENSG00000086015	True
ENST00000371984.8	ENST00000371984	ENSG00000085998	True
ENST00000371975.9	ENST00000371975	ENSG00000085999	True
ENST00000617190.4	ENST00000617190	ENSG00000132128	True
ENST00000311672.10	ENST00000311672	ENSG00000173660	True
ENST00000474844.5	ENST00000474844	ENSG00000117481	True
ENST00000243167.9	ENST00000243167	ENSG00000117480	True
ENST00000371945.9	ENST00000371945	ENSG00000079277	True
ENST00000576409.5	ENST00000576409	ENSG00000123472	True
ENST00000371877.7	ENST00000371877	ENSG00000123473	True
ENST00000371873.9	ENST00000371873	ENSG00000162368	True
ENST00000371847.8	ENST00000371847	ENSG00000132122	True
ENST00000396153.7	ENST00000396153	ENSG00000185104	True
ENST00000242719.4	ENST00000242719	ENSG00000123091	True
ENST00000371750.9	ENST00000371750	ENSG00000085831	True
ENST00000371733.8	ENST00000371733	ENSG00000085832	True
ENST00000354831.11	ENST00000354831	ENSG00000078618	True
ENST00000371626.9	ENST00000371626	ENSG00000117862	True
ENST00000371614.2	ENST00000371614	ENSG00000198841	True
ENST00000313334.13	ENST00000313334	ENSG00000134717	True
ENST00000287727.7	ENST00000287727	ENSG00000157077	True
ENST00000284376.7	ENST00000284376	ENSG00000154222	True
ENST00000371568.8	ENST00000371568	ENSG00000085840	True
ENST00000257181.10	ENST00000257181	ENSG00000134748	True
ENST00000257177.9	ENST00000257177	ENSG00000134744	True
ENST00000361314.5	ENST00000361314	ENSG00000116157	True
ENST00000371538.5	ENST00000371538	ENSG00000162377	True
ENST00000294353.7	ENST00000294353	ENSG00000162378	True
ENST00000371528.2	ENST00000371528	ENSG00000203995	True
ENST00000371522.9	ENST00000371522	ENSG00000121310	True
ENST00000371514.8	ENST00000371514	ENSG00000116171	True
ENST00000371486.4	ENST00000371486	ENSG00000157184	True
ENST00000294360.5	ENST00000294360	ENSG00000162384	True
ENST00000371470.8	ENST00000371470	ENSG00000162385	True
ENST00000306052.12	ENST00000306052	ENSG00000157193	True
ENST00000371429.4	ENST00000371429	ENSG00000058804	True
ENST00000072644.7	ENST00000072644	ENSG00000058799	True
ENST00000194214.9	ENST00000194214	ENSG00000081870	True
ENST00000371370.8	ENST00000371370	ENSG00000116212	True
ENST00000360840.9	ENST00000360840	ENSG00000116221	True
ENST00000371320.7	ENST00000371320	ENSG00000157216	True
ENST00000343744.6	ENST00000343744	ENSG00000162390	True
ENST00000371281.4	ENST00000371281	ENSG00000243725	True
ENST00000371279.4	ENST00000371279	ENSG00000162396	True
ENST00000371269.9	ENST00000371269	ENSG00000116133	True
ENST00000302118.5	ENST00000302118	ENSG00000169174	True
ENST00000371250.4	ENST00000371250	ENSG00000162407	True
ENST00000371244.9	ENST00000371244	ENSG00000162409	True
ENST00000371226.8	ENST00000371226	ENSG00000162600	True
ENST00000371222.4	ENST00000371222	ENSG00000177606	True
ENST00000303721.12	ENST00000303721	ENSG00000172456	True
ENST00000371208.5	ENST00000371208	ENSG00000134709	True
ENST00000371204.4	ENST00000371204	ENSG00000134716	True
ENST00000403491.8	ENST00000403491	ENSG00000162599	True
ENST00000294613.9	ENST00000294613	ENSG00000162604	True
ENST00000642238.1	ENST00000642238	ENSG00000132849	True
ENST00000339950.5	ENST00000339950	ENSG00000162607	True
ENST00000317868.9	ENST00000317868	ENSG00000125703	True
ENST00000263440.6	ENST00000263440	ENSG00000088035	True
ENST00000271002.14	ENST00000271002	ENSG00000142856	True
ENST00000371088.5	ENST00000371088	ENSG00000203965	True
ENST00000371084.8	ENST00000371084	ENSG00000079739	True
ENST00000371079.6	ENST00000371079	ENSG00000185483	True
ENST00000290039.6	ENST00000290039	ENSG00000158966	True
ENST00000371072.8	ENST00000371072	ENSG00000162437	True
ENST00000672434.1	ENST00000672434	ENSG00000162434	True
ENST00000395334.6	ENST00000395334	ENSG00000162433	True
ENST00000395325.7	ENST00000395325	ENSG00000116675	True
ENST00000371065.9	ENST00000371065	ENSG00000213625	True
ENST00000349533.11	ENST00000349533	ENSG00000116678	True
ENST00000423207.6	ENST00000423207	ENSG00000184588	True
ENST00000357692.6	ENST00000357692	ENSG00000198160	True
ENST00000235345.6	ENST00000235345	ENSG00000116704	True
ENST00000370995.6	ENST00000370995	ENSG00000142864	True
ENST00000370986.9	ENST00000370986	ENSG00000116717	True
ENST00000370982.4	ENST00000370982	ENSG00000172380	True
ENST00000262348.9	ENST00000262348	ENSG00000116729	True
ENST00000370966.9	ENST00000370966	ENSG00000024526	True
ENST00000370952.4	ENST00000370952	ENSG00000066557	True
ENST00000370950.7	ENST00000370950	ENSG00000116754	True
ENST00000370944.9	ENST00000370944	ENSG00000118454	True
ENST00000370940.6	ENST00000370940	ENSG00000197568	True
ENST00000370938.8	ENST00000370938	ENSG00000116761	True
ENST00000370898.7	ENST00000370898	ENSG00000254685	True
ENST00000417775.5	ENST00000417775	ENSG00000116791	True
ENST00000370867.8	ENST00000370867	ENSG00000162623	True
ENST00000370855.5	ENST00000370855	ENSG00000137968	True
ENST00000370841.9	ENST00000370841	ENSG00000117054	True
ENST00000328299.4	ENST00000328299	ENSG00000184005	True
ENST00000370812.8	ENST00000370812	ENSG00000142892	True
ENST00000354567.7	ENST00000354567	ENSG00000154027	True
ENST00000370801.8	ENST00000370801	ENSG00000036549	True
ENST00000370794.7	ENST00000370794	ENSG00000077254	True
ENST00000645526.1	ENST00000645526	ENSG00000180488	True
ENST00000334785.11	ENST00000334785	ENSG00000162614	True
ENST00000370768.6	ENST00000370768	ENSG00000162613	True
ENST00000370763.6	ENST00000370763	ENSG00000162616	True
ENST00000370751.10	ENST00000370751	ENSG00000137959	True
ENST00000370747.9	ENST00000370747	ENSG00000137965	True
ENST00000370728.5	ENST00000370728	ENSG00000117114	True
ENST00000260505.13	ENST00000260505	ENSG00000137941	True
ENST00000370685.7	ENST00000370685	ENSG00000142875	True
ENST00000370641.3	ENST00000370641	ENSG00000174021	True
ENST00000370630.6	ENST00000370630	ENSG00000117151	True
ENST00000342203.7	ENST00000342203	ENSG00000117155	True
ENST00000370589.7	ENST00000370589	ENSG00000055732	True
ENST00000341460.6	ENST00000341460	ENSG00000097096	True
ENST00000471115.6	ENST00000471115	ENSG00000162642	True
ENST00000648566.1	ENST00000648566	ENSG00000142867	True
ENST00000284031.13	ENST00000284031	ENSG00000153904	True
ENST00000451137.7	ENST00000451137	ENSG00000142871	True
ENST00000370574.4	ENST00000370574	ENSG00000117174	True
ENST00000370566.7	ENST00000370566	ENSG00000122417	True
ENST00000370558.8	ENST00000370558	ENSG00000097033	True
ENST00000370550.10	ENST00000370550	ENSG00000153936	True
ENST00000370544.10	ENST00000370544	ENSG00000143013	True
ENST00000370521.8	ENST00000370521	ENSG00000065243	True
ENST00000370500.10	ENST00000370500	ENSG00000137947	True
ENST00000260508.9	ENST00000260508	ENSG00000137944	True
ENST00000399794.6	ENST00000399794	ENSG00000213516	True
ENST00000370481.9	ENST00000370481	ENSG00000117226	True
ENST00000370473.5	ENST00000370473	ENSG00000117228	True
ENST00000370466.4	ENST00000370466	ENSG00000162645	True
ENST00000640258.1	ENST00000640258	ENSG00000197147	True
ENST00000370454.9	ENST00000370454	ENSG00000171488	True
ENST00000337338.9	ENST00000337338	ENSG00000171492	True
ENST00000340281.9	ENST00000340281	ENSG00000162664	True
ENST00000370440.5	ENST00000370440	ENSG00000122482	True
ENST00000428239.5	ENST00000428239	ENSG00000097046	True
ENST00000212355.9	ENST00000212355	ENSG00000069702	True
ENST00000370383.5	ENST00000370383	ENSG00000172031	True
ENST00000636805.1	ENST00000636805	ENSG00000189195	True
ENST00000370360.8	ENST00000370360	ENSG00000174842	True
ENST00000370321.8	ENST00000370321	ENSG00000122406	True
ENST00000370310.5	ENST00000370310	ENSG00000154511	True
ENST00000370298.9	ENST00000370298	ENSG00000143033	True
ENST00000370282.8	ENST00000370282	ENSG00000117500	True
ENST00000370272.9	ENST00000370272	ENSG00000117505	True
ENST00000260502.11	ENST00000260502	ENSG00000137936	True
ENST00000436063.7	ENST00000436063	ENSG00000067334	True
ENST00000370238.8	ENST00000370238	ENSG00000023909	True
ENST00000260526.11	ENST00000260526	ENSG00000137962	True
ENST00000370214.9	ENST00000370214	ENSG00000117528	True
ENST00000334047.12	ENST00000334047	ENSG00000117525	True
ENST00000271227.11	ENST00000271227	ENSG00000143036	True
ENST00000370206.9	ENST00000370206	ENSG00000117519	True
ENST00000370205.6	ENST00000370205	ENSG00000172339	True
ENST00000370203.9	ENST00000370203	ENSG00000152078	True
ENST00000370202.5	ENST00000370202	ENSG00000122481	True
ENST00000426398.2	ENST00000426398	ENSG00000117569	True
ENST00000370192.8	ENST00000370192	ENSG00000188641	True
ENST00000263174.9	ENST00000263174	ENSG00000099260	True
ENST00000646001.2	ENST00000646001	ENSG00000156869	True
ENST00000294724.8	ENST00000294724	ENSG00000162688	True
ENST00000287482.6	ENST00000287482	ENSG00000156876	True
ENST00000370128.8	ENST00000370128	ENSG00000137996	True
ENST00000361544.11	ENST00000361544	ENSG00000079335	True
ENST00000370113.7	ENST00000370113	ENSG00000162694	True
ENST00000357650.9	ENST00000357650	ENSG00000162695	True
ENST00000370109.8	ENST00000370109	ENSG00000117543	True
ENST00000305352.7	ENST00000305352	ENSG00000170989	True
ENST00000533099.5	ENST00000533099	ENSG00000185946	True
ENST00000370078.2	ENST00000370078	ENSG00000198890	True
ENST00000370056.9	ENST00000370056	ENSG00000134215	True
ENST00000565488.6	ENST00000565488	ENSG00000085491	True
ENST00000370035.8	ENST00000370035	ENSG00000162636	True
ENST00000370032.9	ENST00000370032	ENSG00000162639	True
ENST00000370025.9	ENST00000370025	ENSG00000134186	True
ENST00000370008.4	ENST00000370008	ENSG00000116266	True
ENST00000406462.6	ENST00000406462	ENSG00000121957	True
ENST00000356970.6	ENST00000356970	ENSG00000121940	True
ENST00000369962.7	ENST00000369962	ENSG00000085433	True
ENST00000338366.6	ENST00000338366	ENSG00000197780	True
ENST00000338272.9	ENST00000338272	ENSG00000215717	True
ENST00000369939.8	ENST00000369939	ENSG00000116299	True
ENST00000234677.7	ENST00000234677	ENSG00000031698	True
ENST00000369909.6	ENST00000369909	ENSG00000134222	True
ENST00000256637.8	ENST00000256637	ENSG00000134243	True
ENST00000271308.9	ENST00000271308	ENSG00000143106	True
ENST00000369872.4	ENST00000369872	ENSG00000143028	True
ENST00000420578.6	ENST00000420578	ENSG00000174151	True
ENST00000369864.5	ENST00000369864	ENSG00000181754	True
ENST00000369851.7	ENST00000369851	ENSG00000065135	True
ENST00000528667.7	ENST00000528667	ENSG00000116337	True
ENST00000241337.9	ENST00000241337	ENSG00000213366	True
ENST00000309851.10	ENST00000309851	ENSG00000134184	True
ENST00000361066.7	ENST00000361066	ENSG00000134202	True
ENST00000329608.11	ENST00000329608	ENSG00000184371	True
ENST00000369799.10	ENST00000369799	ENSG00000168710	True
ENST00000652747.1	ENST00000652747	ENSG00000162775	True
ENST00000602318.5	ENST00000602318	ENSG00000134248	True
ENST00000369763.5	ENST00000369763	ENSG00000121931	True
ENST00000286692.8	ENST00000286692	ENSG00000156171	True
ENST00000545121.5	ENST00000545121	ENSG00000134255	True
ENST00000235090.10	ENST00000235090	ENSG00000116455	True
ENST00000369722.8	ENST00000369722	ENSG00000116459	True
ENST00000369709.3	ENST00000369709	ENSG00000116473	True
ENST00000357260.6	ENST00000357260	ENSG00000197852	True
ENST00000369702.5	ENST00000369702	ENSG00000064703	True
ENST00000271277.11	ENST00000271277	ENSG00000143079	True
ENST00000343210.11	ENST00000343210	ENSG00000007341	True
ENST00000413052.6	ENST00000413052	ENSG00000155363	True
ENST00000309276.10	ENST00000309276	ENSG00000155367	True
ENST00000538576.5	ENST00000538576	ENSG00000155380	True
ENST00000369615.5	ENST00000369615	ENSG00000081026	True
ENST00000369604.6	ENST00000369604	ENSG00000116793	True
ENST00000261441.9	ENST00000261441	ENSG00000081019	True
ENST00000369569.6	ENST00000369569	ENSG00000134262	True
ENST00000650450.2	ENST00000650450	ENSG00000118655	True
ENST00000426820.7	ENST00000426820	ENSG00000163349	True
ENST00000320334.5	ENST00000320334	ENSG00000116774	True
ENST00000358465.7	ENST00000358465	ENSG00000197323	True
ENST00000369541.4	ENST00000369541	ENSG00000116752	True
ENST00000393274.6	ENST00000393274	ENSG00000175984	True
ENST00000369535.5	ENST00000369535	ENSG00000213281	True
ENST00000610726.4	ENST00000610726	ENSG00000009307	True
ENST00000060969.6	ENST00000060969	ENSG00000052723	True
ENST00000369516.7	ENST00000369516	ENSG00000134198	True
ENST00000355485.7	ENST00000355485	ENSG00000173218	True
ENST00000295598.10	ENST00000295598	ENSG00000163399	True
ENST00000369489.10	ENST00000369489	ENSG00000116815	True
ENST00000369486.8	ENST00000369486	ENSG00000143061	True
ENST00000393203.3	ENST00000393203	ENSG00000134247	True
ENST00000369466.9	ENST00000369466	ENSG00000116830	True
ENST00000256649.9	ENST00000256649	ENSG00000134253	True
ENST00000356554.7	ENST00000356554	ENSG00000198162	True
ENST00000369448.4	ENST00000369448	ENSG00000183508	True
ENST00000369443.10	ENST00000369443	ENSG00000196505	True
ENST00000349139.6	ENST00000349139	ENSG00000065183	True
ENST00000235521.4	ENST00000235521	ENSG00000116874	True
ENST00000421812.3	ENST00000421812	ENSG00000143067	True
ENST00000641597.1	ENST00000641597	ENSG00000092621	True
ENST00000578049.4	ENST00000578049	ENSG00000265808	True
ENST00000367123.8	ENST00000367123	ENSG00000171943	True
ENST00000582693.5	ENST00000582693	ENSG00000265491	True
ENST00000334163.4	ENST00000334163	ENSG00000186141	True
ENST00000393045.7	ENST00000393045	ENSG00000131788	True
ENST00000369306.8	ENST00000369306	ENSG00000131779	True
ENST00000583313.7	ENST00000583313	ENSG00000265241	True
ENST00000604000.4	ENST00000604000	ENSG00000271601	True
ENST00000369314.2	ENST00000369314	ENSG00000121851	True
ENST00000582401.6	ENST00000582401	ENSG00000265972	True
ENST00000254101.4	ENST00000254101	ENSG00000131791	True
ENST00000369258.8	ENST00000369258	ENSG00000131778	True
ENST00000234739.8	ENST00000234739	ENSG00000116128	True
ENST00000583509.7	ENST00000583509	ENSG00000162836	True
ENST00000369356.8	ENST00000369356	ENSG00000178104	True
ENST00000369153.2	ENST00000369153	ENSG00000178096	True
ENST00000369146.8	ENST00000369146	ENSG00000159164	True
ENST00000271628.9	ENST00000271628	ENSG00000143368	True
ENST00000581312.6	ENST00000581312	ENSG00000264522	True
ENST00000644510.2	ENST00000644510	ENSG00000136631	True
ENST00000369124.5	ENST00000369124	ENSG00000023902	True
ENST00000583931.6	ENST00000583931	ENSG00000143401	True
ENST00000369109.8	ENST00000369109	ENSG00000117362	True
ENST00000369102.5	ENST00000369102	ENSG00000118292	True
ENST00000290363.6	ENST00000290363	ENSG00000159208	True
ENST00000581066.2	ENST00000581066	ENSG00000266472	True
ENST00000324862.7	ENST00000324862	ENSG00000117360	True
ENST00000369064.8	ENST00000369064	ENSG00000143374	True
ENST00000369047.9	ENST00000369047	ENSG00000143369	True
ENST00000271643.8	ENST00000271643	ENSG00000143382	True
ENST00000369026.3	ENST00000369026	ENSG00000143384	True
ENST00000271690.12	ENST00000271690	ENSG00000143420	True
ENST00000271732.8	ENST00000271732	ENSG00000143457	True
ENST00000368985.8	ENST00000368985	ENSG00000163131	True
ENST00000358595.10	ENST00000358595	ENSG00000143437	True
ENST00000271640.9	ENST00000271640	ENSG00000143379	True
ENST00000271688.10	ENST00000271688	ENSG00000143418	True
ENST00000361936.9	ENST00000361936	ENSG00000143409	True
ENST00000271620.8	ENST00000271620	ENSG00000143363	True
ENST00000368926.6	ENST00000368926	ENSG00000143443	True
ENST00000439374.6	ENST00000439374	ENSG00000197622	True
ENST00000368921.5	ENST00000368921	ENSG00000213190	True
ENST00000368918.8	ENST00000368918	ENSG00000143458	True
ENST00000368908.10	ENST00000368908	ENSG00000163155	True
ENST00000368892.9	ENST00000368892	ENSG00000163159	True
ENST00000368888.9	ENST00000368888	ENSG00000143398	True
ENST00000368884.8	ENST00000368884	ENSG00000159352	True
ENST00000324048.9	ENST00000324048	ENSG00000143373	True
ENST00000368874.8	ENST00000368874	ENSG00000143393	True
ENST00000290524.8	ENST00000290524	ENSG00000143390	True
ENST00000368868.10	ENST00000368868	ENSG00000143416	True
ENST00000271715.7	ENST00000271715	ENSG00000143442	True
ENST00000271636.12	ENST00000271636	ENSG00000143375	True
ENST00000368849.8	ENST00000368849	ENSG00000143367	True
ENST00000458013.7	ENST00000458013	ENSG00000143376	True
ENST00000368822.5	ENST00000368822	ENSG00000182134	True
ENST00000368814.8	ENST00000368814	ENSG00000159445	True
ENST00000368811.8	ENST00000368811	ENSG00000197747	True
ENST00000271638.3	ENST00000271638	ENSG00000163191	True
ENST00000368720.6	ENST00000368720	ENSG00000197956	True
ENST00000368715.5	ENST00000368715	ENSG00000196154	True
ENST00000368713.8	ENST00000368713	ENSG00000188015	True
ENST00000368708.9	ENST00000368708	ENSG00000196754	True
ENST00000368706.9	ENST00000368706	ENSG00000188643	True
ENST00000440685.6	ENST00000440685	ENSG00000189171	True
ENST00000368694.8	ENST00000368694	ENSG00000160679	True
ENST00000368685.6	ENST00000368685	ENSG00000143553	True
ENST00000361891.9	ENST00000361891	ENSG00000143621	True
ENST00000318967.7	ENST00000318967	ENSG00000143624	True
ENST00000271857.6	ENST00000271857	ENSG00000143554	True
ENST00000368655.5	ENST00000368655	ENSG00000143614	True
ENST00000361217.9	ENST00000361217	ENSG00000198837	True
ENST00000368633.2	ENST00000368633	ENSG00000160741	True
ENST00000368623.7	ENST00000368623	ENSG00000143570	True
ENST00000271889.8	ENST00000271889	ENSG00000143578	True
ENST00000271843.9	ENST00000271843	ENSG00000143543	True
ENST00000651669.1	ENST00000651669	ENSG00000177954	True
ENST00000651641.1	ENST00000651641	ENSG00000143549	True
ENST00000368521.9	ENST00000368521	ENSG00000143612	True
ENST00000428931.6	ENST00000428931	ENSG00000143569	True
ENST00000328703.12	ENST00000328703	ENSG00000143575	True
ENST00000368489.5	ENST00000368489	ENSG00000143515	True
ENST00000368485.8	ENST00000368485	ENSG00000160712	True
ENST00000292211.5	ENST00000292211	ENSG00000160714	True
ENST00000368474.9	ENST00000368474	ENSG00000160710	True
ENST00000368467.4	ENST00000368467	ENSG00000163344	True
ENST00000368463.8	ENST00000368463	ENSG00000163346	True
ENST00000368457.3	ENST00000368457	ENSG00000163348	True
ENST00000448116.7	ENST00000448116	ENSG00000160691	True
ENST00000308987.6	ENST00000308987	ENSG00000173207	True
ENST00000315144.14	ENST00000315144	ENSG00000160688	True
ENST00000535420.5	ENST00000535420	ENSG00000160685	True
ENST00000356955.6	ENST00000356955	ENSG00000143537	True
ENST00000368409.8	ENST00000368409	ENSG00000243364	True
ENST00000368407.8	ENST00000368407	ENSG00000169242	True
ENST00000368404.9	ENST00000368404	ENSG00000169241	True
ENST00000341298.3	ENST00000341298	ENSG00000179085	True
ENST00000295682.5	ENST00000295682	ENSG00000163463	True
ENST00000337604.6	ENST00000337604	ENSG00000185499	True
ENST00000368378.7	ENST00000368378	ENSG00000169231	True
ENST00000327247.9	ENST00000327247	ENSG00000177628	True
ENST00000361361.7	ENST00000361361	ENSG00000160767	True
ENST00000302631.8	ENST00000302631	ENSG00000116521	True
ENST00000368361.9	ENST00000368361	ENSG00000176444	True
ENST00000368352.10	ENST00000368352	ENSG00000160753	True
ENST00000245564.8	ENST00000245564	ENSG00000125459	True
ENST00000368340.9	ENST00000368340	ENSG00000163374	True
ENST00000368336.10	ENST00000368336	ENSG00000132676	True
ENST00000437809.5	ENST00000437809	ENSG00000116580	True
ENST00000368324.5	ENST00000368324	ENSG00000132718	True
ENST00000368323.8	ENST00000368323	ENSG00000143622	True
ENST00000368321.8	ENST00000368321	ENSG00000132680	True
ENST00000295702.9	ENST00000295702	ENSG00000163479	True
ENST00000368309.4	ENST00000368309	ENSG00000160803	True
ENST00000368305.9	ENST00000368305	ENSG00000116586	True
ENST00000532414.3	ENST00000532414	ENSG00000254726	True
ENST00000368300.9	ENST00000368300	ENSG00000160789	True
ENST00000359511.4	ENST00000359511	ENSG00000160785	True
ENST00000361813.5	ENST00000361813	ENSG00000198952	True
ENST00000295694.9	ENST00000295694	ENSG00000163472	True
ENST00000362007.6	ENST00000362007	ENSG00000198715	True
ENST00000295688.8	ENST00000295688	ENSG00000163468	True
ENST00000464356.6	ENST00000464356	ENSG00000116604	True
ENST00000361170.7	ENST00000361170	ENSG00000183856	True
ENST00000368235.8	ENST00000368235	ENSG00000163382	True
ENST00000368232.8	ENST00000368232	ENSG00000160818	True
ENST00000329117.10	ENST00000329117	ENSG00000132692	True
ENST00000368223.4	ENST00000368223	ENSG00000132688	True
ENST00000621784.4	ENST00000621784	ENSG00000143320	True
ENST00000313146.10	ENST00000313146	ENSG00000143319	True
ENST00000368218.8	ENST00000368218	ENSG00000143303	True
ENST00000368211.8	ENST00000368211	ENSG00000143314	True
ENST00000357325.10	ENST00000357325	ENSG00000143321	True
ENST00000271526.9	ENST00000271526	ENSG00000143294	True
ENST00000368199.7	ENST00000368199	ENSG00000027869	True
ENST00000368192.9	ENST00000368192	ENSG00000117036	True
ENST00000359209.11	ENST00000359209	ENSG00000183853	True
ENST00000295809.11	ENST00000295809	ENSG00000163565	True
ENST00000368107.2	ENST00000368107	ENSG00000158716	True
ENST00000368097.9	ENST00000368097	ENSG00000158710	True
ENST00000368090.5	ENST00000368090	ENSG00000143315	True
ENST00000368086.5	ENST00000368086	ENSG00000162729	True
ENST00000360472.9	ENST00000360472	ENSG00000162734	True
ENST00000368073.7	ENST00000368073	ENSG00000132716	True
ENST00000368072.9	ENST00000368072	ENSG00000162735	True
ENST00000241704.8	ENST00000241704	ENSG00000122218	True
ENST00000368061.3	ENST00000368061	ENSG00000162738	True
ENST00000423014.3	ENST00000423014	ENSG00000215845	True
ENST00000368021.7	ENST00000368021	ENSG00000158773	True
ENST00000368009.7	ENST00000368009	ENSG00000158793	True
ENST00000368006.8	ENST00000368006	ENSG00000158796	True
ENST00000368003.6	ENST00000368003	ENSG00000143222	True
ENST00000368002.8	ENST00000368002	ENSG00000143258	True
ENST00000367999.9	ENST00000367999	ENSG00000143224	True
ENST00000622395.4	ENST00000622395	ENSG00000158850	True
ENST00000367993.7	ENST00000367993	ENSG00000158864	True
ENST00000367988.8	ENST00000367988	ENSG00000158882	True
ENST00000367975.7	ENST00000367975	ENSG00000143252	True
ENST00000367942.4	ENST00000367942	ENSG00000118217	True
ENST00000294794.7	ENST00000294794	ENSG00000162745	True
ENST00000530878.5	ENST00000530878	ENSG00000198929	True
ENST00000426197.2	ENST00000426197	ENSG00000239887	True
ENST00000489294.2	ENST00000489294	ENSG00000152332	True
ENST00000367924.1	ENST00000367924	ENSG00000117143	True
ENST00000367922.7	ENST00000367922	ENSG00000162733	True
ENST00000254521.7	ENST00000254521	ENSG00000132196	True
ENST00000313961.10	ENST00000313961	ENSG00000143248	True
ENST00000271452.8	ENST00000271452	ENSG00000143228	True
ENST00000420696.7	ENST00000420696	ENSG00000185630	True
ENST00000367889.8	ENST00000367889	ENSG00000143198	True
ENST00000354775.4	ENST00000354775	ENSG00000143149	True
ENST00000392129.10	ENST00000392129	ENSG00000143183	True
ENST00000367879.9	ENST00000367879	ENSG00000143179	True
ENST00000367875.1	ENST00000367875	ENSG00000143157	True
ENST00000367874.5	ENST00000367874	ENSG00000152382	True
ENST00000370509.5	ENST00000370509	ENSG00000143162	True
ENST00000359523.7	ENST00000359523	ENSG00000197965	True
ENST00000271373.9	ENST00000271373	ENSG00000143158	True
ENST00000367840.3	ENST00000367840	ENSG00000143164	True
ENST00000367838.5	ENST00000367838	ENSG00000143147	True
ENST00000367833.7	ENST00000367833	ENSG00000143155	True
ENST00000367816.5	ENST00000367816	ENSG00000143153	True
ENST00000367811.8	ENST00000367811	ENSG00000143156	True
ENST00000367808.8	ENST00000367808	ENSG00000117475	True
ENST00000236137.10	ENST00000236137	ENSG00000117479	True
ENST00000286031.10	ENST00000286031	ENSG00000000460	True
ENST00000310392.5	ENST00000310392	ENSG00000171806	True
ENST00000367772.8	ENST00000367772	ENSG00000000457	True
ENST00000361580.7	ENST00000361580	ENSG00000075945	True
ENST00000367763.7	ENST00000367763	ENSG00000120370	True
ENST00000239461.11	ENST00000239461	ENSG00000116132	True
ENST00000367749.4	ENST00000367749	ENSG00000076258	True
ENST00000236192.12	ENST00000236192	ENSG00000117533	True
ENST00000361735.4	ENST00000361735	ENSG00000010165	True
ENST00000367731.5	ENST00000367731	ENSG00000197959	True
ENST00000263688.4	ENST00000263688	ENSG00000094975	True
ENST00000340385.6	ENST00000340385	ENSG00000117592	True
ENST00000209884.5	ENST00000209884	ENSG00000076321	True
ENST00000345664.10	ENST00000345664	ENSG00000120334	True
ENST00000649689.2	ENST00000649689	ENSG00000117593	True
ENST00000251507.8	ENST00000251507	ENSG00000152061	True
ENST00000367679.7	ENST00000367679	ENSG00000116161	True
ENST00000423313.6	ENST00000423313	ENSG00000235750	True
ENST00000367669.8	ENST00000367669	ENSG00000143207	True
ENST00000367649.7	ENST00000367649	ENSG00000075391	True
ENST00000367635.7	ENST00000367635	ENSG00000116191	True
ENST00000263733.5	ENST00000263733	ENSG00000116199	True
ENST00000367627.8	ENST00000367627	ENSG00000186283	True
ENST00000367619.8	ENST00000367619	ENSG00000057252	True
ENST00000367612.7	ENST00000367612	ENSG00000169905	True
ENST00000606911.6	ENST00000606911	ENSG00000143337	True
ENST00000367602.8	ENST00000367602	ENSG00000116260	True
ENST00000642319.1	ENST00000642319	ENSG00000230124	True
ENST00000367590.9	ENST00000367590	ENSG00000143324	True
ENST00000258301.6	ENST00000258301	ENSG00000135823	True
ENST00000614012.4	ENST00000614012	ENSG00000153029	True
ENST00000367577.7	ENST00000367577	ENSG00000162783	True
ENST00000331872.11	ENST00000331872	ENSG00000135821	True
ENST00000367559.7	ENST00000367559	ENSG00000135828	True
ENST00000367558.6	ENST00000367558	ENSG00000143333	True
ENST00000258317.6	ENST00000258317	ENSG00000135838	True
ENST00000367549.4	ENST00000367549	ENSG00000135829	True
ENST00000258341.5	ENST00000258341	ENSG00000135862	True
ENST00000264144.5	ENST00000264144	ENSG00000058085	True
ENST00000287713.7	ENST00000287713	ENSG00000157064	True
ENST00000367537.7	ENST00000367537	ENSG00000116698	True
ENST00000367535.8	ENST00000367535	ENSG00000116701	True
ENST00000359856.11	ENST00000359856	ENSG00000162704	True
ENST00000304685.8	ENST00000304685	ENSG00000143344	True
ENST00000361927.9	ENST00000361927	ENSG00000198756	True
ENST00000645668.2	ENST00000645668	ENSG00000198860	True
ENST00000235307.7	ENST00000235307	ENSG00000116667	True
ENST00000318130.13	ENST00000318130	ENSG00000116406	True
ENST00000367511.4	ENST00000367511	ENSG00000135842	True
ENST00000367510.8	ENST00000367510	ENSG00000121481	True
ENST00000367506.10	ENST00000367506	ENSG00000121486	True
ENST00000367500.9	ENST00000367500	ENSG00000116668	True
ENST00000367498.8	ENST00000367498	ENSG00000116679	True
ENST00000367478.9	ENST00000367478	ENSG00000047410	True
ENST00000287859.11	ENST00000287859	ENSG00000157181	True
ENST00000367468.10	ENST00000367468	ENSG00000073756	True
ENST00000367466.4	ENST00000367466	ENSG00000116711	True
ENST00000235382.7	ENST00000235382	ENSG00000116741	True
ENST00000367454.5	ENST00000367454	ENSG00000116750	True
ENST00000367446.7	ENST00000367446	ENSG00000116747	True
ENST00000367439.7	ENST00000367439	ENSG00000023572	True
ENST00000367435.5	ENST00000367435	ENSG00000134371	True
ENST00000367429.9	ENST00000367429	ENSG00000000971	True
ENST00000367405.4	ENST00000367405	ENSG00000177888	True
ENST00000620048.6	ENST00000620048	ENSG00000213047	True
ENST00000367393.8	ENST00000367393	ENSG00000203724	True
ENST00000367385.9	ENST00000367385	ENSG00000151414	True
ENST00000367352.3	ENST00000367352	ENSG00000162702	True
ENST00000367350.5	ENST00000367350	ENSG00000118193	True
ENST00000331314.11	ENST00000331314	ENSG00000118197	True
ENST00000236925.8	ENST00000236925	ENSG00000118200	True
ENST00000413687.3	ENST00000413687	ENSG00000163362	True
ENST00000367330.6	ENST00000367330	ENSG00000116857	True
ENST00000367311.5	ENST00000367311	ENSG00000174307	True
ENST00000367306.5	ENST00000367306	ENSG00000159176	True
ENST00000362011.7	ENST00000362011	ENSG00000198892	True
ENST00000367287.5	ENST00000367287	ENSG00000134375	True
ENST00000272217.7	ENST00000272217	ENSG00000143862	True
ENST00000646651.1	ENST00000646651	ENSG00000077152	True
ENST00000367265.9	ENST00000367265	ENSG00000117139	True
ENST00000367262.4	ENST00000367262	ENSG00000183155	True
ENST00000367261.8	ENST00000367261	ENSG00000117153	True
ENST00000340990.10	ENST00000340990	ENSG00000159346	True
ENST00000367249.9	ENST00000367249	ENSG00000159348	True
ENST00000367242.4	ENST00000367242	ENSG00000163444	True
ENST00000290551.5	ENST00000290551	ENSG00000159388	True
ENST00000414487.7	ENST00000414487	ENSG00000182004	True
ENST00000367204.6	ENST00000367204	ENSG00000143842	True
ENST00000367202.9	ENST00000367202	ENSG00000143845	True
ENST00000637508.1	ENST00000637508	ENSG00000143850	True
ENST00000367188.5	ENST00000367188	ENSG00000158615	True
ENST00000367187.7	ENST00000367187	ENSG00000133056	True
ENST00000367182.8	ENST00000367182	ENSG00000198625	True
ENST00000539706.5	ENST00000539706	ENSG00000163531	True
ENST00000264515.11	ENST00000264515	ENSG00000117222	True
ENST00000367162.8	ENST00000367162	ENSG00000133059	True
ENST00000367157.6	ENST00000367157	ENSG00000163545	True
ENST00000360066.6	ENST00000360066	ENSG00000117266	True
ENST00000357992.9	ENST00000357992	ENSG00000158711	True
ENST00000367145.4	ENST00000367145	ENSG00000158715	True
ENST00000367142.5	ENST00000367142	ENSG00000069275	True
ENST00000367139.8	ENST00000367139	ENSG00000117280	True
ENST00000573034.7	ENST00000573034	ENSG00000266028	True
ENST00000581977.7	ENST00000581977	ENSG00000263528	True
ENST00000579436.7	ENST00000579436	ENSG00000266094	True
ENST00000271764.7	ENST00000271764	ENSG00000143486	True
ENST00000367109.7	ENST00000367109	ENSG00000143479	True
ENST00000367103.4	ENST00000367103	ENSG00000162889	True
ENST00000367079.3	ENST00000367079	ENSG00000123836	True
ENST00000315927.8	ENST00000315927	ENSG00000180667	True
ENST00000367064.9	ENST00000367064	ENSG00000196352	True
ENST00000367042.6	ENST00000367042	ENSG00000117335	True
ENST00000391911.5	ENST00000391911	ENSG00000196878	True
ENST00000367029.5	ENST00000367029	ENSG00000123689	True
ENST00000294811.2	ENST00000294811	ENSG00000162757	True
ENST00000491415.7	ENST00000491415	ENSG00000117597	True
ENST00000367012.4	ENST00000367012	ENSG00000082497	True
ENST00000261458.8	ENST00000261458	ENSG00000054392	True
ENST00000419091.6	ENST00000419091	ENSG00000117625	True
ENST00000261464.10	ENST00000261464	ENSG00000082512	True
ENST00000367001.5	ENST00000367001	ENSG00000170385	True
ENST00000366999.9	ENST00000366999	ENSG00000117650	True
ENST00000366997.9	ENST00000366997	ENSG00000123684	True
ENST00000366994.8	ENST00000366994	ENSG00000143493	True
ENST00000366991.5	ENST00000366991	ENSG00000143476	True
ENST00000261461.7	ENST00000261461	ENSG00000066027	True
ENST00000261455.8	ENST00000261455	ENSG00000065600	True
ENST00000366988.5	ENST00000366988	ENSG00000117691	True
ENST00000341491.9	ENST00000341491	ENSG00000162772	True
ENST00000243440.2	ENST00000243440	ENSG00000123685	True
ENST00000366974.9	ENST00000366974	ENSG00000203705	True
ENST00000366971.9	ENST00000366971	ENSG00000162769	True
ENST00000366962.8	ENST00000366962	ENSG00000174606	True
ENST00000366960.8	ENST00000366960	ENSG00000136643	True
ENST00000498508.6	ENST00000498508	ENSG00000117707	True
ENST00000366957.10	ENST00000366957	ENSG00000143499	True
ENST00000259154.9	ENST00000259154	ENSG00000136636	True
ENST00000366935.8	ENST00000366935	ENSG00000092978	True
ENST00000366933.5	ENST00000366933	ENSG00000162814	True
ENST00000366932.4	ENST00000366932	ENSG00000067533	True
ENST00000366923.8	ENST00000366923	ENSG00000136628	True
ENST00000469520.6	ENST00000469520	ENSG00000162813	True
ENST00000366922.3	ENST00000366922	ENSG00000067704	True
ENST00000358951.7	ENST00000358951	ENSG00000118873	True
ENST00000366917.6	ENST00000366917	ENSG00000116141	True
ENST00000294889.6	ENST00000294889	ENSG00000162817	True
ENST00000366913.8	ENST00000366913	ENSG00000117791	True
ENST00000366910.10	ENST00000366910	ENSG00000186205	True
ENST00000366903.8	ENST00000366903	ENSG00000136630	True
ENST00000366899.4	ENST00000366899	ENSG00000143507	True
ENST00000350027.8	ENST00000350027	ENSG00000143498	True
ENST00000340020.11	ENST00000340020	ENSG00000186063	True
ENST00000340934.10	ENST00000340934	ENSG00000162819	True
ENST00000284476.7	ENST00000284476	ENSG00000154309	True
ENST00000295006.6	ENST00000295006	ENSG00000162909	True
ENST00000343537.12	ENST00000343537	ENSG00000143514	True
ENST00000323699.9	ENST00000323699	ENSG00000143753	True
ENST00000281701.11	ENST00000281701	ENSG00000143748	True
ENST00000465271.6	ENST00000465271	ENSG00000143771	True
ENST00000414423.8	ENST00000414423	ENSG00000162923	True
ENST00000338179.6	ENST00000338179	ENSG00000143815	True
ENST00000366843.6	ENST00000366843	ENSG00000154380	True
ENST00000304786.11	ENST00000304786	ENSG00000143742	True
ENST00000614058.4	ENST00000614058	ENSG00000143819	True
ENST00000366835.8	ENST00000366835	ENSG00000196187	True
ENST00000343818.11	ENST00000343818	ENSG00000143811	True
ENST00000272091.8	ENST00000272091	ENSG00000143751	True
ENST00000366812.6	ENST00000366812	ENSG00000182827	True
ENST00000328205.9	ENST00000328205	ENSG00000183814	True
ENST00000366794.10	ENST00000366794	ENSG00000143799	True
ENST00000429204.5	ENST00000429204	ENSG00000143772	True
ENST00000366783.8	ENST00000366783	ENSG00000143801	True
ENST00000315781.9	ENST00000315781	ENSG00000143740	True
ENST00000541182.1	ENST00000541182	ENSG00000143761	True
ENST00000272139.5	ENST00000272139	ENSG00000143793	True
ENST00000366735.5	ENST00000366735	ENSG00000162910	True
ENST00000391865.7	ENST00000391865	ENSG00000143774	True
ENST00000284551.11	ENST00000284551	ENSG00000154370	True
ENST00000305943.8	ENST00000305943	ENSG00000168159	True
ENST00000366691.4	ENST00000366691	ENSG00000116574	True
ENST00000366690.5	ENST00000366690	ENSG00000168118	True
ENST00000284617.7	ENST00000284617	ENSG00000154429	True
ENST00000261396.6	ENST00000261396	ENSG00000069248	True
ENST00000344517.5	ENST00000344517	ENSG00000135776	True
ENST00000258281.6	ENST00000258281	ENSG00000135801	True
ENST00000258243.7	ENST00000258243	ENSG00000135763	True
ENST00000366672.5	ENST00000366672	ENSG00000143641	True
ENST00000366669.9	ENST00000366669	ENSG00000135775	True
ENST00000366667.5	ENST00000366667	ENSG00000135744	True
ENST00000366661.9	ENST00000366661	ENSG00000143643	True
ENST00000366654.5	ENST00000366654	ENSG00000182118	True
ENST00000366651.7	ENST00000366651	ENSG00000143633	True
ENST00000366647.9	ENST00000366647	ENSG00000116906	True
ENST00000366645.1	ENST00000366645	ENSG00000116903	True
ENST00000295050.12	ENST00000295050	ENSG00000010072	True
ENST00000366641.4	ENST00000366641	ENSG00000135766	True
ENST00000366639.9	ENST00000366639	ENSG00000116918	True
ENST00000366630.5	ENST00000366630	ENSG00000116991	True
ENST00000366628.10	ENST00000366628	ENSG00000135778	True
ENST00000366624.8	ENST00000366624	ENSG00000143674	True
ENST00000366621.8	ENST00000366621	ENSG00000135750	True
ENST00000366612.1	ENST00000366612	ENSG00000168275	True
ENST00000040877.2	ENST00000040877	ENSG00000059588	True
ENST00000366609.3	ENST00000366609	ENSG00000168264	True
ENST00000366607.5	ENST00000366607	ENSG00000173726	True
ENST00000408888.8	ENST00000408888	ENSG00000188739	True
ENST00000264183.9	ENST00000264183	ENSG00000054267	True
ENST00000282841.9	ENST00000282841	ENSG00000152904	True
ENST00000366600.8	ENST00000366600	ENSG00000162885	True
ENST00000450593.5	ENST00000450593	ENSG00000168243	True
ENST00000366592.8	ENST00000366592	ENSG00000077585	True
ENST00000354619.10	ENST00000354619	ENSG00000086619	True
ENST00000359362.6	ENST00000359362	ENSG00000186197	True
ENST00000526589.5	ENST00000526589	ENSG00000116977	True
ENST00000366582.8	ENST00000366582	ENSG00000119285	True
ENST00000319653.14	ENST00000319653	ENSG00000155816	True
ENST00000366560.4	ENST00000366560	ENSG00000091483	True
ENST00000366554.3	ENST00000366554	ENSG00000054277	True
ENST00000366553.2	ENST00000366553	ENSG00000203668	True
ENST00000366548.8	ENST00000366548	ENSG00000174371	True
ENST00000366542.6	ENST00000366542	ENSG00000143702	True
ENST00000366541.8	ENST00000366541	ENSG00000054282	True
ENST00000673466.1	ENST00000673466	ENSG00000117020	True
ENST00000358704.4	ENST00000358704	ENSG00000179456	True
ENST00000366535.4	ENST00000366535	ENSG00000035687	True
ENST00000302550.16	ENST00000302550	ENSG00000121644	True
ENST00000411948.7	ENST00000411948	ENSG00000203667	True
ENST00000640218.2	ENST00000640218	ENSG00000153187	True
ENST00000366523.5	ENST00000366523	ENSG00000203666	True
ENST00000490107.6	ENST00000490107	ENSG00000185420	True
ENST00000366514.5	ENST00000366514	ENSG00000162851	True
ENST00000366513.9	ENST00000366513	ENSG00000162852	True
ENST00000366508.5	ENST00000366508	ENSG00000153207	True
ENST00000339986.8	ENST00000339986	ENSG00000197472	True
ENST00000366503.3	ENST00000366503	ENSG00000277462	True
ENST00000343381.10	ENST00000343381	ENSG00000188295	True
ENST00000294753.8	ENST00000294753	ENSG00000162714	True
ENST00000366472.6	ENST00000366472	ENSG00000175137	True
ENST00000306562.8	ENST00000306562	ENSG00000171161	True
ENST00000306601.9	ENST00000306601	ENSG00000171163	True
ENST00000329291.6	ENST00000329291	ENSG00000185220	True
ENST00000405430.5	ENST00000405430	ENSG00000035115	True
ENST00000281017.8	ENST00000281017	ENSG00000151353	True
ENST00000252804.9	ENST00000252804	ENSG00000130508	True
ENST00000382125.8	ENST00000382125	ENSG00000032389	True
ENST00000324266.10	ENST00000324266	ENSG00000171853	True
ENST00000327435.11	ENST00000327435	ENSG00000182551	True
ENST00000462576.5	ENST00000462576	ENSG00000171863	True
ENST00000320892.11	ENST00000320892	ENSG00000151692	True
ENST00000234091.8	ENST00000234091	ENSG00000115738	True
ENST00000473731.5	ENST00000473731	ENSG00000134313	True
ENST00000305997.8	ENST00000305997	ENSG00000143797	True
ENST00000281419.8	ENST00000281419	ENSG00000151693	True
ENST00000360635.7	ENST00000360635	ENSG00000119185	True
ENST00000238112.8	ENST00000238112	ENSG00000119203	True
ENST00000310823.8	ENST00000310823	ENSG00000151694	True
ENST00000381844.8	ENST00000381844	ENSG00000134308	True
ENST00000263663.10	ENST00000263663	ENSG00000115750	True
ENST00000324907.14	ENST00000324907	ENSG00000134317	True
ENST00000305883.6	ENST00000305883	ENSG00000172059	True
ENST00000641198.1	ENST00000641198	ENSG00000171848	True
ENST00000620771.4	ENST00000620771	ENSG00000115756	True
ENST00000234111.9	ENST00000234111	ENSG00000115758	True
ENST00000381685.10	ENST00000381685	ENSG00000115761	True
ENST00000272227.8	ENST00000272227	ENSG00000143870	True
ENST00000295083.8	ENST00000295083	ENSG00000162976	True
ENST00000315872.11	ENST00000315872	ENSG00000134318	True
ENST00000381525.8	ENST00000381525	ENSG00000169016	True
ENST00000381486.7	ENST00000381486	ENSG00000196208	True
ENST00000256720.6	ENST00000256720	ENSG00000134324	True
ENST00000281513.10	ENST00000281513	ENSG00000151779	True
ENST00000381341.6	ENST00000381341	ENSG00000079785	True
ENST00000381323.7	ENST00000381323	ENSG00000197872	True
ENST00000406397.1	ENST00000406397	ENSG00000163032	True
ENST00000448223.7	ENST00000448223	ENSG00000163029	True
ENST00000381254.7	ENST00000381254	ENSG00000178295	True
ENST00000381249.4	ENST00000381249	ENSG00000240857	True
ENST00000333610.4	ENST00000333610	ENSG00000183891	True
ENST00000281405.9	ENST00000281405	ENSG00000118965	True
ENST00000407540.8	ENST00000407540	ENSG00000132031	True
ENST00000175091.5	ENST00000175091	ENSG00000068697	True
ENST00000381150.5	ENST00000381150	ENSG00000115884	True
ENST00000338086.9	ENST00000338086	ENSG00000055917	True
ENST00000272233.6	ENST00000272233	ENSG00000143878	True
ENST00000304031.8	ENST00000304031	ENSG00000118960	True
ENST00000237822.8	ENST00000237822	ENSG00000118961	True
ENST00000486442.6	ENST00000486442	ENSG00000119771	True
ENST00000238789.10	ENST00000238789	ENSG00000119778	True
ENST00000309033.5	ENST00000309033	ENSG00000173960	True
ENST00000295148.9	ENST00000295148	ENSG00000163026	True
ENST00000380986.9	ENST00000380986	ENSG00000119782	True
ENST00000233468.5	ENST00000233468	ENSG00000115128	True
ENST00000238721.9	ENST00000238721	ENSG00000115129	True
ENST00000355123.8	ENST00000355123	ENSG00000198399	True
ENST00000405141.5	ENST00000405141	ENSG00000084676	True
ENST00000380834.7	ENST00000380834	ENSG00000138092	True
ENST00000260600.9	ENST00000260600	ENSG00000138031	True
ENST00000403714.8	ENST00000403714	ENSG00000084710	True
ENST00000264709.7	ENST00000264709	ENSG00000119772	True
ENST00000406818.7	ENST00000406818	ENSG00000138101	True
ENST00000264712.8	ENST00000264712	ENSG00000084731	True
ENST00000264710.5	ENST00000264710	ENSG00000084733	True
ENST00000380649.8	ENST00000380649	ENSG00000084754	True
ENST00000317799.10	ENST00000317799	ENSG00000138029	True
ENST00000344420.10	ENST00000344420	ENSG00000213699	True
ENST00000335756.9	ENST00000335756	ENSG00000115163	True
ENST00000288699.11	ENST00000288699	ENSG00000157851	True
ENST00000233121.7	ENST00000233121	ENSG00000084764	True
ENST00000238788.14	ENST00000238788	ENSG00000119777	True
ENST00000360131.5	ENST00000360131	ENSG00000084693	True
ENST00000429985.1	ENST00000429985	ENSG00000228474	True
ENST00000260599.10	ENST00000260599	ENSG00000138030	True
ENST00000402394.6	ENST00000402394	ENSG00000138028	True
ENST00000260643.7	ENST00000260643	ENSG00000138073	True
ENST00000310574.8	ENST00000310574	ENSG00000138074	True
ENST00000380171.8	ENST00000380171	ENSG00000138085	True
ENST00000264705.9	ENST00000264705	ENSG00000084774	True
ENST00000233535.9	ENST00000233535	ENSG00000115194	True
ENST00000380044.6	ENST00000380044	ENSG00000115204	True
ENST00000359541.6	ENST00000359541	ENSG00000115207	True
ENST00000233575.7	ENST00000233575	ENSG00000115234	True
ENST00000323703.11	ENST00000323703	ENSG00000163795	True
ENST00000344034.5	ENST00000344034	ENSG00000115241	True
ENST00000233557.7	ENST00000233557	ENSG00000115216	True
ENST00000260570.8	ENST00000260570	ENSG00000138002	True
ENST00000355467.6	ENST00000355467	ENSG00000243943	True
ENST00000394775.3	ENST00000394775	ENSG00000176714	True
ENST00000337768.10	ENST00000337768	ENSG00000119760	True
ENST00000613058.4	ENST00000613058	ENSG00000163798	True
ENST00000296102.8	ENST00000296102	ENSG00000243147	True
ENST00000302188.8	ENST00000302188	ENSG00000171174	True
ENST00000342045.6	ENST00000342045	ENSG00000158019	True
ENST00000264716.9	ENST00000264716	ENSG00000075426	True
ENST00000395366.3	ENST00000395366	ENSG00000213639	True
ENST00000306108.10	ENST00000306108	ENSG00000171103	True
ENST00000407426.8	ENST00000407426	ENSG00000163811	True
ENST00000320081.10	ENST00000320081	ENSG00000115295	True
ENST00000379520.7	ENST00000379520	ENSG00000119801	True
ENST00000395323.9	ENST00000395323	ENSG00000213626	True
ENST00000379509.7	ENST00000379509	ENSG00000172954	True
ENST00000349752.10	ENST00000349752	ENSG00000158089	True
ENST00000322054.10	ENST00000322054	ENSG00000013016	True
ENST00000295065.9	ENST00000295065	ENSG00000162959	True
ENST00000342166.10	ENST00000342166	ENSG00000162961	True
ENST00000315285.8	ENST00000315285	ENSG00000021574	True
ENST00000282587.9	ENST00000282587	ENSG00000152683	True
ENST00000317907.9	ENST00000317907	ENSG00000018699	True
ENST00000404816.7	ENST00000404816	ENSG00000049323	True
ENST00000238823.13	ENST00000238823	ENSG00000119812	True
ENST00000280527.7	ENST00000280527	ENSG00000150938	True
ENST00000379245.8	ENST00000379245	ENSG00000171055	True
ENST00000233099.6	ENST00000233099	ENSG00000008869	True
ENST00000674370.1	ENST00000674370	ENSG00000152133	True
ENST00000233057.9	ENST00000233057	ENSG00000055332	True
ENST00000402297.6	ENST00000402297	ENSG00000218739	True
ENST00000234170.10	ENST00000234170	ENSG00000115816	True
ENST00000002125.9	ENST00000002125	ENSG00000003509	True
ENST00000379066.5	ENST00000379066	ENSG00000115825	True
ENST00000338415.8	ENST00000338415	ENSG00000115828	True
ENST00000611976.1	ENST00000611976	ENSG00000163171	True
ENST00000406384.5	ENST00000406384	ENSG00000115841	True
ENST00000610745.5	ENST00000610745	ENSG00000138061	True
ENST00000449105.8	ENST00000449105	ENSG00000143889	True
ENST00000272252.10	ENST00000272252	ENSG00000143891	True
ENST00000313117.11	ENST00000313117	ENSG00000115875	True
ENST00000281950.8	ENST00000281950	ENSG00000152147	True
ENST00000457308.6	ENST00000457308	ENSG00000163214	True
ENST00000410014.5	ENST00000410014	ENSG00000188010	True
ENST00000402219.7	ENST00000402219	ENSG00000115904	True
ENST00000263881.8	ENST00000263881	ENSG00000011566	True
ENST00000403092.5	ENST00000403092	ENSG00000183023	True
ENST00000294964.6	ENST00000294964	ENSG00000162878	True
ENST00000318522.10	ENST00000318522	ENSG00000143924	True
ENST00000378669.5	ENST00000378669	ENSG00000115944	True
ENST00000282388.4	ENST00000282388	ENSG00000152518	True
ENST00000405006.8	ENST00000405006	ENSG00000115970	True
ENST00000475092.4	ENST00000475092	ENSG00000223658	True
ENST00000605786.5	ENST00000605786	ENSG00000138036	True
ENST00000260665.12	ENST00000260665	ENSG00000138095	True
ENST00000282412.9	ENST00000282412	ENSG00000138032	True
ENST00000541738.5	ENST00000541738	ENSG00000138078	True
ENST00000378494.8	ENST00000378494	ENSG00000143919	True
ENST00000303077.7	ENST00000303077	ENSG00000170577	True
ENST00000263736.5	ENST00000263736	ENSG00000068784	True
ENST00000306156.8	ENST00000306156	ENSG00000171132	True
ENST00000263734.5	ENST00000263734	ENSG00000116016	True
ENST00000238738.9	ENST00000238738	ENSG00000119729	True
ENST00000281382.11	ENST00000281382	ENSG00000151665	True
ENST00000238892.4	ENST00000238892	ENSG00000119878	True
ENST00000306503.5	ENST00000306503	ENSG00000171150	True
ENST00000409105.5	ENST00000409105	ENSG00000180398	True
ENST00000319190.11	ENST00000319190	ENSG00000068724	True
ENST00000654798.1	ENST00000654798	ENSG00000143933	True
ENST00000263735.9	ENST00000263735	ENSG00000119888	True
ENST00000233146.7	ENST00000233146	ENSG00000095002	True
ENST00000234420.11	ENST00000234420	ENSG00000116062	True
ENST00000402508.5	ENST00000402508	ENSG00000138081	True
ENST00000340553.8	ENST00000340553	ENSG00000170802	True
ENST00000294952.13	ENST00000294952	ENSG00000162869	True
ENST00000263634.8	ENST00000263634	ENSG00000115239	True
ENST00000295304.5	ENST00000295304	ENSG00000143942	True
ENST00000185150.9	ENST00000185150	ENSG00000068912	True
ENST00000404125.6	ENST00000404125	ENSG00000068878	True
ENST00000394666.7	ENST00000394666	ENSG00000170634	True
ENST00000356805.9	ENST00000356805	ENSG00000115306	True
ENST00000394609.6	ENST00000394609	ENSG00000115310	True
ENST00000272317.10	ENST00000272317	ENSG00000143947	True
ENST00000263629.9	ENST00000263629	ENSG00000085760	True
ENST00000263630.13	ENST00000263630	ENSG00000115355	True
ENST00000349456.8	ENST00000349456	ENSG00000163001	True
ENST00000616288.4	ENST00000616288	ENSG00000275052	True
ENST00000447944.7	ENST00000447944	ENSG00000138035	True
ENST00000394555.6	ENST00000394555	ENSG00000115380	True
ENST00000435505.6	ENST00000435505	ENSG00000028116	True
ENST00000642384.2	ENST00000642384	ENSG00000119866	True
ENST00000238714.8	ENST00000238714	ENSG00000115421	True
ENST00000316752.11	ENST00000316752	ENSG00000162927	True
ENST00000295030.6	ENST00000295030	ENSG00000162928	True
ENST00000402291.6	ENST00000402291	ENSG00000162929	True
ENST00000401558.7	ENST00000401558	ENSG00000082898	True
ENST00000394440.8	ENST00000394440	ENSG00000115484	True
ENST00000311832.5	ENST00000311832	ENSG00000173163	True
ENST00000301998.5	ENST00000301998	ENSG00000170340	True
ENST00000335390.6	ENST00000335390	ENSG00000186889	True
ENST00000263991.9	ENST00000263991	ENSG00000115504	True
ENST00000366671.7	ENST00000366671	ENSG00000115507	True
ENST00000272321.12	ENST00000272321	ENSG00000143951	True
ENST00000544381.4	ENST00000544381	ENSG00000014641	True
ENST00000337130.9	ENST00000337130	ENSG00000169764	True
ENST00000409558.8	ENST00000409558	ENSG00000143952	True
ENST00000358912.5	ENST00000358912	ENSG00000197329	True
ENST00000238875.10	ENST00000238875	ENSG00000119862	True
ENST00000238855.11	ENST00000238855	ENSG00000119844	True
ENST00000313349.3	ENST00000313349	ENSG00000179833	True
ENST00000234256.4	ENST00000234256	ENSG00000115902	True
ENST00000377990.7	ENST00000377990	ENSG00000011523	True
ENST00000409784.8	ENST00000409784	ENSG00000138069	True
ENST00000260641.9	ENST00000260641	ENSG00000138071	True
ENST00000356388.9	ENST00000356388	ENSG00000198369	True
ENST00000272369.14	ENST00000272369	ENSG00000143995	True
ENST00000272342.6	ENST00000272342	ENSG00000143971	True
ENST00000355848.7	ENST00000355848	ENSG00000197223	True
ENST00000263657.7	ENST00000263657	ENSG00000115946	True
ENST00000234310.8	ENST00000234310	ENSG00000221823	True
ENST00000263655.4	ENST00000263655	ENSG00000119865	True
ENST00000303795.9	ENST00000303795	ENSG00000169621	True
ENST00000303714.8	ENST00000303714	ENSG00000169604	True
ENST00000361060.5	ENST00000361060	ENSG00000198380	True
ENST00000303698.7	ENST00000303698	ENSG00000169599	True
ENST00000394295.6	ENST00000394295	ENSG00000196975	True
ENST00000282570.4	ENST00000282570	ENSG00000087338	True
ENST00000244227.8	ENST00000244227	ENSG00000124380	True
ENST00000264444.7	ENST00000264444	ENSG00000059728	True
ENST00000303577.7	ENST00000303577	ENSG00000169564	True
ENST00000264434.6	ENST00000264434	ENSG00000115998	True
ENST00000282574.8	ENST00000282574	ENSG00000116001	True
ENST00000433351.7	ENST00000433351	ENSG00000116005	True
ENST00000272348.7	ENST00000272348	ENSG00000143977	True
ENST00000037869.7	ENST00000037869	ENSG00000035141	True
ENST00000295400.11	ENST00000295400	ENSG00000163235	True
ENST00000264436.9	ENST00000264436	ENSG00000075340	True
ENST00000272438.9	ENST00000272438	ENSG00000144043	True
ENST00000244204.11	ENST00000244204	ENSG00000124357	True
ENST00000244230.7	ENST00000244230	ENSG00000124383	True
ENST00000244221.9	ENST00000244221	ENSG00000124374	True
ENST00000409544.5	ENST00000409544	ENSG00000075292	True
ENST00000409651.5	ENST00000409651	ENSG00000135636	True
ENST00000001146.6	ENST00000001146	ENSG00000003137	True
ENST00000272427.11	ENST00000272427	ENSG00000144036	True
ENST00000234454.6	ENST00000234454	ENSG00000116096	True
ENST00000258098.6	ENST00000258098	ENSG00000135631	True
ENST00000389501.9	ENST00000389501	ENSG00000135632	True
ENST00000258083.3	ENST00000258083	ENSG00000135617	True
ENST00000258091.10	ENST00000258091	ENSG00000135624	True
ENST00000272424.11	ENST00000272424	ENSG00000144034	True
ENST00000272444.7	ENST00000272444	ENSG00000144048	True
ENST00000394070.7	ENST00000394070	ENSG00000124356	True
ENST00000409624.1	ENST00000409624	ENSG00000163017	True
ENST00000264093.9	ENST00000264093	ENSG00000114956	True
ENST00000327428.10	ENST00000327428	ENSG00000163170	True
ENST00000396049.5	ENST00000396049	ENSG00000114978	True
ENST00000394053.7	ENST00000394053	ENSG00000065911	True
ENST00000361874.7	ENST00000361874	ENSG00000204843	True
ENST00000348227.4	ENST00000348227	ENSG00000005448	True
ENST00000272430.10	ENST00000272430	ENSG00000114993	True
ENST00000448666.7	ENST00000448666	ENSG00000115275	True
ENST00000258105.8	ENST00000258105	ENSG00000204822	True
ENST00000290418.4	ENST00000290418	ENSG00000135637	True
ENST00000233630.11	ENST00000233630	ENSG00000115289	True
ENST00000377526.4	ENST00000377526	ENSG00000115307	True
ENST00000258080.7	ENST00000258080	ENSG00000115317	True
ENST00000264094.8	ENST00000264094	ENSG00000115318	True
ENST00000233668.9	ENST00000233668	ENSG00000115325	True
ENST00000357877.7	ENST00000357877	ENSG00000135622	True
ENST00000290573.7	ENST00000290573	ENSG00000159399	True
ENST00000483063.2	ENST00000483063	ENSG00000115350	True
ENST00000393913.8	ENST00000393913	ENSG00000115363	True
ENST00000393909.7	ENST00000393909	ENSG00000115364	True
ENST00000321027.8	ENST00000321027	ENSG00000005436	True
ENST00000409520.7	ENST00000409520	ENSG00000186854	True
ENST00000233143.6	ENST00000233143	ENSG00000034510	True
ENST00000409785.9	ENST00000409785	ENSG00000176407	True
ENST00000282111.4	ENST00000282111	ENSG00000152284	True
ENST00000377386.8	ENST00000377386	ENSG00000152291	True
ENST00000295802.9	ENST00000295802	ENSG00000042445	True
ENST00000409344.7	ENST00000409344	ENSG00000115459	True
ENST00000263867.9	ENST00000263867	ENSG00000042493	True
ENST00000306434.8	ENST00000306434	ENSG00000168906	True
ENST00000233838.9	ENST00000233838	ENSG00000115486	True
ENST00000263864.10	ENST00000263864	ENSG00000118640	True
ENST00000306384.5	ENST00000306384	ENSG00000168899	True
ENST00000409668.1	ENST00000409668	ENSG00000168890	True
ENST00000306336.6	ENST00000306336	ENSG00000168887	True
ENST00000306279.4	ENST00000306279	ENSG00000168874	True
ENST00000638572.2	ENST00000638572	ENSG00000115525	True
ENST00000449247.6	ENST00000449247	ENSG00000132305	True
ENST00000337109.9	ENST00000337109	ENSG00000132313	True
ENST00000165698.9	ENST00000165698	ENSG00000068615	True
ENST00000409556.5	ENST00000409556	ENSG00000115548	True
ENST00000263856.9	ENST00000263856	ENSG00000115561	True
ENST00000237455.5	ENST00000237455	ENSG00000239305	True
ENST00000283632.5	ENST00000283632	ENSG00000153561	True
ENST00000347055.4	ENST00000347055	ENSG00000172086	True
ENST00000303236.9	ENST00000303236	ENSG00000172071	True
ENST00000283646.5	ENST00000283646	ENSG00000153574	True
ENST00000295208.7	ENST00000295208	ENSG00000144026	True
ENST00000614034.5	ENST00000614034	ENSG00000275111	True
ENST00000233379.9	ENST00000233379	ENSG00000115042	True
ENST00000288943.5	ENST00000288943	ENSG00000158050	True
ENST00000337288.9	ENST00000337288	ENSG00000084090	True
ENST00000258439.8	ENST00000258439	ENSG00000135956	True
ENST00000488633.2	ENST00000488633	ENSG00000144021	True
ENST00000323853.10	ENST00000323853	ENSG00000144028	True
ENST00000240423.9	ENST00000240423	ENSG00000121152	True
ENST00000357485.8	ENST00000357485	ENSG00000196843	True
ENST00000666923.1	ENST00000666923	ENSG00000114982	True
ENST00000264963.8	ENST00000264963	ENSG00000114988	True
ENST00000377075.3	ENST00000377075	ENSG00000158158	True
ENST00000393537.5	ENST00000393537	ENSG00000213337	True
ENST00000305476.10	ENST00000305476	ENSG00000168758	True
ENST00000414820.6	ENST00000414820	ENSG00000144199	True
ENST00000258424.3	ENST00000258424	ENSG00000135940	True
ENST00000289228.7	ENST00000289228	ENSG00000115073	True
ENST00000186436.10	ENST00000186436	ENSG00000075568	True
ENST00000409016.8	ENST00000409016	ENSG00000040933	True
ENST00000328709.8	ENST00000328709	ENSG00000183513	True
ENST00000357765.6	ENST00000357765	ENSG00000115446	True
ENST00000264968.7	ENST00000264968	ENSG00000071073	True
ENST00000393473.6	ENST00000393473	ENSG00000144182	True
ENST00000289359.6	ENST00000289359	ENSG00000158411	True
ENST00000264255.8	ENST00000264255	ENSG00000115514	True
ENST00000289371.11	ENST00000289371	ENSG00000158417	True
ENST00000258428.8	ENST00000258428	ENSG00000135945	True
ENST00000409579.5	ENST00000409579	ENSG00000144218	True
ENST00000264249.8	ENST00000264249	ENSG00000115526	True
ENST00000264254.11	ENST00000264254	ENSG00000115539	True
ENST00000335681.10	ENST00000335681	ENSG00000170485	True
ENST00000264258.8	ENST00000264258	ENSG00000071082	True
ENST00000289382.8	ENST00000289382	ENSG00000158435	True
ENST00000295317.4	ENST00000295317	ENSG00000163162	True
ENST00000350878.8	ENST00000350878	ENSG00000071054	True
ENST00000410023.6	ENST00000410023	ENSG00000115594	True
ENST00000258436.10	ENST00000258436	ENSG00000135953	True
ENST00000412401.3	ENST00000412401	ENSG00000170417	True
ENST00000258455.8	ENST00000258455	ENSG00000135972	True
ENST00000393359.7	ENST00000393359	ENSG00000135966	True
ENST00000258457.7	ENST00000258457	ENSG00000135974	True
ENST00000409177.6	ENST00000409177	ENSG00000115641	True
ENST00000233154.9	ENST00000233154	ENSG00000071051	True
ENST00000409501.7	ENST00000409501	ENSG00000115652	True
ENST00000309863.11	ENST00000309863	ENSG00000135968	True
ENST00000338045.7	ENST00000338045	ENSG00000169756	True
ENST00000295124.9	ENST00000295124	ENSG00000163006	True
ENST00000309415.8	ENST00000309415	ENSG00000172985	True
ENST00000397712.7	ENST00000397712	ENSG00000186522	True
ENST00000356454.5	ENST00000356454	ENSG00000198142	True
ENST00000272462.3	ENST00000272462	ENSG00000144063	True
ENST00000316534.8	ENST00000316534	ENSG00000144061	True
ENST00000302759.11	ENST00000302759	ENSG00000169679	True
ENST00000308659.12	ENST00000308659	ENSG00000153094	True
ENST00000341068.8	ENST00000341068	ENSG00000153107	True
ENST00000295408.9	ENST00000295408	ENSG00000153208	True
ENST00000283206.9	ENST00000283206	ENSG00000153214	True
ENST00000331203.7	ENST00000331203	ENSG00000144152	True
ENST00000409573.7	ENST00000409573	ENSG00000144161	True
ENST00000263331.10	ENST00000263331	ENSG00000125630	True
ENST00000324913.9	ENST00000324913	ENSG00000125611	True
ENST00000272542.8	ENST00000272542	ENSG00000144136	True
ENST00000416503.6	ENST00000416503	ENSG00000136682	True
ENST00000263238.7	ENST00000263238	ENSG00000115091	True
ENST00000263239.7	ENST00000263239	ENSG00000088205	True
ENST00000376300.7	ENST00000376300	ENSG00000125633	True
ENST00000245787.9	ENST00000245787	ENSG00000125629	True
ENST00000393106.6	ENST00000393106	ENSG00000115107	True
ENST00000409466.6	ENST00000409466	ENSG00000186132	True
ENST00000355857.7	ENST00000355857	ENSG00000155368	True
ENST00000306406.5	ENST00000306406	ENSG00000171227	True
ENST00000424086.5	ENST00000424086	ENSG00000144120	True
ENST00000443124.5	ENST00000443124	ENSG00000115109	True
ENST00000426077.3	ENST00000426077	ENSG00000226479	True
ENST00000272519.10	ENST00000272519	ENSG00000144118	True
ENST00000452319.5	ENST00000452319	ENSG00000074047	True
ENST00000541377.5	ENST00000541377	ENSG00000074054	True
ENST00000285814.9	ENST00000285814	ENSG00000155438	True
ENST00000389682.8	ENST00000389682	ENSG00000211460	True
ENST00000259254.9	ENST00000259254	ENSG00000136732	True
ENST00000393040.7	ENST00000393040	ENSG00000136717	True
ENST00000285398.7	ENST00000285398	ENSG00000163161	True
ENST00000295321.9	ENST00000295321	ENSG00000163166	True
ENST00000355119.8	ENST00000355119	ENSG00000072163	True
ENST00000322313.9	ENST00000322313	ENSG00000136709	True
ENST00000272645.9	ENST00000272645	ENSG00000144231	True
ENST00000272647.10	ENST00000272647	ENSG00000144233	True
ENST00000643581.1	ENST00000643581	ENSG00000136715	True
ENST00000259241.7	ENST00000259241	ENSG00000136720	True
ENST00000409255.1	ENST00000409255	ENSG00000152082	True
ENST00000259229.7	ENST00000259229	ENSG00000136710	True
ENST00000259239.8	ENST00000259239	ENSG00000136718	True
ENST00000175756.10	ENST00000175756	ENSG00000072135	True
ENST00000389915.4	ENST00000389915	ENSG00000152102	True
ENST00000234115.10	ENST00000234115	ENSG00000115762	True
ENST00000309451.7	ENST00000309451	ENSG00000173272	True
ENST00000281923.4	ENST00000281923	ENSG00000152127	True
ENST00000264157.10	ENST00000264157	ENSG00000082258	True
ENST00000264159.11	ENST00000264159	ENSG00000121988	True
ENST00000409606.5	ENST00000409606	ENSG00000048991	True
ENST00000272638.14	ENST00000272638	ENSG00000144224	True
ENST00000264156.3	ENST00000264156	ENSG00000076003	True
ENST00000264161.9	ENST00000264161	ENSG00000115866	True
ENST00000241393.4	ENST00000241393	ENSG00000121966	True
ENST00000280098.9	ENST00000280098	ENSG00000144228	True
ENST00000627532.3	ENST00000627532	ENSG00000169554	True
ENST00000241416.12	ENST00000241416	ENSG00000121989	True
ENST00000535373.5	ENST00000535373	ENSG00000115947	True
ENST00000258484.11	ENST00000258484	ENSG00000135999	True
ENST00000435030.6	ENST00000435030	ENSG00000168280	True
ENST00000334166.9	ENST00000334166	ENSG00000187123	True
ENST00000428879.5	ENST00000428879	ENSG00000168288	True
ENST00000375734.6	ENST00000375734	ENSG00000115963	True
ENST00000331426.6	ENST00000331426	ENSG00000184898	True
ENST00000243346.10	ENST00000243346	ENSG00000123609	True
ENST00000243347.5	ENST00000243347	ENSG00000123610	True
ENST00000295087.13	ENST00000295087	ENSG00000162980	True
ENST00000263904.5	ENST00000263904	ENSG00000115145	True
ENST00000288670.14	ENST00000288670	ENSG00000157827	True
ENST00000410080.7	ENST00000410080	ENSG00000196504	True
ENST00000325926.4	ENST00000325926	ENSG00000177519	True
ENST00000392825.8	ENST00000392825	ENSG00000144278	True
ENST00000339562.9	ENST00000339562	ENSG00000153234	True
ENST00000310454.10	ENST00000310454	ENSG00000115159	True
ENST00000434821.7	ENST00000434821	ENSG00000115170	True
ENST00000389759.7	ENST00000389759	ENSG00000144283	True
ENST00000263635.8	ENST00000263635	ENSG00000115183	True
ENST00000409990.7	ENST00000409990	ENSG00000196151	True
ENST00000392783.7	ENST00000392783	ENSG00000123636	True
ENST00000409175.6	ENST00000409175	ENSG00000136536	True
ENST00000348849.8	ENST00000348849	ENSG00000153250	True
ENST00000259075.6	ENST00000259075	ENSG00000136560	True
ENST00000409682.8	ENST00000409682	ENSG00000115233	True
ENST00000360534.8	ENST00000360534	ENSG00000197635	True
ENST00000188790.9	ENST00000188790	ENSG00000078098	True
ENST00000649979.2	ENST00000649979	ENSG00000115267	True
ENST00000437150.7	ENST00000437150	ENSG00000115271	True
ENST00000333129.4	ENST00000333129	ENSG00000182263	True
ENST00000263915.8	ENST00000263915	ENSG00000115290	True
ENST00000375458.6	ENST00000375458	ENSG00000082438	True
ENST00000392701.8	ENST00000392701	ENSG00000115339	True
ENST00000243344.8	ENST00000243344	ENSG00000123607	True
ENST00000409672.5	ENST00000409672	ENSG00000169432	True
ENST00000355999.5	ENST00000355999	ENSG00000198648	True
ENST00000392687.4	ENST00000392687	ENSG00000172292	True
ENST00000282074.7	ENST00000282074	ENSG00000152253	True
ENST00000453153.7	ENST00000453153	ENSG00000138399	True
ENST00000260970.8	ENST00000260970	ENSG00000138398	True
ENST00000616524.4	ENST00000616524	ENSG00000144362	True
ENST00000392647.7	ENST00000392647	ENSG00000213160	True
ENST00000409333.1	ENST00000409333	ENSG00000138385	True
ENST00000260953.10	ENST00000260953	ENSG00000138382	True
ENST00000272793.10	ENST00000272793	ENSG00000144357	True
ENST00000358196.8	ENST00000358196	ENSG00000128683	True
ENST00000234160.5	ENST00000234160	ENSG00000115806	True
ENST00000431350.7	ENST00000431350	ENSG00000198586	True
ENST00000612742.4	ENST00000612742	ENSG00000123600	True
ENST00000375255.8	ENST00000375255	ENSG00000115827	True
ENST00000321348.9	ENST00000321348	ENSG00000071967	True
ENST00000340296.8	ENST00000340296	ENSG00000077380	True
ENST00000422440.7	ENST00000422440	ENSG00000115840	True
ENST00000264108.5	ENST00000264108	ENSG00000128708	True
ENST00000361725.5	ENST00000361725	ENSG00000144355	True
ENST00000234198.9	ENST00000234198	ENSG00000115844	True
ENST00000264107.11	ENST00000264107	ENSG00000091409	True
ENST00000375213.8	ENST00000375213	ENSG00000091436	True
ENST00000306721.8	ENST00000306721	ENSG00000144354	True
ENST00000284719.8	ENST00000284719	ENSG00000138430	True
ENST00000342016.8	ENST00000342016	ENSG00000138433	True
ENST00000272732.11	ENST00000272732	ENSG00000144306	True
ENST00000392552.6	ENST00000392552	ENSG00000163328	True
ENST00000392547.6	ENST00000392547	ENSG00000115935	True
ENST00000409900.9	ENST00000409900	ENSG00000128656	True
ENST00000264110.7	ENST00000264110	ENSG00000115966	True
ENST00000272748.9	ENST00000272748	ENSG00000144320	True
ENST00000249442.11	ENST00000249442	ENSG00000128654	True
ENST00000392524.6	ENST00000392524	ENSG00000170144	True
ENST00000397062.8	ENST00000397062	ENSG00000116044	True
ENST00000264167.10	ENST00000264167	ENSG00000018510	True
ENST00000408939.4	ENST00000408939	ENSG00000196659	True
ENST00000355689.6	ENST00000355689	ENSG00000197557	True
ENST00000286070.10	ENST00000286070	ENSG00000155636	True
ENST00000392505.6	ENST00000392505	ENSG00000079156	True
ENST00000325748.9	ENST00000325748	ENSG00000180228	True
ENST00000410053.8	ENST00000410053	ENSG00000163510	True
ENST00000602710.5	ENST00000602710	ENSG00000170035	True
ENST00000397033.7	ENST00000397033	ENSG00000115232	True
ENST00000431877.7	ENST00000431877	ENSG00000138434	True
ENST00000354221.5	ENST00000354221	ENSG00000162999	True
ENST00000337859.11	ENST00000337859	ENSG00000065548	True
ENST00000261023.8	ENST00000261023	ENSG00000138448	True
ENST00000304698.10	ENST00000304698	ENSG00000144369	True
ENST00000233156.9	ENST00000233156	ENSG00000003436	True
ENST00000409580.5	ENST00000409580	ENSG00000144366	True
ENST00000304636.9	ENST00000304636	ENSG00000168542	True
ENST00000374866.9	ENST00000374866	ENSG00000204262	True
ENST00000261024.7	ENST00000261024	ENSG00000138449	True
ENST00000260952.9	ENST00000260952	ENSG00000138381	True
ENST00000264151.10	ENST00000264151	ENSG00000128694	True
ENST00000325795.7	ENST00000325795	ENSG00000128699	True
ENST00000441310.7	ENST00000441310	ENSG00000064933	True
ENST00000359678.10	ENST00000359678	ENSG00000198130	True
ENST00000392329.7	ENST00000392329	ENSG00000151689	True
ENST00000392328.6	ENST00000392328	ENSG00000151690	True
ENST00000409150.8	ENST00000409150	ENSG00000189362	True
ENST00000337386.10	ENST00000337386	ENSG00000138386	True
ENST00000320717.8	ENST00000320717	ENSG00000115419	True
ENST00000361099.8	ENST00000361099	ENSG00000115415	True
ENST00000392318.8	ENST00000392318	ENSG00000128641	True
ENST00000304141.5	ENST00000304141	ENSG00000168497	True
ENST00000409086.7	ENST00000409086	ENSG00000196950	True
ENST00000263955.9	ENST00000263955	ENSG00000081320	True
ENST00000263956.8	ENST00000263956	ENSG00000119041	True
ENST00000282272.15	ENST00000282272	ENSG00000065413	True
ENST00000335508.11	ENST00000335508	ENSG00000115524	True
ENST00000263960.6	ENST00000263960	ENSG00000115520	True
ENST00000345042.6	ENST00000345042	ENSG00000144381	True
ENST00000233893.10	ENST00000233893	ENSG00000115541	True
ENST00000323303.9	ENST00000323303	ENSG00000115540	True
ENST00000282276.8	ENST00000282276	ENSG00000247626	True
ENST00000417098.6	ENST00000417098	ENSG00000119042	True
ENST00000319974.6	ENST00000319974	ENSG00000178074	True
ENST00000354611.9	ENST00000354611	ENSG00000162971	True
ENST00000295079.6	ENST00000295079	ENSG00000162972	True
ENST00000409140.8	ENST00000409140	ENSG00000196141	True
ENST00000359878.8	ENST00000359878	ENSG00000155729	True
ENST00000357799.9	ENST00000357799	ENSG00000163535	True
ENST00000374700.7	ENST00000374700	ENSG00000138356	True
ENST00000409600.6	ENST00000409600	ENSG00000082153	True
ENST00000321356.9	ENST00000321356	ENSG00000013441	True
ENST00000392283.9	ENST00000392283	ENSG00000240344	True
ENST00000651500.1	ENST00000651500	ENSG00000196290	True
ENST00000234296.7	ENST00000234296	ENSG00000115942	True
ENST00000418596.7	ENST00000418596	ENSG00000155744	True
ENST00000454214.1	ENST00000454214	ENSG00000119013	True
ENST00000286186.11	ENST00000286186	ENSG00000003400	True
ENST00000358485.8	ENST00000358485	ENSG00000064012	True
ENST00000332624.8	ENST00000332624	ENSG00000115993	True
ENST00000194530.8	ENST00000194530	ENSG00000082146	True
ENST00000409883.7	ENST00000409883	ENSG00000155755	True
ENST00000264276.11	ENST00000264276	ENSG00000003393	True
ENST00000286201.2	ENST00000286201	ENSG00000155760	True
ENST00000392246.7	ENST00000392246	ENSG00000116030	True
ENST00000264279.10	ENST00000264279	ENSG00000055044	True
ENST00000392238.3	ENST00000392238	ENSG00000138439	True
ENST00000617388.4	ENST00000617388	ENSG00000163596	True
ENST00000261015.5	ENST00000261015	ENSG00000138442	True
ENST00000406610.7	ENST00000406610	ENSG00000116117	True
ENST00000357785.9	ENST00000357785	ENSG00000118257	True
ENST00000392221.5	ENST00000392221	ENSG00000114942	True
ENST00000612892.4	ENST00000612892	ENSG00000183671	True
ENST00000649650.1	ENST00000649650	ENSG00000204186	True
ENST00000264377.8	ENST00000264377	ENSG00000114948	True
ENST00000402774.8	ENST00000402774	ENSG00000118246	True
ENST00000309446.11	ENST00000309446	ENSG00000118263	True
ENST00000353267.8	ENST00000353267	ENSG00000118260	True
ENST00000411432.5	ENST00000411432	ENSG00000144401	True
ENST00000295414.7	ENST00000295414	ENSG00000163249	True
ENST00000295417.4	ENST00000295417	ENSG00000163251	True
ENST00000427836.8	ENST00000427836	ENSG00000178385	True
ENST00000415913.5	ENST00000415913	ENSG00000138413	True
ENST00000264380.9	ENST00000264380	ENSG00000115020	True
ENST00000673860.1	ENST00000673860	ENSG00000078018	True
ENST00000359429.11	ENST00000359429	ENSG00000197713	True
ENST00000281772.14	ENST00000281772	ENSG00000144445	True
ENST00000443314.5	ENST00000443314	ENSG00000115365	True
ENST00000673630.1	ENST00000673630	ENSG00000021826	True
ENST00000434687.5	ENST00000434687	ENSG00000030419	True
ENST00000331683.10	ENST00000331683	ENSG00000144451	True
ENST00000260947.9	ENST00000260947	ENSG00000138376	True
ENST00000236959.14	ENST00000236959	ENSG00000138363	True
ENST00000354785.10	ENST00000354785	ENSG00000115414	True
ENST00000263268.11	ENST00000263268	ENSG00000118242	True
ENST00000265322.8	ENST00000265322	ENSG00000115425	True
ENST00000392133.7	ENST00000392133	ENSG00000079246	True
ENST00000357276.9	ENST00000357276	ENSG00000138375	True
ENST00000491306.6	ENST00000491306	ENSG00000197756	True
ENST00000233809.9	ENST00000233809	ENSG00000115457	True
ENST00000233813.5	ENST00000233813	ENSG00000115461	True
ENST00000295685.14	ENST00000295685	ENSG00000163466	True
ENST00000248450.8	ENST00000248450	ENSG00000127837	True
ENST00000444881.5	ENST00000444881	ENSG00000135926	True
ENST00000273062.6	ENST00000273062	ENSG00000144579	True
ENST00000258399.8	ENST00000258399	ENSG00000135913	True
ENST00000273064.10	ENST00000273064	ENSG00000144580	True
ENST00000411696.6	ENST00000411696	ENSG00000115568	True
ENST00000431802.5	ENST00000431802	ENSG00000074582	True
ENST00000295704.7	ENST00000295704	ENSG00000163481	True
ENST00000295709.8	ENST00000295709	ENSG00000163482	True
ENST00000392102.6	ENST00000392102	ENSG00000135912	True
ENST00000258415.9	ENST00000258415	ENSG00000135929	True
ENST00000409789.5	ENST00000409789	ENSG00000115649	True
ENST00000430297.7	ENST00000430297	ENSG00000144567	True
ENST00000289528.10	ENST00000289528	ENSG00000158552	True
ENST00000265316.9	ENST00000265316	ENSG00000115657	True
ENST00000409618.5	ENST00000409618	ENSG00000198925	True
ENST00000323348.10	ENST00000323348	ENSG00000163516	True
ENST00000295759.12	ENST00000295759	ENSG00000163521	True
ENST00000396738.7	ENST00000396738	ENSG00000115661	True
ENST00000248437.9	ENST00000248437	ENSG00000127824	True
ENST00000336576.9	ENST00000336576	ENSG00000135924	True
ENST00000520694.6	ENST00000520694	ENSG00000123992	True
ENST00000358215.8	ENST00000358215	ENSG00000144591	True
ENST00000243776.11	ENST00000243776	ENSG00000123989	True
ENST00000404537.6	ENST00000404537	ENSG00000124006	True
ENST00000456909.6	ENST00000456909	ENSG00000144589	True
ENST00000281821.7	ENST00000281821	ENSG00000116106	True
ENST00000357430.8	ENST00000357430	ENSG00000123983	True
ENST00000409840.7	ENST00000409840	ENSG00000135919	True
ENST00000264414.9	ENST00000264414	ENSG00000036257	True
ENST00000409592.7	ENST00000409592	ENSG00000135905	True
ENST00000392062.7	ENST00000392062	ENSG00000144468	True
ENST00000396625.5	ENST00000396625	ENSG00000081052	True
ENST00000353339.7	ENST00000353339	ENSG00000168958	True
ENST00000310078.12	ENST00000310078	ENSG00000173744	True
ENST00000392055.7	ENST00000392055	ENSG00000153823	True
ENST00000341772.5	ENST00000341772	ENSG00000187957	True
ENST00000389045.7	ENST00000389045	ENSG00000153827	True
ENST00000295190.9	ENST00000295190	ENSG00000163053	True
ENST00000258381.10	ENST00000258381	ENSG00000135899	True
ENST00000415673.6	ENST00000415673	ENSG00000185404	True
ENST00000340126.9	ENST00000340126	ENSG00000067066	True
ENST00000258418.10	ENST00000258418	ENSG00000135932	True
ENST00000326427.11	ENST00000326427	ENSG00000135916	True
ENST00000308696.11	ENST00000308696	ENSG00000173692	True
ENST00000349938.8	ENST00000349938	ENSG00000135931	True
ENST00000322723.9	ENST00000322723	ENSG00000115053	True
ENST00000409115.7	ENST00000409115	ENSG00000187514	True
ENST00000287600.9	ENST00000287600	ENSG00000156973	True
ENST00000350033.8	ENST00000350033	ENSG00000144524	True
ENST00000325385.11	ENST00000325385	ENSG00000144535	True
ENST00000408957.6	ENST00000408957	ENSG00000221944	True
ENST00000258416.8	ENST00000258416	ENSG00000135930	True
ENST00000264059.8	ENST00000264059	ENSG00000115468	True
ENST00000373563.9	ENST00000373563	ENSG00000204120	True
ENST00000373552.8	ENST00000373552	ENSG00000066248	True
ENST00000392017.9	ENST00000392017	ENSG00000085978	True
ENST00000411486.7	ENST00000411486	ENSG00000123485	True
ENST00000390645.2	ENST00000390645	ENSG00000188042	True
ENST00000409212.5	ENST00000409212	ENSG00000130147	True
ENST00000336665.9	ENST00000336665	ENSG00000157985	True
ENST00000306318.5	ENST00000306318	ENSG00000168505	True
ENST00000272928.4	ENST00000272928	ENSG00000144476	True
ENST00000354371.7	ENST00000354371	ENSG00000198612	True
ENST00000264605.8	ENST00000264605	ENSG00000115648	True
ENST00000308482.14	ENST00000308482	ENSG00000124831	True
ENST00000254661.5	ENST00000254661	ENSG00000132329	True
ENST00000612130.4	ENST00000612130	ENSG00000184182	True
ENST00000651534.1	ENST00000651534	ENSG00000132330	True
ENST00000546354.6	ENST00000546354	ENSG00000178752	True
ENST00000254654.8	ENST00000254654	ENSG00000132323	True
ENST00000272937.10	ENST00000272937	ENSG00000144485	True
ENST00000254657.8	ENST00000254657	ENSG00000132326	True
ENST00000373327.5	ENST00000373327	ENSG00000204104	True
ENST00000264607.9	ENST00000264607	ENSG00000065802	True
ENST00000612363.2	ENST00000612363	ENSG00000233608	True
ENST00000345617.7	ENST00000345617	ENSG00000068024	True
ENST00000252711.7	ENST00000252711	ENSG00000130414	True
ENST00000607357.2	ENST00000607357	ENSG00000172428	True
ENST00000264039.7	ENST00000264039	ENSG00000063660	True
ENST00000405954.2	ENST00000405954	ENSG00000188542	True
ENST00000270357.10	ENST00000270357	ENSG00000142327	True
ENST00000391984.7	ENST00000391984	ENSG00000142330	True
ENST00000498729.8	ENST00000498729	ENSG00000130294	True
ENST00000614476.4	ENST00000614476	ENSG00000122085	True
ENST00000405260.5	ENST00000405260	ENSG00000115687	True
ENST00000234038.11	ENST00000234038	ENSG00000115685	True
ENST00000391975.5	ENST00000391975	ENSG00000115677	True
ENST00000391973.6	ENST00000391973	ENSG00000168385	True
ENST00000264042.8	ENST00000264042	ENSG00000006607	True
ENST00000316586.9	ENST00000316586	ENSG00000115694	True
ENST00000318407.5	ENST00000318407	ENSG00000176720	True
ENST00000407315.6	ENST00000407315	ENSG00000176946	True
ENST00000404914.8	ENST00000404914	ENSG00000168397	True
ENST00000305784.7	ENST00000305784	ENSG00000168393	True
ENST00000313552.11	ENST00000313552	ENSG00000168395	True
ENST00000321264.9	ENST00000321264	ENSG00000180902	True
ENST00000251607.11	ENST00000251607	ENSG00000072756	True
ENST00000231948.8	ENST00000231948	ENSG00000113851	True
ENST00000272902.10	ENST00000272902	ENSG00000144455	True
ENST00000319331.4	ENST00000319331	ENSG00000175928	True
ENST00000358065.4	ENST00000358065	ENSG00000170364	True
ENST00000256495.4	ENST00000256495	ENSG00000134107	True
ENST00000611208.4	ENST00000611208	ENSG00000134108	True
ENST00000256497.9	ENST00000256497	ENSG00000134109	True
ENST00000157600.8	ENST00000157600	ENSG00000071282	True
ENST00000264926.7	ENST00000264926	ENSG00000070950	True
ENST00000345094.7	ENST00000345094	ENSG00000134077	True
ENST00000402198.7	ENST00000402198	ENSG00000168137	True
ENST00000296003.9	ENST00000296003	ENSG00000163719	True
ENST00000424362.6	ENST00000424362	ENSG00000156983	True
ENST00000344629.11	ENST00000344629	ENSG00000114026	True
ENST00000256460.8	ENST00000256460	ENSG00000134072	True
ENST00000301964.6	ENST00000301964	ENSG00000171148	True
ENST00000397261.7	ENST00000397261	ENSG00000241553	True
ENST00000647897.1	ENST00000647897	ENSG00000171135	True
ENST00000295981.7	ENST00000295981	ENSG00000163702	True
ENST00000412055.6	ENST00000412055	ENSG00000163704	True
ENST00000245046.6	ENST00000245046	ENSG00000125037	True
ENST00000419585.5	ENST00000419585	ENSG00000144554	True
ENST00000530758.2	ENST00000530758	ENSG00000254999	True
ENST00000256474.3	ENST00000256474	ENSG00000134086	True
ENST00000256458.5	ENST00000256458	ENSG00000134070	True
ENST00000350697.8	ENST00000350697	ENSG00000157020	True
ENST00000397056.1	ENST00000397056	ENSG00000196639	True
ENST00000354449.7	ENST00000354449	ENSG00000197548	True
ENST00000430365.7	ENST00000430365	ENSG00000144560	True
ENST00000455809.5	ENST00000455809	ENSG00000144559	True
ENST00000621198.5	ENST00000621198	ENSG00000157152	True
ENST00000287820.10	ENST00000287820	ENSG00000132170	True
ENST00000284995.11	ENST00000284995	ENSG00000154743	True
ENST00000170447.12	ENST00000170447	ENSG00000075975	True
ENST00000251849.8	ENST00000251849	ENSG00000132155	True
ENST00000456430.6	ENST00000456430	ENSG00000144712	True
ENST00000429711.7	ENST00000429711	ENSG00000144713	True
ENST00000273221.8	ENST00000273221	ENSG00000144711	True
ENST00000254508.7	ENST00000254508	ENSG00000132182	True
ENST00000295757.8	ENST00000295757	ENSG00000163517	True
ENST00000404922.8	ENST00000404922	ENSG00000163520	True
ENST00000396914.4	ENST00000396914	ENSG00000163528	True
ENST00000306077.5	ENST00000306077	ENSG00000170876	True
ENST00000285021.12	ENST00000285021	ENSG00000154767	True
ENST00000306024.4	ENST00000306024	ENSG00000170860	True
ENST00000622186.4	ENST00000622186	ENSG00000131389	True
ENST00000383794.7	ENST00000383794	ENSG00000154781	True
ENST00000425241.5	ENST00000425241	ENSG00000177463	True
ENST00000253686.7	ENST00000253686	ENSG00000131368	True
ENST00000253699.7	ENST00000253699	ENSG00000131381	True
ENST00000253693.7	ENST00000253693	ENSG00000131375	True
ENST00000383791.8	ENST00000383791	ENSG00000131370	True
ENST00000443029.5	ENST00000443029	ENSG00000206562	True
ENST00000396842.7	ENST00000396842	ENSG00000144597	True
ENST00000321169.10	ENST00000321169	ENSG00000131373	True
ENST00000643237.3	ENST00000643237	ENSG00000169814	True
ENST00000399451.6	ENST00000399451	ENSG00000206560	True
ENST00000488423.2	ENST00000488423	ENSG00000154813	True
ENST00000606098.1	ENST00000606098	ENSG00000154814	True
ENST00000334133.9	ENST00000334133	ENSG00000131378	True
ENST00000615277.5	ENST00000615277	ENSG00000154822	True
ENST00000446818.6	ENST00000446818	ENSG00000131374	True
ENST00000273047.9	ENST00000273047	ENSG00000144566	True
ENST00000263754.5	ENST00000263754	ENSG00000114166	True
ENST00000263753.8	ENST00000263753	ENSG00000129810	True
ENST00000396703.6	ENST00000396703	ENSG00000182247	True
ENST00000306627.8	ENST00000306627	ENSG00000170142	True
ENST00000443659.6	ENST00000443659	ENSG00000197885	True
ENST00000611050.4	ENST00000611050	ENSG00000174748	True
ENST00000312521.9	ENST00000312521	ENSG00000174738	True
ENST00000280696.9	ENST00000280696	ENSG00000151090	True
ENST00000330688.9	ENST00000330688	ENSG00000077092	True
ENST00000435706.6	ENST00000435706	ENSG00000077097	True
ENST00000280700.10	ENST00000280700	ENSG00000151092	True
ENST00000280701.8	ENST00000280701	ENSG00000151093	True
ENST00000455077.5	ENST00000455077	ENSG00000033867	True
ENST00000466830.6	ENST00000466830	ENSG00000187118	True
ENST00000479665.6	ENST00000479665	ENSG00000163512	True
ENST00000273139.13	ENST00000273139	ENSG00000144642	True
ENST00000295754.10	ENST00000295754	ENSG00000163513	True
ENST00000295770.4	ENST00000295770	ENSG00000163527	True
ENST00000396556.6	ENST00000396556	ENSG00000144645	True
ENST00000282541.10	ENST00000282541	ENSG00000152642	True
ENST00000307526.4	ENST00000307526	ENSG00000170293	True
ENST00000334983.10	ENST00000334983	ENSG00000153551	True
ENST00000205636.4	ENST00000205636	ENSG00000091317	True
ENST00000273130.9	ENST00000273130	ENSG00000144635	True
ENST00000328834.9	ENST00000328834	ENSG00000182973	True
ENST00000307363.10	ENST00000307363	ENSG00000170266	True
ENST00000342462.5	ENST00000342462	ENSG00000188167	True
ENST00000320954.11	ENST00000320954	ENSG00000170275	True
ENST00000484457.6	ENST00000484457	ENSG00000153558	True
ENST00000283629.8	ENST00000283629	ENSG00000153560	True
ENST00000468888.6	ENST00000468888	ENSG00000163539	True
ENST00000457054.6	ENST00000457054	ENSG00000170248	True
ENST00000273183.7	ENST00000273183	ENSG00000144681	True
ENST00000322716.8	ENST00000322716	ENSG00000178567	True
ENST00000231790.8	ENST00000231790	ENSG00000076242	True
ENST00000354379.8	ENST00000354379	ENSG00000093167	True
ENST00000356847.8	ENST00000356847	ENSG00000144674	True
ENST00000273179.10	ENST00000273179	ENSG00000144677	True
ENST00000334661.4	ENST00000334661	ENSG00000187091	True
ENST00000333167.13	ENST00000333167	ENSG00000060971	True
ENST00000396334.8	ENST00000396334	ENSG00000172936	True
ENST00000311806.8	ENST00000311806	ENSG00000172939	True
ENST00000207870.8	ENST00000207870	ENSG00000093217	True
ENST00000287675.10	ENST00000287675	ENSG00000157036	True
ENST00000319283.7	ENST00000319283	ENSG00000114745	True
ENST00000273153.10	ENST00000273153	ENSG00000144655	True
ENST00000650617.1	ENST00000650617	ENSG00000144659	True
ENST00000301821.11	ENST00000301821	ENSG00000168028	True
ENST00000232905.4	ENST00000232905	ENSG00000114784	True
ENST00000396203.7	ENST00000396203	ENSG00000188846	True
ENST00000447116.6	ENST00000447116	ENSG00000177873	True
ENST00000314529.10	ENST00000314529	ENSG00000177842	True
ENST00000339296.10	ENST00000339296	ENSG00000172888	True
ENST00000301831.9	ENST00000301831	ENSG00000168038	True
ENST00000327628.10	ENST00000327628	ENSG00000182606	True
ENST00000264454.8	ENST00000264454	ENSG00000093183	True
ENST00000447630.5	ENST00000447630	ENSG00000008324	True
ENST00000232978.13	ENST00000232978	ENSG00000114857	True
ENST00000232974.11	ENST00000232974	ENSG00000114853	True
ENST00000321331.11	ENST00000321331	ENSG00000181061	True
ENST00000344697.3	ENST00000344697	ENSG00000144647	True
ENST00000296088.12	ENST00000296088	ENSG00000163788	True
ENST00000292246.8	ENST00000292246	ENSG00000160746	True
ENST00000644371.2	ENST00000644371	ENSG00000011198	True
ENST00000342649.9	ENST00000342649	ENSG00000179152	True
ENST00000436261.5	ENST00000436261	ENSG00000178917	True
ENST00000344387.9	ENST00000344387	ENSG00000186448	True
ENST00000396056.7	ENST00000396056	ENSG00000169981	True
ENST00000326047.9	ENST00000326047	ENSG00000163808	True
ENST00000265564.8	ENST00000265564	ENSG00000075914	True
ENST00000296129.6	ENST00000296129	ENSG00000163814	True
ENST00000503771.2	ENST00000503771	ENSG00000249992	True
ENST00000650792.2	ENST00000650792	ENSG00000011376	True
ENST00000672477.1	ENST00000672477	ENSG00000211456	True
ENST00000296135.11	ENST00000296135	ENSG00000163818	True
ENST00000296137.7	ENST00000296137	ENSG00000163820	True
ENST00000425441.5	ENST00000425441	ENSG00000160799	True
ENST00000450053.8	ENST00000450053	ENSG00000160796	True
ENST00000409792.3	ENST00000409792	ENSG00000181555	True
ENST00000335044.6	ENST00000335044	ENSG00000088727	True
ENST00000232766.6	ENST00000232766	ENSG00000114648	True
ENST00000265562.5	ENST00000265562	ENSG00000076201	True
ENST00000265565.10	ENST00000265565	ENSG00000114650	True
ENST00000296149.9	ENST00000296149	ENSG00000163832	True
ENST00000254480.10	ENST00000254480	ENSG00000173473	True
ENST00000445061.6	ENST00000445061	ENSG00000132153	True
ENST00000426837.6	ENST00000426837	ENSG00000047849	True
ENST00000302506.8	ENST00000302506	ENSG00000164045	True
ENST00000354698.8	ENST00000354698	ENSG00000164048	True
ENST00000452211.5	ENST00000452211	ENSG00000172113	True
ENST00000358536.8	ENST00000358536	ENSG00000164050	True
ENST00000395694.7	ENST00000395694	ENSG00000164051	True
ENST00000438607.2	ENST00000438607	ENSG00000232112	True
ENST00000320211.10	ENST00000320211	ENSG00000164053	True
ENST00000296444.6	ENST00000296444	ENSG00000164054	True
ENST00000232375.8	ENST00000232375	ENSG00000114268	True
ENST00000203407.6	ENST00000203407	ENSG00000010256	True
ENST00000395550.7	ENST00000395550	ENSG00000225697	True
ENST00000416649.6	ENST00000416649	ENSG00000213672	True
ENST00000328631.10	ENST00000328631	ENSG00000068745	True
ENST00000265563.13	ENST00000265563	ENSG00000114302	True
ENST00000319017.5	ENST00000319017	ENSG00000178537	True
ENST00000356401.8	ENST00000356401	ENSG00000177479	True
ENST00000608424.6	ENST00000608424	ENSG00000178252	True
ENST00000326925.11	ENST00000326925	ENSG00000178057	True
ENST00000326739.9	ENST00000326739	ENSG00000178035	True
ENST00000395443.7	ENST00000395443	ENSG00000198218	True
ENST00000306125.12	ENST00000306125	ENSG00000172053	True
ENST00000417901.5	ENST00000417901	ENSG00000172046	True
ENST00000305544.9	ENST00000305544	ENSG00000172037	True
ENST00000321895.7	ENST00000321895	ENSG00000177352	True
ENST00000332780.4	ENST00000332780	ENSG00000185909	True
ENST00000265560.9	ENST00000265560	ENSG00000114316	True
ENST00000418115.6	ENST00000418115	ENSG00000067560	True
ENST00000273590.3	ENST00000273590	ENSG00000145022	True
ENST00000273598.8	ENST00000273598	ENSG00000145029	True
ENST00000545947.5	ENST00000545947	ENSG00000173402	True
ENST00000296456.10	ENST00000296456	ENSG00000164062	True
ENST00000327697.11	ENST00000327697	ENSG00000164068	True
ENST00000480687.5	ENST00000480687	ENSG00000173540	True
ENST00000613416.4	ENST00000613416	ENSG00000176095	True
ENST00000333486.4	ENST00000333486	ENSG00000182179	True
ENST00000331456.7	ENST00000331456	ENSG00000183763	True
ENST00000642691.1	ENST00000642691	ENSG00000164077	True
ENST00000266022.9	ENST00000266022	ENSG00000004534	True
ENST00000347869.8	ENST00000347869	ENSG00000003756	True
ENST00000434342.5	ENST00000434342	ENSG00000001617	True
ENST00000614032.5	ENST00000614032	ENSG00000188338	True
ENST00000313601.11	ENST00000313601	ENSG00000114353	True
ENST00000616701.5	ENST00000616701	ENSG00000012171	True
ENST00000436390.5	ENST00000436390	ENSG00000214706	True
ENST00000336307.6	ENST00000336307	ENSG00000186792	True
ENST00000354862.4	ENST00000354862	ENSG00000243477	True
ENST00000232496.5	ENST00000232496	ENSG00000114383	True
ENST00000359365.8	ENST00000359365	ENSG00000068028	True
ENST00000232501.8	ENST00000232501	ENSG00000114388	True
ENST00000418577.1	ENST00000418577	ENSG00000114395	True
ENST00000266025.4	ENST00000266025	ENSG00000126062	True
ENST00000348721.3	ENST00000348721	ENSG00000114737	True
ENST00000446044.5	ENST00000446044	ENSG00000114738	True
ENST00000528157.7	ENST00000528157	ENSG00000145050	True
ENST00000563281.2	ENST00000563281	ENSG00000259956	True
ENST00000423656.5	ENST00000423656	ENSG00000145041	True
ENST00000409535.6	ENST00000409535	ENSG00000164080	True
ENST00000232888.7	ENST00000232888	ENSG00000114767	True
ENST00000417220.6	ENST00000417220	ENSG00000041880	True
ENST00000461554.5	ENST00000461554	ENSG00000090097	True
ENST00000483233.5	ENST00000483233	ENSG00000114779	True
ENST00000273596.8	ENST00000273596	ENSG00000248487	True
ENST00000404366.7	ENST00000404366	ENSG00000243989	True
ENST00000294189.11	ENST00000294189	ENSG00000162244	True
ENST00000495880.2	ENST00000495880	ENSG00000164086	True
ENST00000296484.7	ENST00000296484	ENSG00000164087	True
ENST00000394965.6	ENST00000394965	ENSG00000023330	True
ENST00000305533.10	ENST00000305533	ENSG00000247596	True
ENST00000323588.9	ENST00000323588	ENSG00000164088	True
ENST00000296490.8	ENST00000296490	ENSG00000164091	True
ENST00000436784.7	ENST00000436784	ENSG00000168237	True
ENST00000460680.6	ENST00000460680	ENSG00000163930	True
ENST00000232975.8	ENST00000232975	ENSG00000114854	True
ENST00000479054.5	ENST00000479054	ENSG00000010322	True
ENST00000422318.7	ENST00000422318	ENSG00000168268	True
ENST00000477703.6	ENST00000477703	ENSG00000168273	True
ENST00000418458.6	ENST00000418458	ENSG00000163938	True
ENST00000266014.10	ENST00000266014	ENSG00000016864	True
ENST00000619898.5	ENST00000619898	ENSG00000114902	True
ENST00000233027.10	ENST00000233027	ENSG00000114904	True
ENST00000394752.8	ENST00000394752	ENSG00000163935	True
ENST00000296292.8	ENST00000296292	ENSG00000163933	True
ENST00000330452.8	ENST00000330452	ENSG00000163932	True
ENST00000462138.6	ENST00000462138	ENSG00000163931	True
ENST00000610213.6	ENST00000610213	ENSG00000272886	True
ENST00000315251.11	ENST00000315251	ENSG00000016391	True
ENST00000288167.8	ENST00000288167	ENSG00000056736	True
ENST00000335754.8	ENST00000335754	ENSG00000113812	True
ENST00000264634.8	ENST00000264634	ENSG00000114251	True
ENST00000394672.8	ENST00000394672	ENSG00000180376	True
ENST00000355628.9	ENST00000355628	ENSG00000163946	True
ENST00000296315.7	ENST00000296315	ENSG00000163947	True
ENST00000296318.12	ENST00000296318	ENSG00000144730	True
ENST00000288266.8	ENST00000288266	ENSG00000157500	True
ENST00000311180.9	ENST00000311180	ENSG00000174840	True
ENST00000303436.11	ENST00000303436	ENSG00000168374	True
ENST00000311128.10	ENST00000311128	ENSG00000174839	True
ENST00000429972.6	ENST00000429972	ENSG00000136068	True
ENST00000295962.8	ENST00000295962	ENSG00000163686	True
ENST00000445193.7	ENST00000445193	ENSG00000163684	True
ENST00000356151.7	ENST00000356151	ENSG00000168297	True
ENST00000302746.11	ENST00000302746	ENSG00000168291	True
ENST00000355076.6	ENST00000355076	ENSG00000168301	True
ENST00000302819.10	ENST00000302819	ENSG00000168306	True
ENST00000492590.6	ENST00000492590	ENSG00000189283	True
ENST00000474889.6	ENST00000474889	ENSG00000144724	True
ENST00000494481.5	ENST00000494481	ENSG00000114405	True
ENST00000538065.5	ENST00000538065	ENSG00000163635	True
ENST00000295901.8	ENST00000295901	ENSG00000163636	True
ENST00000295902.11	ENST00000295902	ENSG00000163637	True
ENST00000483466.5	ENST00000483466	ENSG00000151276	True
ENST00000354883.10	ENST00000354883	ENSG00000144741	True
ENST00000273261.7	ENST00000273261	ENSG00000144749	True
ENST00000417314.2	ENST00000417314	ENSG00000163376	True
ENST00000307227.9	ENST00000307227	ENSG00000172340	True
ENST00000383701.8	ENST00000383701	ENSG00000163378	True
ENST00000398559.7	ENST00000398559	ENSG00000144747	True
ENST00000273258.4	ENST00000273258	ENSG00000144746	True
ENST00000398540.8	ENST00000398540	ENSG00000114541	True
ENST00000352241.8	ENST00000352241	ENSG00000187098	True
ENST00000425534.8	ENST00000425534	ENSG00000163412	True
ENST00000304411.3	ENST00000304411	ENSG00000170837	True
ENST00000325599.13	ENST00000325599	ENSG00000144736	True
ENST00000389617.9	ENST00000389617	ENSG00000172986	True
ENST00000356692.10	ENST00000356692	ENSG00000163605	True
ENST00000263666.9	ENST00000263666	ENSG00000121440	True
ENST00000652011.2	ENST00000652011	ENSG00000227124	True
ENST00000495273.5	ENST00000495273	ENSG00000169855	True
ENST00000429644.7	ENST00000429644	ENSG00000114480	True
ENST00000263780.9	ENST00000263780	ENSG00000083937	True
ENST00000636215.2	ENST00000636215	ENSG00000175105	True
ENST00000318887.8	ENST00000318887	ENSG00000179021	True
ENST00000336596.7	ENST00000336596	ENSG00000044524	True
ENST00000394236.9	ENST00000394236	ENSG00000184500	True
ENST00000394222.8	ENST00000394222	ENSG00000169379	True
ENST00000314636.2	ENST00000314636	ENSG00000178700	True
ENST00000314622.9	ENST00000314622	ENSG00000178694	True
ENST00000463745.6	ENST00000463745	ENSG00000113966	True
ENST00000333396.11	ENST00000333396	ENSG00000170854	True
ENST00000503004.5	ENST00000503004	ENSG00000080822	True
ENST00000647941.2	ENST00000647941	ENSG00000080819	True
ENST00000394162.5	ENST00000394162	ENSG00000064225	True
ENST00000326840.11	ENST00000326840	ENSG00000057019	True
ENST00000261037.7	ENST00000261037	ENSG00000144810	True
ENST00000421999.8	ENST00000421999	ENSG00000184220	True
ENST00000331335.9	ENST00000331335	ENSG00000168386	True
ENST00000394144.9	ENST00000394144	ENSG00000036054	True
ENST00000394140.9	ENST00000394140	ENSG00000114021	True
ENST00000284320.6	ENST00000284320	ENSG00000154174	True
ENST00000323523.8	ENST00000323523	ENSG00000181458	True
ENST00000240851.9	ENST00000240851	ENSG00000114354	True
ENST00000394095.7	ENST00000394095	ENSG00000138468	True
ENST00000309922.7	ENST00000309922	ENSG00000174173	True
ENST00000265260.8	ENST00000265260	ENSG00000081154	True
ENST00000312938.5	ENST00000312938	ENSG00000066422	True
ENST00000394077.8	ENST00000394077	ENSG00000114391	True
ENST00000341893.8	ENST00000341893	ENSG00000182504	True
ENST00000273347.10	ENST00000273347	ENSG00000144815	True
ENST00000326172.9	ENST00000326172	ENSG00000144802	True
ENST00000472644.6	ENST00000472644	ENSG00000170017	True
ENST00000394030.8	ENST00000394030	ENSG00000114423	True
ENST00000325805.13	ENST00000325805	ENSG00000114439	True
ENST00000361309.5	ENST00000361309	ENSG00000196776	True
ENST00000264538.4	ENST00000264538	ENSG00000114446	True
ENST00000295746.13	ENST00000295746	ENSG00000163507	True
ENST00000361582.8	ENST00000361582	ENSG00000198919	True
ENST00000485303.6	ENST00000485303	ENSG00000177707	True
ENST00000431670.7	ENST00000431670	ENSG00000144824	True
ENST00000273359.8	ENST00000273359	ENSG00000144827	True
ENST00000264848.9	ENST00000264848	ENSG00000114529	True
ENST00000283290.10	ENST00000283290	ENSG00000144848	True
ENST00000492406.6	ENST00000492406	ENSG00000138459	True
ENST00000314400.10	ENST00000314400	ENSG00000163608	True
ENST00000240922.8	ENST00000240922	ENSG00000121579	True
ENST00000273398.8	ENST00000273398	ENSG00000114573	True
ENST00000358160.9	ENST00000358160	ENSG00000178075	True
ENST00000330212.7	ENST00000330212	ENSG00000184307	True
ENST00000281273.8	ENST00000281273	ENSG00000151576	True
ENST00000474710.5	ENST00000474710	ENSG00000181722	True
ENST00000483209.5	ENST00000483209	ENSG00000121578	True
ENST00000264245.9	ENST00000264245	ENSG00000031081	True
ENST00000319172.10	ENST00000319172	ENSG00000176142	True
ENST00000295588.9	ENST00000295588	ENSG00000163389	True
ENST00000494664.6	ENST00000494664	ENSG00000113845	True
ENST00000261070.6	ENST00000261070	ENSG00000138495	True
ENST00000295628.4	ENST00000295628	ENSG00000163428	True
ENST00000295633.8	ENST00000295633	ENSG00000163430	True
ENST00000184266.3	ENST00000184266	ENSG00000065518	True
ENST00000283875.6	ENST00000283875	ENSG00000153767	True
ENST00000264233.6	ENST00000264233	ENSG00000051341	True
ENST00000310864.11	ENST00000310864	ENSG00000173226	True
ENST00000273668.7	ENST00000273668	ENSG00000145088	True
ENST00000477892.5	ENST00000477892	ENSG00000114023	True
ENST00000330689.6	ENST00000330689	ENSG00000196981	True
ENST00000344337.11	ENST00000344337	ENSG00000114030	True
ENST00000360356.6	ENST00000360356	ENSG00000138496	True
ENST00000296161.9	ENST00000296161	ENSG00000163840	True
ENST00000474629.7	ENST00000474629	ENSG00000173193	True
ENST00000306103.3	ENST00000306103	ENSG00000169087	True
ENST00000261038.6	ENST00000261038	ENSG00000138463	True
ENST00000316218.12	ENST00000316218	ENSG00000065485	True
ENST00000309934.4	ENST00000309934	ENSG00000121542	True
ENST00000383657.10	ENST00000383657	ENSG00000206527	True
ENST00000360304.7	ENST00000360304	ENSG00000065534	True
ENST00000409697.7	ENST00000409697	ENSG00000175455	True
ENST00000232607.7	ENST00000232607	ENSG00000114491	True
ENST00000296181.9	ENST00000296181	ENSG00000082781	True
ENST00000311127.9	ENST00000311127	ENSG00000173706	True
ENST00000393469.8	ENST00000393469	ENSG00000221955	True
ENST00000360647.8	ENST00000360647	ENSG00000163848	True
ENST00000251775.9	ENST00000251775	ENSG00000114520	True
ENST00000296220.6	ENST00000296220	ENSG00000144909	True
ENST00000360370.8	ENST00000360370	ENSG00000114544	True
ENST00000296233.4	ENST00000296233	ENSG00000163884	True
ENST00000389709.8	ENST00000389709	ENSG00000070476	True
ENST00000290913.8	ENST00000290913	ENSG00000159685	True
ENST00000648957.1	ENST00000648957	ENSG00000163870	True
ENST00000265056.12	ENST00000265056	ENSG00000073111	True
ENST00000342480.7	ENST00000342480	ENSG00000114631	True
ENST00000232744.13	ENST00000232744	ENSG00000114626	True
ENST00000434178.6	ENST00000434178	ENSG00000074416	True
ENST00000243253.8	ENST00000243253	ENSG00000058262	True
ENST00000322623.10	ENST00000322623	ENSG00000175792	True
ENST00000254730.11	ENST00000254730	ENSG00000132394	True
ENST00000341105.7	ENST00000341105	ENSG00000179348	True
ENST00000265062.8	ENST00000265062	ENSG00000075785	True
ENST00000308982.12	ENST00000308982	ENSG00000177646	True
ENST00000315150.10	ENST00000315150	ENSG00000172780	True
ENST00000502976.5	ENST00000502976	ENSG00000169714	True
ENST00000314797.10	ENST00000314797	ENSG00000181789	True
ENST00000383463.9	ENST00000383463	ENSG00000183624	True
ENST00000249910.5	ENST00000249910	ENSG00000129071	True
ENST00000348417.7	ENST00000348417	ENSG00000163913	True
ENST00000324093.8	ENST00000324093	ENSG00000004399	True
ENST00000393238.7	ENST00000393238	ENSG00000172765	True
ENST00000356763.8	ENST00000356763	ENSG00000196455	True
ENST00000359644.7	ENST00000359644	ENSG00000017260	True
ENST00000264992.7	ENST00000264992	ENSG00000034533	True
ENST00000383366.9	ENST00000383366	ENSG00000114670	True
ENST00000521288.2	ENST00000521288	ENSG00000198585	True
ENST00000264995.8	ENST00000264995	ENSG00000114686	True
ENST00000260818.11	ENST00000260818	ENSG00000138246	True
ENST00000264993.7	ENST00000264993	ENSG00000091527	True
ENST00000260810.10	ENST00000260810	ENSG00000163781	True
ENST00000466490.7	ENST00000466490	ENSG00000144867	True
ENST00000285208.9	ENST00000285208	ENSG00000154917	True
ENST00000310926.11	ENST00000310926	ENSG00000174640	True
ENST00000623711.3	ENST00000623711	ENSG00000163785	True
ENST00000249883.9	ENST00000249883	ENSG00000114019	True
ENST00000510994.5	ENST00000510994	ENSG00000129055	True
ENST00000383229.7	ENST00000383229	ENSG00000182923	True
ENST00000334546.6	ENST00000334546	ENSG00000073711	True
ENST00000466072.5	ENST00000466072	ENSG00000114054	True
ENST00000383202.7	ENST00000383202	ENSG00000118007	True
ENST00000446465.3	ENST00000446465	ENSG00000168917	True
ENST00000481752.6	ENST00000481752	ENSG00000158092	True
ENST00000327532.7	ENST00000327532	ENSG00000158163	True
ENST00000260803.9	ENST00000260803	ENSG00000138231	True
ENST00000469044.6	ENST00000469044	ENSG00000114098	True
ENST00000289104.8	ENST00000289104	ENSG00000158186	True
ENST00000474781.5	ENST00000474781	ENSG00000114107	True
ENST00000393035.6	ENST00000393035	ENSG00000158234	True
ENST00000674063.1	ENST00000674063	ENSG00000051382	True
ENST00000495075.5	ENST00000495075	ENSG00000175110	True
ENST00000333188.10	ENST00000333188	ENSG00000184432	True
ENST00000619087.4	ENST00000619087	ENSG00000114115	True
ENST00000324194.12	ENST00000324194	ENSG00000114120	True
ENST00000286353.9	ENST00000286353	ENSG00000155893	True
ENST00000514251.5	ENST00000514251	ENSG00000177311	True
ENST00000286364.9	ENST00000286364	ENSG00000155903	True
ENST00000273480.4	ENST00000273480	ENSG00000114125	True
ENST00000286371.8	ENST00000286371	ENSG00000069849	True
ENST00000486111.5	ENST00000486111	ENSG00000114126	True
ENST00000392993.7	ENST00000392993	ENSG00000175066	True
ENST00000392981.6	ENST00000392981	ENSG00000114127	True
ENST00000350721.9	ENST00000350721	ENSG00000175054	True
ENST00000337777.7	ENST00000337777	ENSG00000120756	True
ENST00000476941.6	ENST00000476941	ENSG00000144935	True
ENST00000295992.8	ENST00000295992	ENSG00000163710	True
ENST00000473835.7	ENST00000473835	ENSG00000163714	True
ENST00000316549.11	ENST00000316549	ENSG00000181804	True
ENST00000315691.8	ENST00000315691	ENSG00000181744	True
ENST00000282903.10	ENST00000282903	ENSG00000152952	True
ENST00000354952.7	ENST00000354952	ENSG00000114698	True
ENST00000342435.9	ENST00000342435	ENSG00000188313	True
ENST00000296048.10	ENST00000296048	ENSG00000163754	True
ENST00000310053.10	ENST00000310053	ENSG00000071794	True
ENST00000296051.7	ENST00000296051	ENSG00000163755	True
ENST00000305366.8	ENST00000305366	ENSG00000169908	True
ENST00000465804.5	ENST00000465804	ENSG00000018408	True
ENST00000473414.6	ENST00000473414	ENSG00000114744	True
ENST00000344229.7	ENST00000344229	ENSG00000082996	True
ENST00000452853.6	ENST00000452853	ENSG00000070087	True
ENST00000312960.4	ENST00000312960	ENSG00000181788	True
ENST00000305097.6	ENST00000305097	ENSG00000169860	True
ENST00000323534.5	ENST00000323534	ENSG00000181467	True
ENST00000356448.8	ENST00000356448	ENSG00000114790	True
ENST00000496811.6	ENST00000496811	ENSG00000174953	True
ENST00000360490.7	ENST00000360490	ENSG00000196549	True
ENST00000460012.6	ENST00000460012	ENSG00000114805	True
ENST00000496455.7	ENST00000496455	ENSG00000163655	True
ENST00000265044.6	ENST00000265044	ENSG00000114850	True
ENST00000461166.5	ENST00000461166	ENSG00000163659	True
ENST00000295926.8	ENST00000295926	ENSG00000163660	True
ENST00000295927.4	ENST00000295927	ENSG00000163661	True
ENST00000483851.6	ENST00000483851	ENSG00000168779	True
ENST00000611884.5	ENST00000611884	ENSG00000174891	True
ENST00000355893.11	ENST00000355893	ENSG00000178053	True
ENST00000486715.6	ENST00000486715	ENSG00000168827	True
ENST00000264265.4	ENST00000264265	ENSG00000079257	True
ENST00000622669.4	ENST00000622669	ENSG00000118855	True
ENST00000326474.4	ENST00000326474	ENSG00000180044	True
ENST00000326448.12	ENST00000326448	ENSG00000068885	True
ENST00000344722.5	ENST00000344722	ENSG00000113810	True
ENST00000309784.9	ENST00000309784	ENSG00000213186	True
ENST00000334256.9	ENST00000334256	ENSG00000186432	True
ENST00000460469.1	ENST00000460469	ENSG00000169251	True
ENST00000264381.8	ENST00000264381	ENSG00000114200	True
ENST00000392750.7	ENST00000392750	ENSG00000114209	True
ENST00000295777.9	ENST00000295777	ENSG00000163536	True
ENST00000470487.6	ENST00000470487	ENSG00000173905	True
ENST00000494292.6	ENST00000494292	ENSG00000085276	True
ENST00000330368.3	ENST00000330368	ENSG00000184378	True
ENST00000349841.9	ENST00000349841	ENSG00000085274	True
ENST00000446859.7	ENST00000446859	ENSG00000171757	True
ENST00000295797.5	ENST00000295797	ENSG00000163558	True
ENST00000458537.7	ENST00000458537	ENSG00000136603	True
ENST00000295830.13	ENST00000295830	ENSG00000163584	True
ENST00000295822.7	ENST00000295822	ENSG00000163577	True
ENST00000351298.9	ENST00000351298	ENSG00000075651	True
ENST00000415807.7	ENST00000415807	ENSG00000075420	True
ENST00000241261.7	ENST00000241261	ENSG00000121858	True
ENST00000475381.7	ENST00000475381	ENSG00000144959	True
ENST00000392692.7	ENST00000392692	ENSG00000114346	True
ENST00000457714.5	ENST00000457714	ENSG00000169760	True
ENST00000457928.7	ENST00000457928	ENSG00000177565	True
ENST00000311417.7	ENST00000311417	ENSG00000172667	True
ENST00000263967.4	ENST00000263967	ENSG00000121879	True
ENST00000326361.7	ENST00000326361	ENSG00000121864	True
ENST00000471841.6	ENST00000471841	ENSG00000171109	True
ENST00000232564.8	ENST00000232564	ENSG00000114450	True
ENST00000429709.7	ENST00000429709	ENSG00000136518	True
ENST00000259037.8	ENST00000259037	ENSG00000136521	True
ENST00000263966.8	ENST00000263966	ENSG00000058056	True
ENST00000296015.9	ENST00000296015	ENSG00000163728	True
ENST00000382564.8	ENST00000382564	ENSG00000205981	True
ENST00000325404.3	ENST00000325404	ENSG00000181449	True
ENST00000323116.10	ENST00000323116	ENSG00000058063	True
ENST00000292782.9	ENST00000292782	ENSG00000043093	True
ENST00000265594.9	ENST00000265594	ENSG00000078070	True
ENST00000265598.8	ENST00000265598	ENSG00000078081	True
ENST00000326505.4	ENST00000326505	ENSG00000176597	True
ENST00000454652.6	ENST00000454652	ENSG00000114796	True
ENST00000305135.10	ENST00000305135	ENSG00000163872	True
ENST00000318631.8	ENST00000318631	ENSG00000180834	True
ENST00000317096.9	ENST00000317096	ENSG00000175193	True
ENST00000334444.11	ENST00000334444	ENSG00000114770	True
ENST00000648915.2	ENST00000648915	ENSG00000145191	True
ENST00000313143.9	ENST00000313143	ENSG00000161202	True
ENST00000382456.7	ENST00000382456	ENSG00000161203	True
ENST00000429586.6	ENST00000429586	ENSG00000161204	True
ENST00000397676.8	ENST00000397676	ENSG00000214160	True
ENST00000324557.9	ENST00000324557	ENSG00000284753	True
ENST00000296238.4	ENST00000296238	ENSG00000163888	True
ENST00000310118.9	ENST00000310118	ENSG00000175166	True
ENST00000414031.5	ENST00000414031	ENSG00000114867	True
ENST00000383847.7	ENST00000383847	ENSG00000175182	True
ENST00000265593.9	ENST00000265593	ENSG00000114859	True
ENST00000330394.3	ENST00000330394	ENSG00000182580	True
ENST00000317897.5	ENST00000317897	ENSG00000177383	True
ENST00000625842.2	ENST00000625842	ENSG00000156931	True
ENST00000335012.3	ENST00000335012	ENSG00000187068	True
ENST00000231887.8	ENST00000231887	ENSG00000113790	True
ENST00000421852.6	ENST00000421852	ENSG00000163900	True
ENST00000296252.9	ENST00000296252	ENSG00000163898	True
ENST00000296257.10	ENST00000296257	ENSG00000163904	True
ENST00000382199.7	ENST00000382199	ENSG00000073792	True
ENST00000453386.7	ENST00000453386	ENSG00000136527	True
ENST00000306376.10	ENST00000306376	ENSG00000244405	True
ENST00000424280.5	ENST00000424280	ENSG00000113838	True
ENST00000439351.5	ENST00000439351	ENSG00000090520	True
ENST00000323963.10	ENST00000323963	ENSG00000156976	True
ENST00000392481.6	ENST00000392481	ENSG00000163918	True
ENST00000169298.8	ENST00000169298	ENSG00000073849	True
ENST00000433055.1	ENST00000433055	ENSG00000163923	True
ENST00000406870.7	ENST00000406870	ENSG00000113916	True
ENST00000319332.10	ENST00000319332	ENSG00000090530	True
ENST00000295522.4	ENST00000295522	ENSG00000163347	True
ENST00000439062.6	ENST00000439062	ENSG00000196083	True
ENST00000392455.9	ENST00000392455	ENSG00000152492	True
ENST00000361908.8	ENST00000361908	ENSG00000198836	True
ENST00000232424.4	ENST00000232424	ENSG00000114315	True
ENST00000439040.5	ENST00000439040	ENSG00000133657	True
ENST00000347147.8	ENST00000347147	ENSG00000145014	True
ENST00000265245.10	ENST00000265245	ENSG00000041802	True
ENST00000329759.6	ENST00000329759	ENSG00000185112	True
ENST00000310380.11	ENST00000310380	ENSG00000173950	True
ENST00000326793.11	ENST00000326793	ENSG00000114331	True
ENST00000618156.5	ENST00000618156	ENSG00000184203	True
ENST00000333602.13	ENST00000333602	ENSG00000061938	True
ENST00000392396.7	ENST00000392396	ENSG00000072274	True
ENST00000292823.6	ENST00000292823	ENSG00000161217	True
ENST00000325318.10	ENST00000325318	ENSG00000213123	True
ENST00000318037.3	ENST00000318037	ENSG00000163961	True
ENST00000332629.7	ENST00000332629	ENSG00000185798	True
ENST00000311630.7	ENST00000311630	ENSG00000174013	True
ENST00000392391.7	ENST00000392391	ENSG00000163964	True
ENST00000409690.4	ENST00000409690	ENSG00000174007	True
ENST00000327134.7	ENST00000327134	ENSG00000180370	True
ENST00000323460.10	ENST00000323460	ENSG00000119231	True
ENST00000321256.10	ENST00000321256	ENSG00000114503	True
ENST00000602845.2	ENST00000602845	ENSG00000270170	True
ENST00000296350.10	ENST00000296350	ENSG00000163975	True
ENST00000346964.6	ENST00000346964	ENSG00000075711	True
ENST00000392379.6	ENST00000392379	ENSG00000161267	True
ENST00000296343.10	ENST00000296343	ENSG00000145016	True
ENST00000241502.9	ENST00000241502	ENSG00000122068	True
ENST00000425562.7	ENST00000425562	ENSG00000186001	True
ENST00000265239.11	ENST00000265239	ENSG00000114473	True
ENST00000647248.2	ENST00000647248	ENSG00000182899	True
ENST00000610261.6	ENST00000610261	ENSG00000272602	True
ENST00000511833.3	ENST00000511833	ENSG00000182903	True
ENST00000453061.7	ENST00000453061	ENSG00000174227	True
ENST00000304312.5	ENST00000304312	ENSG00000169020	True
ENST00000400159.6	ENST00000400159	ENSG00000215375	True
ENST00000362003.9	ENST00000362003	ENSG00000185619	True
ENST00000304062.11	ENST00000304062	ENSG00000168993	True
ENST00000314167.9	ENST00000314167	ENSG00000178950	True
ENST00000264771.9	ENST00000264771	ENSG00000127419	True
ENST00000273814.8	ENST00000273814	ENSG00000145214	True
ENST00000247933.9	ENST00000247933	ENSG00000127415	True
ENST00000398484.6	ENST00000398484	ENSG00000127418	True
ENST00000382952.7	ENST00000382952	ENSG00000159692	True
ENST00000303400.9	ENST00000303400	ENSG00000090316	True
ENST00000489418.6	ENST00000489418	ENSG00000163950	True
ENST00000313288.9	ENST00000313288	ENSG00000013810	True
ENST00000382936.8	ENST00000382936	ENSG00000168936	True
ENST00000440486.7	ENST00000440486	ENSG00000068078	True
ENST00000302787.3	ENST00000302787	ENSG00000168924	True
ENST00000382895.7	ENST00000382895	ENSG00000109685	True
ENST00000409860.1	ENST00000409860	ENSG00000243449	True
ENST00000423729.3	ENST00000423729	ENSG00000185818	True
ENST00000243706.8	ENST00000243706	ENSG00000214367	True
ENST00000337190.7	ENST00000337190	ENSG00000123933	True
ENST00000637812.1	ENST00000637812	ENSG00000125386	True
ENST00000315423.12	ENST00000315423	ENSG00000168884	True
ENST00000356331.9	ENST00000356331	ENSG00000087266	True
ENST00000398125.5	ENST00000398125	ENSG00000087274	True
ENST00000329687.8	ENST00000329687	ENSG00000109736	True
ENST00000416614.7	ENST00000416614	ENSG00000087269	True
ENST00000344733.9	ENST00000344733	ENSG00000159788	True
ENST00000382753.5	ENST00000382753	ENSG00000132406	True
ENST00000343470.9	ENST00000343470	ENSG00000145220	True
ENST00000337872.9	ENST00000337872	ENSG00000168826	True
ENST00000306200.7	ENST00000306200	ENSG00000168818	True
ENST00000382723.5	ENST00000382723	ENSG00000163132	True
ENST00000264956.11	ENST00000264956	ENSG00000072840	True
ENST00000397890.6	ENST00000397890	ENSG00000072832	True
ENST00000226760.5	ENST00000226760	ENSG00000109501	True
ENST00000285599.8	ENST00000285599	ENSG00000013288	True
ENST00000320912.8	ENST00000320912	ENSG00000179010	True
ENST00000635031.1	ENST00000635031	ENSG00000170846	True
ENST00000296370.4	ENST00000296370	ENSG00000163993	True
ENST00000320848.7	ENST00000320848	ENSG00000178988	True
ENST00000320776.5	ENST00000320776	ENSG00000186222	True
ENST00000307659.6	ENST00000307659	ENSG00000170871	True
ENST00000409757.9	ENST00000409757	ENSG00000132405	True
ENST00000310074.8	ENST00000310074	ENSG00000173011	True
ENST00000264954.5	ENST00000264954	ENSG00000109519	True
ENST00000358461.6	ENST00000358461	ENSG00000196526	True
ENST00000245105.8	ENST00000245105	ENSG00000125089	True
ENST00000307358.7	ENST00000307358	ENSG00000170801	True
ENST00000356406.10	ENST00000356406	ENSG00000087008	True
ENST00000389737.5	ENST00000389737	ENSG00000155275	True
ENST00000382452.6	ENST00000382452	ENSG00000071127	True
ENST00000326756.4	ENST00000326756	ENSG00000178163	True
ENST00000288723.8	ENST00000288723	ENSG00000157869	True
ENST00000424120.5	ENST00000424120	ENSG00000048342	True
ENST00000341285.8	ENST00000341285	ENSG00000118564	True
ENST00000622362.1	ENST00000622362	ENSG00000237765	True
ENST00000281243.10	ENST00000281243	ENSG00000151552	True
ENST00000226299.8	ENST00000226299	ENSG00000002549	True
ENST00000251496.7	ENST00000251496	ENSG00000109805	True
ENST00000382226.5	ENST00000382226	ENSG00000178177	True
ENST00000273739.9	ENST00000273739	ENSG00000145147	True
ENST00000503585.6	ENST00000503585	ENSG00000163138	True
ENST00000334304.10	ENST00000334304	ENSG00000152990	True
ENST00000264867.7	ENST00000264867	ENSG00000109819	True
ENST00000336812.5	ENST00000336812	ENSG00000109606	True
ENST00000382103.7	ENST00000382103	ENSG00000109618	True
ENST00000264864.8	ENST00000264864	ENSG00000038210	True
ENST00000302874.9	ENST00000302874	ENSG00000168228	True
ENST00000315368.7	ENST00000315368	ENSG00000053900	True
ENST00000399878.8	ENST00000399878	ENSG00000091490	True
ENST00000506197.2	ENST00000506197	ENSG00000250317	True
ENST00000355476.7	ENST00000355476	ENSG00000168214	True
ENST00000264866.9	ENST00000264866	ENSG00000109680	True
ENST00000467087.5	ENST00000467087	ENSG00000109689	True
ENST00000303965.9	ENST00000303965	ENSG00000047365	True
ENST00000454158.7	ENST00000454158	ENSG00000181826	True
ENST00000381967.9	ENST00000381967	ENSG00000169299	True
ENST00000261439.9	ENST00000261439	ENSG00000065882	True
ENST00000261438.10	ENST00000261438	ENSG00000109787	True
ENST00000358869.5	ENST00000358869	ENSG00000197712	True
ENST00000261425.7	ENST00000261425	ENSG00000109790	True
ENST00000399820.8	ENST00000399820	ENSG00000157796	True
ENST00000349703.7	ENST00000349703	ENSG00000035928	True
ENST00000645496.1	ENST00000645496	ENSG00000163682	True
ENST00000640888.2	ENST00000640888	ENSG00000121897	True
ENST00000316423.11	ENST00000316423	ENSG00000109814	True
ENST00000295958.10	ENST00000295958	ENSG00000163683	True
ENST00000261427.10	ENST00000261427	ENSG00000078140	True
ENST00000303538.13	ENST00000303538	ENSG00000121892	True
ENST00000261435.11	ENST00000261435	ENSG00000078177	True
ENST00000295971.12	ENST00000295971	ENSG00000163694	True
ENST00000508593.6	ENST00000508593	ENSG00000163697	True
ENST00000284440.9	ENST00000284440	ENSG00000154277	True
ENST00000508501.5	ENST00000508501	ENSG00000064042	True
ENST00000504986.6	ENST00000504986	ENSG00000109133	True
ENST00000264451.12	ENST00000264451	ENSG00000014824	True
ENST00000264449.14	ENST00000264449	ENSG00000124406	True
ENST00000281543.6	ENST00000281543	ENSG00000151806	True
ENST00000295448.8	ENST00000295448	ENSG00000163281	True
ENST00000381571.6	ENST00000381571	ENSG00000169019	True
ENST00000273859.8	ENST00000273859	ENSG00000145246	True
ENST00000507489.2	ENST00000507489	ENSG00000170448	True
ENST00000295461.10	ENST00000295461	ENSG00000163293	True
ENST00000381501.8	ENST00000381501	ENSG00000135605	True
ENST00000264313.11	ENST00000264313	ENSG00000109171	True
ENST00000273861.5	ENST00000273861	ENSG00000145248	True
ENST00000381473.7	ENST00000381473	ENSG00000109180	True
ENST00000508632.6	ENST00000508632	ENSG00000145247	True
ENST00000334635.10	ENST00000334635	ENSG00000109184	True
ENST00000381431.10	ENST00000381431	ENSG00000163069	True
ENST00000441222.8	ENST00000441222	ENSG00000109189	True
ENST00000248706.5	ENST00000248706	ENSG00000128045	True
ENST00000401642.8	ENST00000401642	ENSG00000184178	True
ENST00000337488.11	ENST00000337488	ENSG00000145216	True
ENST00000263925.8	ENST00000263925	ENSG00000072201	True
ENST00000263921.8	ENST00000263921	ENSG00000109220	True
ENST00000288135.6	ENST00000288135	ENSG00000157404	True
ENST00000264228.9	ENST00000264228	ENSG00000128039	True
ENST00000381334.10	ENST00000381334	ENSG00000134851	True
ENST00000264218.7	ENST00000264218	ENSG00000109255	True
ENST00000349598.6	ENST00000349598	ENSG00000090989	True
ENST00000257287.5	ENST00000257287	ENSG00000174799	True
ENST00000264229.11	ENST00000264229	ENSG00000109265	True
ENST00000205214.11	ENST00000205214	ENSG00000157426	True
ENST00000264220.6	ENST00000264220	ENSG00000128059	True
ENST00000512576.2	ENST00000512576	ENSG00000128050	True
ENST00000309042.12	ENST00000309042	ENSG00000084093	True
ENST00000264230.5	ENST00000264230	ENSG00000084092	True
ENST00000381227.5	ENST00000381227	ENSG00000047315	True
ENST00000295666.6	ENST00000295666	ENSG00000163453	True
ENST00000273854.7	ENST00000273854	ENSG00000145242	True
ENST00000273853.11	ENST00000273853	ENSG00000145241	True
ENST00000322244.10	ENST00000322244	ENSG00000033178	True
ENST00000254803.4	ENST00000254803	ENSG00000132467	True
ENST00000381006.8	ENST00000381006	ENSG00000018189	True
ENST00000254799.11	ENST00000254799	ENSG00000132463	True
ENST00000309395.7	ENST00000309395	ENSG00000173542	True
ENST00000286648.10	ENST00000286648	ENSG00000156136	True
ENST00000264485.11	ENST00000264485	ENSG00000080493	True
ENST00000286657.10	ENST00000286657	ENSG00000156140	True
ENST00000295890.8	ENST00000295890	ENSG00000163626	True
ENST00000509867.6	ENST00000509867	ENSG00000132466	True
ENST00000307407.8	ENST00000307407	ENSG00000169429	True
ENST00000325278.6	ENST00000325278	ENSG00000163738	True
ENST00000395748.8	ENST00000395748	ENSG00000109321	True
ENST00000307428.7	ENST00000307428	ENSG00000169116	True
ENST00000324439.9	ENST00000324439	ENSG00000163743	True
ENST00000311638.7	ENST00000311638	ENSG00000174796	True
ENST00000359707.8	ENST00000359707	ENSG00000138757	True
ENST00000514213.6	ENST00000514213	ENSG00000138768	True
ENST00000286733.9	ENST00000286733	ENSG00000138744	True
ENST00000356260.10	ENST00000356260	ENSG00000198301	True
ENST00000264883.8	ENST00000264883	ENSG00000138750	True
ENST00000264896.8	ENST00000264896	ENSG00000138760	True
ENST00000237642.6	ENST00000237642	ENSG00000118804	True
ENST00000264893.10	ENST00000264893	ENSG00000138758	True
ENST00000237654.9	ENST00000237654	ENSG00000118816	True
ENST00000316355.10	ENST00000316355	ENSG00000138764	True
ENST00000649644.1	ENST00000649644	ENSG00000138767	True
ENST00000264908.11	ENST00000264908	ENSG00000138772	True
ENST00000335016.9	ENST00000335016	ENSG00000138756	True
ENST00000512733.5	ENST00000512733	ENSG00000163291	True
ENST00000403729.7	ENST00000403729	ENSG00000163297	True
ENST00000509081.5	ENST00000509081	ENSG00000138670	True
ENST00000353341.8	ENST00000353341	ENSG00000138668	True
ENST00000621267.4	ENST00000621267	ENSG00000152795	True
ENST00000273920.8	ENST00000273920	ENSG00000145293	True
ENST00000515780.6	ENST00000515780	ENSG00000249242	True
ENST00000319540.9	ENST00000319540	ENSG00000145284	True
ENST00000395310.7	ENST00000395310	ENSG00000138674	True
ENST00000302236.10	ENST00000302236	ENSG00000168152	True
ENST00000340417.8	ENST00000340417	ENSG00000189308	True
ENST00000264389.7	ENST00000264389	ENSG00000138663	True
ENST00000426923.2	ENST00000426923	ENSG00000145287	True
ENST00000405413.6	ENST00000405413	ENSG00000173083	True
ENST00000295488.8	ENST00000295488	ENSG00000163312	True
ENST00000295491.9	ENST00000295491	ENSG00000163319	True
ENST00000321945.12	ENST00000321945	ENSG00000163322	True
ENST00000264409.5	ENST00000264409	ENSG00000138678	True
ENST00000295887.6	ENST00000295887	ENSG00000163624	True
ENST00000395184.6	ENST00000395184	ENSG00000138639	True
ENST00000411767.7	ENST00000411767	ENSG00000163629	True
ENST00000307808.10	ENST00000307808	ENSG00000172493	True
ENST00000273963.10	ENST00000273963	ENSG00000145332	True
ENST00000358290.9	ENST00000358290	ENSG00000198189	True
ENST00000473942.5	ENST00000473942	ENSG00000170502	True
ENST00000395080.8	ENST00000395080	ENSG00000118785	True
ENST00000237596.7	ENST00000237596	ENSG00000118762	True
ENST00000650821.1	ENST00000650821	ENSG00000118777	True
ENST00000608933.6	ENST00000608933	ENSG00000163644	True
ENST00000264346.12	ENST00000264346	ENSG00000138642	True
ENST00000264350.8	ENST00000264350	ENSG00000138646	True
ENST00000273968.5	ENST00000273968	ENSG00000145337	True
ENST00000323061.7	ENST00000323061	ENSG00000177432	True
ENST00000264344.10	ENST00000264344	ENSG00000138640	True
ENST00000394991.8	ENST00000394991	ENSG00000145335	True
ENST00000354268.8	ENST00000354268	ENSG00000163104	True
ENST00000615540.4	ENST00000615540	ENSG00000163110	True
ENST00000440890.7	ENST00000440890	ENSG00000138696	True
ENST00000339360.9	ENST00000339360	ENSG00000138698	True
ENST00000305798.8	ENST00000305798	ENSG00000168785	True
ENST00000296411.11	ENST00000296411	ENSG00000164024	True
ENST00000296412.13	ENST00000296412	ENSG00000197894	True
ENST00000273962.7	ENST00000273962	ENSG00000145331	True
ENST00000499666.7	ENST00000499666	ENSG00000109270	True
ENST00000442697.7	ENST00000442697	ENSG00000164031	True
ENST00000296417.6	ENST00000296417	ENSG00000164032	True
ENST00000273990.6	ENST00000273990	ENSG00000145358	True
ENST00000394854.8	ENST00000394854	ENSG00000138814	True
ENST00000394833.6	ENST00000394833	ENSG00000138821	True
ENST00000226574.9	ENST00000226574	ENSG00000109320	True
ENST00000647097.2	ENST00000647097	ENSG00000109323	True
ENST00000394804.6	ENST00000394804	ENSG00000109332	True
ENST00000273986.10	ENST00000273986	ENSG00000145354	True
ENST00000394785.9	ENST00000394785	ENSG00000164038	True
ENST00000296424.9	ENST00000296424	ENSG00000164039	True
ENST00000265148.9	ENST00000265148	ENSG00000138778	True
ENST00000394767.3	ENST00000394767	ENSG00000168772	True
ENST00000540549.5	ENST00000540549	ENSG00000168769	True
ENST00000451321.6	ENST00000451321	ENSG00000138785	True
ENST00000515279.6	ENST00000515279	ENSG00000138780	True
ENST00000427316.6	ENST00000427316	ENSG00000168743	True
ENST00000394708.7	ENST00000394708	ENSG00000145348	True
ENST00000265174.5	ENST00000265174	ENSG00000138801	True
ENST00000394684.8	ENST00000394684	ENSG00000164023	True
ENST00000332884.11	ENST00000332884	ENSG00000155016	True
ENST00000309522.8	ENST00000309522	ENSG00000138796	True
ENST00000394668.2	ENST00000394668	ENSG00000109475	True
ENST00000361564.9	ENST00000361564	ENSG00000198856	True
ENST00000642955.1	ENST00000642955	ENSG00000188517	True
ENST00000265175.5	ENST00000265175	ENSG00000138802	True
ENST00000394650.7	ENST00000394650	ENSG00000005059	True
ENST00000265164.7	ENST00000265164	ENSG00000138794	True
ENST00000243501.10	ENST00000243501	ENSG00000123739	True
ENST00000226796.7	ENST00000226796	ENSG00000109534	True
ENST00000394607.7	ENST00000394607	ENSG00000170522	True
ENST00000309733.6	ENST00000309733	ENSG00000174749	True
ENST00000274000.10	ENST00000274000	ENSG00000138660	True
ENST00000361717.4	ENST00000361717	ENSG00000145365	True
ENST00000650871.1	ENST00000650871	ENSG00000073331	True
ENST00000505019.5	ENST00000505019	ENSG00000138658	True
ENST00000324052.10	ENST00000324052	ENSG00000174720	True
ENST00000511664.6	ENST00000511664	ENSG00000145349	True
ENST00000315366.8	ENST00000315366	ENSG00000180801	True
ENST00000310836.11	ENST00000310836	ENSG00000174607	True
ENST00000310754.5	ENST00000310754	ENSG00000174599	True
ENST00000296498.3	ENST00000296498	ENSG00000164099	True
ENST00000388822.10	ENST00000388822	ENSG00000145388	True
ENST00000280551.11	ENST00000280551	ENSG00000150961	True
ENST00000450251.5	ENST00000450251	ENSG00000145390	True
ENST00000504110.2	ENST00000504110	ENSG00000164096	True
ENST00000264805.9	ENST00000264805	ENSG00000138735	True
ENST00000296509.11	ENST00000296509	ENSG00000164109	True
ENST00000264808.7	ENST00000264808	ENSG00000138738	True
ENST00000379692.9	ENST00000379692	ENSG00000173376	True
ENST00000296511.10	ENST00000296511	ENSG00000164111	True
ENST00000243498.10	ENST00000243498	ENSG00000123737	True
ENST00000618014.1	ENST00000618014	ENSG00000145386	True
ENST00000264499.9	ENST00000264499	ENSG00000138686	True
ENST00000542236.5	ENST00000542236	ENSG00000181004	True
ENST00000644866.2	ENST00000644866	ENSG00000138685	True
ENST00000304430.10	ENST00000304430	ENSG00000170917	True
ENST00000274008.5	ENST00000274008	ENSG00000145375	True
ENST00000610581.4	ENST00000610581	ENSG00000164056	True
ENST00000270861.10	ENST00000270861	ENSG00000142731	True
ENST00000296468.8	ENST00000296468	ENSG00000164073	True
ENST00000645843.1	ENST00000645843	ENSG00000164074	True
ENST00000649983.1	ENST00000649983	ENSG00000138709	True
ENST00000613358.4	ENST00000613358	ENSG00000164040	True
ENST00000226319.11	ENST00000226319	ENSG00000077684	True
ENST00000281142.10	ENST00000281142	ENSG00000151466	True
ENST00000281146.9	ENST00000281146	ENSG00000151470	True
ENST00000421491.4	ENST00000421491	ENSG00000254535	True
ENST00000412923.6	ENST00000412923	ENSG00000189184	True
ENST00000280612.9	ENST00000280612	ENSG00000151012	True
ENST00000280614.4	ENST00000280614	ENSG00000151014	True
ENST00000394235.6	ENST00000394235	ENSG00000109381	True
ENST00000398955.2	ENST00000398955	ENSG00000137463	True
ENST00000544855.5	ENST00000544855	ENSG00000109390	True
ENST00000296543.10	ENST00000296543	ENSG00000164134	True
ENST00000305626.6	ENST00000305626	ENSG00000172007	True
ENST00000274031.7	ENST00000274031	ENSG00000145391	True
ENST00000616265.4	ENST00000616265	ENSG00000085871	True
ENST00000509479.6	ENST00000509479	ENSG00000196782	True
ENST00000608372.5	ENST00000608372	ENSG00000153130	True
ENST00000414773.5	ENST00000414773	ENSG00000153132	True
ENST00000323570.8	ENST00000323570	ENSG00000179387	True
ENST00000442267.3	ENST00000442267	ENSG00000109436	True
ENST00000515673.7	ENST00000515673	ENSG00000170153	True
ENST00000262990.9	ENST00000262990	ENSG00000109445	True
ENST00000513000.5	ENST00000513000	ENSG00000109452	True
ENST00000307017.9	ENST00000307017	ENSG00000170185	True
ENST00000262995.8	ENST00000262995	ENSG00000109458	True
ENST00000283131.4	ENST00000283131	ENSG00000153147	True
ENST00000613466.4	ENST00000613466	ENSG00000164162	True
ENST00000296577.9	ENST00000296577	ENSG00000164163	True
ENST00000447906.8	ENST00000447906	ENSG00000164164	True
ENST00000302085.9	ENST00000302085	ENSG00000170365	True
ENST00000649156.2	ENST00000649156	ENSG00000151611	True
ENST00000503462.3	ENST00000503462	ENSG00000151612	True
ENST00000296581.11	ENST00000296581	ENSG00000164167	True
ENST00000335472.12	ENST00000335472	ENSG00000120519	True
ENST00000324300.10	ENST00000324300	ENSG00000151617	True
ENST00000296582.8	ENST00000296582	ENSG00000164168	True
ENST00000322396.7	ENST00000322396	ENSG00000164169	True
ENST00000336498.8	ENST00000336498	ENSG00000071205	True
ENST00000358102.8	ENST00000358102	ENSG00000151623	True
ENST00000651943.2	ENST00000651943	ENSG00000198589	True
ENST00000274065.9	ENST00000274065	ENSG00000145425	True
ENST00000263985.11	ENST00000263985	ENSG00000059691	True
ENST00000296555.11	ENST00000296555	ENSG00000109670	True
ENST00000353617.7	ENST00000353617	ENSG00000164144	True
ENST00000437508.6	ENST00000437508	ENSG00000109654	True
ENST00000240488.8	ENST00000240488	ENSG00000121211	True
ENST00000409959.8	ENST00000409959	ENSG00000121210	True
ENST00000499023.7	ENST00000499023	ENSG00000171566	True
ENST00000311277.9	ENST00000311277	ENSG00000164114	True
ENST00000264424.12	ENST00000264424	ENSG00000061918	True
ENST00000502773.6	ENST00000502773	ENSG00000145431	True
ENST00000264428.9	ENST00000264428	ENSG00000109738	True
ENST00000296530.12	ENST00000296530	ENSG00000164125	True
ENST00000296529.11	ENST00000296529	ENSG00000164124	True
ENST00000379205.5	ENST00000379205	ENSG00000205208	True
ENST00000511912.6	ENST00000511912	ENSG00000171503	True
ENST00000307720.4	ENST00000307720	ENSG00000171497	True
ENST00000264433.11	ENST00000264433	ENSG00000052795	True
ENST00000274054.3	ENST00000274054	ENSG00000145414	True
ENST00000358572.10	ENST00000358572	ENSG00000198498	True
ENST00000508856.2	ENST00000508856	ENSG00000183439	True
ENST00000306480.11	ENST00000306480	ENSG00000170088	True
ENST00000226725.11	ENST00000226725	ENSG00000109466	True
ENST00000261507.11	ENST00000261507	ENSG00000052802	True
ENST00000402744.9	ENST00000402744	ENSG00000109472	True
ENST00000393743.8	ENST00000393743	ENSG00000137628	True
ENST00000511577.5	ENST00000511577	ENSG00000181381	True
ENST00000505667.6	ENST00000505667	ENSG00000129116	True
ENST00000306193.8	ENST00000306193	ENSG00000145439	True
ENST00000284637.14	ENST00000284637	ENSG00000154447	True
ENST00000507142.6	ENST00000507142	ENSG00000137601	True
ENST00000347613.8	ENST00000347613	ENSG00000109572	True
ENST00000393381.3	ENST00000393381	ENSG00000056050	True
ENST00000361618.4	ENST00000361618	ENSG00000198948	True
ENST00000337664.9	ENST00000337664	ENSG00000109576	True
ENST00000265000.9	ENST00000265000	ENSG00000109586	True
ENST00000296503.10	ENST00000296503	ENSG00000164104	True
ENST00000296504.4	ENST00000296504	ENSG00000164105	True
ENST00000393674.7	ENST00000393674	ENSG00000164117	True
ENST00000503780.6	ENST00000503780	ENSG00000164118	True
ENST00000296522.11	ENST00000296522	ENSG00000164120	True
ENST00000280187.11	ENST00000280187	ENSG00000150625	True
ENST00000503362.2	ENST00000503362	ENSG00000129128	True
ENST00000618562.2	ENST00000618562	ENSG00000150630	True
ENST00000264596.4	ENST00000264596	ENSG00000109674	True
ENST00000264595.7	ENST00000264595	ENSG00000038002	True
ENST00000438320.6	ENST00000438320	ENSG00000129187	True
ENST00000403733.8	ENST00000403733	ENSG00000151718	True
ENST00000504169.2	ENST00000504169	ENSG00000168564	True
ENST00000302327.4	ENST00000302327	ENSG00000168556	True
ENST00000326397.10	ENST00000326397	ENSG00000182552	True
ENST00000334690.11	ENST00000334690	ENSG00000168538	True
ENST00000393593.8	ENST00000393593	ENSG00000168310	True
ENST00000308394.9	ENST00000308394	ENSG00000164305	True
ENST00000503752.5	ENST00000503752	ENSG00000164306	True
ENST00000281453.10	ENST00000281453	ENSG00000151725	True
ENST00000515030.5	ENST00000515030	ENSG00000151726	True
ENST00000281456.11	ENST00000281456	ENSG00000151729	True
ENST00000458385.7	ENST00000458385	ENSG00000164323	True
ENST00000504273.5	ENST00000504273	ENSG00000109762	True
ENST00000335174.6	ENST00000335174	ENSG00000186352	True
ENST00000264689.11	ENST00000264689	ENSG00000109775	True
ENST00000284771.7	ENST00000284771	ENSG00000154553	True
ENST00000437304.6	ENST00000437304	ENSG00000154556	True
ENST00000296795.8	ENST00000296795	ENSG00000164342	True
ENST00000378802.5	ENST00000378802	ENSG00000145476	True
ENST00000226798.9	ENST00000226798	ENSG00000109536	True
ENST00000296824.4	ENST00000296824	ENSG00000164366	True
ENST00000264932.11	ENST00000264932	ENSG00000073578	True
ENST00000264933.9	ENST00000264933	ENSG00000249915	True
ENST00000316418.9	ENST00000316418	ENSG00000286169	True
ENST00000515206.5	ENST00000515206	ENSG00000063438	True
ENST00000512944.6	ENST00000512944	ENSG00000180104	True
ENST00000264935.6	ENST00000264935	ENSG00000112877	True
ENST00000360578.7	ENST00000360578	ENSG00000171368	True
ENST00000467963.6	ENST00000467963	ENSG00000028310	True
ENST00000166345.8	ENST00000166345	ENSG00000071539	True
ENST00000296849.10	ENST00000296849	ENSG00000145506	True
ENST00000264930.10	ENST00000264930	ENSG00000113504	True
ENST00000320895.10	ENST00000320895	ENSG00000049656	True
ENST00000283415.4	ENST00000283415	ENSG00000153395	True
ENST00000508987.1	ENST00000508987	ENSG00000171421	True
ENST00000296564.9	ENST00000296564	ENSG00000164151	True
ENST00000255764.4	ENST00000255764	ENSG00000133398	True
ENST00000264670.11	ENST00000264670	ENSG00000037474	True
ENST00000274192.7	ENST00000274192	ENSG00000145545	True
ENST00000631941.2	ENST00000631941	ENSG00000112941	True
ENST00000440940.7	ENST00000440940	ENSG00000124275	True
ENST00000264669.10	ENST00000264669	ENSG00000124279	True
ENST00000280326.9	ENST00000280326	ENSG00000150753	True
ENST00000296658.4	ENST00000296658	ENSG00000164237	True
ENST00000274140.10	ENST00000274140	ENSG00000145495	True
ENST00000296657.7	ENST00000296657	ENSG00000164236	True
ENST00000230895.11	ENST00000230895	ENSG00000112977	True
ENST00000274217.4	ENST00000274217	ENSG00000145569	True
ENST00000284274.5	ENST00000284274	ENSG00000154124	True
ENST00000284268.8	ENST00000284268	ENSG00000154122	True
ENST00000308683.3	ENST00000308683	ENSG00000173545	True
ENST00000399793.6	ENST00000399793	ENSG00000154153	True
ENST00000322611.4	ENST00000322611	ENSG00000176788	True
ENST00000265071.3	ENST00000265071	ENSG00000113361	True
ENST00000511367.6	ENST00000511367	ENSG00000113360	True
ENST00000325366.14	ENST00000325366	ENSG00000082213	True
ENST00000265070.7	ENST00000265070	ENSG00000113384	True
ENST00000382142.8	ENST00000382142	ENSG00000150712	True
ENST00000265069.13	ENST00000265069	ENSG00000056097	True
ENST00000265073.9	ENST00000265073	ENSG00000113387	True
ENST00000265074.13	ENST00000265074	ENSG00000113389	True
ENST00000265112.7	ENST00000265112	ENSG00000113407	True
ENST00000504830.6	ENST00000504830	ENSG00000151388	True
ENST00000428746.6	ENST00000428746	ENSG00000039560	True
ENST00000382038.7	ENST00000382038	ENSG00000113456	True
ENST00000336767.6	ENST00000336767	ENSG00000113460	True
ENST00000648817.1	ENST00000648817	ENSG00000168724	True
ENST00000303115.8	ENST00000303115	ENSG00000168685	True
ENST00000296603.5	ENST00000296603	ENSG00000164187	True
ENST00000274255.11	ENST00000274255	ENSG00000145604	True
ENST00000381937.9	ENST00000381937	ENSG00000152620	True
ENST00000265113.9	ENST00000265113	ENSG00000079215	True
ENST00000282516.13	ENST00000282516	ENSG00000164190	True
ENST00000231498.8	ENST00000231498	ENSG00000113569	True
ENST00000265107.9	ENST00000265107	ENSG00000082068	True
ENST00000274276.8	ENST00000274276	ENSG00000145623	True
ENST00000357387.8	ENST00000357387	ENSG00000164327	True
ENST00000320816.11	ENST00000320816	ENSG00000153071	True
ENST00000337702.5	ENST00000337702	ENSG00000113638	True
ENST00000302472.4	ENST00000302472	ENSG00000171522	True
ENST00000274242.10	ENST00000274242	ENSG00000145592	True
ENST00000196371.10	ENST00000196371	ENSG00000083720	True
ENST00000381647.7	ENST00000381647	ENSG00000205765	True
ENST00000281623.8	ENST00000281623	ENSG00000151876	True
ENST00000509156.5	ENST00000509156	ENSG00000172262	True
ENST00000325110.11	ENST00000325110	ENSG00000112972	True
ENST00000500337.6	ENST00000500337	ENSG00000151881	True
ENST00000306862.7	ENST00000306862	ENSG00000172244	True
ENST00000436644.6	ENST00000436644	ENSG00000172239	True
ENST00000264663.9	ENST00000264663	ENSG00000112992	True
ENST00000303221.10	ENST00000303221	ENSG00000170571	True
ENST00000281631.10	ENST00000281631	ENSG00000151883	True
ENST00000296585.10	ENST00000296585	ENSG00000164171	True
ENST00000396954.8	ENST00000396954	ENSG00000164172	True
ENST00000256759.8	ENST00000256759	ENSG00000134363	True
ENST00000296684.10	ENST00000296684	ENSG00000164258	True
ENST00000504924.6	ENST00000504924	ENSG00000185305	True
ENST00000381410.5	ENST00000381410	ENSG00000178996	True
ENST00000503787.6	ENST00000503787	ENSG00000164294	True
ENST00000513312.3	ENST00000513312	ENSG00000234602	True
ENST00000282572.5	ENST00000282572	ENSG00000152669	True
ENST00000251636.10	ENST00000251636	ENSG00000067248	True
ENST00000230640.10	ENST00000230640	ENSG00000039123	True
ENST00000307259.9	ENST00000307259	ENSG00000067113	True
ENST00000396865.7	ENST00000396865	ENSG00000177058	True
ENST00000381298.7	ENST00000381298	ENSG00000134352	True
ENST00000399503.4	ENST00000399503	ENSG00000095015	True
ENST00000285947.5	ENST00000285947	ENSG00000155542	True
ENST00000381213.7	ENST00000381213	ENSG00000155545	True
ENST00000274289.8	ENST00000274289	ENSG00000145632	True
ENST00000507116.5	ENST00000507116	ENSG00000113448	True
ENST00000265036.10	ENST00000265036	ENSG00000035499	True
ENST00000508821.6	ENST00000508821	ENSG00000164181	True
ENST00000265038.9	ENST00000265038	ENSG00000049167	True
ENST00000296597.10	ENST00000296597	ENSG00000164182	True
ENST00000339020.8	ENST00000339020	ENSG00000188725	True
ENST00000407818.8	ENST00000407818	ENSG00000068796	True
ENST00000199320.9	ENST00000199320	ENSG00000086189	True
ENST00000325324.10	ENST00000325324	ENSG00000086200	True
ENST00000389100.9	ENST00000389100	ENSG00000164197	True
ENST00000513458.9	ENST00000513458	ENSG00000153006	True
ENST00000381070.8	ENST00000381070	ENSG00000153015	True
ENST00000396679.6	ENST00000396679	ENSG00000123219	True
ENST00000231524.14	ENST00000231524	ENSG00000113595	True
ENST00000438419.6	ENST00000438419	ENSG00000113597	True
ENST00000510585.3	ENST00000510585	ENSG00000253251	True
ENST00000381007.9	ENST00000381007	ENSG00000197860	True
ENST00000380985.10	ENST00000380985	ENSG00000123213	True
ENST00000506030.5	ENST00000506030	ENSG00000112851	True
ENST00000334121.11	ENST00000334121	ENSG00000153914	True
ENST00000521381.6	ENST00000521381	ENSG00000145675	True
ENST00000396591.8	ENST00000396591	ENSG00000145740	True
ENST00000256442.10	ENST00000256442	ENSG00000134057	True
ENST00000283006.7	ENST00000283006	ENSG00000153044	True
ENST00000256441.5	ENST00000256441	ENSG00000134056	True
ENST00000256443.8	ENST00000256443	ENSG00000134058	True
ENST00000396496.7	ENST00000396496	ENSG00000183323	True
ENST00000380822.9	ENST00000380822	ENSG00000085231	True
ENST00000328663.8	ENST00000328663	ENSG00000273841	True
ENST00000509734.5	ENST00000509734	ENSG00000152942	True
ENST00000325631.10	ENST00000325631	ENSG00000152939	True
ENST00000355237.6	ENST00000355237	ENSG00000197822	True
ENST00000510979.5	ENST00000510979	ENSG00000183474	True
ENST00000274400.9	ENST00000274400	ENSG00000145736	True
ENST00000340941.11	ENST00000340941	ENSG00000131844	True
ENST00000261413.9	ENST00000261413	ENSG00000113048	True
ENST00000506351.6	ENST00000506351	ENSG00000083312	True
ENST00000430046.7	ENST00000430046	ENSG00000157107	True
ENST00000615637.3	ENST00000615637	ENSG00000251493	True
ENST00000380591.7	ENST00000380591	ENSG00000145741	True
ENST00000296785.8	ENST00000296785	ENSG00000164331	True
ENST00000296792.9	ENST00000296792	ENSG00000164338	True
ENST00000513042.6	ENST00000513042	ENSG00000214944	True
ENST00000261416.12	ENST00000261416	ENSG00000049860	True
ENST00000509430.5	ENST00000509430	ENSG00000164347	True
ENST00000610426.5	ENST00000610426	ENSG00000164346	True
ENST00000389156.9	ENST00000389156	ENSG00000198780	True
ENST00000287936.9	ENST00000287936	ENSG00000113161	True
ENST00000644072.2	ENST00000644072	ENSG00000113163	True
ENST00000241436.8	ENST00000241436	ENSG00000122008	True
ENST00000428202.7	ENST00000428202	ENSG00000152359	True
ENST00000274364.11	ENST00000274364	ENSG00000145703	True
ENST00000319211.5	ENST00000319211	ENSG00000181104	True
ENST00000296677.5	ENST00000296677	ENSG00000164251	True
ENST00000312916.12	ENST00000312916	ENSG00000164252	True
ENST00000255198.3	ENST00000255198	ENSG00000132846	True
ENST00000296679.9	ENST00000296679	ENSG00000164253	True
ENST00000380377.8	ENST00000380377	ENSG00000171530	True
ENST00000255194.11	ENST00000255194	ENSG00000132842	True
ENST00000621999.5	ENST00000621999	ENSG00000085365	True
ENST00000380345.7	ENST00000380345	ENSG00000145685	True
ENST00000264914.10	ENST00000264914	ENSG00000113273	True
ENST00000396137.5	ENST00000396137	ENSG00000152409	True
ENST00000423041.6	ENST00000423041	ENSG00000164329	True
ENST00000512528.3	ENST00000512528	ENSG00000177034	True
ENST00000507668.7	ENST00000507668	ENSG00000164300	True
ENST00000282226.5	ENST00000282226	ENSG00000152380	True
ENST00000439211.7	ENST00000439211	ENSG00000228716	True
ENST00000265081.7	ENST00000265081	ENSG00000113318	True
ENST00000320672.8	ENST00000320672	ENSG00000145687	True
ENST00000282185.8	ENST00000282185	ENSG00000152348	True
ENST00000296674.13	ENST00000296674	ENSG00000186468	True
ENST00000502346.2	ENST00000502346	ENSG00000174695	True
ENST00000511817.1	ENST00000511817	ENSG00000152422	True
ENST00000502527.2	ENST00000502527	ENSG00000038427	True
ENST00000296591.10	ENST00000296591	ENSG00000164176	True
ENST00000509578.1	ENST00000509578	ENSG00000127184	True
ENST00000456692.6	ENST00000456692	ENSG00000145715	True
ENST00000256897.9	ENST00000256897	ENSG00000134480	True
ENST00000296595.10	ENST00000296595	ENSG00000164180	True
ENST00000424173.6	ENST00000424173	ENSG00000081189	True
ENST00000283122.7	ENST00000283122	ENSG00000153140	True
ENST00000316610.7	ENST00000316610	ENSG00000176055	True
ENST00000651687.1	ENST00000651687	ENSG00000113356	True
ENST00000315948.11	ENST00000315948	ENSG00000176018	True
ENST00000265138.4	ENST00000265138	ENSG00000113369	True
ENST00000395965.8	ENST00000395965	ENSG00000113391	True
ENST00000265140.10	ENST00000265140	ENSG00000133302	True
ENST00000649566.1	ENST00000649566	ENSG00000198677	True
ENST00000380009.9	ENST00000380009	ENSG00000164291	True
ENST00000379982.8	ENST00000379982	ENSG00000164292	True
ENST00000379979.8	ENST00000379979	ENSG00000173221	True
ENST00000237853.9	ENST00000237853	ENSG00000118985	True
ENST00000443439.7	ENST00000443439	ENSG00000164307	True
ENST00000437043.8	ENST00000437043	ENSG00000164308	True
ENST00000283109.8	ENST00000283109	ENSG00000058729	True
ENST00000308234.11	ENST00000308234	ENSG00000174136	True
ENST00000614616.4	ENST00000614616	ENSG00000153922	True
ENST00000312637.5	ENST00000312637	ENSG00000174132	True
ENST00000231461.10	ENST00000231461	ENSG00000113532	True
ENST00000304400.11	ENST00000304400	ENSG00000145730	True
ENST00000399004.7	ENST00000399004	ENSG00000145723	True
ENST00000358359.7	ENST00000358359	ENSG00000145725	True
ENST00000319933.7	ENST00000319933	ENSG00000181751	True
ENST00000230792.7	ENST00000230792	ENSG00000112874	True
ENST00000333274.11	ENST00000333274	ENSG00000184349	True
ENST00000542267.7	ENST00000542267	ENSG00000145743	True
ENST00000361189.7	ENST00000361189	ENSG00000198961	True
ENST00000355943.8	ENST00000355943	ENSG00000164209	True
ENST00000513710.3	ENST00000513710	ENSG00000134987	True
ENST00000296632.8	ENST00000296632	ENSG00000164211	True
ENST00000379671.7	ENST00000379671	ENSG00000134986	True
ENST00000621003.4	ENST00000621003	ENSG00000129595	True
ENST00000505459.6	ENST00000505459	ENSG00000153037	True
ENST00000379638.9	ENST00000379638	ENSG00000129625	True
ENST00000389063.3	ENST00000389063	ENSG00000172795	True
ENST00000408903.7	ENST00000408903	ENSG00000171444	True
ENST00000161863.9	ENST00000161863	ENSG00000047188	True
ENST00000282369.7	ENST00000282369	ENSG00000152503	True
ENST00000419445.6	ENST00000419445	ENSG00000164219	True
ENST00000379611.10	ENST00000379611	ENSG00000164221	True
ENST00000274457.5	ENST00000274457	ENSG00000145780	True
ENST00000456936.4	ENST00000456936	ENSG00000134970	True
ENST00000250535.5	ENST00000250535	ENSG00000129596	True
ENST00000316788.12	ENST00000316788	ENSG00000177879	True
ENST00000274458.9	ENST00000274458	ENSG00000145781	True
ENST00000343348.10	ENST00000343348	ENSG00000092421	True
ENST00000510708.6	ENST00000510708	ENSG00000169570	True
ENST00000504771.3	ENST00000504771	ENSG00000145779	True
ENST00000510025.7	ENST00000510025	ENSG00000133835	True
ENST00000339397.5	ENST00000339397	ENSG00000151304	True
ENST00000231004.5	ENST00000231004	ENSG00000113083	True
ENST00000379516.7	ENST00000379516	ENSG00000205302	True
ENST00000261369.9	ENST00000261369	ENSG00000064652	True
ENST00000306442.5	ENST00000306442	ENSG00000168938	True
ENST00000306467.10	ENST00000306467	ENSG00000168944	True
ENST00000360683.6	ENST00000360683	ENSG00000151292	True
ENST00000306315.9	ENST00000306315	ENSG00000168916	True
ENST00000285689.8	ENST00000285689	ENSG00000155324	True
ENST00000409134.8	ENST00000409134	ENSG00000164904	True
ENST00000261366.10	ENST00000261366	ENSG00000113368	True
ENST00000308660.6	ENST00000308660	ENSG00000173926	True
ENST00000296662.9	ENST00000296662	ENSG00000164241	True
ENST00000296666.13	ENST00000296666	ENSG00000164244	True
ENST00000262461.7	ENST00000262461	ENSG00000064651	True
ENST00000305031.5	ENST00000305031	ENSG00000198108	True
ENST00000304043.10	ENST00000304043	ENSG00000169567	True
ENST00000379380.9	ENST00000379380	ENSG00000186687	True
ENST00000505065.1	ENST00000505065	ENSG00000158985	True
ENST00000510461.6	ENST00000510461	ENSG00000217128	True
ENST00000401867.5	ENST00000401867	ENSG00000072682	True
ENST00000253754.8	ENST00000253754	ENSG00000131435	True
ENST00000200652.4	ENST00000200652	ENSG00000197208	True
ENST00000245407.8	ENST00000245407	ENSG00000197375	True
ENST00000245414.9	ENST00000245414	ENSG00000125347	True
ENST00000378735.5	ENST00000378735	ENSG00000131437	True
ENST00000378719.7	ENST00000378719	ENSG00000164402	True
ENST00000378679.7	ENST00000378679	ENSG00000164403	True
ENST00000378670.8	ENST00000378670	ENSG00000164405	True
ENST00000265343.10	ENST00000265343	ENSG00000072364	True
ENST00000304858.7	ENST00000304858	ENSG00000170606	True
ENST00000231512.5	ENST00000231512	ENSG00000113583	True
ENST00000395047.6	ENST00000395047	ENSG00000213585	True
ENST00000342854.10	ENST00000342854	ENSG00000081059	True
ENST00000353411.11	ENST00000353411	ENSG00000113558	True
ENST00000481195.6	ENST00000481195	ENSG00000113575	True
ENST00000265334.9	ENST00000265334	ENSG00000006837	True
ENST00000265339.7	ENST00000265339	ENSG00000119048	True
ENST00000458198.3	ENST00000458198	ENSG00000237190	True
ENST00000282605.8	ENST00000282605	ENSG00000043143	True
ENST00000402673.7	ENST00000402673	ENSG00000152700	True
ENST00000398844.7	ENST00000398844	ENSG00000113615	True
ENST00000297156.4	ENST00000297156	ENSG00000164615	True
ENST00000452510.7	ENST00000452510	ENSG00000145833	True
ENST00000394976.4	ENST00000394976	ENSG00000181904	True
ENST00000358387.9	ENST00000358387	ENSG00000113621	True
ENST00000512783.5	ENST00000512783	ENSG00000132570	True
ENST00000265340.12	ENST00000265340	ENSG00000069011	True
ENST00000511689.5	ENST00000511689	ENSG00000113648	True
ENST00000442011.7	ENST00000442011	ENSG00000120708	True
ENST00000545279.6	ENST00000545279	ENSG00000113658	True
ENST00000394945.6	ENST00000394945	ENSG00000152377	True
ENST00000314940.7	ENST00000314940	ENSG00000177733	True
ENST00000033079.7	ENST00000033079	ENSG00000031003	True
ENST00000254900.9	ENST00000254900	ENSG00000112983	True
ENST00000394894.8	ENST00000394894	ENSG00000112984	True
ENST00000323760.11	ENST00000323760	ENSG00000158402	True
ENST00000239906.10	ENST00000239906	ENSG00000120709	True
ENST00000314358.10	ENST00000314358	ENSG00000120733	True
ENST00000378339.7	ENST00000378339	ENSG00000132563	True
ENST00000239938.5	ENST00000239938	ENSG00000120738	True
ENST00000360541.10	ENST00000360541	ENSG00000120705	True
ENST00000297185.9	ENST00000297185	ENSG00000113013	True
ENST00000302763.12	ENST00000302763	ENSG00000044115	True
ENST00000265195.9	ENST00000265195	ENSG00000120725	True
ENST00000394795.6	ENST00000394795	ENSG00000120727	True
ENST00000302060.10	ENST00000302060	ENSG00000170464	True
ENST00000652271.1	ENST00000652271	ENSG00000184584	True
ENST00000398733.8	ENST00000398733	ENSG00000131508	True
ENST00000302517.8	ENST00000302517	ENSG00000171604	True
ENST00000261811.6	ENST00000261811	ENSG00000120306	True
ENST00000261813.9	ENST00000261813	ENSG00000113068	True
ENST00000230990.7	ENST00000230990	ENSG00000113070	True
ENST00000336283.7	ENST00000336283	ENSG00000213523	True
ENST00000252102.9	ENST00000252102	ENSG00000131495	True
ENST00000394671.7	ENST00000394671	ENSG00000113119	True
ENST00000417647.7	ENST00000417647	ENSG00000113141	True
ENST00000358337.9	ENST00000358337	ENSG00000120314	True
ENST00000504156.7	ENST00000504156	ENSG00000170445	True
ENST00000230771.9	ENST00000230771	ENSG00000112855	True
ENST00000194155.7	ENST00000194155	ENSG00000112852	True
ENST00000239449.6	ENST00000239449	ENSG00000120327	True
ENST00000313368.8	ENST00000313368	ENSG00000178913	True
ENST00000621169.1	ENST00000621169	ENSG00000276547	True
ENST00000398594.4	ENST00000398594	ENSG00000254122	True
ENST00000308177.5	ENST00000308177	ENSG00000240184	True
ENST00000305264.8	ENST00000305264	ENSG00000171720	True
ENST00000435817.7	ENST00000435817	ENSG00000197948	True
ENST00000239440.9	ENST00000239440	ENSG00000120318	True
ENST00000287008.7	ENST00000287008	ENSG00000156453	True
ENST00000432126.7	ENST00000432126	ENSG00000081791	True
ENST00000347642.7	ENST00000347642	ENSG00000013561	True
ENST00000508177.5	ENST00000508177	ENSG00000113552	True
ENST00000253814.6	ENST00000253814	ENSG00000131507	True
ENST00000434127.2	ENST00000434127	ENSG00000187678	True
ENST00000274498.9	ENST00000274498	ENSG00000145819	True
ENST00000343796.6	ENST00000343796	ENSG00000113580	True
ENST00000274496.10	ENST00000274496	ENSG00000145817	True
ENST00000505416.5	ENST00000505416	ENSG00000186314	True
ENST00000511217.1	ENST00000511217	ENSG00000156463	True
ENST00000394434.7	ENST00000394434	ENSG00000133706	True
ENST00000265271.7	ENST00000265271	ENSG00000091009	True
ENST00000296702.9	ENST00000296702	ENSG00000113649	True
ENST00000343218.10	ENST00000343218	ENSG00000113657	True
ENST00000340253.10	ENST00000340253	ENSG00000145868	True
ENST00000506113.5	ENST00000506113	ENSG00000173210	True
ENST00000296721.9	ENST00000296721	ENSG00000157510	True
ENST00000329271.8	ENST00000329271	ENSG00000164284	True
ENST00000274569.9	ENST00000274569	ENSG00000145882	True
ENST00000261798.10	ENST00000261798	ENSG00000113712	True
ENST00000286298.5	ENST00000286298	ENSG00000155850	True
ENST00000296736.4	ENST00000296736	ENSG00000164296	True
ENST00000502717.6	ENST00000502717	ENSG00000113716	True
ENST00000261799.9	ENST00000261799	ENSG00000113721	True
ENST00000643257.2	ENST00000643257	ENSG00000070814	True
ENST00000401695.8	ENST00000401695	ENSG00000164587	True
ENST00000261797.7	ENST00000261797	ENSG00000070614	True
ENST00000307662.5	ENST00000307662	ENSG00000171992	True
ENST00000199814.9	ENST00000199814	ENSG00000086589	True
ENST00000447998.6	ENST00000447998	ENSG00000132912	True
ENST00000274599.9	ENST00000274599	ENSG00000145908	True
ENST00000315050.11	ENST00000315050	ENSG00000145901	True
ENST00000354546.10	ENST00000354546	ENSG00000197043	True
ENST00000357164.4	ENST00000357164	ENSG00000196743	True
ENST00000243389.8	ENST00000243389	ENSG00000123643	True
ENST00000231061.9	ENST00000231061	ENSG00000113140	True
ENST00000524142.5	ENST00000524142	ENSG00000177556	True
ENST00000351797.9	ENST00000351797	ENSG00000055147	True
ENST00000322602.9	ENST00000322602	ENSG00000037749	True
ENST00000297107.11	ENST00000297107	ENSG00000164574	True
ENST00000297109.11	ENST00000297109	ENSG00000164576	True
ENST00000336314.9	ENST00000336314	ENSG00000155506	True
ENST00000326080.10	ENST00000326080	ENSG00000170271	True
ENST00000517876.5	ENST00000517876	ENSG00000155508	True
ENST00000285873.8	ENST00000285873	ENSG00000082516	True
ENST00000286317.6	ENST00000286317	ENSG00000155868	True
ENST00000620254.5	ENST00000620254	ENSG00000055163	True
ENST00000257527.9	ENST00000257527	ENSG00000135074	True
ENST00000231198.12	ENST00000231198	ENSG00000113272	True
ENST00000286307.6	ENST00000286307	ENSG00000155858	True
ENST00000523908.5	ENST00000523908	ENSG00000113282	True
ENST00000313708.11	ENST00000313708	ENSG00000164330	True
ENST00000611185.4	ENST00000611185	ENSG00000145860	True
ENST00000296786.8	ENST00000296786	ENSG00000164332	True
ENST00000231238.10	ENST00000231238	ENSG00000113312	True
ENST00000307063.9	ENST00000307063	ENSG00000170234	True
ENST00000257536.12	ENST00000257536	ENSG00000135083	True
ENST00000408953.4	ENST00000408953	ENSG00000221886	True
ENST00000297151.9	ENST00000297151	ENSG00000164609	True
ENST00000393964.1	ENST00000393964	ENSG00000164611	True
ENST00000340828.7	ENST00000340828	ENSG00000113328	True
ENST00000302764.9	ENST00000302764	ENSG00000170584	True
ENST00000393915.9	ENST00000393915	ENSG00000072571	True
ENST00000321757.11	ENST00000321757	ENSG00000038274	True
ENST00000265293.8	ENST00000265293	ENSG00000113645	True
ENST00000231572.8	ENST00000231572	ENSG00000113643	True
ENST00000519560.6	ENST00000519560	ENSG00000184347	True
ENST00000265295.9	ENST00000265295	ENSG00000040275	True
ENST00000296930.9	ENST00000296930	ENSG00000181163	True
ENST00000296933.10	ENST00000296933	ENSG00000072803	True
ENST00000176763.10	ENST00000176763	ENSG00000072786	True
ENST00000393792.3	ENST00000393792	ENSG00000168246	True
ENST00000311601.6	ENST00000311601	ENSG00000174705	True
ENST00000369800.6	ENST00000369800	ENSG00000214357	True
ENST00000239223.4	ENST00000239223	ENSG00000120129	True
ENST00000393784.8	ENST00000393784	ENSG00000113719	True
ENST00000521476.5	ENST00000521476	ENSG00000037241	True
ENST00000519374.6	ENST00000519374	ENSG00000113732	True
ENST00000296953.6	ENST00000296953	ENSG00000164463	True
ENST00000351486.9	ENST00000351486	ENSG00000113734	True
ENST00000311086.9	ENST00000311086	ENSG00000145919	True
ENST00000239243.7	ENST00000239243	ENSG00000120149	True
ENST00000321442.10	ENST00000321442	ENSG00000164466	True
ENST00000265097.9	ENST00000265097	ENSG00000051596	True
ENST00000429602.7	ENST00000429602	ENSG00000170085	True
ENST00000298569.9	ENST00000298569	ENSG00000122203	True
ENST00000614830.5	ENST00000614830	ENSG00000048162	True
ENST00000274787.3	ENST00000274787	ENSG00000146066	True
ENST00000310418.8	ENST00000310418	ENSG00000175416	True
ENST00000261942.7	ENST00000261942	ENSG00000113194	True
ENST00000274811.9	ENST00000274811	ENSG00000146083	True
ENST00000303991.5	ENST00000303991	ENSG00000169258	True
ENST00000508164.6	ENST00000508164	ENSG00000048140	True
ENST00000511320.6	ENST00000511320	ENSG00000087206	True
ENST00000358149.8	ENST00000358149	ENSG00000113761	True
ENST00000292408.9	ENST00000292408	ENSG00000160867	True
ENST00000303251.11	ENST00000303251	ENSG00000169228	True
ENST00000439742.6	ENST00000439742	ENSG00000213347	True
ENST00000303204.9	ENST00000303204	ENSG00000169230	True
ENST00000303127.12	ENST00000303127	ENSG00000169223	True
ENST00000408923.8	ENST00000408923	ENSG00000169220	True
ENST00000253496.3	ENST00000253496	ENSG00000131187	True
ENST00000323249.8	ENST00000323249	ENSG00000131188	True
ENST00000393565.5	ENST00000393565	ENSG00000113758	True
ENST00000355841.7	ENST00000355841	ENSG00000196923	True
ENST00000514747.6	ENST00000514747	ENSG00000146067	True
ENST00000029410.10	ENST00000029410	ENSG00000027847	True
ENST00000274605.6	ENST00000274605	ENSG00000145911	True
ENST00000515098.5	ENST00000515098	ENSG00000145916	True
ENST00000274606.8	ENST00000274606	ENSG00000145912	True
ENST00000506259.5	ENST00000506259	ENSG00000197451	True
ENST00000308158.10	ENST00000308158	ENSG00000175309	True
ENST00000316308.9	ENST00000316308	ENSG00000113240	True
ENST00000335815.7	ENST00000335815	ENSG00000169131	True
ENST00000322434.8	ENST00000322434	ENSG00000178338	True
ENST00000315475.7	ENST00000315475	ENSG00000177932	True
ENST00000251582.12	ENST00000251582	ENSG00000087116	True
ENST00000437570.6	ENST00000437570	ENSG00000176783	True
ENST00000247461.9	ENST00000247461	ENSG00000127022	True
ENST00000292599.4	ENST00000292599	ENSG00000161021	True
ENST00000292591.12	ENST00000292591	ENSG00000161013	True
ENST00000389805.9	ENST00000389805	ENSG00000161011	True
ENST00000292586.11	ENST00000292586	ENSG00000161010	True
ENST00000356834.7	ENST00000356834	ENSG00000197226	True
ENST00000521389.6	ENST00000521389	ENSG00000113269	True
ENST00000452135.6	ENST00000452135	ENSG00000050748	True
ENST00000253778.13	ENST00000253778	ENSG00000131459	True
ENST00000618123.4	ENST00000618123	ENSG00000113300	True
ENST00000333055.8	ENST00000333055	ENSG00000131446	True
ENST00000502412.1	ENST00000502412	ENSG00000196670	True
ENST00000274773.12	ENST00000274773	ENSG00000146054	True
ENST00000315073.10	ENST00000315073	ENSG00000146063	True
ENST00000512805.6	ENST00000512805	ENSG00000204628	True
ENST00000611618.1	ENST00000611618	ENSG00000183718	True
ENST00000419235.6	ENST00000419235	ENSG00000112679	True
ENST00000230449.9	ENST00000230449	ENSG00000112685	True
ENST00000645481.2	ENST00000645481	ENSG00000137273	True
ENST00000645831.2	ENST00000645831	ENSG00000054598	True
ENST00000380815.5	ENST00000380815	ENSG00000112699	True
ENST00000380773.9	ENST00000380773	ENSG00000124535	True
ENST00000380739.6	ENST00000380739	ENSG00000021355	True
ENST00000380698.5	ENST00000380698	ENSG00000170542	True
ENST00000380455.9	ENST00000380455	ENSG00000124588	True
ENST00000259808.9	ENST00000259808	ENSG00000137275	True
ENST00000380379.10	ENST00000380379	ENSG00000137274	True
ENST00000333628.4	ENST00000333628	ENSG00000137267	True
ENST00000259818.8	ENST00000259818	ENSG00000137285	True
ENST00000438998.7	ENST00000438998	ENSG00000180822	True
ENST00000380283.5	ENST00000380283	ENSG00000168994	True
ENST00000380274.2	ENST00000380274	ENSG00000145945	True
ENST00000337659.11	ENST00000337659	ENSG00000112739	True
ENST00000380118.7	ENST00000380118	ENSG00000198721	True
ENST00000397588.8	ENST00000397588	ENSG00000153046	True
ENST00000380051.7	ENST00000380051	ENSG00000124787	True
ENST00000330636.8	ENST00000330636	ENSG00000214113	True
ENST00000244766.7	ENST00000244766	ENSG00000124785	True
ENST00000379938.7	ENST00000379938	ENSG00000124782	True
ENST00000244763.9	ENST00000244763	ENSG00000124783	True
ENST00000379834.7	ENST00000379834	ENSG00000124784	True
ENST00000379802.8	ENST00000379802	ENSG00000096696	True
ENST00000342415.6	ENST00000342415	ENSG00000168566	True
ENST00000283147.7	ENST00000283147	ENSG00000153162	True
ENST00000379715.10	ENST00000379715	ENSG00000124802	True
ENST00000648987.1	ENST00000648987	ENSG00000124786	True
ENST00000379608.8	ENST00000379608	ENSG00000137203	True
ENST00000541412.5	ENST00000541412	ENSG00000111843	True
ENST00000379542.10	ENST00000379542	ENSG00000137210	True
ENST00000354666.4	ENST00000354666	ENSG00000197977	True
ENST00000416247.4	ENST00000416247	ENSG00000224531	True
ENST00000379446.10	ENST00000379446	ENSG00000111859	True
ENST00000379426.2	ENST00000379426	ENSG00000205269	True
ENST00000379388.7	ENST00000379388	ENSG00000095951	True
ENST00000379375.6	ENST00000379375	ENSG00000078401	True
ENST00000379287.4	ENST00000379287	ENSG00000145990	True
ENST00000606117.2	ENST00000606117	ENSG00000124523	True
ENST00000451315.7	ENST00000451315	ENSG00000225921	True
ENST00000011619.6	ENST00000011619	ENSG00000010017	True
ENST00000379170.8	ENST00000379170	ENSG00000050393	True
ENST00000488300.6	ENST00000488300	ENSG00000180537	True
ENST00000379153.4	ENST00000379153	ENSG00000112149	True
ENST00000341776.7	ENST00000341776	ENSG00000008083	True
ENST00000344537.10	ENST00000344537	ENSG00000047579	True
ENST00000356840.8	ENST00000356840	ENSG00000007944	True
ENST00000259727.5	ENST00000259727	ENSG00000137198	True
ENST00000244769.8	ENST00000244769	ENSG00000124788	True
ENST00000379052.10	ENST00000379052	ENSG00000112183	True
ENST00000229922.7	ENST00000229922	ENSG00000112186	True
ENST00000259963.4	ENST00000259963	ENSG00000137414	True
ENST00000262077.3	ENST00000262077	ENSG00000124789	True
ENST00000259711.11	ENST00000259711	ENSG00000137177	True
ENST00000309983.5	ENST00000309983	ENSG00000137364	True
ENST00000650836.2	ENST00000650836	ENSG00000165097	True
ENST00000652689.1	ENST00000652689	ENSG00000124795	True
ENST00000259939.4	ENST00000259939	ENSG00000137393	True
ENST00000378700.8	ENST00000378700	ENSG00000172201	True
ENST00000324607.8	ENST00000324607	ENSG00000172197	True
ENST00000346618.8	ENST00000346618	ENSG00000112242	True
ENST00000274695.8	ENST00000274695	ENSG00000145996	True
ENST00000244745.4	ENST00000244745	ENSG00000124766	True
ENST00000378386.7	ENST00000378386	ENSG00000124532	True
ENST00000357578.8	ENST00000357578	ENSG00000112294	True
ENST00000378198.9	ENST00000378198	ENSG00000111802	True
ENST00000230048.5	ENST00000230048	ENSG00000112304	True
ENST00000378119.9	ENST00000378119	ENSG00000112308	True
ENST00000230056.8	ENST00000230056	ENSG00000112312	True
ENST00000329474.7	ENST00000329474	ENSG00000079691	True
ENST00000357085.5	ENST00000357085	ENSG00000112343	True
ENST00000357618.9	ENST00000357618	ENSG00000010704	True
ENST00000377708.7	ENST00000377708	ENSG00000186470	True
ENST00000356709.9	ENST00000356709	ENSG00000124508	True
ENST00000289361.11	ENST00000289361	ENSG00000026950	True
ENST00000244519.7	ENST00000244519	ENSG00000111801	True
ENST00000312541.10	ENST00000312541	ENSG00000112763	True
ENST00000377575.3	ENST00000377575	ENSG00000182952	True
ENST00000274849.3	ENST00000274849	ENSG00000146109	True
ENST00000622479.4	ENST00000622479	ENSG00000181315	True
ENST00000211936.10	ENST00000211936	ENSG00000096654	True
ENST00000616365.2	ENST00000616365	ENSG00000275379	True
ENST00000377325.2	ENST00000377325	ENSG00000197279	True
ENST00000340487.5	ENST00000340487	ENSG00000196812	True
ENST00000330236.7	ENST00000330236	ENSG00000198315	True
ENST00000252207.9	ENST00000252207	ENSG00000137185	True
ENST00000377294.3	ENST00000377294	ENSG00000187626	True
ENST00000623276.3	ENST00000623276	ENSG00000197062	True
ENST00000259883.3	ENST00000259883	ENSG00000137338	True
ENST00000414429.5	ENST00000414429	ENSG00000235109	True
ENST00000377255.3	ENST00000377255	ENSG00000189298	True
ENST00000361028.5	ENST00000361028	ENSG00000158691	True
ENST00000289788.4	ENST00000289788	ENSG00000187987	True
ENST00000452236.3	ENST00000452236	ENSG00000232040	True
ENST00000377199.4	ENST00000377199	ENSG00000204713	True
ENST00000332435.10	ENST00000332435	ENSG00000066379	True
ENST00000376772.8	ENST00000376772	ENSG00000204619	True
ENST00000454678.7	ENST00000454678	ENSG00000234127	True
ENST00000376621.7	ENST00000376621	ENSG00000204590	True
ENST00000376560.8	ENST00000376560	ENSG00000204576	True
ENST00000326195.13	ENST00000326195	ENSG00000204574	True
ENST00000376511.7	ENST00000376511	ENSG00000204569	True
ENST00000259873.5	ENST00000259873	ENSG00000204568	True
ENST00000376473.9	ENST00000376473	ENSG00000204564	True
ENST00000376442.8	ENST00000376442	ENSG00000204560	True
ENST00000259953.8	ENST00000259953	ENSG00000137404	True
ENST00000376406.8	ENST00000376406	ENSG00000137337	True
ENST00000327892.13	ENST00000327892	ENSG00000196230	True
ENST00000376389.8	ENST00000376389	ENSG00000137312	True
ENST00000259874.6	ENST00000259874	ENSG00000137331	True
ENST00000324771.12	ENST00000324771	ENSG00000204580	True
ENST00000259895.9	ENST00000259895	ENSG00000213780	True
ENST00000321897.9	ENST00000321897	ENSG00000137411	True
ENST00000396268.7	ENST00000396268	ENSG00000204536	True
ENST00000376257.8	ENST00000376257	ENSG00000137310	True
ENST00000449934.7	ENST00000449934	ENSG00000204520	True
ENST00000252229.7	ENST00000252229	ENSG00000204516	True
ENST00000376148.9	ENST00000376148	ENSG00000204498	True
ENST00000376033.3	ENST00000376033	ENSG00000204469	True
ENST00000211379.9	ENST00000211379	ENSG00000204463	True
ENST00000375916.4	ENST00000375916	ENSG00000204444	True
ENST00000375911.2	ENST00000375911	ENSG00000204439	True
ENST00000375906.5	ENST00000375906	ENSG00000204438	True
ENST00000375866.2	ENST00000375866	ENSG00000204435	True
ENST00000375792.7	ENST00000375792	ENSG00000213722	True
ENST00000375780.6	ENST00000375780	ENSG00000213719	True
ENST00000375663.8	ENST00000375663	ENSG00000204394	True
ENST00000375661.6	ENST00000375661	ENSG00000204392	True
ENST00000375654.5	ENST00000375654	ENSG00000204390	True
ENST00000375651.7	ENST00000375651	ENSG00000204389	True
ENST00000375650.5	ENST00000375650	ENSG00000204388	True
ENST00000375631.5	ENST00000375631	ENSG00000204386	True
ENST00000375527.3	ENST00000375527	ENSG00000204366	True
ENST00000375429.8	ENST00000375429	ENSG00000204356	True
ENST00000375349.7	ENST00000375349	ENSG00000204348	True
ENST00000375333.2	ENST00000375333	ENSG00000204344	True
ENST00000375201.8	ENST00000375201	ENSG00000213676	True
ENST00000375156.4	ENST00000375156	ENSG00000204315	True
ENST00000395523.5	ENST00000395523	ENSG00000221988	True
ENST00000395499.5	ENST00000395499	ENSG00000204310	True
ENST00000375094.4	ENST00000375094	ENSG00000204308	True
ENST00000375050.6	ENST00000375050	ENSG00000204304	True
ENST00000620123.4	ENST00000620123	ENSG00000204267	True
ENST00000374882.8	ENST00000374882	ENSG00000204264	True
ENST00000374859.3	ENST00000374859	ENSG00000240065	True
ENST00000354258.4	ENST00000354258	ENSG00000168394	True
ENST00000374680.3	ENST00000374680	ENSG00000204231	True
ENST00000374677.8	ENST00000374677	ENSG00000112473	True
ENST00000374656.5	ENST00000374656	ENSG00000204227	True
ENST00000445902.3	ENST00000445902	ENSG00000223501	True
ENST00000439602.7	ENST00000439602	ENSG00000231500	True
ENST00000374617.9	ENST00000374617	ENSG00000227057	True
ENST00000395131.5	ENST00000395131	ENSG00000204220	True
ENST00000497454.6	ENST00000497454	ENSG00000237441	True
ENST00000426633.6	ENST00000426633	ENSG00000231925	True
ENST00000431845.3	ENST00000431845	ENSG00000236104	True
ENST00000266000.10	ENST00000266000	ENSG00000204209	True
ENST00000428849.7	ENST00000428849	ENSG00000237649	True
ENST00000374516.7	ENST00000374516	ENSG00000112511	True
ENST00000488034.5	ENST00000488034	ENSG00000112514	True
ENST00000646630.1	ENST00000646630	ENSG00000197283	True
ENST00000395064.3	ENST00000395064	ENSG00000213588	True
ENST00000374467.4	ENST00000374467	ENSG00000030110	True
ENST00000447654.5	ENST00000447654	ENSG00000137309	True
ENST00000481533.5	ENST00000481533	ENSG00000186577	True
ENST00000607016.2	ENST00000607016	ENSG00000272325	True
ENST00000621356.3	ENST00000621356	ENSG00000124614	True
ENST00000374023.8	ENST00000374023	ENSG00000196821	True
ENST00000244520.10	ENST00000244520	ENSG00000124562	True
ENST00000192788.6	ENST00000192788	ENSG00000065060	True
ENST00000361288.9	ENST00000361288	ENSG00000064995	True
ENST00000649117.1	ENST00000649117	ENSG00000064999	True
ENST00000373953.8	ENST00000373953	ENSG00000065029	True
ENST00000316637.7	ENST00000316637	ENSG00000023892	True
ENST00000311565.4	ENST00000311565	ENSG00000112033	True
ENST00000229769.3	ENST00000229769	ENSG00000112039	True
ENST00000322203.7	ENST00000322203	ENSG00000198755	True
ENST00000338863.12	ENST00000338863	ENSG00000007866	True
ENST00000536438.5	ENST00000536438	ENSG00000096060	True
ENST00000373825.7	ENST00000373825	ENSG00000096063	True
ENST00000229794.8	ENST00000229794	ENSG00000112062	True
ENST00000211287.9	ENST00000211287	ENSG00000156711	True
ENST00000357641.10	ENST00000357641	ENSG00000096070	True
ENST00000373731.7	ENST00000373731	ENSG00000112078	True
ENST00000229812.8	ENST00000229812	ENSG00000112079	True
ENST00000373715.11	ENST00000373715	ENSG00000112081	True
ENST00000405375.5	ENST00000405375	ENSG00000124762	True
ENST00000373699.6	ENST00000373699	ENSG00000137168	True
ENST00000355190.7	ENST00000355190	ENSG00000198663	True
ENST00000373627.9	ENST00000373627	ENSG00000137409	True
ENST00000373509.6	ENST00000373509	ENSG00000137193	True
ENST00000373491.3	ENST00000373491	ENSG00000065491	True
ENST00000373479.9	ENST00000373479	ENSG00000112130	True
ENST00000373451.9	ENST00000373451	ENSG00000137200	True
ENST00000373408.4	ENST00000373408	ENSG00000198937	True
ENST00000287218.9	ENST00000287218	ENSG00000156639	True
ENST00000481247.6	ENST00000481247	ENSG00000183826	True
ENST00000373365.5	ENST00000373365	ENSG00000124767	True
ENST00000229903.5	ENST00000229903	ENSG00000112167	True
ENST00000359534.4	ENST00000359534	ENSG00000164626	True
ENST00000398904.6	ENST00000398904	ENSG00000146122	True
ENST00000340692.10	ENST00000340692	ENSG00000124615	True
ENST00000479950.5	ENST00000479950	ENSG00000124596	True
ENST00000341376.10	ENST00000341376	ENSG00000001167	True
ENST00000373060.5	ENST00000373060	ENSG00000137166	True
ENST00000230321.10	ENST00000230321	ENSG00000112559	True
ENST00000230323.8	ENST00000230323	ENSG00000112561	True
ENST00000265350.9	ENST00000265350	ENSG00000124641	True
ENST00000230340.9	ENST00000230340	ENSG00000112578	True
ENST00000372991.9	ENST00000372991	ENSG00000112576	True
ENST00000541110.5	ENST00000541110	ENSG00000124496	True
ENST00000372899.5	ENST00000372899	ENSG00000024048	True
ENST00000372876.2	ENST00000372876	ENSG00000124659	True
ENST00000314073.9	ENST00000314073	ENSG00000112624	True
ENST00000493763.7	ENST00000493763	ENSG00000146223	True
ENST00000408925.4	ENST00000408925	ENSG00000221821	True
ENST00000372836.5	ENST00000372836	ENSG00000137161	True
ENST00000304611.13	ENST00000304611	ENSG00000124587	True
ENST00000485511.6	ENST00000485511	ENSG00000112640	True
ENST00000642555.1	ENST00000642555	ENSG00000124733	True
ENST00000326974.9	ENST00000326974	ENSG00000124702	True
ENST00000244496.6	ENST00000244496	ENSG00000124541	True
ENST00000265348.9	ENST00000265348	ENSG00000044090	True
ENST00000394056.6	ENST00000394056	ENSG00000137171	True
ENST00000388752.8	ENST00000388752	ENSG00000112651	True
ENST00000230419.9	ENST00000230419	ENSG00000112655	True
ENST00000265354.6	ENST00000265354	ENSG00000112658	True
ENST00000252050.9	ENST00000252050	ENSG00000112659	True
ENST00000230431.11	ENST00000230431	ENSG00000112667	True
ENST00000361428.3	ENST00000361428	ENSG00000171467	True
ENST00000372530.9	ENST00000372530	ENSG00000124574	True
ENST00000357338.3	ENST00000357338	ENSG00000171462	True
ENST00000372445.9	ENST00000372445	ENSG00000137221	True
ENST00000642195.1	ENST00000642195	ENSG00000171453	True
ENST00000372422.7	ENST00000372422	ENSG00000137207	True
ENST00000265351.12	ENST00000265351	ENSG00000124571	True
ENST00000372236.9	ENST00000372236	ENSG00000170734	True
ENST00000307126.10	ENST00000307126	ENSG00000172432	True
ENST00000372171.4	ENST00000372171	ENSG00000124688	True
ENST00000523950.5	ENST00000523950	ENSG00000112715	True
ENST00000372014.5	ENST00000372014	ENSG00000180992	True
ENST00000259746.13	ENST00000259746	ENSG00000137216	True
ENST00000651428.1	ENST00000651428	ENSG00000112759	True
ENST00000371554.2	ENST00000371554	ENSG00000096384	True
ENST00000393812.4	ENST00000393812	ENSG00000157593	True
ENST00000275015.9	ENST00000275015	ENSG00000146232	True
ENST00000244571.5	ENST00000244571	ENSG00000124608	True
ENST00000371477.4	ENST00000371477	ENSG00000096401	True
ENST00000371459.6	ENST00000371459	ENSG00000196284	True
ENST00000321037.5	ENST00000321037	ENSG00000001561	True
ENST00000371383.7	ENST00000371383	ENSG00000112796	True
ENST00000330430.10	ENST00000330430	ENSG00000172348	True
ENST00000296861.2	ENST00000296861	ENSG00000146072	True
ENST00000359314.5	ENST00000359314	ENSG00000198087	True
ENST00000274813.4	ENST00000274813	ENSG00000146085	True
ENST00000335783.4	ENST00000335783	ENSG00000031691	True
ENST00000596288.7	ENST00000596288	ENSG00000112118	True
ENST00000442253.3	ENST00000442253	ENSG00000170915	True
ENST00000371068.11	ENST00000371068	ENSG00000096093	True
ENST00000182527.4	ENST00000182527	ENSG00000065308	True
ENST00000211314.5	ENST00000211314	ENSG00000096092	True
ENST00000370963.9	ENST00000370963	ENSG00000170899	True
ENST00000356971.3	ENST00000356971	ENSG00000112144	True
ENST00000323557.11	ENST00000323557	ENSG00000112146	True
ENST00000304434.11	ENST00000304434	ENSG00000012660	True
ENST00000650454.1	ENST00000650454	ENSG00000001084	True
ENST00000370888.6	ENST00000370888	ENSG00000137269	True
ENST00000306858.8	ENST00000306858	ENSG00000168143	True
ENST00000370733.5	ENST00000370733	ENSG00000168116	True
ENST00000370708.8	ENST00000370708	ENSG00000112200	True
ENST00000370693.5	ENST00000370693	ENSG00000112208	True
ENST00000468148.6	ENST00000468148	ENSG00000112210	True
ENST00000615550.5	ENST00000615550	ENSG00000146143	True
ENST00000370651.7	ENST00000370651	ENSG00000285976	True
ENST00000649934.3	ENST00000649934	ENSG00000168216	True
ENST00000418814.6	ENST00000418814	ENSG00000082269	True
ENST00000370455.8	ENST00000370455	ENSG00000112305	True
ENST00000370435.5	ENST00000370435	ENSG00000119900	True
ENST00000370398.5	ENST00000370398	ENSG00000185760	True
ENST00000370315.4	ENST00000370315	ENSG00000164430	True
ENST00000316292.13	ENST00000316292	ENSG00000156508	True
ENST00000355773.6	ENST00000355773	ENSG00000119899	True
ENST00000370081.6	ENST00000370081	ENSG00000112695	True
ENST00000230461.11	ENST00000230461	ENSG00000112697	True
ENST00000447266.7	ENST00000447266	ENSG00000112701	True
ENST00000664640.1	ENST00000664640	ENSG00000196586	True
ENST00000369940.7	ENST00000369940	ENSG00000146243	True
ENST00000344726.9	ENST00000344726	ENSG00000118418	True
ENST00000392959.5	ENST00000392959	ENSG00000135338	True
ENST00000369838.6	ENST00000369838	ENSG00000198478	True
ENST00000369816.5	ENST00000369816	ENSG00000118402	True
ENST00000369798.7	ENST00000369798	ENSG00000112742	True
ENST00000320393.9	ENST00000320393	ENSG00000083123	True
ENST00000320172.11	ENST00000320172	ENSG00000112773	True
ENST00000306270.12	ENST00000306270	ENSG00000005700	True
ENST00000535040.4	ENST00000535040	ENSG00000146242	True
ENST00000369747.8	ENST00000369747	ENSG00000118420	True
ENST00000349129.6	ENST00000349129	ENSG00000083097	True
ENST00000513973.6	ENST00000513973	ENSG00000013375	True
ENST00000369724.5	ENST00000369724	ENSG00000013392	True
ENST00000369705.4	ENST00000369705	ENSG00000065833	True
ENST00000369681.10	ENST00000369681	ENSG00000065615	True
ENST00000403245.8	ENST00000403245	ENSG00000135315	True
ENST00000369663.10	ENST00000369663	ENSG00000112837	True
ENST00000257770.8	ENST00000257770	ENSG00000135318	True
ENST00000314673.8	ENST00000314673	ENSG00000135317	True
ENST00000369622.8	ENST00000369622	ENSG00000135316	True
ENST00000392863.6	ENST00000392863	ENSG00000111850	True
ENST00000369552.9	ENST00000369552	ENSG00000164414	True
ENST00000369536.10	ENST00000369536	ENSG00000146282	True
ENST00000257789.4	ENST00000257789	ENSG00000135336	True
ENST00000257787.6	ENST00000257787	ENSG00000135334	True
ENST00000369485.9	ENST00000369485	ENSG00000111880	True
ENST00000336032.4	ENST00000336032	ENSG00000146278	True
ENST00000452027.3	ENST00000452027	ENSG00000154548	True
ENST00000275072.5	ENST00000275072	ENSG00000146281	True
ENST00000435041.3	ENST00000435041	ENSG00000198833	True
ENST00000369415.9	ENST00000369415	ENSG00000025039	True
ENST00000523377.2	ENST00000523377	ENSG00000083099	True
ENST00000257749.9	ENST00000257749	ENSG00000112182	True
ENST00000369329.8	ENST00000369329	ENSG00000135341	True
ENST00000369303.9	ENST00000369303	ENSG00000135333	True
ENST00000358812.9	ENST00000358812	ENSG00000172469	True
ENST00000369278.5	ENST00000369278	ENSG00000014123	True
ENST00000316149.8	ENST00000316149	ENSG00000123545	True
ENST00000275053.8	ENST00000275053	ENSG00000146263	True
ENST00000369244.7	ENST00000369244	ENSG00000112234	True
ENST00000647811.1	ENST00000647811	ENSG00000132424	True
ENST00000327681.10	ENST00000327681	ENSG00000123552	True
ENST00000520429.6	ENST00000520429	ENSG00000112237	True
ENST00000369162.7	ENST00000369162	ENSG00000112249	True
ENST00000262903.9	ENST00000262903	ENSG00000085382	True
ENST00000637759.1	ENST00000637759	ENSG00000187772	True
ENST00000314641.10	ENST00000314641	ENSG00000112276	True
ENST00000652536.1	ENST00000652536	ENSG00000085377	True
ENST00000369076.8	ENST00000369076	ENSG00000057663	True
ENST00000633556.3	ENST00000633556	ENSG00000112297	True
ENST00000369063.8	ENST00000369063	ENSG00000130347	True
ENST00000369046.8	ENST00000369046	ENSG00000130348	True
ENST00000619133.4	ENST00000619133	ENSG00000272398	True
ENST00000405204.6	ENST00000405204	ENSG00000130349	True
ENST00000429433.3	ENST00000429433	ENSG00000178409	True
ENST00000369037.9	ENST00000369037	ENSG00000164494	True
ENST00000369002.9	ENST00000369002	ENSG00000025796	True
ENST00000193322.8	ENST00000193322	ENSG00000081087	True
ENST00000230085.13	ENST00000230085	ENSG00000112335	True
ENST00000368977.9	ENST00000368977	ENSG00000135537	True
ENST00000343882.10	ENST00000343882	ENSG00000118689	True
ENST00000436639.6	ENST00000436639	ENSG00000080546	True
ENST00000517392.5	ENST00000517392	ENSG00000183137	True
ENST00000310786.10	ENST00000310786	ENSG00000135535	True
ENST00000258052.8	ENST00000258052	ENSG00000135587	True
ENST00000358807.8	ENST00000358807	ENSG00000135596	True
ENST00000230122.4	ENST00000230122	ENSG00000112365	True
ENST00000230124.8	ENST00000230124	ENSG00000112367	True
ENST00000392588.5	ENST00000392588	ENSG00000112290	True
ENST00000368932.5	ENST00000368932	ENSG00000168438	True
ENST00000368911.8	ENST00000368911	ENSG00000155111	True
ENST00000368885.8	ENST00000368885	ENSG00000123505	True
ENST00000329970.8	ENST00000329970	ENSG00000155115	True
ENST00000441448.7	ENST00000441448	ENSG00000197498	True
ENST00000368761.11	ENST00000368761	ENSG00000056972	True
ENST00000354650.7	ENST00000354650	ENSG00000010810	True
ENST00000368662.10	ENST00000368662	ENSG00000074935	True
ENST00000368656.7	ENST00000368656	ENSG00000203778	True
ENST00000230538.12	ENST00000230538	ENSG00000112769	True
ENST00000612661.2	ENST00000612661	ENSG00000277443	True
ENST00000519065.6	ENST00000519065	ENSG00000196591	True
ENST00000319550.9	ENST00000319550	ENSG00000178425	True
ENST00000420283.3	ENST00000420283	ENSG00000187189	True
ENST00000368608.4	ENST00000368608	ENSG00000189241	True
ENST00000368599.4	ENST00000368599	ENSG00000178033	True
ENST00000466444.7	ENST00000466444	ENSG00000111832	True
ENST00000368576.8	ENST00000368576	ENSG00000153975	True
ENST00000338728.10	ENST00000338728	ENSG00000164465	True
ENST00000368498.7	ENST00000368498	ENSG00000047932	True
ENST00000368494.4	ENST00000368494	ENSG00000153989	True
ENST00000368491.8	ENST00000368491	ENSG00000111860	True
ENST00000316316.10	ENST00000316316	ENSG00000111877	True
ENST00000229595.6	ENST00000229595	ENSG00000111875	True
ENST00000368468.4	ENST00000368468	ENSG00000111885	True
ENST00000282561.4	ENST00000282561	ENSG00000152661	True
ENST00000368455.9	ENST00000368455	ENSG00000025156	True
ENST00000339697.5	ENST00000339697	ENSG00000111897	True
ENST00000392490.5	ENST00000392490	ENSG00000135549	True
ENST00000368440.5	ENST00000368440	ENSG00000172594	True
ENST00000534000.6	ENST00000534000	ENSG00000111907	True
ENST00000398153.7	ENST00000398153	ENSG00000111906	True
ENST00000368364.4	ENST00000368364	ENSG00000135547	True
ENST00000438495.6	ENST00000438495	ENSG00000111912	True
ENST00000229633.7	ENST00000229633	ENSG00000111911	True
ENST00000368328.4	ENST00000368328	ENSG00000203760	True
ENST00000368314.5	ENST00000368314	ENSG00000118518	True
ENST00000368226.8	ENST00000368226	ENSG00000152894	True
ENST00000368149.3	ENST00000368149	ENSG00000146376	True
ENST00000368139.6	ENST00000368139	ENSG00000198945	True
ENST00000368128.6	ENST00000368128	ENSG00000079819	True
ENST00000431975.7	ENST00000431975	ENSG00000118507	True
ENST00000368068.8	ENST00000368068	ENSG00000112282	True
ENST00000367976.4	ENST00000367976	ENSG00000118523	True
ENST00000367963.8	ENST00000367963	ENSG00000079931	True
ENST00000275227.9	ENST00000275227	ENSG00000146409	True
ENST00000230050.4	ENST00000230050	ENSG00000112306	True
ENST00000355286.12	ENST00000355286	ENSG00000112319	True
ENST00000237264.9	ENST00000237264	ENSG00000028839	True
ENST00000275230.6	ENST00000275230	ENSG00000146411	True
ENST00000367858.9	ENST00000367858	ENSG00000118515	True
ENST00000367837.10	ENST00000367837	ENSG00000112339	True
ENST00000341911.10	ENST00000341911	ENSG00000118513	True
ENST00000265602.11	ENST00000265602	ENSG00000135541	True
ENST00000420702.6	ENST00000420702	ENSG00000146410	True
ENST00000531224.6	ENST00000531224	ENSG00000029363	True
ENST00000354570.7	ENST00000354570	ENSG00000135525	True
ENST00000359015.5	ENST00000359015	ENSG00000197442	True
ENST00000318471.5	ENST00000318471	ENSG00000112357	True
ENST00000367739.9	ENST00000367739	ENSG00000027697	True
ENST00000612899.5	ENST00000612899	ENSG00000118503	True
ENST00000421351.4	ENST00000421351	ENSG00000112378	True
ENST00000607197.6	ENST00000607197	ENSG00000051620	True
ENST00000427025.6	ENST00000427025	ENSG00000135540	True
ENST00000617445.4	ENST00000617445	ENSG00000024862	True
ENST00000450536.6	ENST00000450536	ENSG00000135597	True
ENST00000367660.4	ENST00000367660	ENSG00000146386	True
ENST00000367658.3	ENST00000367658	ENSG00000112406	True
ENST00000367651.4	ENST00000367651	ENSG00000164442	True
ENST00000367630.9	ENST00000367630	ENSG00000009844	True
ENST00000367608.6	ENST00000367608	ENSG00000112414	True
ENST00000357847.9	ENST00000357847	ENSG00000146416	True
ENST00000237283.9	ENST00000237283	ENSG00000189007	True
ENST00000367591.5	ENST00000367591	ENSG00000034693	True
ENST00000002165.11	ENST00000002165	ENSG00000001036	True
ENST00000427704.6	ENST00000427704	ENSG00000112419	True
ENST00000367576.6	ENST00000367576	ENSG00000135521	True
ENST00000367569.4	ENST00000367569	ENSG00000169976	True
ENST00000367519.9	ENST00000367519	ENSG00000112425	True
ENST00000237281.5	ENST00000237281	ENSG00000118496	True
ENST00000275233.12	ENST00000275233	ENSG00000146414	True
ENST00000367495.4	ENST00000367495	ENSG00000118508	True
ENST00000367481.7	ENST00000367481	ENSG00000164506	True
ENST00000367474.2	ENST00000367474	ENSG00000203727	True
ENST00000367467.8	ENST00000367467	ENSG00000111961	True
ENST00000367463.5	ENST00000367463	ENSG00000111962	True
ENST00000367456.5	ENST00000367456	ENSG00000055208	True
ENST00000253329.3	ENST00000253329	ENSG00000131013	True
ENST00000367419.10	ENST00000367419	ENSG00000055211	True
ENST00000367411.7	ENST00000367411	ENSG00000186625	True
ENST00000543571.6	ENST00000543571	ENSG00000131023	True
ENST00000340413.7	ENST00000340413	ENSG00000120253	True
ENST00000649295.1	ENST00000649295	ENSG00000120265	True
ENST00000239367.7	ENST00000239367	ENSG00000120256	True
ENST00000367351.4	ENST00000367351	ENSG00000131015	True
ENST00000229708.4	ENST00000229708	ENSG00000111981	True
ENST00000367339.7	ENST00000367339	ENSG00000131019	True
ENST00000361131.5	ENST00000361131	ENSG00000198729	True
ENST00000358517.6	ENST00000358517	ENSG00000120278	True
ENST00000367321.7	ENST00000367321	ENSG00000120254	True
ENST00000402676.7	ENST00000402676	ENSG00000131016	True
ENST00000325144.5	ENST00000325144	ENSG00000181472	True
ENST00000622845.5	ENST00000622845	ENSG00000155906	True
ENST00000367294.4	ENST00000367294	ENSG00000146476	True
ENST00000229758.8	ENST00000229758	ENSG00000112029	True
ENST00000367233.10	ENST00000367233	ENSG00000112031	True
ENST00000206262.2	ENST00000206262	ENSG00000091844	True
ENST00000367178.7	ENST00000367178	ENSG00000213079	True
ENST00000367166.5	ENST00000367166	ENSG00000029639	True
ENST00000400788.9	ENST00000400788	ENSG00000215712	True
ENST00000359775.10	ENST00000359775	ENSG00000175048	True
ENST00000392185.8	ENST00000392185	ENSG00000130340	True
ENST00000355585.9	ENST00000355585	ENSG00000078269	True
ENST00000647468.2	ENST00000647468	ENSG00000122335	True
ENST00000607778.2	ENST00000607778	ENSG00000272047	True
ENST00000367089.8	ENST00000367089	ENSG00000146425	True
ENST00000337147.11	ENST00000337147	ENSG00000092820	True
ENST00000252655.1	ENST00000252655	ENSG00000130363	True
ENST00000367048.5	ENST00000367048	ENSG00000120437	True
ENST00000321394.12	ENST00000321394	ENSG00000120438	True
ENST00000367034.5	ENST00000367034	ENSG00000112110	True
ENST00000392142.9	ENST00000392142	ENSG00000085511	True
ENST00000320285.9	ENST00000320285	ENSG00000026652	True
ENST00000361752.8	ENST00000361752	ENSG00000112531	True
ENST00000539869.3	ENST00000539869	ENSG00000112541	True
ENST00000361731.4	ENST00000361731	ENSG00000198818	True
ENST00000360961.11	ENST00000360961	ENSG00000060762	True
ENST00000510118.5	ENST00000510118	ENSG00000071242	True
ENST00000620173.4	ENST00000620173	ENSG00000026297	True
ENST00000351017.8	ENST00000351017	ENSG00000130396	True
ENST00000366787.7	ENST00000366787	ENSG00000186340	True
ENST00000332290.3	ENST00000332290	ENSG00000185127	True
ENST00000339209.9	ENST00000339209	ENSG00000130024	True
ENST00000366773.8	ENST00000366773	ENSG00000130023	True
ENST00000366756.4	ENST00000366756	ENSG00000198719	True
ENST00000476287.3	ENST00000476287	ENSG00000112584	True
ENST00000262193.7	ENST00000262193	ENSG00000008018	True
ENST00000230354.10	ENST00000230354	ENSG00000112592	True
ENST00000541970.6	ENST00000541970	ENSG00000071994	True
ENST00000313766.6	ENST00000313766	ENSG00000177706	True
ENST00000402802.7	ENST00000402802	ENSG00000197461	True
ENST00000406797.5	ENST00000406797	ENSG00000188191	True
ENST00000297440.11	ENST00000297440	ENSG00000164818	True
ENST00000405266.5	ENST00000405266	ENSG00000164828	True
ENST00000265857.8	ENST00000265857	ENSG00000239857	True
ENST00000265846.10	ENST00000265846	ENSG00000105963	True
ENST00000344111.4	ENST00000344111	ENSG00000240230	True
ENST00000397098.8	ENST00000397098	ENSG00000146540	True
ENST00000316495.8	ENST00000316495	ENSG00000178381	True
ENST00000297508.8	ENST00000297508	ENSG00000164877	True
ENST00000404767.8	ENST00000404767	ENSG00000164880	True
ENST00000343242.9	ENST00000343242	ENSG00000198517	True
ENST00000297477.10	ENST00000297477	ENSG00000164855	True
ENST00000288607.3	ENST00000288607	ENSG00000157778	True
ENST00000397049.2	ENST00000397049	ENSG00000106268	True
ENST00000222990.8	ENST00000222990	ENSG00000106266	True
ENST00000360876.9	ENST00000360876	ENSG00000106263	True
ENST00000222725.10	ENST00000222725	ENSG00000106003	True
ENST00000340611.9	ENST00000340611	ENSG00000106009	True
ENST00000402050.7	ENST00000402050	ENSG00000106012	True
ENST00000258796.12	ENST00000258796	ENSG00000136295	True
ENST00000275364.8	ENST00000275364	ENSG00000146535	True
ENST00000649063.2	ENST00000649063	ENSG00000242802	True
ENST00000396912.2	ENST00000396912	ENSG00000146587	True
ENST00000401525.7	ENST00000401525	ENSG00000157954	True
ENST00000396872.7	ENST00000396872	ENSG00000164638	True
ENST00000382368.8	ENST00000382368	ENSG00000155034	True
ENST00000646664.1	ENST00000646664	ENSG00000075624	True
ENST00000382361.8	ENST00000382361	ENSG00000075618	True
ENST00000389902.7	ENST00000389902	ENSG00000011275	True
ENST00000265849.12	ENST00000265849	ENSG00000122512	True
ENST00000223029.8	ENST00000223029	ENSG00000106305	True
ENST00000199389.11	ENST00000199389	ENSG00000086232	True
ENST00000306177.9	ENST00000306177	ENSG00000106346	True
ENST00000396741.3	ENST00000396741	ENSG00000008256	True
ENST00000348035.9	ENST00000348035	ENSG00000136238	True
ENST00000297056.11	ENST00000297056	ENSG00000164535	True
ENST00000258739.9	ENST00000258739	ENSG00000136240	True
ENST00000396706.2	ENST00000396706	ENSG00000136247	True
ENST00000344417.10	ENST00000344417	ENSG00000146576	True
ENST00000382252.6	ENST00000382252	ENSG00000205903	True
ENST00000405858.6	ENST00000405858	ENSG00000164631	True
ENST00000436587.7	ENST00000436587	ENSG00000106392	True
ENST00000340080.9	ENST00000340080	ENSG00000164654	True
ENST00000636849.1	ENST00000636849	ENSG00000219545	True
ENST00000223145.10	ENST00000223145	ENSG00000106415	True
ENST00000406470.6	ENST00000406470	ENSG00000003147	True
ENST00000339600.6	ENST00000339600	ENSG00000189043	True
ENST00000634607.1	ENST00000634607	ENSG00000106443	True
ENST00000396663.2	ENST00000396663	ENSG00000122644	True
ENST00000430479.6	ENST00000430479	ENSG00000006468	True
ENST00000407010.7	ENST00000407010	ENSG00000214960	True
ENST00000306999.7	ENST00000306999	ENSG00000106524	True
ENST00000433922.6	ENST00000433922	ENSG00000136261	True
ENST00000262067.5	ENST00000262067	ENSG00000106537	True
ENST00000242057.9	ENST00000242057	ENSG00000106546	True
ENST00000428135.7	ENST00000428135	ENSG00000071189	True
ENST00000242261.6	ENST00000242261	ENSG00000122691	True
ENST00000222567.6	ENST00000222567	ENSG00000105849	True
ENST00000222573.5	ENST00000222573	ENSG00000105855	True
ENST00000222584.8	ENST00000222584	ENSG00000105866	True
ENST00000406877.8	ENST00000406877	ENSG00000164649	True
ENST00000665637.1	ENST00000665637	ENSG00000136237	True
ENST00000358435.8	ENST00000358435	ENSG00000196683	True
ENST00000339077.10	ENST00000339077	ENSG00000122550	True
ENST00000258742.10	ENST00000258742	ENSG00000136243	True
ENST00000647578.1	ENST00000647578	ENSG00000136235	True
ENST00000258729.8	ENST00000258729	ENSG00000136231	True
ENST00000297071.9	ENST00000297071	ENSG00000164548	True
ENST00000307471.8	ENST00000307471	ENSG00000169193	True
ENST00000344962.9	ENST00000344962	ENSG00000188732	True
ENST00000222644.9	ENST00000222644	ENSG00000105926	True
ENST00000342947.9	ENST00000342947	ENSG00000105928	True
ENST00000313367.7	ENST00000313367	ENSG00000070882	True
ENST00000305786.7	ENST00000305786	ENSG00000172115	True
ENST00000056233.4	ENST00000056233	ENSG00000050344	True
ENST00000354667.8	ENST00000354667	ENSG00000122566	True
ENST00000337620.8	ENST00000337620	ENSG00000122565	True
ENST00000338523.9	ENST00000338523	ENSG00000086300	True
ENST00000345317.7	ENST00000345317	ENSG00000005020	True
ENST00000643460.2	ENST00000643460	ENSG00000105991	True
ENST00000610970.1	ENST00000610970	ENSG00000197576	True
ENST00000222726.4	ENST00000222726	ENSG00000106004	True
ENST00000242159.5	ENST00000242159	ENSG00000122592	True
ENST00000343483.7	ENST00000343483	ENSG00000078399	True
ENST00000006015.4	ENST00000006015	ENSG00000005073	True
ENST00000265395.7	ENST00000265395	ENSG00000106049	True
ENST00000396319.6	ENST00000396319	ENSG00000106052	True
ENST00000283928.10	ENST00000283928	ENSG00000153814	True
ENST00000396300.6	ENST00000396300	ENSG00000146592	True
ENST00000409850.5	ENST00000409850	ENSG00000106066	True
ENST00000426154.5	ENST00000426154	ENSG00000136193	True
ENST00000222803.10	ENST00000222803	ENSG00000106080	True
ENST00000449726.6	ENST00000449726	ENSG00000106086	True
ENST00000324453.13	ENST00000324453	ENSG00000180354	True
ENST00000323037.5	ENST00000323037	ENSG00000180233	True
ENST00000222823.9	ENST00000222823	ENSG00000106100	True
ENST00000275428.9	ENST00000275428	ENSG00000006625	True
ENST00000389266.8	ENST00000389266	ENSG00000106105	True
ENST00000311813.10	ENST00000311813	ENSG00000240583	True
ENST00000318709.9	ENST00000318709	ENSG00000105778	True
ENST00000304056.9	ENST00000304056	ENSG00000170852	True
ENST00000242209.9	ENST00000242209	ENSG00000122642	True
ENST00000610140.7	ENST00000610140	ENSG00000122643	True
ENST00000297157.8	ENST00000297157	ENSG00000164610	True
ENST00000355070.6	ENST00000355070	ENSG00000122507	True
ENST00000649409.2	ENST00000649409	ENSG00000164619	True
ENST00000638088.1	ENST00000638088	ENSG00000173852	True
ENST00000396081.5	ENST00000396081	ENSG00000122557	True
ENST00000350320.10	ENST00000350320	ENSG00000122545	True
ENST00000242108.9	ENST00000242108	ENSG00000122547	True
ENST00000453212.5	ENST00000453212	ENSG00000164542	True
ENST00000265748.7	ENST00000265748	ENSG00000011426	True
ENST00000310758.8	ENST00000310758	ENSG00000155849	True
ENST00000199448.9	ENST00000199448	ENSG00000086289	True
ENST00000009041.11	ENST00000009041	ENSG00000010270	True
ENST00000356264.7	ENST00000356264	ENSG00000078053	True
ENST00000005257.7	ENST00000005257	ENSG00000006451	True
ENST00000181839.10	ENST00000181839	ENSG00000065883	True
ENST00000306984.8	ENST00000306984	ENSG00000168303	True
ENST00000628514.2	ENST00000628514	ENSG00000175600	True
ENST00000242208.5	ENST00000242208	ENSG00000122641	True
ENST00000395925.8	ENST00000395925	ENSG00000106571	True
ENST00000319357.6	ENST00000319357	ENSG00000164543	True
ENST00000402924.5	ENST00000402924	ENSG00000106605	True
ENST00000317534.6	ENST00000317534	ENSG00000062582	True
ENST00000402306.7	ENST00000402306	ENSG00000106608	True
ENST00000222402.8	ENST00000222402	ENSG00000078967	True
ENST00000448521.5	ENST00000448521	ENSG00000136279	True
ENST00000242248.10	ENST00000242248	ENSG00000122678	True
ENST00000223357.8	ENST00000223357	ENSG00000106624	True
ENST00000406581.6	ENST00000406581	ENSG00000106628	True
ENST00000223369.3	ENST00000223369	ENSG00000106636	True
ENST00000355451.8	ENST00000355451	ENSG00000015676	True
ENST00000258772.9	ENST00000258772	ENSG00000136271	True
ENST00000457408.7	ENST00000457408	ENSG00000158604	True
ENST00000222673.6	ENST00000222673	ENSG00000105953	True
ENST00000309315.9	ENST00000309315	ENSG00000122515	True
ENST00000468812.6	ENST00000468812	ENSG00000196262	True
ENST00000308153.9	ENST00000308153	ENSG00000105968	True
ENST00000395699.5	ENST00000395699	ENSG00000146676	True
ENST00000381112.7	ENST00000381112	ENSG00000136280	True
ENST00000258770.8	ENST00000258770	ENSG00000136270	True
ENST00000275521.10	ENST00000275521	ENSG00000146674	True
ENST00000311160.14	ENST00000311160	ENSG00000136205	True
ENST00000258774.10	ENST00000258774	ENSG00000136273	True
ENST00000331803.8	ENST00000331803	ENSG00000183696	True
ENST00000335866.7	ENST00000335866	ENSG00000106070	True
ENST00000265136.12	ENST00000265136	ENSG00000106078	True
ENST00000415949.5	ENST00000415949	ENSG00000132432	True
ENST00000275493.7	ENST00000275493	ENSG00000146648	True
ENST00000254770.2	ENST00000254770	ENSG00000132434	True
ENST00000285279.10	ENST00000285279	ENSG00000154978	True
ENST00000322090.8	ENST00000322090	ENSG00000146729	True
ENST00000395471.7	ENST00000395471	ENSG00000146733	True
ENST00000275603.9	ENST00000275603	ENSG00000146731	True
ENST00000651354.1	ENST00000651354	ENSG00000129103	True
ENST00000395422.4	ENST00000395422	ENSG00000106153	True
ENST00000423484.3	ENST00000423484	ENSG00000234444	True
ENST00000309683.11	ENST00000309683	ENSG00000173041	True
ENST00000620827.4	ENST00000620827	ENSG00000196247	True
ENST00000476120.1	ENST00000476120	ENSG00000198039	True
ENST00000328747.12	ENST00000328747	ENSG00000146757	True
ENST00000360768.5	ENST00000360768	ENSG00000196715	True
ENST00000304895.9	ENST00000304895	ENSG00000169919	True
ENST00000304874.14	ENST00000304874	ENSG00000126522	True
ENST00000395326.8	ENST00000395326	ENSG00000241258	True
ENST00000304842.6	ENST00000304842	ENSG00000169902	True
ENST00000639828.1	ENST00000639828	ENSG00000243335	True
ENST00000341567.8	ENST00000341567	ENSG00000106609	True
ENST00000246868.7	ENST00000246868	ENSG00000126524	True
ENST00000359626.10	ENST00000359626	ENSG00000198874	True
ENST00000438747.7	ENST00000438747	ENSG00000130305	True
ENST00000339594.9	ENST00000339594	ENSG00000009954	True
ENST00000223368.7	ENST00000223368	ENSG00000106635	True
ENST00000305632.11	ENST00000305632	ENSG00000106638	True
ENST00000324941.5	ENST00000324941	ENSG00000176428	True
ENST00000395176.3	ENST00000395176	ENSG00000176410	True
ENST00000265758.7	ENST00000265758	ENSG00000071462	True
ENST00000222812.8	ENST00000222812	ENSG00000106089	True
ENST00000222800.7	ENST00000222800	ENSG00000106077	True
ENST00000297873.9	ENST00000297873	ENSG00000165171	True
ENST00000336180.7	ENST00000336180	ENSG00000106683	True
ENST00000353999.6	ENST00000353999	ENSG00000106682	True
ENST00000223398.11	ENST00000223398	ENSG00000106665	True
ENST00000424337.6	ENST00000424337	ENSG00000006704	True
ENST00000650807.1	ENST00000650807	ENSG00000263001	True
ENST00000616305.2	ENST00000616305	ENSG00000274070	True
ENST00000610322.5	ENST00000610322	ENSG00000274523	True
ENST00000336926.11	ENST00000336926	ENSG00000127946	True
ENST00000006777.11	ENST00000006777	ENSG00000005486	True
ENST00000461988.6	ENST00000461988	ENSG00000127948	True
ENST00000493111.7	ENST00000493111	ENSG00000189077	True
ENST00000248600.5	ENST00000248600	ENSG00000127952	True
ENST00000315758.10	ENST00000315758	ENSG00000146701	True
ENST00000248553.7	ENST00000248553	ENSG00000106211	True
ENST00000307630.5	ENST00000307630	ENSG00000170027	True
ENST00000324432.9	ENST00000324432	ENSG00000091073	True
ENST00000248594.11	ENST00000248594	ENSG00000127947	True
ENST00000257663.4	ENST00000257663	ENSG00000135211	True
ENST00000307305.12	ENST00000307305	ENSG00000006576	True
ENST00000649796.2	ENST00000649796	ENSG00000127955	True
ENST00000265361.8	ENST00000265361	ENSG00000075223	True
ENST00000356253.9	ENST00000356253	ENSG00000153956	True
ENST00000643230.2	ENST00000643230	ENSG00000170381	True
ENST00000265362.9	ENST00000265362	ENSG00000075213	True
ENST00000284136.10	ENST00000284136	ENSG00000153993	True
ENST00000450689.7	ENST00000450689	ENSG00000164659	True
ENST00000394703.9	ENST00000394703	ENSG00000135164	True
ENST00000433078.5	ENST00000433078	ENSG00000135185	True
ENST00000331536.8	ENST00000331536	ENSG00000005469	True
ENST00000622132.5	ENST00000622132	ENSG00000085563	True
ENST00000394654.3	ENST00000394654	ENSG00000105784	True
ENST00000341119.10	ENST00000341119	ENSG00000075303	True
ENST00000265728.6	ENST00000265728	ENSG00000006634	True
ENST00000265727.11	ENST00000265727	ENSG00000008277	True
ENST00000297205.7	ENST00000297205	ENSG00000164647	True
ENST00000394621.7	ENST00000394621	ENSG00000157214	True
ENST00000222511.11	ENST00000222511	ENSG00000105793	True
ENST00000287916.8	ENST00000287916	ENSG00000157224	True
ENST00000380050.8	ENST00000380050	ENSG00000058091	True
ENST00000287934.4	ENST00000287934	ENSG00000157240	True
ENST00000351870.8	ENST00000351870	ENSG00000127989	True
ENST00000003100.13	ENST00000003100	ENSG00000001630	True
ENST00000394507.5	ENST00000394507	ENSG00000001631	True
ENST00000265742.8	ENST00000265742	ENSG00000001629	True
ENST00000287957.5	ENST00000287957	ENSG00000157259	True
ENST00000248633.9	ENST00000248633	ENSG00000127980	True
ENST00000445716.6	ENST00000445716	ENSG00000234545	True
ENST00000379958.3	ENST00000379958	ENSG00000205413	True
ENST00000305866.10	ENST00000305866	ENSG00000004766	True
ENST00000222543.11	ENST00000222543	ENSG00000105825	True
ENST00000248564.6	ENST00000248564	ENSG00000127920	True
ENST00000222547.8	ENST00000222547	ENSG00000105829	True
ENST00000297268.11	ENST00000297268	ENSG00000164692	True
ENST00000297273.9	ENST00000297273	ENSG00000127995	True
ENST00000648936.2	ENST00000648936	ENSG00000127990	True
ENST00000612748.1	ENST00000612748	ENSG00000242265	True
ENST00000433881.5	ENST00000433881	ENSG00000158528	True
ENST00000633531.1	ENST00000633531	ENSG00000105854	True
ENST00000005178.6	ENST00000005178	ENSG00000004799	True
ENST00000447467.6	ENST00000447467	ENSG00000158560	True
ENST00000265631.10	ENST00000265631	ENSG00000004864	True
ENST00000248566.3	ENST00000248566	ENSG00000127922	True
ENST00000432641.3	ENST00000432641	ENSG00000196636	True
ENST00000394308.8	ENST00000394308	ENSG00000070669	True
ENST00000297293.6	ENST00000297293	ENSG00000164715	True
ENST00000447648.7	ENST00000447648	ENSG00000205356	True
ENST00000297290.4	ENST00000297290	ENSG00000164713	True
ENST00000005260.9	ENST00000005260	ENSG00000006453	True
ENST00000265634.4	ENST00000265634	ENSG00000106236	True
ENST00000361368.6	ENST00000361368	ENSG00000198742	True
ENST00000262942.10	ENST00000262942	ENSG00000241685	True
ENST00000451682.5	ENST00000451682	ENSG00000130429	True
ENST00000350498.8	ENST00000350498	ENSG00000106244	True
ENST00000403633.6	ENST00000403633	ENSG00000106245	True
ENST00000292476.10	ENST00000292476	ENSG00000160917	True
ENST00000394186.3	ENST00000394186	ENSG00000241468	True
ENST00000331410.10	ENST00000331410	ENSG00000198556	True
ENST00000651061.1	ENST00000651061	ENSG00000160908	True
ENST00000394170.6	ENST00000394170	ENSG00000196652	True
ENST00000449309.2	ENST00000449309	ENSG00000221909	True
ENST00000424881.5	ENST00000424881	ENSG00000197343	True
ENST00000394152.7	ENST00000394152	ENSG00000197037	True
ENST00000349062.6	ENST00000349062	ENSG00000146833	True
ENST00000324306.11	ENST00000324306	ENSG00000106261	True
ENST00000292450.9	ENST00000292450	ENSG00000166529	True
ENST00000303915.10	ENST00000303915	ENSG00000166526	True
ENST00000303904.8	ENST00000303904	ENSG00000168090	True
ENST00000303887.10	ENST00000303887	ENSG00000166508	True
ENST00000359593.9	ENST00000359593	ENSG00000221838	True
ENST00000344095.8	ENST00000344095	ENSG00000106290	True
ENST00000262932.5	ENST00000262932	ENSG00000166997	True
ENST00000398075.4	ENST00000398075	ENSG00000214309	True
ENST00000341942.9	ENST00000341942	ENSG00000188186	True
ENST00000316937.8	ENST00000316937	ENSG00000146826	True
ENST00000292377.4	ENST00000292377	ENSG00000213420	True
ENST00000426455.5	ENST00000426455	ENSG00000066923	True
ENST00000436886.7	ENST00000436886	ENSG00000239521	True
ENST00000310512.4	ENST00000310512	ENSG00000146834	True
ENST00000292330.3	ENST00000292330	ENSG00000160813	True
ENST00000300181.7	ENST00000300181	ENSG00000166925	True
ENST00000300176.9	ENST00000300176	ENSG00000106351	True
ENST00000310300.11	ENST00000310300	ENSG00000077454	True
ENST00000223061.6	ENST00000223061	ENSG00000106333	True
ENST00000393950.7	ENST00000393950	ENSG00000106330	True
ENST00000303210.9	ENST00000303210	ENSG00000172354	True
ENST00000303151.5	ENST00000303151	ENSG00000172336	True
ENST00000358173.8	ENST00000358173	ENSG00000196411	True
ENST00000354161.8	ENST00000354161	ENSG00000146828	True
ENST00000200457.9	ENST00000200457	ENSG00000087077	True
ENST00000618262.4	ENST00000618262	ENSG00000087087	True
ENST00000412389.5	ENST00000412389	ENSG00000087085	True
ENST00000223095.5	ENST00000223095	ENSG00000106366	True
ENST00000337619.11	ENST00000337619	ENSG00000106367	True
ENST00000249330.3	ENST00000249330	ENSG00000128564	True
ENST00000223127.8	ENST00000223127	ENSG00000106397	True
ENST00000305105.3	ENST00000305105	ENSG00000106400	True
ENST00000223136.5	ENST00000223136	ENSG00000214253	True
ENST00000315322.10	ENST00000315322	ENSG00000128581	True
ENST00000292566.4	ENST00000292566	ENSG00000160993	True
ENST00000292616.10	ENST00000292616	ENSG00000161036	True
ENST00000292614.9	ENST00000292614	ENSG00000005075	True
ENST00000413034.3	ENST00000413034	ENSG00000222011	True
ENST00000441711.6	ENST00000441711	ENSG00000170632	True
ENST00000417955.5	ENST00000417955	ENSG00000161048	True
ENST00000249269.9	ENST00000249269	ENSG00000105819	True
ENST00000379263.8	ENST00000379263	ENSG00000105821	True
ENST00000435765.5	ENST00000435765	ENSG00000161057	True
ENST00000297431.9	ENST00000297431	ENSG00000164815	True
ENST00000311117.8	ENST00000311117	ENSG00000005483	True
ENST00000393651.8	ENST00000393651	ENSG00000135250	True
ENST00000469408.6	ENST00000469408	ENSG00000091127	True
ENST00000257700.7	ENST00000257700	ENSG00000135249	True
ENST00000419735.7	ENST00000419735	ENSG00000146776	True
ENST00000011473.6	ENST00000011473	ENSG00000008282	True
ENST00000222553.8	ENST00000222553	ENSG00000105835	True
ENST00000523505.3	ENST00000523505	ENSG00000253276	True
ENST00000265717.5	ENST00000265717	ENSG00000005249	True
ENST00000222574.9	ENST00000222574	ENSG00000105856	True
ENST00000297135.7	ENST00000297135	ENSG00000164597	True
ENST00000265720.8	ENST00000265720	ENSG00000105865	True
ENST00000440859.8	ENST00000440859	ENSG00000105879	True
ENST00000205402.10	ENST00000205402	ENSG00000091140	True
ENST00000222399.11	ENST00000222399	ENSG00000091136	True
ENST00000379028.8	ENST00000379028	ENSG00000091129	True
ENST00000257694.13	ENST00000257694	ENSG00000135241	True
ENST00000415914.4	ENST00000415914	ENSG00000177683	True
ENST00000249356.4	ENST00000249356	ENSG00000128590	True
ENST00000405709.7	ENST00000405709	ENSG00000184903	True
ENST00000437633.6	ENST00000437633	ENSG00000128512	True
ENST00000361822.8	ENST00000361822	ENSG00000198839	True
ENST00000403825.8	ENST00000403825	ENSG00000006652	True
ENST00000312814.11	ENST00000312814	ENSG00000146802	True
ENST00000297145.9	ENST00000297145	ENSG00000164603	True
ENST00000397764.8	ENST00000397764	ENSG00000214194	True
ENST00000350908.9	ENST00000350908	ENSG00000128573	True
ENST00000393486.5	ENST00000393486	ENSG00000135272	True
ENST00000358204.9	ENST00000358204	ENSG00000135269	True
ENST00000222693.5	ENST00000222693	ENSG00000105971	True
ENST00000341049.7	ENST00000341049	ENSG00000105974	True
ENST00000397752.7	ENST00000397752	ENSG00000105976	True
ENST00000361183.8	ENST00000361183	ENSG00000198898	True
ENST00000393451.7	ENST00000393451	ENSG00000004866	True
ENST00000222747.8	ENST00000222747	ENSG00000106025	True
ENST00000315870.10	ENST00000315870	ENSG00000071243	True
ENST00000359943.8	ENST00000359943	ENSG00000196937	True
ENST00000417368.7	ENST00000417368	ENSG00000008311	True
ENST00000449022.7	ENST00000449022	ENSG00000081803	True
ENST00000355749.7	ENST00000355749	ENSG00000128609	True
ENST00000223023.5	ENST00000223023	ENSG00000106299	True
ENST00000303921.3	ENST00000303921	ENSG00000170775	True
ENST00000357628.8	ENST00000357628	ENSG00000128513	True
ENST00000265827.8	ENST00000265827	ENSG00000048405	True
ENST00000321407.3	ENST00000321407	ENSG00000179562	True
ENST00000000233.10	ENST00000000233	ENSG00000004059	True
ENST00000354725.8	ENST00000354725	ENSG00000197157	True
ENST00000354269.9	ENST00000354269	ENSG00000106348	True
ENST00000257696.5	ENST00000257696	ENSG00000135245	True
ENST00000449187.6	ENST00000449187	ENSG00000128595	True
ENST00000297788.9	ENST00000297788	ENSG00000128596	True
ENST00000346177.6	ENST00000346177	ENSG00000128591	True
ENST00000249289.5	ENST00000249289	ENSG00000128524	True
ENST00000402030.6	ENST00000402030	ENSG00000128604	True
ENST00000265388.9	ENST00000265388	ENSG00000064419	True
ENST00000486685.3	ENST00000486685	ENSG00000158457	True
ENST00000249373.8	ENST00000249373	ENSG00000128602	True
ENST00000446544.6	ENST00000446544	ENSG00000158467	True
ENST00000249344.7	ENST00000249344	ENSG00000128578	True
ENST00000393230.6	ENST00000393230	ENSG00000106459	True
ENST00000355621.8	ENST00000355621	ENSG00000186591	True
ENST00000335420.10	ENST00000335420	ENSG00000128607	True
ENST00000397622.7	ENST00000397622	ENSG00000146842	True
ENST00000222482.10	ENST00000222482	ENSG00000128510	True
ENST00000223208.10	ENST00000223208	ENSG00000106477	True
ENST00000341441.9	ENST00000341441	ENSG00000106484	True
ENST00000425248.5	ENST00000425248	ENSG00000158623	True
ENST00000378555.8	ENST00000378555	ENSG00000128567	True
ENST00000448878.6	ENST00000448878	ENSG00000106554	True
ENST00000253861.5	ENST00000253861	ENSG00000131558	True
ENST00000378509.9	ENST00000378509	ENSG00000205060	True
ENST00000285930.9	ENST00000285930	ENSG00000085662	True
ENST00000393132.2	ENST00000393132	ENSG00000172331	True
ENST00000361901.6	ENST00000361901	ENSG00000122786	True
ENST00000393114.7	ENST00000393114	ENSG00000122783	True
ENST00000275767.3	ENST00000275767	ENSG00000146859	True
ENST00000354475.5	ENST00000354475	ENSG00000105875	True
ENST00000423368.6	ENST00000423368	ENSG00000080802	True
ENST00000285968.11	ENST00000285968	ENSG00000155561	True
ENST00000507606.3	ENST00000507606	ENSG00000243317	True
ENST00000393085.4	ENST00000393085	ENSG00000105887	True
ENST00000348225.7	ENST00000348225	ENSG00000105894	True
ENST00000330387.11	ENST00000330387	ENSG00000182158	True
ENST00000343526.9	ENST00000343526	ENSG00000122779	True
ENST00000275766.2	ENST00000275766	ENSG00000146858	True
ENST00000464606.5	ENST00000464606	ENSG00000105939	True
ENST00000464848.5	ENST00000464848	ENSG00000105948	True
ENST00000297534.7	ENST00000297534	ENSG00000164898	True
ENST00000354926.9	ENST00000354926	ENSG00000146963	True
ENST00000263549.8	ENST00000263549	ENSG00000059378	True
ENST00000397560.7	ENST00000397560	ENSG00000006459	True
ENST00000326232.14	ENST00000326232	ENSG00000157800	True
ENST00000255977.7	ENST00000255977	ENSG00000133606	True
ENST00000072869.9	ENST00000072869	ENSG00000133597	True
ENST00000476279.5	ENST00000476279	ENSG00000090266	True
ENST00000496384.7	ENST00000496384	ENSG00000157764	True
ENST00000324787.10	ENST00000324787	ENSG00000090263	True
ENST00000649286.2	ENST00000649286	ENSG00000006530	True
ENST00000481508.1	ENST00000481508	ENSG00000106028	True
ENST00000358406.10	ENST00000358406	ENSG00000197448	True
ENST00000310447.10	ENST00000310447	ENSG00000106144	True
ENST00000322764.10	ENST00000322764	ENSG00000159840	True
ENST00000479870.6	ENST00000479870	ENSG00000198420	True
ENST00000056217.10	ENST00000056217	ENSG00000050327	True
ENST00000360057.7	ENST00000360057	ENSG00000196511	True
ENST00000325222.9	ENST00000325222	ENSG00000055130	True
ENST00000460911.5	ENST00000460911	ENSG00000106462	True
ENST00000652332.1	ENST00000652332	ENSG00000155660	True
ENST00000491431.2	ENST00000491431	ENSG00000197362	True
ENST00000378061.7	ENST00000378061	ENSG00000204947	True
ENST00000475153.6	ENST00000475153	ENSG00000197024	True
ENST00000610704.5	ENST00000610704	ENSG00000170265	True
ENST00000335870.7	ENST00000335870	ENSG00000170260	True
ENST00000434415.6	ENST00000434415	ENSG00000204946	True
ENST00000247930.5	ENST00000247930	ENSG00000196453	True
ENST00000644635.1	ENST00000644635	ENSG00000181220	True
ENST00000496259.5	ENST00000496259	ENSG00000133619	True
ENST00000425642.2	ENST00000425642	ENSG00000171130	True
ENST00000359623.9	ENST00000359623	ENSG00000127399	True
ENST00000397281.6	ENST00000397281	ENSG00000214022	True
ENST00000329630.10	ENST00000329630	ENSG00000196456	True
ENST00000358849.8	ENST00000358849	ENSG00000197150	True
ENST00000485972.6	ENST00000485972	ENSG00000164885	True
ENST00000297532.11	ENST00000297532	ENSG00000164896	True
ENST00000392818.7	ENST00000392818	ENSG00000164897	True
ENST00000397238.7	ENST00000397238	ENSG00000133612	True
ENST00000262188.12	ENST00000262188	ENSG00000082014	True
ENST00000470229.6	ENST00000470229	ENSG00000013374	True
ENST00000262187.10	ENST00000262187	ENSG00000106615	True
ENST00000287878.9	ENST00000287878	ENSG00000106617	True
ENST00000434507.5	ENST00000434507	ENSG00000178234	True
ENST00000359321.2	ENST00000359321	ENSG00000196584	True
ENST00000256001.13	ENST00000256001	ENSG00000133627	True
ENST00000404141.6	ENST00000404141	ENSG00000157212	True
ENST00000340368.9	ENST00000340368	ENSG00000186480	True
ENST00000401878.8	ENST00000401878	ENSG00000184863	True
ENST00000353442.10	ENST00000353442	ENSG00000105983	True
ENST00000275820.4	ENST00000275820	ENSG00000146909	True
ENST00000348165.10	ENST00000348165	ENSG00000009335	True
ENST00000429029.6	ENST00000429029	ENSG00000105993	True
ENST00000356309.8	ENST00000356309	ENSG00000146918	True
ENST00000275418.13	ENST00000275418	ENSG00000117868	True
ENST00000407559.8	ENST00000407559	ENSG00000126870	True
ENST00000613071.1	ENST00000613071	ENSG00000180190	True
ENST00000262109.8	ENST00000262109	ENSG00000104714	True
ENST00000331222.6	ENST00000331222	ENSG00000182372	True
ENST00000344683.10	ENST00000344683	ENSG00000147316	True
ENST00000285518.11	ENST00000285518	ENSG00000155189	True
ENST00000615670.5	ENST00000615670	ENSG00000275342	True
ENST00000276282.7	ENST00000276282	ENSG00000147324	True
ENST00000250263.8	ENST00000250263	ENSG00000104626	True
ENST00000310455.4	ENST00000310455	ENSG00000173281	True
ENST00000310430.11	ENST00000310430	ENSG00000173273	True
ENST00000317173.9	ENST00000317173	ENSG00000175806	True
ENST00000554914.1	ENST00000554914	ENSG00000258724	True
ENST00000314787.8	ENST00000314787	ENSG00000254093	True
ENST00000221086.8	ENST00000221086	ENSG00000104643	True
ENST00000532059.5	ENST00000532059	ENSG00000136574	True
ENST00000284503.7	ENST00000284503	ENSG00000154328	True
ENST00000618539.4	ENST00000618539	ENSG00000079459	True
ENST00000353047.11	ENST00000353047	ENSG00000164733	True
ENST00000398246.8	ENST00000398246	ENSG00000154359	True
ENST00000276297.9	ENST00000276297	ENSG00000164741	True
ENST00000382020.8	ENST00000382020	ENSG00000104723	True
ENST00000318063.10	ENST00000318063	ENSG00000155970	True
ENST00000262096.13	ENST00000262096	ENSG00000104219	True
ENST00000361272.9	ENST00000361272	ENSG00000198791	True
ENST00000324849.9	ENST00000324849	ENSG00000155975	True
ENST00000494857.6	ENST00000494857	ENSG00000003989	True
ENST00000541323.1	ENST00000541323	ENSG00000104213	True
ENST00000297488.10	ENST00000297488	ENSG00000129422	True
ENST00000519253.5	ENST00000519253	ENSG00000078674	True
ENST00000637790.2	ENST00000637790	ENSG00000104763	True
ENST00000517492.5	ENST00000517492	ENSG00000171428	True
ENST00000265807.8	ENST00000265807	ENSG00000104611	True
ENST00000397977.8	ENST00000397977	ENSG00000104613	True
ENST00000650287.1	ENST00000650287	ENSG00000175445	True
ENST00000276390.7	ENST00000276390	ENSG00000147416	True
ENST00000381569.5	ENST00000381569	ENSG00000061337	True
ENST00000252512.14	ENST00000252512	ENSG00000130227	True
ENST00000358242.5	ENST00000358242	ENSG00000158856	True
ENST00000289921.8	ENST00000289921	ENSG00000158863	True
ENST00000611621.2	ENST00000611621	ENSG00000275074	True
ENST00000306306.8	ENST00000306306	ENSG00000168476	True
ENST00000306385.10	ENST00000306385	ENSG00000168487	True
ENST00000397802.8	ENST00000397802	ENSG00000168495	True
ENST00000359741.9	ENST00000359741	ENSG00000104635	True
ENST00000240139.9	ENST00000240139	ENSG00000120910	True
ENST00000240123.11	ENST00000240123	ENSG00000120896	True
ENST00000308354.11	ENST00000308354	ENSG00000120913	True
ENST00000289989.10	ENST00000289989	ENSG00000241852	True
ENST00000308511.8	ENST00000308511	ENSG00000158941	True
ENST00000276416.11	ENST00000276416	ENSG00000147439	True
ENST00000251822.7	ENST00000251822	ENSG00000008853	True
ENST00000276431.9	ENST00000276431	ENSG00000120889	True
ENST00000312584.4	ENST00000312584	ENSG00000173530	True
ENST00000221132.8	ENST00000221132	ENSG00000104689	True
ENST00000397677.6	ENST00000397677	ENSG00000147457	True
ENST00000265806.11	ENST00000265806	ENSG00000104679	True
ENST00000389131.8	ENST00000389131	ENSG00000134013	True
ENST00000358689.9	ENST00000358689	ENSG00000197217	True
ENST00000519973.6	ENST00000519973	ENSG00000147454	True
ENST00000290271.7	ENST00000290271	ENSG00000159167	True
ENST00000610854.2	ENST00000610854	ENSG00000277586	True
ENST00000221200.9	ENST00000221200	ENSG00000104756	True
ENST00000330560.8	ENST00000330560	ENSG00000184661	True
ENST00000380737.8	ENST00000380737	ENSG00000221914	True
ENST00000380629.7	ENST00000380629	ENSG00000104765	True
ENST00000522362.7	ENST00000522362	ENSG00000240694	True
ENST00000311151.9	ENST00000311151	ENSG00000092964	True
ENST00000305364.9	ENST00000305364	ENSG00000104228	True
ENST00000397501.5	ENST00000397501	ENSG00000120899	True
ENST00000521400.6	ENST00000521400	ENSG00000120915	True
ENST00000316403.15	ENST00000316403	ENSG00000120885	True
ENST00000301904.4	ENST00000301904	ENSG00000168077	True
ENST00000356537.9	ENST00000356537	ENSG00000147419	True
ENST00000305188.13	ENST00000305188	ENSG00000171320	True
ENST00000301905.9	ENST00000301905	ENSG00000168078	True
ENST00000256398.13	ENST00000256398	ENSG00000134014	True
ENST00000344423.10	ENST00000344423	ENSG00000186918	True
ENST00000380254.7	ENST00000380254	ENSG00000214050	True
ENST00000220562.9	ENST00000220562	ENSG00000012232	True
ENST00000521022.6	ENST00000521022	ENSG00000104299	True
ENST00000397358.7	ENST00000397358	ENSG00000147421	True
ENST00000524189.6	ENST00000524189	ENSG00000197892	True
ENST00000240100.7	ENST00000240100	ENSG00000120875	True
ENST00000256255.11	ENST00000256255	ENSG00000133872	True
ENST00000321250.13	ENST00000321250	ENSG00000104660	True
ENST00000320203.8	ENST00000320203	ENSG00000157110	True
ENST00000355904.9	ENST00000355904	ENSG00000197265	True
ENST00000265616.10	ENST00000265616	ENSG00000104691	True
ENST00000221138.9	ENST00000221138	ENSG00000104695	True
ENST00000298139.7	ENST00000298139	ENSG00000165392	True
ENST00000287842.7	ENST00000287842	ENSG00000157168	True
ENST00000327671.10	ENST00000327671	ENSG00000172728	True
ENST00000613904.1	ENST00000613904	ENSG00000129696	True
ENST00000360128.11	ENST00000360128	ENSG00000198042	True
ENST00000256257.2	ENST00000256257	ENSG00000133874	True
ENST00000331569.6	ENST00000331569	ENSG00000183779	True
ENST00000519638.3	ENST00000519638	ENSG00000147475	True
ENST00000220659.11	ENST00000220659	ENSG00000104221	True
ENST00000330843.9	ENST00000330843	ENSG00000156675	True
ENST00000338825.5	ENST00000338825	ENSG00000187840	True
ENST00000343823.11	ENST00000343823	ENSG00000129691	True
ENST00000311351.9	ENST00000311351	ENSG00000175324	True
ENST00000397166.7	ENST00000397166	ENSG00000085788	True
ENST00000424479.7	ENST00000424479	ENSG00000147535	True
ENST00000379957.8	ENST00000379957	ENSG00000165046	True
ENST00000532791.5	ENST00000532791	ENSG00000077782	True
ENST00000276520.12	ENST00000276520	ENSG00000147526	True
ENST00000617275.5	ENST00000617275	ENSG00000169499	True
ENST00000456397.7	ENST00000456397	ENSG00000169490	True
ENST00000487273.7	ENST00000487273	ENSG00000168615	True
ENST00000315792.5	ENST00000315792	ENSG00000176907	True
ENST00000220772.8	ENST00000220772	ENSG00000104332	True
ENST00000357743.9	ENST00000357743	ENSG00000147533	True
ENST00000276533.4	ENST00000276533	ENSG00000147536	True
ENST00000396987.7	ENST00000396987	ENSG00000158669	True
ENST00000265713.8	ENST00000265713	ENSG00000083168	True
ENST00000518421.5	ENST00000518421	ENSG00000070718	True
ENST00000220809.9	ENST00000220809	ENSG00000104368	True
ENST00000649612.2	ENST00000649612	ENSG00000104365	True
ENST00000265421.9	ENST00000265421	ENSG00000070501	True
ENST00000022615.9	ENST00000022615	ENSG00000078668	True
ENST00000520262.6	ENST00000520262	ENSG00000168575	True
ENST00000438528.7	ENST00000438528	ENSG00000176209	True
ENST00000254250.7	ENST00000254250	ENSG00000131931	True
ENST00000534961.5	ENST00000534961	ENSG00000120925	True
ENST00000302279.8	ENST00000302279	ENSG00000168522	True
ENST00000331373.10	ENST00000331373	ENSG00000185900	True
ENST00000379644.9	ENST00000379644	ENSG00000165102	True
ENST00000297423.9	ENST00000297423	ENSG00000164808	True
ENST00000408965.4	ENST00000408965	ENSG00000221869	True
ENST00000262105.6	ENST00000262105	ENSG00000104738	True
ENST00000523111.7	ENST00000523111	ENSG00000169139	True
ENST00000020945.4	ENST00000020945	ENSG00000019549	True
ENST00000360540.9	ENST00000360540	ENSG00000168300	True
ENST00000025008.10	ENST00000025008	ENSG00000023287	True
ENST00000355221.7	ENST00000355221	ENSG00000047249	True
ENST00000276500.4	ENST00000276500	ENSG00000147509	True
ENST00000521604.7	ENST00000521604	ENSG00000187735	True
ENST00000316963.8	ENST00000316963	ENSG00000120992	True
ENST00000260102.9	ENST00000260102	ENSG00000137547	True
ENST00000434581.7	ENST00000434581	ENSG00000167904	True
ENST00000260129.6	ENST00000260129	ENSG00000137574	True
ENST00000519728.6	ENST00000519728	ENSG00000254087	True
ENST00000521262.5	ENST00000521262	ENSG00000008988	True
ENST00000316981.8	ENST00000316981	ENSG00000181690	True
ENST00000355315.8	ENST00000355315	ENSG00000170791	True
ENST00000262644.9	ENST00000262644	ENSG00000104331	True
ENST00000361488.7	ENST00000361488	ENSG00000169122	True
ENST00000399598.7	ENST00000399598	ENSG00000215114	True
ENST00000413219.6	ENST00000413219	ENSG00000137575	True
ENST00000038176.8	ENST00000038176	ENSG00000035681	True
ENST00000361421.2	ENST00000361421	ENSG00000198846	True
ENST00000317995.5	ENST00000317995	ENSG00000178538	True
ENST00000262646.12	ENST00000262646	ENSG00000104388	True
ENST00000379454.9	ENST00000379454	ENSG00000198363	True
ENST00000260118.7	ENST00000260118	ENSG00000137563	True
ENST00000539294.6	ENST00000539294	ENSG00000185728	True
ENST00000310193.4	ENST00000310193	ENSG00000172817	True
ENST00000276569.8	ENST00000276569	ENSG00000104442	True
ENST00000262146.9	ENST00000262146	ENSG00000066855	True
ENST00000401827.8	ENST00000401827	ENSG00000205268	True
ENST00000320270.4	ENST00000320270	ENSG00000179041	True
ENST00000522677.7	ENST00000522677	ENSG00000185697	True
ENST00000310421.5	ENST00000310421	ENSG00000175073	True
ENST00000357849.9	ENST00000357849	ENSG00000121022	True
ENST00000262210.9	ENST00000262210	ENSG00000104218	True
ENST00000262215.8	ENST00000262215	ENSG00000066777	True
ENST00000260128.8	ENST00000260128	ENSG00000137573	True
ENST00000452400.7	ENST00000452400	ENSG00000140396	True
ENST00000262213.7	ENST00000262213	ENSG00000067167	True
ENST00000276590.5	ENST00000276590	ENSG00000147592	True
ENST00000645793.1	ENST00000645793	ENSG00000104313	True
ENST00000276603.10	ENST00000276603	ENSG00000147601	True
ENST00000352983.7	ENST00000352983	ENSG00000147604	True
ENST00000240285.10	ENST00000240285	ENSG00000121039	True
ENST00000524300.6	ENST00000524300	ENSG00000040341	True
ENST00000622804.1	ENST00000622804	ENSG00000154582	True
ENST00000312184.6	ENST00000312184	ENSG00000175606	True
ENST00000284818.7	ENST00000284818	ENSG00000154589	True
ENST00000342232.5	ENST00000342232	ENSG00000104369	True
ENST00000220822.12	ENST00000220822	ENSG00000104381	True
ENST00000262207.9	ENST00000262207	ENSG00000121005	True
ENST00000357039.9	ENST00000357039	ENSG00000164751	True
ENST00000396418.7	ENST00000396418	ENSG00000171033	True
ENST00000263849.9	ENST00000263849	ENSG00000104427	True
ENST00000354724.8	ENST00000354724	ENSG00000164683	True
ENST00000379097.7	ENST00000379097	ENSG00000076554	True
ENST00000430430.5	ENST00000430430	ENSG00000205189	True
ENST00000297258.11	ENST00000297258	ENSG00000164687	True
ENST00000256108.10	ENST00000256108	ENSG00000133731	True
ENST00000297265.5	ENST00000297265	ENSG00000164695	True
ENST00000396330.6	ENST00000396330	ENSG00000104497	True
ENST00000360375.8	ENST00000360375	ENSG00000133739	True
ENST00000416274.7	ENST00000416274	ENSG00000133740	True
ENST00000619594.5	ENST00000619594	ENSG00000176731	True
ENST00000321764.4	ENST00000321764	ENSG00000185015	True
ENST00000285379.10	ENST00000285379	ENSG00000104267	True
ENST00000517970.6	ENST00000517970	ENSG00000123124	True
ENST00000406452.8	ENST00000406452	ENSG00000176623	True
ENST00000517490.6	ENST00000517490	ENSG00000085719	True
ENST00000220751.5	ENST00000220751	ENSG00000104312	True
ENST00000451899.7	ENST00000451899	ENSG00000164823	True
ENST00000265433.8	ENST00000265433	ENSG00000104320	True
ENST00000458549.7	ENST00000458549	ENSG00000180694	True
ENST00000517562.3	ENST00000517562	ENSG00000253250	True
ENST00000285419.8	ENST00000285419	ENSG00000155099	True
ENST00000285420.8	ENST00000285420	ENSG00000155100	True
ENST00000613886.4	ENST00000613886	ENSG00000079102	True
ENST00000521988.6	ENST00000521988	ENSG00000205133	True
ENST00000518322.6	ENST00000518322	ENSG00000188343	True
ENST00000399300.6	ENST00000399300	ENSG00000183808	True
ENST00000453321.8	ENST00000453321	ENSG00000164953	True
ENST00000396200.3	ENST00000396200	ENSG00000164951	True
ENST00000297596.3	ENST00000297596	ENSG00000164949	True
ENST00000336148.10	ENST00000336148	ENSG00000197275	True
ENST00000481490.3	ENST00000481490	ENSG00000265817	True
ENST00000297591.10	ENST00000297591	ENSG00000164944	True
ENST00000414645.6	ENST00000414645	ENSG00000156162	True
ENST00000523731.6	ENST00000523731	ENSG00000164941	True
ENST00000520509.5	ENST00000520509	ENSG00000175305	True
ENST00000396124.9	ENST00000396124	ENSG00000156170	True
ENST00000342697.5	ENST00000342697	ENSG00000164938	True
ENST00000315367.4	ENST00000315367	ENSG00000175895	True
ENST00000287025.4	ENST00000287025	ENSG00000156469	True
ENST00000517309.6	ENST00000517309	ENSG00000156471	True
ENST00000302190.9	ENST00000302190	ENSG00000169439	True
ENST00000220763.10	ENST00000220763	ENSG00000104324	True
ENST00000322128.5	ENST00000322128	ENSG00000180543	True
ENST00000336273.8	ENST00000336273	ENSG00000147649	True
ENST00000521545.7	ENST00000521545	ENSG00000104341	True
ENST00000254898.7	ENST00000254898	ENSG00000132561	True
ENST00000521291.5	ENST00000521291	ENSG00000156482	True
ENST00000318528.8	ENST00000318528	ENSG00000177459	True
ENST00000254878.8	ENST00000254878	ENSG00000132541	True
ENST00000401707.7	ENST00000401707	ENSG00000104356	True
ENST00000430223.7	ENST00000430223	ENSG00000104361	True
ENST00000419617.7	ENST00000419617	ENSG00000104375	True
ENST00000297565.8	ENST00000297565	ENSG00000164920	True
ENST00000523016.1	ENST00000523016	ENSG00000164919	True
ENST00000353107.8	ENST00000353107	ENSG00000147669	True
ENST00000251809.4	ENST00000251809	ENSG00000104450	True
ENST00000519449.5	ENST00000519449	ENSG00000034677	True
ENST00000520311.5	ENST00000520311	ENSG00000186106	True
ENST00000318607.10	ENST00000318607	ENSG00000070756	True
ENST00000395957.6	ENST00000395957	ENSG00000164924	True
ENST00000395923.5	ENST00000395923	ENSG00000104490	True
ENST00000251810.8	ENST00000251810	ENSG00000048392	True
ENST00000220959.8	ENST00000220959	ENSG00000104517	True
ENST00000285407.11	ENST00000285407	ENSG00000155090	True
ENST00000337198.10	ENST00000337198	ENSG00000155096	True
ENST00000518738.2	ENST00000518738	ENSG00000155097	True
ENST00000358755.5	ENST00000358755	ENSG00000164930	True
ENST00000297578.9	ENST00000297578	ENSG00000164933	True
ENST00000612750.5	ENST00000612750	ENSG00000164934	True
ENST00000276654.9	ENST00000276654	ENSG00000147650	True
ENST00000517566.6	ENST00000517566	ENSG00000164830	True
ENST00000517746.6	ENST00000517746	ENSG00000154188	True
ENST00000220853.8	ENST00000220853	ENSG00000104412	True
ENST00000239690.9	ENST00000239690	ENSG00000120526	True
ENST00000521688.6	ENST00000521688	ENSG00000120533	True
ENST00000337573.10	ENST00000337573	ENSG00000147654	True
ENST00000422135.5	ENST00000422135	ENSG00000147642	True
ENST00000395715.7	ENST00000395715	ENSG00000104447	True
ENST00000521861.6	ENST00000521861	ENSG00000147677	True
ENST00000309822.7	ENST00000309822	ENSG00000147679	True
ENST00000297338.7	ENST00000297338	ENSG00000164754	True
ENST00000297347.7	ENST00000297347	ENSG00000164758	True
ENST00000378204.7	ENST00000378204	ENSG00000182197	True
ENST00000524796.6	ENST00000524796	ENSG00000177570	True
ENST00000297350.9	ENST00000297350	ENSG00000164761	True
ENST00000614891.5	ENST00000614891	ENSG00000147676	True
ENST00000259526.4	ENST00000259526	ENSG00000136999	True
ENST00000378164.7	ENST00000378164	ENSG00000064313	True
ENST00000313655.5	ENST00000313655	ENSG00000136982	True
ENST00000286234.6	ENST00000286234	ENSG00000155792	True
ENST00000297848.8	ENST00000297848	ENSG00000187955	True
ENST00000306185.8	ENST00000306185	ENSG00000172172	True
ENST00000305949.6	ENST00000305949	ENSG00000172167	True
ENST00000395601.7	ENST00000395601	ENSG00000172164	True
ENST00000314393.6	ENST00000314393	ENSG00000178764	True
ENST00000259512.9	ENST00000259512	ENSG00000136986	True
ENST00000287380.6	ENST00000287380	ENSG00000156787	True
ENST00000276704.6	ENST00000276704	ENSG00000189376	True
ENST00000297857.3	ENST00000297857	ENSG00000165156	True
ENST00000287394.10	ENST00000287394	ENSG00000156802	True
ENST00000287387.7	ENST00000287387	ENSG00000156795	True
ENST00000517956.5	ENST00000517956	ENSG00000156804	True
ENST00000334705.12	ENST00000334705	ENSG00000176853	True
ENST00000297632.7	ENST00000297632	ENSG00000164983	True
ENST00000328599.4	ENST00000328599	ENSG00000183665	True
ENST00000303545.4	ENST00000303545	ENSG00000170881	True
ENST00000276692.11	ENST00000276692	ENSG00000147687	True
ENST00000276689.8	ENST00000276689	ENSG00000147684	True
ENST00000518547.5	ENST00000518547	ENSG00000170873	True
ENST00000265896.10	ENST00000265896	ENSG00000104549	True
ENST00000318410.12	ENST00000318410	ENSG00000164961	True
ENST00000287437.8	ENST00000287437	ENSG00000156831	True
ENST00000311922.4	ENST00000311922	ENSG00000173334	True
ENST00000304916.4	ENST00000304916	ENSG00000168672	True
ENST00000621592.7	ENST00000621592	ENSG00000136997	True
ENST00000519824.6	ENST00000519824	ENSG00000153310	True
ENST00000518721.6	ENST00000518721	ENSG00000153317	True
ENST00000254624.10	ENST00000254624	ENSG00000132294	True
ENST00000395386.6	ENST00000395386	ENSG00000129292	True
ENST00000414097.6	ENST00000414097	ENSG00000104419	True
ENST00000377838.8	ENST00000377838	ENSG00000066827	True
ENST00000355849.10	ENST00000355849	ENSG00000131773	True
ENST00000648948.2	ENST00000648948	ENSG00000167632	True
ENST00000220913.10	ENST00000220913	ENSG00000104472	True
ENST00000522684.5	ENST00000522684	ENSG00000169398	True
ENST00000519811.5	ENST00000519811	ENSG00000105339	True
ENST00000024061.7	ENST00000024061	ENSG00000022567	True
ENST00000521578.6	ENST00000521578	ENSG00000184489	True
ENST00000307180.4	ENST00000307180	ENSG00000171045	True
ENST00000356613.4	ENST00000356613	ENSG00000198576	True
ENST00000615982.4	ENST00000615982	ENSG00000234616	True
ENST00000292430.10	ENST00000292430	ENSG00000160886	True
ENST00000336138.4	ENST00000336138	ENSG00000130193	True
ENST00000517503.1	ENST00000517503	ENSG00000160932	True
ENST00000340042.2	ENST00000340042	ENSG00000250571	True
ENST00000330143.8	ENST00000330143	ENSG00000185730	True
ENST00000289013.11	ENST00000289013	ENSG00000158106	True
ENST00000262577.6	ENST00000262577	ENSG00000014164	True
ENST00000526406.5	ENST00000526406	ENSG00000104518	True
ENST00000423316.6	ENST00000423316	ENSG00000104529	True
ENST00000504548.4	ENST00000504548	ENSG00000179886	True
ENST00000220966.10	ENST00000220966	ENSG00000104524	True
ENST00000425753.7	ENST00000425753	ENSG00000104522	True
ENST00000501748.3	ENST00000501748	ENSG00000183309	True
ENST00000532205.5	ENST00000532205	ENSG00000181135	True
ENST00000388913.4	ENST00000388913	ENSG00000180921	True
ENST00000442628.7	ENST00000442628	ENSG00000185189	True
ENST00000313028.12	ENST00000313028	ENSG00000178685	True
ENST00000313269.5	ENST00000313269	ENSG00000178719	True
ENST00000618853.5	ENST00000618853	ENSG00000178814	True
ENST00000316052.6	ENST00000316052	ENSG00000178896	True
ENST00000355091.9	ENST00000355091	ENSG00000197858	True
ENST00000318911.5	ENST00000318911	ENSG00000179091	True
ENST00000398712.7	ENST00000398712	ENSG00000179526	True
ENST00000322428.10	ENST00000322428	ENSG00000179632	True
ENST00000347708.5	ENST00000347708	ENSG00000235173	True
ENST00000528919.5	ENST00000528919	ENSG00000179832	True
ENST00000569669.6	ENST00000569669	ENSG00000261236	True
ENST00000528838.6	ENST00000528838	ENSG00000185122	True
ENST00000528718.6	ENST00000528718	ENSG00000185000	True
ENST00000643944.2	ENST00000643944	ENSG00000185803	True
ENST00000331890.6	ENST00000331890	ENSG00000182325	True
ENST00000308860.11	ENST00000308860	ENSG00000173137	True
ENST00000616140.2	ENST00000616140	ENSG00000071894	True
ENST00000301305.8	ENST00000301305	ENSG00000147804	True
ENST00000292510.6	ENST00000292510	ENSG00000160948	True
ENST00000409379.8	ENST00000409379	ENSG00000160949	True
ENST00000530374.5	ENST00000530374	ENSG00000187954	True
ENST00000645548.1	ENST00000645548	ENSG00000167702	True
ENST00000292539.8	ENST00000292539	ENSG00000160972	True
ENST00000301327.5	ENST00000301327	ENSG00000167700	True
ENST00000617875.6	ENST00000617875	ENSG00000160957	True
ENST00000292524.6	ENST00000292524	ENSG00000160959	True
ENST00000524821.6	ENST00000524821	ENSG00000213563	True
ENST00000276826.5	ENST00000276826	ENSG00000147799	True
ENST00000292562.12	ENST00000292562	ENSG00000198169	True
ENST00000343459.8	ENST00000343459	ENSG00000196378	True
ENST00000262584.7	ENST00000262584	ENSG00000161016	True
ENST00000359971.3	ENST00000359971	ENSG00000197363	True
ENST00000446747.6	ENST00000446747	ENSG00000147789	True
ENST00000450361.2	ENST00000450361	ENSG00000170619	True
ENST00000417550.6	ENST00000417550	ENSG00000196150	True
ENST00000276816.8	ENST00000276816	ENSG00000170631	True
ENST00000331434.7	ENST00000331434	ENSG00000182307	True
ENST00000442898.5	ENST00000442898	ENSG00000181404	True
ENST00000377400.8	ENST00000377400	ENSG00000172785	True
ENST00000619269.4	ENST00000619269	ENSG00000107104	True
ENST00000382203.5	ENST00000382203	ENSG00000080503	True
ENST00000382099.2	ENST00000382099	ENSG00000147852	True
ENST00000397885.3	ENST00000397885	ENSG00000080608	True
ENST00000382004.7	ENST00000382004	ENSG00000080298	True
ENST00000262352.8	ENST00000262352	ENSG00000106688	True
ENST00000381883.5	ENST00000381883	ENSG00000205808	True
ENST00000381854.4	ENST00000381854	ENSG00000106993	True
ENST00000381809.8	ENST00000381809	ENSG00000147853	True
ENST00000381750.9	ENST00000381750	ENSG00000120158	True
ENST00000381652.4	ENST00000381652	ENSG00000096968	True
ENST00000223864.7	ENST00000223864	ENSG00000107020	True
ENST00000381577.4	ENST00000381577	ENSG00000120217	True
ENST00000414202.7	ENST00000414202	ENSG00000107036	True
ENST00000339450.10	ENST00000339450	ENSG00000099219	True
ENST00000399933.8	ENST00000399933	ENSG00000183354	True
ENST00000276893.10	ENST00000276893	ENSG00000147854	True
ENST00000321612.8	ENST00000321612	ENSG00000178445	True
ENST00000381309.7	ENST00000381309	ENSG00000107077	True
ENST00000358227.5	ENST00000358227	ENSG00000137038	True
ENST00000319264.4	ENST00000319264	ENSG00000153714	True
ENST00000381022.6	ENST00000381022	ENSG00000107186	True
ENST00000380916.8	ENST00000380916	ENSG00000175893	True
ENST00000380821.7	ENST00000380821	ENSG00000164975	True
ENST00000380738.8	ENST00000380738	ENSG00000164985	True
ENST00000380701.8	ENST00000380701	ENSG00000164989	True
ENST00000380647.8	ENST00000380647	ENSG00000044459	True
ENST00000380607.5	ENST00000380607	ENSG00000107295	True
ENST00000380527.3	ENST00000380527	ENSG00000155876	True
ENST00000380502.8	ENST00000380502	ENSG00000147874	True
ENST00000276914.7	ENST00000276914	ENSG00000147872	True
ENST00000434457.6	ENST00000434457	ENSG00000137145	True
ENST00000380394.9	ENST00000380394	ENSG00000137154	True
ENST00000340967.3	ENST00000340967	ENSG00000177076	True
ENST00000380338.9	ENST00000380338	ENSG00000171843	True
ENST00000380249.5	ENST00000380249	ENSG00000188352	True
ENST00000359039.5	ENST00000359039	ENSG00000198642	True
ENST00000644715.2	ENST00000644715	ENSG00000099810	True
ENST00000304494.9	ENST00000304494	ENSG00000147889	True
ENST00000276925.7	ENST00000276925	ENSG00000147883	True
ENST00000325870.3	ENST00000325870	ENSG00000176399	True
ENST00000380110.8	ENST00000380110	ENSG00000107105	True
ENST00000358022.4	ENST00000358022	ENSG00000198680	True
ENST00000333916.8	ENST00000333916	ENSG00000120159	True
ENST00000397292.8	ENST00000397292	ENSG00000137055	True
ENST00000443698.5	ENST00000443698	ENSG00000096872	True
ENST00000262244.6	ENST00000262244	ENSG00000120162	True
ENST00000619707.5	ENST00000619707	ENSG00000147894	True
ENST00000309951.8	ENST00000309951	ENSG00000122729	True
ENST00000379883.3	ENST00000379883	ENSG00000107201	True
ENST00000360538.7	ENST00000360538	ENSG00000197579	True
ENST00000379847.8	ENST00000379847	ENSG00000165264	True
ENST00000379817.7	ENST00000379817	ENSG00000137074	True
ENST00000330899.5	ENST00000330899	ENSG00000086061	True
ENST00000397149.4	ENST00000397149	ENSG00000122692	True
ENST00000379731.4	ENST00000379731	ENSG00000086062	True
ENST00000634734.2	ENST00000634734	ENSG00000107262	True
ENST00000223500.9	ENST00000223500	ENSG00000086065	True
ENST00000379540.8	ENST00000379540	ENSG00000086102	True
ENST00000297991.6	ENST00000297991	ENSG00000165272	True
ENST00000297990.9	ENST00000297990	ENSG00000165271	True
ENST00000263228.4	ENST00000263228	ENSG00000107341	True
ENST00000360802.5	ENST00000360802	ENSG00000137073	True
ENST00000361264.9	ENST00000361264	ENSG00000198876	True
ENST00000297661.9	ENST00000297661	ENSG00000165006	True
ENST00000402558.6	ENST00000402558	ENSG00000186638	True
ENST00000379155.9	ENST00000379155	ENSG00000164978	True
ENST00000297625.8	ENST00000297625	ENSG00000164976	True
ENST00000651358.1	ENST00000651358	ENSG00000164970	True
ENST00000378980.8	ENST00000378980	ENSG00000122756	True
ENST00000297613.4	ENST00000297613	ENSG00000164967	True
ENST00000259632.12	ENST00000259632	ENSG00000137100	True
ENST00000277010.9	ENST00000277010	ENSG00000147955	True
ENST00000378842.8	ENST00000378842	ENSG00000213930	True
ENST00000421828.7	ENST00000421828	ENSG00000187186	True
ENST00000454002.6	ENST00000454002	ENSG00000137094	True
ENST00000358901.11	ENST00000358901	ENSG00000165280	True
ENST00000378643.8	ENST00000378643	ENSG00000221829	True
ENST00000378617.4	ENST00000378617	ENSG00000165282	True
ENST00000356493.10	ENST00000356493	ENSG00000165283	True
ENST00000378495.7	ENST00000378495	ENSG00000198722	True
ENST00000455600.1	ENST00000455600	ENSG00000198853	True
ENST00000336395.6	ENST00000336395	ENSG00000107140	True
ENST00000378409.7	ENST00000378409	ENSG00000159884	True
ENST00000378387.4	ENST00000378387	ENSG00000137135	True
ENST00000647435.1	ENST00000647435	ENSG00000198467	True
ENST00000314888.10	ENST00000314888	ENSG00000137076	True
ENST00000353704.3	ENST00000353704	ENSG00000107175	True
ENST00000378103.7	ENST00000378103	ENSG00000070610	True
ENST00000378078.5	ENST00000378078	ENSG00000107185	True
ENST00000342694.6	ENST00000342694	ENSG00000159899	True
ENST00000259667.6	ENST00000259667	ENSG00000137133	True
ENST00000377966.4	ENST00000377966	ENSG00000122707	True
ENST00000377960.9	ENST00000377960	ENSG00000122694	True
ENST00000433436.6	ENST00000433436	ENSG00000122705	True
ENST00000642385.2	ENST00000642385	ENSG00000159921	True
ENST00000259605.11	ENST00000259605	ENSG00000137075	True
ENST00000298048.7	ENST00000298048	ENSG00000165304	True
ENST00000534928.5	ENST00000534928	ENSG00000147905	True
ENST00000318158.11	ENST00000318158	ENSG00000137106	True
ENST00000307750.5	ENST00000307750	ENSG00000168795	True
ENST00000377798.9	ENST00000377798	ENSG00000137054	True
ENST00000432825.7	ENST00000432825	ENSG00000147912	True
ENST00000321301.7	ENST00000321301	ENSG00000175768	True
ENST00000297994.4	ENST00000297994	ENSG00000165275	True
ENST00000327304.10	ENST00000327304	ENSG00000107371	True
ENST00000377724.8	ENST00000377724	ENSG00000122741	True
ENST00000377716.6	ENST00000377716	ENSG00000122696	True
ENST00000377707.4	ENST00000377707	ENSG00000107338	True
ENST00000377698.4	ENST00000377698	ENSG00000137124	True
ENST00000377694.2	ENST00000377694	ENSG00000137142	True
ENST00000622735.2	ENST00000622735	ENSG00000283886	True
ENST00000612867.4	ENST00000612867	ENSG00000274349	True
ENST00000396396.6	ENST00000396396	ENSG00000154330	True
ENST00000394264.7	ENST00000394264	ENSG00000187866	True
ENST00000484259.3	ENST00000484259	ENSG00000165060	True
ENST00000303068.13	ENST00000303068	ENSG00000135063	True
ENST00000377182.5	ENST00000377182	ENSG00000165072	True
ENST00000361138.7	ENST00000361138	ENSG00000198887	True
ENST00000377044.9	ENST00000377044	ENSG00000135048	True
ENST00000333421.6	ENST00000333421	ENSG00000107362	True
ENST00000334731.7	ENST00000334731	ENSG00000155621	True
ENST00000358399.8	ENST00000358399	ENSG00000119125	True
ENST00000376962.10	ENST00000376962	ENSG00000107372	True
ENST00000297785.8	ENST00000297785	ENSG00000165092	True
ENST00000376911.1	ENST00000376911	ENSG00000135046	True
ENST00000376854.6	ENST00000376854	ENSG00000135045	True
ENST00000376834.8	ENST00000376834	ENSG00000156017	True
ENST00000361092.9	ENST00000361092	ENSG00000106733	True
ENST00000346234.7	ENST00000346234	ENSG00000134996	True
ENST00000545128.5	ENST00000545128	ENSG00000099139	True
ENST00000376736.6	ENST00000376736	ENSG00000135002	True
ENST00000442371.5	ENST00000442371	ENSG00000187210	True
ENST00000645632.1	ENST00000645632	ENSG00000197969	True
ENST00000286548.9	ENST00000286548	ENSG00000156052	True
ENST00000376588.4	ENST00000376588	ENSG00000135069	True
ENST00000376447.4	ENST00000376447	ENSG00000165105	True
ENST00000304195.8	ENST00000304195	ENSG00000172159	True
ENST00000376419.5	ENST00000376419	ENSG00000148057	True
ENST00000376395.9	ENST00000376395	ENSG00000135018	True
ENST00000376371.7	ENST00000376371	ENSG00000165113	True
ENST00000297814.7	ENST00000297814	ENSG00000165115	True
ENST00000376344.8	ENST00000376344	ENSG00000165118	True
ENST00000376281.8	ENST00000376281	ENSG00000165119	True
ENST00000325875.7	ENST00000325875	ENSG00000178966	True
ENST00000357081.7	ENST00000357081	ENSG00000135049	True
ENST00000361671.10	ENST00000361671	ENSG00000135040	True
ENST00000388712.7	ENST00000388712	ENSG00000135052	True
ENST00000375991.9	ENST00000375991	ENSG00000135070	True
ENST00000375963.8	ENST00000375963	ENSG00000083223	True
ENST00000298743.9	ENST00000298743	ENSG00000180447	True
ENST00000408954.8	ENST00000408954	ENSG00000196730	True
ENST00000343150.10	ENST00000343150	ENSG00000135047	True
ENST00000325303.8	ENST00000325303	ENSG00000156345	True
ENST00000375859.4	ENST00000375859	ENSG00000106723	True
ENST00000314355.7	ENST00000314355	ENSG00000123975	True
ENST00000375807.8	ENST00000375807	ENSG00000187742	True
ENST00000450295.5	ENST00000450295	ENSG00000187764	True
ENST00000252506.11	ENST00000252506	ENSG00000130222	True
ENST00000375746.1	ENST00000375746	ENSG00000165025	True
ENST00000375731.9	ENST00000375731	ENSG00000148090	True
ENST00000297689.4	ENST00000297689	ENSG00000165030	True
ENST00000375708.4	ENST00000375708	ENSG00000169071	True
ENST00000262554.7	ENST00000262554	ENSG00000090054	True
ENST00000375643.7	ENST00000375643	ENSG00000196305	True
ENST00000545558.5	ENST00000545558	ENSG00000198000	True
ENST00000375587.8	ENST00000375587	ENSG00000188312	True
ENST00000287996.8	ENST00000287996	ENSG00000127080	True
ENST00000356884.11	ENST00000356884	ENSG00000185963	True
ENST00000375495.8	ENST00000375495	ENSG00000127081	True
ENST00000375464.7	ENST00000375464	ENSG00000165233	True
ENST00000375446.5	ENST00000375446	ENSG00000131669	True
ENST00000375412.11	ENST00000375412	ENSG00000188938	True
ENST00000277165.11	ENST00000277165	ENSG00000048828	True
ENST00000359246.9	ENST00000359246	ENSG00000197724	True
ENST00000375360.7	ENST00000375360	ENSG00000158079	True
ENST00000375344.8	ENST00000375344	ENSG00000148110	True
ENST00000375315.6	ENST00000375315	ENSG00000148120	True
ENST00000289081.8	ENST00000289081	ENSG00000158169	True
ENST00000430669.6	ENST00000430669	ENSG00000185920	True
ENST00000288985.12	ENST00000288985	ENSG00000182150	True
ENST00000253270.13	ENST00000253270	ENSG00000130958	True
ENST00000375256.5	ENST00000375256	ENSG00000165244	True
ENST00000375249.5	ENST00000375249	ENSG00000130956	True
ENST00000463569.5	ENST00000463569	ENSG00000081377	True
ENST00000375234.8	ENST00000375234	ENSG00000158122	True
ENST00000375231.5	ENST00000375231	ENSG00000081386	True
ENST00000481138.6	ENST00000481138	ENSG00000196597	True
ENST00000259470.6	ENST00000259470	ENSG00000136943	True
ENST00000355295.5	ENST00000355295	ENSG00000196116	True
ENST00000259365.9	ENST00000259365	ENSG00000136842	True
ENST00000341170.5	ENST00000341170	ENSG00000136925	True
ENST00000375147.8	ENST00000375147	ENSG00000136937	True
ENST00000375128.5	ENST00000375128	ENSG00000136936	True
ENST00000339399.5	ENST00000339399	ENSG00000136938	True
ENST00000210444.6	ENST00000210444	ENSG00000095380	True
ENST00000341469.7	ENST00000341469	ENSG00000106785	True
ENST00000343933.9	ENST00000343933	ENSG00000106789	True
ENST00000465784.7	ENST00000465784	ENSG00000095383	True
ENST00000353234.5	ENST00000353234	ENSG00000165138	True
ENST00000375011.4	ENST00000375011	ENSG00000119514	True
ENST00000374994.9	ENST00000374994	ENSG00000106799	True
ENST00000476832.2	ENST00000476832	ENSG00000119523	True
ENST00000223641.5	ENST00000223641	ENSG00000106803	True
ENST00000395097.7	ENST00000395097	ENSG00000119508	True
ENST00000259400.11	ENST00000259400	ENSG00000136874	True
ENST00000262455.7	ENST00000262455	ENSG00000023318	True
ENST00000262457.7	ENST00000262457	ENSG00000119509	True
ENST00000374902.9	ENST00000374902	ENSG00000136891	True
ENST00000613183.1	ENST00000613183	ENSG00000066697	True
ENST00000374865.5	ENST00000374865	ENSG00000136897	True
ENST00000339664.6	ENST00000339664	ENSG00000136870	True
ENST00000389120.8	ENST00000389120	ENSG00000155827	True
ENST00000286398.11	ENST00000286398	ENSG00000136824	True
ENST00000374767.5	ENST00000374767	ENSG00000136783	True
ENST00000394926.7	ENST00000394926	ENSG00000106701	True
ENST00000223528.6	ENST00000223528	ENSG00000106692	True
ENST00000374692.8	ENST00000374692	ENSG00000095209	True
ENST00000358015.8	ENST00000358015	ENSG00000119318	True
ENST00000374672.5	ENST00000374672	ENSG00000136826	True
ENST00000374647.10	ENST00000374647	ENSG00000070061	True
ENST00000322940.11	ENST00000322940	ENSG00000119328	True
ENST00000325551.9	ENST00000325551	ENSG00000119326	True
ENST00000374586.8	ENST00000374586	ENSG00000106771	True
ENST00000374566.7	ENST00000374566	ENSG00000095203	True
ENST00000374541.4	ENST00000374541	ENSG00000070159	True
ENST00000314527.9	ENST00000314527	ENSG00000157654	True
ENST00000374517.6	ENST00000374517	ENSG00000136810	True
ENST00000374431.7	ENST00000374431	ENSG00000198121	True
ENST00000338205.9	ENST00000338205	ENSG00000136813	True
ENST00000407693.7	ENST00000407693	ENSG00000106853	True
ENST00000313525.4	ENST00000313525	ENSG00000059769	True
ENST00000374293.5	ENST00000374293	ENSG00000242616	True
ENST00000374279.4	ENST00000374279	ENSG00000148154	True
ENST00000374270.8	ENST00000374270	ENSG00000106868	True
ENST00000334318.10	ENST00000334318	ENSG00000119314	True
ENST00000398805.8	ENST00000398805	ENSG00000119471	True
ENST00000374242.9	ENST00000374242	ENSG00000148153	True
ENST00000374232.8	ENST00000374232	ENSG00000148158	True
ENST00000446284.6	ENST00000446284	ENSG00000119321	True
ENST00000374212.5	ENST00000374212	ENSG00000136868	True
ENST00000374206.4	ENST00000374206	ENSG00000176386	True
ENST00000374199.9	ENST00000374199	ENSG00000136875	True
ENST00000374193.9	ENST00000374193	ENSG00000148225	True
ENST00000238379.9	ENST00000238379	ENSG00000119431	True
ENST00000409155.8	ENST00000409155	ENSG00000148218	True
ENST00000374171.5	ENST00000374171	ENSG00000148229	True
ENST00000374140.6	ENST00000374140	ENSG00000138835	True
ENST00000374126.9	ENST00000374126	ENSG00000157657	True
ENST00000307564.8	ENST00000307564	ENSG00000106948	True
ENST00000362057.4	ENST00000362057	ENSG00000095397	True
ENST00000374050.4	ENST00000374050	ENSG00000136888	True
ENST00000288502.9	ENST00000288502	ENSG00000157693	True
ENST00000350763.9	ENST00000350763	ENSG00000041982	True
ENST00000361209.6	ENST00000361209	ENSG00000148219	True
ENST00000450136.1	ENST00000450136	ENSG00000119401	True
ENST00000349780.9	ENST00000349780	ENSG00000136861	True
ENST00000373930.4	ENST00000373930	ENSG00000106780	True
ENST00000608872.6	ENST00000608872	ENSG00000119402	True
ENST00000464488.3	ENST00000464488	ENSG00000214654	True
ENST00000373896.8	ENST00000373896	ENSG00000119403	True
ENST00000373855.5	ENST00000373855	ENSG00000119397	True
ENST00000373840.9	ENST00000373840	ENSG00000119396	True
ENST00000373818.8	ENST00000373818	ENSG00000148180	True
ENST00000286713.7	ENST00000286713	ENSG00000148175	True
ENST00000408936.7	ENST00000408936	ENSG00000136848	True
ENST00000373768.4	ENST00000373768	ENSG00000119421	True
ENST00000417201.4	ENST00000417201	ENSG00000119446	True
ENST00000344641.8	ENST00000344641	ENSG00000148187	True
ENST00000362012.7	ENST00000362012	ENSG00000095303	True
ENST00000259467.9	ENST00000259467	ENSG00000136940	True
ENST00000373670.5	ENST00000373670	ENSG00000056586	True
ENST00000373659.4	ENST00000373659	ENSG00000186130	True
ENST00000373656.4	ENST00000373656	ENSG00000171448	True
ENST00000373647.9	ENST00000373647	ENSG00000011454	True
ENST00000348403.10	ENST00000348403	ENSG00000165209	True
ENST00000373624.6	ENST00000373624	ENSG00000119522	True
ENST00000373603.5	ENST00000373603	ENSG00000119408	True
ENST00000373580.8	ENST00000373580	ENSG00000185585	True
ENST00000348462.6	ENST00000348462	ENSG00000136942	True
ENST00000373555.9	ENST00000373555	ENSG00000136935	True
ENST00000373547.8	ENST00000373547	ENSG00000119414	True
ENST00000373538.8	ENST00000373538	ENSG00000136933	True
ENST00000324460.7	ENST00000324460	ENSG00000044574	True
ENST00000297933.11	ENST00000297933	ENSG00000165219	True
ENST00000265960.8	ENST00000265960	ENSG00000119487	True
ENST00000373489.10	ENST00000373489	ENSG00000167081	True
ENST00000361171.8	ENST00000361171	ENSG00000196814	True
ENST00000373464.5	ENST00000373464	ENSG00000169155	True
ENST00000319119.4	ENST00000319119	ENSG00000177125	True
ENST00000259351.10	ENST00000259351	ENSG00000136828	True
ENST00000373425.8	ENST00000373425	ENSG00000136859	True
ENST00000373371.8	ENST00000373371	ENSG00000136856	True
ENST00000342483.5	ENST00000342483	ENSG00000196152	True
ENST00000361436.10	ENST00000361436	ENSG00000197958	True
ENST00000323301.8	ENST00000323301	ENSG00000148356	True
ENST00000373312.4	ENST00000373312	ENSG00000136830	True
ENST00000373299.5	ENST00000373299	ENSG00000136854	True
ENST00000373284.10	ENST00000373284	ENSG00000160404	True
ENST00000373264.5	ENST00000373264	ENSG00000136807	True
ENST00000373247.7	ENST00000373247	ENSG00000136877	True
ENST00000373203.8	ENST00000373203	ENSG00000106991	True
ENST00000335791.10	ENST00000335791	ENSG00000136840	True
ENST00000314392.12	ENST00000314392	ENSG00000136908	True
ENST00000373095.6	ENST00000373095	ENSG00000167106	True
ENST00000373078.5	ENST00000373078	ENSG00000171169	True
ENST00000373068.6	ENST00000373068	ENSG00000148339	True
ENST00000372994.2	ENST00000372994	ENSG00000171159	True
ENST00000634901.1	ENST00000634901	ENSG00000148337	True
ENST00000372923.8	ENST00000372923	ENSG00000106976	True
ENST00000421699.7	ENST00000421699	ENSG00000167110	True
ENST00000418976.1	ENST00000418976	ENSG00000175854	True
ENST00000372890.6	ENST00000372890	ENSG00000167112	True
ENST00000300452.8	ENST00000300452	ENSG00000167113	True
ENST00000300456.5	ENST00000300456	ENSG00000167114	True
ENST00000434106.7	ENST00000434106	ENSG00000136811	True
ENST00000309971.9	ENST00000309971	ENSG00000119392	True
ENST00000372739.7	ENST00000372739	ENSG00000197694	True
ENST00000372715.6	ENST00000372715	ENSG00000119333	True
ENST00000322030.13	ENST00000322030	ENSG00000119335	True
ENST00000291906.5	ENST00000291906	ENSG00000160447	True
ENST00000372663.9	ENST00000372663	ENSG00000160446	True
ENST00000291900.7	ENST00000291900	ENSG00000160445	True
ENST00000372648.10	ENST00000372648	ENSG00000107021	True
ENST00000372642.5	ENST00000372642	ENSG00000167136	True
ENST00000259324.5	ENST00000259324	ENSG00000136802	True
ENST00000372592.8	ENST00000372592	ENSG00000175287	True
ENST00000372586.4	ENST00000372586	ENSG00000175283	True
ENST00000372577.2	ENST00000372577	ENSG00000095319	True
ENST00000372564.7	ENST00000372564	ENSG00000148341	True
ENST00000358369.8	ENST00000358369	ENSG00000148343	True
ENST00000372546.9	ENST00000372546	ENSG00000167130	True
ENST00000318080.7	ENST00000318080	ENSG00000095321	True
ENST00000393370.6	ENST00000393370	ENSG00000119383	True
ENST00000372491.4	ENST00000372491	ENSG00000188483	True
ENST00000611055.4	ENST00000611055	ENSG00000148335	True
ENST00000277458.5	ENST00000277458	ENSG00000148331	True
ENST00000340607.5	ENST00000340607	ENSG00000148344	True
ENST00000259339.7	ENST00000259339	ENSG00000136816	True
ENST00000351698.5	ENST00000351698	ENSG00000136827	True
ENST00000372447.7	ENST00000372447	ENSG00000136819	True
ENST00000315480.9	ENST00000315480	ENSG00000136878	True
ENST00000446176.7	ENST00000446176	ENSG00000187239	True
ENST00000347136.10	ENST00000347136	ENSG00000148358	True
ENST00000372398.6	ENST00000372398	ENSG00000107130	True
ENST00000372394.5	ENST00000372394	ENSG00000130707	True
ENST00000319725.10	ENST00000319725	ENSG00000107164	True
ENST00000372338.9	ENST00000372338	ENSG00000130720	True
ENST00000247291.8	ENST00000247291	ENSG00000126878	True
ENST00000359428.10	ENST00000359428	ENSG00000126883	True
ENST00000423007.5	ENST00000423007	ENSG00000130714	True
ENST00000372215.5	ENST00000372215	ENSG00000130717	True
ENST00000372195.5	ENST00000372195	ENSG00000107263	True
ENST00000292035.10	ENST00000292035	ENSG00000160563	True
ENST00000334270.3	ENST00000334270	ENSG00000125482	True
ENST00000372159.7	ENST00000372159	ENSG00000125485	True
ENST00000372146.5	ENST00000372146	ENSG00000125484	True
ENST00000350499.6	ENST00000350499	ENSG00000165698	True
ENST00000298552.9	ENST00000298552	ENSG00000165699	True
ENST00000372097.9	ENST00000372097	ENSG00000148308	True
ENST00000372022.6	ENST00000372022	ENSG00000148296	True
ENST00000610672.4	ENST00000610672	ENSG00000148297	True
ENST00000323345.11	ENST00000323345	ENSG00000148303	True
ENST00000371974.8	ENST00000371974	ENSG00000148290	True
ENST00000371964.5	ENST00000371964	ENSG00000148291	True
ENST00000371989.8	ENST00000371989	ENSG00000148248	True
ENST00000371942.8	ENST00000371942	ENSG00000148300	True
ENST00000316948.8	ENST00000316948	ENSG00000160325	True
ENST00000371899.9	ENST00000371899	ENSG00000160326	True
ENST00000371872.8	ENST00000371872	ENSG00000123453	True
ENST00000303407.12	ENST00000303407	ENSG00000169925	True
ENST00000358625.3	ENST00000358625	ENSG00000196363	True
ENST00000481739.2	ENST00000481739	ENSG00000186350	True
ENST00000371817.8	ENST00000371817	ENSG00000130635	True
ENST00000371793.7	ENST00000371793	ENSG00000130558	True
ENST00000356818.7	ENST00000356818	ENSG00000196422	True
ENST00000371785.5	ENST00000371785	ENSG00000122140	True
ENST00000389532.9	ENST00000389532	ENSG00000130559	True
ENST00000371756.4	ENST00000371756	ENSG00000130560	True
ENST00000277554.4	ENST00000277554	ENSG00000148411	True
ENST00000418388.6	ENST00000418388	ENSG00000238227	True
ENST00000440944.6	ENST00000440944	ENSG00000160360	True
ENST00000371738.4	ENST00000371738	ENSG00000213221	True
ENST00000298532.2	ENST00000298532	ENSG00000165684	True
ENST00000298537.11	ENST00000298537	ENSG00000165689	True
ENST00000371712.4	ENST00000371712	ENSG00000148384	True
ENST00000313050.11	ENST00000313050	ENSG00000148396	True
ENST00000651671.1	ENST00000651671	ENSG00000148400	True
ENST00000371699.5	ENST00000371699	ENSG00000172889	True
ENST00000371696.7	ENST00000371696	ENSG00000169692	True
ENST00000371692.9	ENST00000371692	ENSG00000165716	True
ENST00000290079.9	ENST00000290079	ENSG00000244187	True
ENST00000311502.12	ENST00000311502	ENSG00000196642	True
ENST00000247665.12	ENST00000247665	ENSG00000054148	True
ENST00000224073.6	ENST00000224073	ENSG00000107223	True
ENST00000247668.7	ENST00000247668	ENSG00000127191	True
ENST00000325285.8	ENST00000325285	ENSG00000159069	True
ENST00000371620.4	ENST00000371620	ENSG00000148362	True
ENST00000341511.11	ENST00000341511	ENSG00000107331	True
ENST00000371601.5	ENST00000371601	ENSG00000107281	True
ENST00000409687.5	ENST00000409687	ENSG00000186193	True
ENST00000371579.7	ENST00000371579	ENSG00000176978	True
ENST00000323927.3	ENST00000323927	ENSG00000176248	True
ENST00000322310.10	ENST00000322310	ENSG00000176101	True
ENST00000409012.6	ENST00000409012	ENSG00000176058	True
ENST00000343666.6	ENST00000343666	ENSG00000187713	True
ENST00000371521.8	ENST00000371521	ENSG00000188566	True
ENST00000340384.5	ENST00000340384	ENSG00000188229	True
ENST00000343053.5	ENST00000343053	ENSG00000188986	True
ENST00000357503.3	ENST00000357503	ENSG00000198113	True
ENST00000356628.4	ENST00000356628	ENSG00000198435	True
ENST00000371475.9	ENST00000371475	ENSG00000165802	True
ENST00000371443.6	ENST00000371443	ENSG00000182154	True
ENST00000277540.7	ENST00000277540	ENSG00000148399	True
ENST00000298585.3	ENST00000298585	ENSG00000165724	True
ENST00000371421.9	ENST00000371421	ENSG00000197070	True
ENST00000460843.6	ENST00000460843	ENSG00000181090	True
ENST00000381591.5	ENST00000381591	ENSG00000015171	True
ENST00000280886.12	ENST00000280886	ENSG00000151240	True
ENST00000316157.8	ENST00000316157	ENSG00000107929	True
ENST00000360803.9	ENST00000360803	ENSG00000107937	True
ENST00000429642.2	ENST00000429642	ENSG00000067064	True
ENST00000263150.9	ENST00000263150	ENSG00000047056	True
ENST00000381125.9	ENST00000381125	ENSG00000067057	True
ENST00000497571.6	ENST00000497571	ENSG00000067082	True
ENST00000380872.9	ENST00000380872	ENSG00000187134	True
ENST00000380753.8	ENST00000380753	ENSG00000151632	True
ENST00000380554.5	ENST00000380554	ENSG00000196139	True
ENST00000380359.3	ENST00000380359	ENSG00000173848	True
ENST00000357700.11	ENST00000357700	ENSG00000196372	True
ENST00000645567.1	ENST00000645567	ENSG00000108021	True
ENST00000380191.9	ENST00000380191	ENSG00000057608	True
ENST00000380094.10	ENST00000380094	ENSG00000134461	True
ENST00000362091.8	ENST00000362091	ENSG00000134452	True
ENST00000379977.8	ENST00000379977	ENSG00000134470	True
ENST00000446108.5	ENST00000446108	ENSG00000134453	True
ENST00000379775.9	ENST00000379775	ENSG00000170525	True
ENST00000263125.10	ENST00000263125	ENSG00000065675	True
ENST00000397167.5	ENST00000397167	ENSG00000198879	True
ENST00000379562.9	ENST00000379562	ENSG00000151657	True
ENST00000356708.12	ENST00000356708	ENSG00000165629	True
ENST00000344293.6	ENST00000344293	ENSG00000165632	True
ENST00000379328.9	ENST00000379328	ENSG00000107485	True
ENST00000542579.5	ENST00000542579	ENSG00000048740	True
ENST00000379215.9	ENST00000379215	ENSG00000134463	True
ENST00000277570.10	ENST00000277570	ENSG00000148426	True
ENST00000356352.6	ENST00000356352	ENSG00000151461	True
ENST00000263035.9	ENST00000263035	ENSG00000181192	True
ENST00000298428.14	ENST00000298428	ENSG00000065665	True
ENST00000491614.6	ENST00000491614	ENSG00000165609	True
ENST00000281141.9	ENST00000281141	ENSG00000151465	True
ENST00000619168.4	ENST00000619168	ENSG00000183049	True
ENST00000378825.5	ENST00000378825	ENSG00000151468	True
ENST00000378752.7	ENST00000378752	ENSG00000123240	True
ENST00000484800.6	ENST00000484800	ENSG00000065328	True
ENST00000263038.9	ENST00000263038	ENSG00000107537	True
ENST00000327347.10	ENST00000327347	ENSG00000086475	True
ENST00000378605.3	ENST00000378605	ENSG00000165626	True
ENST00000378572.8	ENST00000378572	ENSG00000165630	True
ENST00000357447.7	ENST00000357447	ENSG00000151474	True
ENST00000622567.4	ENST00000622567	ENSG00000065809	True
ENST00000437161.7	ENST00000437161	ENSG00000284024	True
ENST00000378372.8	ENST00000378372	ENSG00000187522	True
ENST00000354919.11	ENST00000354919	ENSG00000152455	True
ENST00000378278.7	ENST00000378278	ENSG00000152457	True
ENST00000356189.6	ENST00000356189	ENSG00000176244	True
ENST00000616640.1	ENST00000616640	ENSG00000152464	True
ENST00000378165.9	ENST00000378165	ENSG00000152465	True
ENST00000378116.9	ENST00000378116	ENSG00000148468	True
ENST00000277632.8	ENST00000277632	ENSG00000148481	True
ENST00000378000.5	ENST00000378000	ENSG00000165983	True
ENST00000377921.7	ENST00000377921	ENSG00000148484	True
ENST00000544301.7	ENST00000544301	ENSG00000026025	True
ENST00000361271.8	ENST00000361271	ENSG00000165996	True
ENST00000377524.8	ENST00000377524	ENSG00000136738	True
ENST00000377304.7	ENST00000377304	ENSG00000241058	True
ENST00000377275.4	ENST00000377275	ENSG00000165997	True
ENST00000417816.2	ENST00000417816	ENSG00000078114	True
ENST00000307729.12	ENST00000307729	ENSG00000078403	True
ENST00000376980.8	ENST00000376980	ENSG00000136770	True
ENST00000376836.8	ENST00000376836	ENSG00000148444	True
ENST00000376573.9	ENST00000376573	ENSG00000150867	True
ENST00000376510.8	ENST00000376510	ENSG00000148450	True
ENST00000376454.8	ENST00000376454	ENSG00000120549	True
ENST00000396432.7	ENST00000396432	ENSG00000107863	True
ENST00000320152.11	ENST00000320152	ENSG00000099256	True
ENST00000524413.5	ENST00000524413	ENSG00000185875	True
ENST00000376139.6	ENST00000376139	ENSG00000136754	True
ENST00000376087.4	ENST00000376087	ENSG00000107890	True
ENST00000376016.7	ENST00000376016	ENSG00000136758	True
ENST00000375940.9	ENST00000375940	ENSG00000120539	True
ENST00000396271.8	ENST00000396271	ENSG00000107897	True
ENST00000356940.11	ENST00000356940	ENSG00000099246	True
ENST00000305242.10	ENST00000305242	ENSG00000169126	True
ENST00000337532.9	ENST00000337532	ENSG00000150054	True
ENST00000354911.9	ENST00000354911	ENSG00000095787	True
ENST00000375533.6	ENST00000375533	ENSG00000095739	True
ENST00000355867.8	ENST00000355867	ENSG00000197321	True
ENST00000375377.2	ENST00000375377	ENSG00000165757	True
ENST00000263063.8	ENST00000263063	ENSG00000107951	True
ENST00000263056.6	ENST00000263056	ENSG00000107968	True
ENST00000442986.5	ENST00000442986	ENSG00000183621	True
ENST00000320985.14	ENST00000320985	ENSG00000148516	True
ENST00000375250.9	ENST00000375250	ENSG00000165322	True
ENST00000302418.5	ENST00000302418	ENSG00000170759	True
ENST00000319778.11	ENST00000319778	ENSG00000120616	True
ENST00000396033.6	ENST00000396033	ENSG00000150093	True
ENST00000265371.8	ENST00000265371	ENSG00000099250	True
ENST00000374789.8	ENST00000374789	ENSG00000148498	True
ENST00000374748.5	ENST00000374748	ENSG00000108094	True
ENST00000345491.7	ENST00000345491	ENSG00000095794	True
ENST00000374704.8	ENST00000374704	ENSG00000108100	True
ENST00000374694.2	ENST00000374694	ENSG00000177283	True
ENST00000395867.7	ENST00000395867	ENSG00000198105	True
ENST00000302609.8	ENST00000302609	ENSG00000175395	True
ENST00000458705.6	ENST00000458705	ENSG00000189180	True
ENST00000361085.9	ENST00000361085	ENSG00000075407	True
ENST00000359467.8	ENST00000359467	ENSG00000196693	True
ENST00000374518.6	ENST00000374518	ENSG00000165733	True
ENST00000374466.4	ENST00000374466	ENSG00000169826	True
ENST00000443950.6	ENST00000443950	ENSG00000169813	True
ENST00000306006.10	ENST00000306006	ENSG00000196793	True
ENST00000374435.3	ENST00000374435	ENSG00000198298	True
ENST00000395797.1	ENST00000395797	ENSG00000169740	True
ENST00000343575.10	ENST00000343575	ENSG00000107562	True
ENST00000340258.10	ENST00000340258	ENSG00000107551	True
ENST00000298295.4	ENST00000298295	ENSG00000165507	True
ENST00000298299.4	ENST00000298299	ENSG00000165512	True
ENST00000453424.7	ENST00000453424	ENSG00000165406	True
ENST00000344646.10	ENST00000344646	ENSG00000172671	True
ENST00000623400.3	ENST00000623400	ENSG00000172661	True
ENST00000580018.4	ENST00000580018	ENSG00000265354	True
ENST00000581486.5	ENST00000581486	ENSG00000266412	True
ENST00000395611.7	ENST00000395611	ENSG00000107643	True
ENST00000332853.9	ENST00000332853	ENSG00000165633	True
ENST00000355832.10	ENST00000355832	ENSG00000225830	True
ENST00000374103.9	ENST00000374103	ENSG00000197444	True
ENST00000402038.7	ENST00000402038	ENSG00000227345	True
ENST00000282633.10	ENST00000282633	ENSG00000099290	True
ENST00000361781.7	ENST00000361781	ENSG00000198964	True
ENST00000401604.8	ENST00000401604	ENSG00000185532	True
ENST00000331173.6	ENST00000331173	ENSG00000177613	True
ENST00000373970.4	ENST00000373970	ENSG00000107984	True
ENST00000373944.8	ENST00000373944	ENSG00000122952	True
ENST00000373935.4	ENST00000373935	ENSG00000151151	True
ENST00000333926.6	ENST00000333926	ENSG00000122873	True
ENST00000373910.9	ENST00000373910	ENSG00000072401	True
ENST00000487519.6	ENST00000487519	ENSG00000108064	True
ENST00000373886.8	ENST00000373886	ENSG00000122870	True
ENST00000618804.5	ENST00000618804	ENSG00000148541	True
ENST00000395348.7	ENST00000395348	ENSG00000165449	True
ENST00000263102.7	ENST00000263102	ENSG00000108091	True
ENST00000503366.5	ENST00000503366	ENSG00000151150	True
ENST00000395284.8	ENST00000395284	ENSG00000170312	True
ENST00000337910.10	ENST00000337910	ENSG00000072422	True
ENST00000373789.8	ENST00000373789	ENSG00000182010	True
ENST00000373783.3	ENST00000373783	ENSG00000181915	True
ENST00000277746.11	ENST00000277746	ENSG00000148572	True
ENST00000399262.7	ENST00000399262	ENSG00000171988	True
ENST00000373758.5	ENST00000373758	ENSG00000165476	True
ENST00000225171.7	ENST00000225171	ENSG00000108176	True
ENST00000212015.11	ENST00000212015	ENSG00000096717	True
ENST00000373700.8	ENST00000373700	ENSG00000148634	True
ENST00000358769.7	ENST00000358769	ENSG00000108187	True
ENST00000265866.11	ENST00000265866	ENSG00000096746	True
ENST00000602465.5	ENST00000602465	ENSG00000204130	True
ENST00000358410.8	ENST00000358410	ENSG00000138346	True
ENST00000609923.6	ENST00000609923	ENSG00000122912	True
ENST00000373644.5	ENST00000373644	ENSG00000138336	True
ENST00000265872.11	ENST00000265872	ENSG00000060339	True
ENST00000298596.11	ENST00000298596	ENSG00000165730	True
ENST00000373585.8	ENST00000373585	ENSG00000107625	True
ENST00000354185.9	ENST00000354185	ENSG00000165732	True
ENST00000361983.7	ENST00000361983	ENSG00000198954	True
ENST00000242465.4	ENST00000242465	ENSG00000122862	True
ENST00000263559.11	ENST00000263559	ENSG00000122958	True
ENST00000359655.9	ENST00000359655	ENSG00000156502	True
ENST00000359426.6	ENST00000359426	ENSG00000156515	True
ENST00000373290.7	ENST00000373290	ENSG00000099282	True
ENST00000373279.6	ENST00000373279	ENSG00000171224	True
ENST00000645393.1	ENST00000645393	ENSG00000197467	True
ENST00000373255.9	ENST00000373255	ENSG00000099284	True
ENST00000613322.4	ENST00000613322	ENSG00000042286	True
ENST00000287078.7	ENST00000287078	ENSG00000156521	True
ENST00000373242.6	ENST00000373242	ENSG00000079332	True
ENST00000373232.8	ENST00000373232	ENSG00000180817	True
ENST00000355790.8	ENST00000355790	ENSG00000172731	True
ENST00000373218.5	ENST00000373218	ENSG00000148730	True
ENST00000263563.7	ENST00000263563	ENSG00000107719	True
ENST00000373202.8	ENST00000373202	ENSG00000166224	True
ENST00000299299.4	ENST00000299299	ENSG00000166228	True
ENST00000335350.10	ENST00000335350	ENSG00000107731	True
ENST00000373189.6	ENST00000373189	ENSG00000198246	True
ENST00000394957.8	ENST00000394957	ENSG00000107738	True
ENST00000394936.8	ENST00000394936	ENSG00000197746	True
ENST00000373115.5	ENST00000373115	ENSG00000122863	True
ENST00000394919.5	ENST00000394919	ENSG00000138303	True
ENST00000621663.4	ENST00000621663	ENSG00000166295	True
ENST00000307365.4	ENST00000307365	ENSG00000168209	True
ENST00000444643.7	ENST00000444643	ENSG00000148719	True
ENST00000361114.10	ENST00000361114	ENSG00000107745	True
ENST00000373053.7	ENST00000373053	ENSG00000156026	True
ENST00000263556.3	ENST00000263556	ENSG00000122884	True
ENST00000357321.9	ENST00000357321	ENSG00000166321	True
ENST00000372979.9	ENST00000372979	ENSG00000122882	True
ENST00000242505.11	ENST00000242505	ENSG00000138286	True
ENST00000372950.6	ENST00000372950	ENSG00000213551	True
ENST00000372945.8	ENST00000372945	ENSG00000182180	True
ENST00000372919.8	ENST00000372919	ENSG00000138279	True
ENST00000360663.9	ENST00000360663	ENSG00000107758	True
ENST00000339859.8	ENST00000339859	ENSG00000166348	True
ENST00000339365.2	ENST00000339365	ENSG00000176986	True
ENST00000372841.8	ENST00000372841	ENSG00000196968	True
ENST00000372833.6	ENST00000372833	ENSG00000172586	True
ENST00000398706.6	ENST00000398706	ENSG00000214655	True
ENST00000322635.7	ENST00000322635	ENSG00000148660	True
ENST00000372764.4	ENST00000372764	ENSG00000122861	True
ENST00000211998.10	ENST00000211998	ENSG00000035403	True
ENST00000355264.8	ENST00000355264	ENSG00000185009	True
ENST00000539909.6	ENST00000539909	ENSG00000156110	True
ENST00000287239.10	ENST00000287239	ENSG00000156650	True
ENST00000671800.1	ENST00000671800	ENSG00000156671	True
ENST00000332211.10	ENST00000332211	ENSG00000165637	True
ENST00000372538.8	ENST00000372538	ENSG00000165644	True
ENST00000372524.5	ENST00000372524	ENSG00000165655	True
ENST00000611255.5	ENST00000611255	ENSG00000148655	True
ENST00000286627.10	ENST00000286627	ENSG00000156113	True
ENST00000372391.7	ENST00000372391	ENSG00000151208	True
ENST00000372371.8	ENST00000372371	ENSG00000148606	True
ENST00000645440.1	ENST00000645440	ENSG00000138326	True
ENST00000334512.10	ENST00000334512	ENSG00000108175	True
ENST00000225174.8	ENST00000225174	ENSG00000108179	True
ENST00000372336.4	ENST00000372336	ENSG00000165424	True
ENST00000372281.8	ENST00000372281	ENSG00000133678	True
ENST00000438331.5	ENST00000438331	ENSG00000122359	True
ENST00000606162.6	ENST00000606162	ENSG00000122378	True
ENST00000372134.6	ENST00000372134	ENSG00000165678	True
ENST00000372088.8	ENST00000372088	ENSG00000107771	True
ENST00000298767.10	ENST00000298767	ENSG00000062650	True
ENST00000372037.8	ENST00000372037	ENSG00000107779	True
ENST00000372017.4	ENST00000372017	ENSG00000173267	True
ENST00000372013.8	ENST00000372013	ENSG00000148671	True
ENST00000277865.5	ENST00000277865	ENSG00000148672	True
ENST00000298786.4	ENST00000298786	ENSG00000122376	True
ENST00000371996.9	ENST00000371996	ENSG00000107789	True
ENST00000361175.8	ENST00000361175	ENSG00000198682	True
ENST00000308448.11	ENST00000308448	ENSG00000138138	True
ENST00000371953.8	ENST00000371953	ENSG00000171862	True
ENST00000331772.9	ENST00000331772	ENSG00000184719	True
ENST00000371924.5	ENST00000371924	ENSG00000138134	True
ENST00000224784.10	ENST00000224784	ENSG00000107796	True
ENST00000652046.1	ENST00000652046	ENSG00000026103	True
ENST00000336233.10	ENST00000336233	ENSG00000107798	True
ENST00000638108.1	ENST00000638108	ENSG00000119922	True
ENST00000371811.4	ENST00000371811	ENSG00000119917	True
ENST00000371804.4	ENST00000371804	ENSG00000185745	True
ENST00000371795.5	ENST00000371795	ENSG00000152778	True
ENST00000342512.3	ENST00000342512	ENSG00000152782	True
ENST00000260753.8	ENST00000260753	ENSG00000138182	True
ENST00000371703.7	ENST00000371703	ENSG00000148688	True
ENST00000371697.3	ENST00000371697	ENSG00000148677	True
ENST00000336126.6	ENST00000336126	ENSG00000180628	True
ENST00000298068.9	ENST00000298068	ENSG00000165338	True
ENST00000238994.6	ENST00000238994	ENSG00000119938	True
ENST00000371627.5	ENST00000371627	ENSG00000107854	True
ENST00000311575.6	ENST00000311575	ENSG00000174721	True
ENST00000265990.11	ENST00000265990	ENSG00000095564	True
ENST00000412050.8	ENST00000412050	ENSG00000107864	True
ENST00000358935.3	ENST00000358935	ENSG00000198060	True
ENST00000265986.11	ENST00000265986	ENSG00000119912	True
ENST00000260731.5	ENST00000260731	ENSG00000138160	True
ENST00000282728.10	ENST00000282728	ENSG00000152804	True
ENST00000359263.9	ENST00000359263	ENSG00000138119	True
ENST00000371485.8	ENST00000371485	ENSG00000138180	True
ENST00000359204.5	ENST00000359204	ENSG00000148690	True
ENST00000427197.2	ENST00000427197	ENSG00000176273	True
ENST00000371361.3	ENST00000371361	ENSG00000173145	True
ENST00000225235.5	ENST00000225235	ENSG00000108239	True
ENST00000348459.10	ENST00000348459	ENSG00000119969	True
ENST00000329399.7	ENST00000329399	ENSG00000107438	True
ENST00000371227.8	ENST00000371227	ENSG00000095637	True
ENST00000371224.7	ENST00000371224	ENSG00000059573	True
ENST00000614499.4	ENST00000614499	ENSG00000119977	True
ENST00000465148.3	ENST00000465148	ENSG00000107443	True
ENST00000624776.3	ENST00000624776	ENSG00000177853	True
ENST00000371142.9	ENST00000371142	ENSG00000077147	True
ENST00000339364.10	ENST00000339364	ENSG00000155629	True
ENST00000371103.8	ENST00000371103	ENSG00000196233	True
ENST00000371019.4	ENST00000371019	ENSG00000181274	True
ENST00000536831.5	ENST00000536831	ENSG00000052749	True
ENST00000334828.6	ENST00000334828	ENSG00000171314	True
ENST00000370902.8	ENST00000370902	ENSG00000171311	True
ENST00000393760.6	ENST00000393760	ENSG00000171307	True
ENST00000370782.6	ENST00000370782	ENSG00000155229	True
ENST00000370664.4	ENST00000370664	ENSG00000165886	True
ENST00000307450.11	ENST00000307450	ENSG00000171160	True
ENST00000370631.3	ENST00000370631	ENSG00000155252	True
ENST00000370626.4	ENST00000370626	ENSG00000119986	True
ENST00000285605.8	ENST00000285605	ENSG00000155254	True
ENST00000393677.8	ENST00000393677	ENSG00000155256	True
ENST00000298999.7	ENST00000298999	ENSG00000166024	True
ENST00000260702.4	ENST00000260702	ENSG00000138131	True
ENST00000370575.5	ENST00000370575	ENSG00000119943	True
ENST00000613394.4	ENST00000613394	ENSG00000107521	True
ENST00000356713.5	ENST00000356713	ENSG00000119946	True
ENST00000370508.7	ENST00000370508	ENSG00000120053	True
ENST00000370495.6	ENST00000370495	ENSG00000155287	True
ENST00000370489.5	ENST00000370489	ENSG00000198018	True
ENST00000370476.10	ENST00000370476	ENSG00000119929	True
ENST00000016171.6	ENST00000016171	ENSG00000014919	True
ENST00000324109.9	ENST00000324109	ENSG00000107554	True
ENST00000421367.7	ENST00000421367	ENSG00000107566	True
ENST00000370397.8	ENST00000370397	ENSG00000213341	True
ENST00000354105.10	ENST00000354105	ENSG00000095485	True
ENST00000370372.7	ENST00000370372	ENSG00000196072	True
ENST00000370355.3	ENST00000370355	ENSG00000099194	True
ENST00000299166.9	ENST00000299166	ENSG00000166136	True
ENST00000370269.3	ENST00000370269	ENSG00000119906	True
ENST00000318364.12	ENST00000318364	ENSG00000055950	True
ENST00000210633.3	ENST00000210633	ENSG00000095539	True
ENST00000311916.8	ENST00000311916	ENSG00000107815	True
ENST00000393459.5	ENST00000393459	ENSG00000107819	True
ENST00000370200.6	ENST00000370200	ENSG00000107821	True
ENST00000370162.8	ENST00000370162	ENSG00000166169	True
ENST00000331272.9	ENST00000331272	ENSG00000107829	True
ENST00000370110.5	ENST00000370110	ENSG00000107833	True
ENST00000361464.8	ENST00000361464	ENSG00000198408	True
ENST00000370033.9	ENST00000370033	ENSG00000120029	True
ENST00000299238.7	ENST00000299238	ENSG00000166189	True
ENST00000673968.1	ENST00000673968	ENSG00000198728	True
ENST00000278070.7	ENST00000278070	ENSG00000148840	True
ENST00000405356.5	ENST00000405356	ENSG00000166197	True
ENST00000369983.3	ENST00000369983	ENSG00000107862	True
ENST00000369966.8	ENST00000369966	ENSG00000077150	True
ENST00000369937.5	ENST00000369937	ENSG00000107874	True
ENST00000238936.8	ENST00000238936	ENSG00000138111	True
ENST00000369905.9	ENST00000369905	ENSG00000138107	True
ENST00000369902.8	ENST00000369902	ENSG00000107882	True
ENST00000260746.6	ENST00000260746	ENSG00000138175	True
ENST00000369893.10	ENST00000369893	ENSG00000156398	True
ENST00000369889.5	ENST00000369889	ENSG00000166272	True
ENST00000343289.9	ENST00000343289	ENSG00000076685	True
ENST00000369849.9	ENST00000369849	ENSG00000148798	True
ENST00000369847.4	ENST00000369847	ENSG00000156374	True
ENST00000369825.6	ENST00000369825	ENSG00000173915	True
ENST00000369797.8	ENST00000369797	ENSG00000148843	True
ENST00000224950.8	ENST00000224950	ENSG00000107960	True
ENST00000369755.4	ENST00000369755	ENSG00000065613	True
ENST00000369729.7	ENST00000369729	ENSG00000156384	True
ENST00000369713.10	ENST00000369713	ENSG00000148834	True
ENST00000338595.7	ENST00000338595	ENSG00000065621	True
ENST00000278071.6	ENST00000278071	ENSG00000148841	True
ENST00000502935.6	ENST00000502935	ENSG00000108039	True
ENST00000277900.12	ENST00000277900	ENSG00000148700	True
ENST00000239007.11	ENST00000239007	ENSG00000119950	True
ENST00000369603.10	ENST00000369603	ENSG00000119953	True
ENST00000369583.4	ENST00000369583	ENSG00000138166	True
ENST00000361804.5	ENST00000361804	ENSG00000108055	True
ENST00000280154.12	ENST00000280154	ENSG00000150593	True
ENST00000652396.1	ENST00000652396	ENSG00000214413	True
ENST00000369452.9	ENST00000369452	ENSG00000108061	True
ENST00000348367.9	ENST00000348367	ENSG00000119927	True
ENST00000393081.5	ENST00000393081	ENSG00000197142	True
ENST00000369405.7	ENST00000369405	ENSG00000023041	True
ENST00000393077.2	ENST00000393077	ENSG00000151532	True
ENST00000369397.8	ENST00000369397	ENSG00000148737	True
ENST00000345633.8	ENST00000345633	ENSG00000165806	True
ENST00000361384.7	ENST00000361384	ENSG00000198924	True
ENST00000648613.1	ENST00000648613	ENSG00000165813	True
ENST00000369256.6	ENST00000369256	ENSG00000099204	True
ENST00000369248.9	ENST00000369248	ENSG00000151553	True
ENST00000298746.5	ENST00000298746	ENSG00000165832	True
ENST00000439649.7	ENST00000439649	ENSG00000151892	True
ENST00000635765.1	ENST00000635765	ENSG00000165868	True
ENST00000615301.4	ENST00000615301	ENSG00000187164	True
ENST00000334464.7	ENST00000334464	ENSG00000165650	True
ENST00000355624.8	ENST00000355624	ENSG00000107560	True
ENST00000425699.3	ENST00000425699	ENSG00000188613	True
ENST00000369144.8	ENST00000369144	ENSG00000107581	True
ENST00000361432.3	ENST00000361432	ENSG00000119979	True
ENST00000355697.7	ENST00000355697	ENSG00000183605	True
ENST00000298510.4	ENST00000298510	ENSG00000165672	True
ENST00000392870.3	ENST00000392870	ENSG00000198873	True
ENST00000369103.3	ENST00000369103	ENSG00000148908	True
ENST00000369093.6	ENST00000369093	ENSG00000151923	True
ENST00000369085.8	ENST00000369085	ENSG00000151929	True
ENST00000650623.2	ENST00000650623	ENSG00000198825	True
ENST00000369077.3	ENST00000369077	ENSG00000197771	True
ENST00000369075.8	ENST00000369075	ENSG00000107651	True
ENST00000263461.11	ENST00000263461	ENSG00000120008	True
ENST00000224652.10	ENST00000224652	ENSG00000107669	True
ENST00000369023.8	ENST00000369023	ENSG00000107672	True
ENST00000369005.6	ENST00000369005	ENSG00000138162	True
ENST00000368984.8	ENST00000368984	ENSG00000166033	True
ENST00000481909.2	ENST00000481909	ENSG00000119965	True
ENST00000617859.4	ENST00000617859	ENSG00000095574	True
ENST00000358776.7	ENST00000358776	ENSG00000196177	True
ENST00000368858.9	ENST00000368858	ENSG00000154473	True
ENST00000346248.7	ENST00000346248	ENSG00000182022	True
ENST00000368845.6	ENST00000368845	ENSG00000065154	True
ENST00000368842.10	ENST00000368842	ENSG00000107902	True
ENST00000337318.8	ENST00000337318	ENSG00000189319	True
ENST00000368836.7	ENST00000368836	ENSG00000203791	True
ENST00000359653.4	ENST00000359653	ENSG00000019995	True
ENST00000337195.9	ENST00000337195	ENSG00000175029	True
ENST00000356792.9	ENST00000356792	ENSG00000107938	True
ENST00000368797.10	ENST00000368797	ENSG00000188690	True
ENST00000284690.4	ENST00000284690	ENSG00000089876	True
ENST00000368679.8	ENST00000368679	ENSG00000148848	True
ENST00000280333.9	ENST00000280333	ENSG00000150760	True
ENST00000306042.9	ENST00000306042	ENSG00000132334	True
ENST00000306010.8	ENST00000306010	ENSG00000170430	True
ENST00000368648.8	ENST00000368648	ENSG00000108001	True
ENST00000368644.5	ENST00000368644	ENSG00000108010	True
ENST00000455566.6	ENST00000455566	ENSG00000175470	True
ENST00000338492.9	ENST00000338492	ENSG00000151640	True
ENST00000298630.8	ENST00000298630	ENSG00000165752	True
ENST00000368614.8	ENST00000368614	ENSG00000148814	True
ENST00000305233.6	ENST00000305233	ENSG00000171813	True
ENST00000368594.8	ENST00000368594	ENSG00000068383	True
ENST00000368563.6	ENST00000368563	ENSG00000130640	True
ENST00000361518.10	ENST00000361518	ENSG00000198546	True
ENST00000368547.4	ENST00000368547	ENSG00000127884	True
ENST00000317502.11	ENST00000317502	ENSG00000148824	True
ENST00000382762.7	ENST00000382762	ENSG00000177951	True
ENST00000532097.6	ENST00000532097	ENSG00000185627	True
ENST00000409548.7	ENST00000409548	ENSG00000142102	True
ENST00000616316.1	ENST00000616316	ENSG00000185201	True
ENST00000328221.5	ENST00000328221	ENSG00000185885	True
ENST00000399808.5	ENST00000399808	ENSG00000142089	True
ENST00000329962.11	ENST00000329962	ENSG00000182272	True
ENST00000331563.7	ENST00000331563	ENSG00000184363	True
ENST00000431843.7	ENST00000431843	ENSG00000185187	True
ENST00000308020.6	ENST00000308020	ENSG00000174915	True
ENST00000451590.5	ENST00000451590	ENSG00000174775	True
ENST00000397583.8	ENST00000397583	ENSG00000099849	True
ENST00000264555.10	ENST00000264555	ENSG00000070047	True
ENST00000397566.5	ENST00000397566	ENSG00000185507	True
ENST00000382409.4	ENST00000382409	ENSG00000177030	True
ENST00000533256.5	ENST00000533256	ENSG00000177106	True
ENST00000397510.7	ENST00000397510	ENSG00000177042	True
ENST00000319863.13	ENST00000319863	ENSG00000177225	True
ENST00000320230.9	ENST00000320230	ENSG00000177542	True
ENST00000347755.10	ENST00000347755	ENSG00000177595	True
ENST00000530797.5	ENST00000530797	ENSG00000177600	True
ENST00000336615.9	ENST00000336615	ENSG00000177666	True
ENST00000525077.2	ENST00000525077	ENSG00000177685	True
ENST00000397420.9	ENST00000397420	ENSG00000177697	True
ENST00000322028.5	ENST00000322028	ENSG00000177700	True
ENST00000397404.5	ENST00000397404	ENSG00000214063	True
ENST00000449825.5	ENST00000449825	ENSG00000177830	True
ENST00000448903.7	ENST00000448903	ENSG00000183020	True
ENST00000317204.11	ENST00000317204	ENSG00000078902	True
ENST00000329957.7	ENST00000329957	ENSG00000182208	True
ENST00000397374.8	ENST00000397374	ENSG00000184545	True
ENST00000236671.7	ENST00000236671	ENSG00000117984	True
ENST00000311604.8	ENST00000311604	ENSG00000130592	True
ENST00000397298.8	ENST00000397298	ENSG00000214026	True
ENST00000263645.10	ENST00000263645	ENSG00000110651	True
ENST00000380996.9	ENST00000380996	ENSG00000184281	True
ENST00000414822.8	ENST00000414822	ENSG00000129757	True
ENST00000380574.5	ENST00000380574	ENSG00000110628	True
ENST00000314222.5	ENST00000314222	ENSG00000181649	True
ENST00000380542.9	ENST00000380542	ENSG00000205531	True
ENST00000380525.8	ENST00000380525	ENSG00000110619	True
ENST00000263650.12	ENST00000263650	ENSG00000021762	True
ENST00000399602.9	ENST00000399602	ENSG00000005801	True
ENST00000324932.12	ENST00000324932	ENSG00000110713	True
ENST00000278243.9	ENST00000278243	ENSG00000148985	True
ENST00000351018.5	ENST00000351018	ENSG00000177105	True
ENST00000300737.8	ENST00000300737	ENSG00000167323	True
ENST00000300738.10	ENST00000300738	ENSG00000167325	True
ENST00000254436.8	ENST00000254436	ENSG00000132109	True
ENST00000300747.10	ENST00000300747	ENSG00000167333	True
ENST00000278302.9	ENST00000278302	ENSG00000121236	True
ENST00000380034.8	ENST00000380034	ENSG00000132256	True
ENST00000379965.8	ENST00000379965	ENSG00000132274	True
ENST00000449352.7	ENST00000449352	ENSG00000051009	True
ENST00000303927.4	ENST00000303927	ENSG00000170955	True
ENST00000342245.9	ENST00000342245	ENSG00000166311	True
ENST00000299402.10	ENST00000299402	ENSG00000166313	True
ENST00000525074.5	ENST00000525074	ENSG00000110171	True
ENST00000254584.6	ENST00000254584	ENSG00000132254	True
ENST00000254605.11	ENST00000254605	ENSG00000132275	True
ENST00000396751.6	ENST00000396751	ENSG00000166333	True
ENST00000299424.9	ENST00000299424	ENSG00000166337	True
ENST00000299427.12	ENST00000299427	ENSG00000166340	True
ENST00000288937.7	ENST00000288937	ENSG00000158042	True
ENST00000278319.10	ENST00000278319	ENSG00000149054	True
ENST00000299492.9	ENST00000299492	ENSG00000166387	True
ENST00000533558.5	ENST00000533558	ENSG00000166394	True
ENST00000533626.5	ENST00000533626	ENSG00000175390	True
ENST00000299506.3	ENST00000299506	ENSG00000166402	True
ENST00000447869.5	ENST00000447869	ENSG00000130413	True
ENST00000314138.11	ENST00000314138	ENSG00000166441	True
ENST00000534127.5	ENST00000534127	ENSG00000166444	True
ENST00000309377.9	ENST00000309377	ENSG00000166452	True
ENST00000534025.6	ENST00000534025	ENSG00000175348	True
ENST00000309166.8	ENST00000309166	ENSG00000175352	True
ENST00000328194.8	ENST00000328194	ENSG00000184014	True
ENST00000528080.6	ENST00000528080	ENSG00000166471	True
ENST00000379719.8	ENST00000379719	ENSG00000205339	True
ENST00000396602.7	ENST00000396602	ENSG00000166478	True
ENST00000450114.7	ENST00000450114	ENSG00000166483	True
ENST00000318950.11	ENST00000318950	ENSG00000133789	True
ENST00000256190.12	ENST00000256190	ENSG00000133812	True
ENST00000528655.5	ENST00000528655	ENSG00000148926	True
ENST00000396553.6	ENST00000396553	ENSG00000133805	True
ENST00000265981.7	ENST00000265981	ENSG00000110315	True
ENST00000361367.7	ENST00000361367	ENSG00000198730	True
ENST00000526148.5	ENST00000526148	ENSG00000110321	True
ENST00000432999.6	ENST00000432999	ENSG00000236287	True
ENST00000227756.5	ENST00000227756	ENSG00000110328	True
ENST00000527733.7	ENST00000527733	ENSG00000170242	True
ENST00000396505.7	ENST00000396505	ENSG00000050165	True
ENST00000334956.15	ENST00000334956	ENSG00000197702	True
ENST00000334310.10	ENST00000334310	ENSG00000187079	True
ENST00000403290.5	ENST00000403290	ENSG00000133794	True
ENST00000278174.9	ENST00000278174	ENSG00000148925	True
ENST00000354817.8	ENST00000354817	ENSG00000197601	True
ENST00000256196.9	ENST00000256196	ENSG00000133818	True
ENST00000249923.7	ENST00000249923	ENSG00000129083	True
ENST00000396394.6	ENST00000396394	ENSG00000129084	True
ENST00000282096.9	ENST00000282096	ENSG00000152270	True
ENST00000334636.9	ENST00000334636	ENSG00000186104	True
ENST00000528252.5	ENST00000528252	ENSG00000110693	True
ENST00000228136.9	ENST00000228136	ENSG00000110696	True
ENST00000525634.6	ENST00000525634	ENSG00000110700	True
ENST00000529010.6	ENST00000529010	ENSG00000070081	True
ENST00000338965.9	ENST00000338965	ENSG00000188211	True
ENST00000265965.10	ENST00000265965	ENSG00000129158	True
ENST00000524803.6	ENST00000524803	ENSG00000166788	True
ENST00000349215.8	ENST00000349215	ENSG00000110756	True
ENST00000265963.9	ENST00000265963	ENSG00000110768	True
ENST00000422447.8	ENST00000422447	ENSG00000134333	True
ENST00000251968.4	ENST00000251968	ENSG00000074319	True
ENST00000396197.8	ENST00000396197	ENSG00000151116	True
ENST00000336349.6	ENST00000336349	ENSG00000179119	True
ENST00000280734.3	ENST00000280734	ENSG00000151117	True
ENST00000446113.7	ENST00000446113	ENSG00000177054	True
ENST00000250024.9	ENST00000250024	ENSG00000129173	True
ENST00000451739.6	ENST00000451739	ENSG00000109854	True
ENST00000331079.11	ENST00000331079	ENSG00000185238	True
ENST00000324559.9	ENST00000324559	ENSG00000171714	True
ENST00000354193.5	ENST00000354193	ENSG00000198168	True
ENST00000328697.11	ENST00000328697	ENSG00000109881	True
ENST00000379214.9	ENST00000379214	ENSG00000205213	True
ENST00000314915.6	ENST00000314915	ENSG00000176697	True
ENST00000263181.7	ENST00000263181	ENSG00000121621	True
ENST00000407364.8	ENST00000407364	ENSG00000169519	True
ENST00000282032.4	ENST00000282032	ENSG00000152219	True
ENST00000465995.6	ENST00000465995	ENSG00000170946	True
ENST00000278200.5	ENST00000278200	ENSG00000148950	True
ENST00000643871.1	ENST00000643871	ENSG00000007372	True
ENST00000054950.4	ENST00000054950	ENSG00000049449	True
ENST00000531120.6	ENST00000531120	ENSG00000149100	True
ENST00000257836.4	ENST00000257836	ENSG00000135378	True
ENST00000399302.7	ENST00000399302	ENSG00000060749	True
ENST00000241051.8	ENST00000241051	ENSG00000121690	True
ENST00000334274.9	ENST00000334274	ENSG00000176148	True
ENST00000323959.9	ENST00000323959	ENSG00000176102	True
ENST00000456517.2	ENST00000456517	ENSG00000110422	True
ENST00000651785.1	ENST00000651785	ENSG00000085063	True
ENST00000265651.8	ENST00000265651	ENSG00000110429	True
ENST00000395833.7	ENST00000395833	ENSG00000135363	True
ENST00000341394.9	ENST00000341394	ENSG00000135387	True
ENST00000257829.8	ENST00000257829	ENSG00000135372	True
ENST00000435224.3	ENST00000435224	ENSG00000166016	True
ENST00000241052.5	ENST00000241052	ENSG00000121691	True
ENST00000395787.4	ENST00000395787	ENSG00000149089	True
ENST00000227868.9	ENST00000227868	ENSG00000110435	True
ENST00000428726.8	ENST00000428726	ENSG00000026508	True
ENST00000317811.6	ENST00000317811	ENSG00000179431	True
ENST00000315571.6	ENST00000315571	ENSG00000179241	True
ENST00000378867.7	ENST00000378867	ENSG00000135362	True
ENST00000526995.6	ENST00000526995	ENSG00000175104	True
ENST00000446510.6	ENST00000446510	ENSG00000166352	True
ENST00000378852.7	ENST00000378852	ENSG00000166181	True
ENST00000039989.9	ENST00000039989	ENSG00000052841	True
ENST00000637401.1	ENST00000637401	ENSG00000149084	True
ENST00000302708.9	ENST00000302708	ENSG00000166199	True
ENST00000617612.3	ENST00000617612	ENSG00000187479	True
ENST00000263776.9	ENST00000263776	ENSG00000110455	True
ENST00000533608.7	ENST00000533608	ENSG00000151348	True
ENST00000227155.9	ENST00000227155	ENSG00000085117	True
ENST00000520358.7	ENST00000520358	ENSG00000157570	True
ENST00000533940.5	ENST00000533940	ENSG00000175274	True
ENST00000314134.4	ENST00000314134	ENSG00000181830	True
ENST00000616623.4	ENST00000616623	ENSG00000121671	True
ENST00000241014.6	ENST00000241014	ENSG00000121653	True
ENST00000378750.10	ENST00000378750	ENSG00000121680	True
ENST00000401752.6	ENST00000401752	ENSG00000165905	True
ENST00000323180.10	ENST00000323180	ENSG00000135365	True
ENST00000621158.5	ENST00000621158	ENSG00000157613	True
ENST00000405308.6	ENST00000405308	ENSG00000110492	True
ENST00000314845.7	ENST00000314845	ENSG00000110497	True
ENST00000326737.3	ENST00000326737	ENSG00000180423	True
ENST00000524625.5	ENST00000524625	ENSG00000175224	True
ENST00000311956.9	ENST00000311956	ENSG00000175220	True
ENST00000529230.6	ENST00000529230	ENSG00000175216	True
ENST00000378623.6	ENST00000378623	ENSG00000134569	True
ENST00000278460.12	ENST00000278460	ENSG00000149179	True
ENST00000524782.6	ENST00000524782	ENSG00000149182	True
ENST00000539589.5	ENST00000539589	ENSG00000165912	True
ENST00000256996.9	ENST00000256996	ENSG00000134574	True
ENST00000256997.9	ENST00000256997	ENSG00000134575	True
ENST00000311027.9	ENST00000311027	ENSG00000110514	True
ENST00000354884.8	ENST00000354884	ENSG00000165915	True
ENST00000619920.4	ENST00000619920	ENSG00000165916	True
ENST00000531165.5	ENST00000531165	ENSG00000149187	True
ENST00000326674.10	ENST00000326674	ENSG00000110536	True
ENST00000302503.8	ENST00000302503	ENSG00000109919	True
ENST00000263773.10	ENST00000263773	ENSG00000109920	True
ENST00000378460.6	ENST00000378460	ENSG00000030066	True
ENST00000418331.7	ENST00000418331	ENSG00000149177	True
ENST00000532437.1	ENST00000532437	ENSG00000149115	True
ENST00000278412.7	ENST00000278412	ENSG00000149136	True
ENST00000395123.6	ENST00000395123	ENSG00000134802	True
ENST00000335099.8	ENST00000335099	ENSG00000186907	True
ENST00000278426.8	ENST00000278426	ENSG00000149150	True
ENST00000257245.9	ENST00000257245	ENSG00000134809	True
ENST00000287156.9	ENST00000287156	ENSG00000156587	True
ENST00000278407.9	ENST00000278407	ENSG00000149131	True
ENST00000533682.2	ENST00000533682	ENSG00000172409	True
ENST00000431606.4	ENST00000431606	ENSG00000156603	True
ENST00000278422.9	ENST00000278422	ENSG00000213593	True
ENST00000395074.6	ENST00000395074	ENSG00000110031	True
ENST00000316059.7	ENST00000316059	ENSG00000186660	True
ENST00000343597.4	ENST00000343597	ENSG00000189057	True
ENST00000227451.4	ENST00000227451	ENSG00000110042	True
ENST00000263847.6	ENST00000263847	ENSG00000110048	True
ENST00000300146.10	ENST00000300146	ENSG00000166889	True
ENST00000337979.9	ENST00000337979	ENSG00000166900	True
ENST00000300151.5	ENST00000300151	ENSG00000166902	True
ENST00000227524.9	ENST00000227524	ENSG00000110107	True
ENST00000227525.8	ENST00000227525	ENSG00000110108	True
ENST00000005286.8	ENST00000005286	ENSG00000006118	True
ENST00000301765.10	ENST00000301765	ENSG00000167987	True
ENST00000301764.12	ENST00000301764	ENSG00000167986	True
ENST00000394900.7	ENST00000394900	ENSG00000149476	True
ENST00000294072.9	ENST00000294072	ENSG00000162144	True
ENST00000278826.11	ENST00000278826	ENSG00000149483	True
ENST00000515837.7	ENST00000515837	ENSG00000187049	True
ENST00000439958.7	ENST00000439958	ENSG00000149532	True
ENST00000301761.7	ENST00000301761	ENSG00000167985	True
ENST00000257215.10	ENST00000257215	ENSG00000134780	True
ENST00000278836.9	ENST00000278836	ENSG00000124920	True
ENST00000537328.6	ENST00000537328	ENSG00000134825	True
ENST00000305885.3	ENST00000305885	ENSG00000168496	True
ENST00000278840.9	ENST00000278840	ENSG00000134824	True
ENST00000350997.12	ENST00000350997	ENSG00000149485	True
ENST00000278829.7	ENST00000278829	ENSG00000221968	True
ENST00000394836.7	ENST00000394836	ENSG00000167994	True
ENST00000273550.12	ENST00000273550	ENSG00000167996	True
ENST00000394818.8	ENST00000394818	ENSG00000149503	True
ENST00000415229.6	ENST00000415229	ENSG00000162174	True
ENST00000257247.11	ENST00000257247	ENSG00000124942	True
ENST00000476907.6	ENST00000476907	ENSG00000149016	True
ENST00000278823.7	ENST00000278823	ENSG00000149480	True
ENST00000394773.6	ENST00000394773	ENSG00000149499	True
ENST00000265471.10	ENST00000265471	ENSG00000149541	True
ENST00000330574.2	ENST00000330574	ENSG00000185085	True
ENST00000532971.2	ENST00000532971	ENSG00000214756	True
ENST00000531323.1	ENST00000531323	ENSG00000204922	True
ENST00000301935.9	ENST00000301935	ENSG00000162191	True
ENST00000301785.7	ENST00000301785	ENSG00000214753	True
ENST00000316461.9	ENST00000316461	ENSG00000162222	True
ENST00000673933.1	ENST00000673933	ENSG00000185670	True
ENST00000301788.12	ENST00000301788	ENSG00000168002	True
ENST00000294168.8	ENST00000294168	ENSG00000162227	True
ENST00000333449.9	ENST00000333449	ENSG00000185475	True
ENST00000532297.5	ENST00000532297	ENSG00000162231	True
ENST00000294179.8	ENST00000294179	ENSG00000162236	True
ENST00000525239.5	ENST00000525239	ENSG00000133316	True
ENST00000338663.11	ENST00000338663	ENSG00000168003	True
ENST00000255688.8	ENST00000255688	ENSG00000133321	True
ENST00000323646.9	ENST00000323646	ENSG00000176485	True
ENST00000398868.8	ENST00000398868	ENSG00000184743	True
ENST00000537981.5	ENST00000537981	ENSG00000133318	True
ENST00000433688.2	ENST00000433688	ENSG00000188070	True
ENST00000294244.9	ENST00000294244	ENSG00000168005	True
ENST00000502399.7	ENST00000502399	ENSG00000072518	True
ENST00000301459.5	ENST00000301459	ENSG00000167771	True
ENST00000377793.9	ENST00000377793	ENSG00000110583	True
ENST00000314133.4	ENST00000314133	ENSG00000176340	True
ENST00000538426.5	ENST00000538426	ENSG00000167770	True
ENST00000255681.7	ENST00000255681	ENSG00000133315	True
ENST00000305218.9	ENST00000305218	ENSG00000168439	True
ENST00000317459.11	ENST00000317459	ENSG00000149743	True
ENST00000279206.8	ENST00000279206	ENSG00000149761	True
ENST00000321685.7	ENST00000321685	ENSG00000110011	True
ENST00000309318.8	ENST00000309318	ENSG00000173457	True
ENST00000540288.5	ENST00000540288	ENSG00000149782	True
ENST00000394532.7	ENST00000394532	ENSG00000002330	True
ENST00000438980.6	ENST00000438980	ENSG00000173264	True
ENST00000405666.5	ENST00000405666	ENSG00000173153	True
ENST00000544844.6	ENST00000544844	ENSG00000173113	True
ENST00000265462.9	ENST00000265462	ENSG00000126432	True
ENST00000334205.9	ENST00000334205	ENSG00000162302	True
ENST00000377390.7	ENST00000377390	ENSG00000168066	True
ENST00000377350.7	ENST00000377350	ENSG00000168067	True
ENST00000377326.7	ENST00000377326	ENSG00000133895	True
ENST00000320631.8	ENST00000320631	ENSG00000110047	True
ENST00000377264.8	ENST00000377264	ENSG00000110046	True
ENST00000164133.7	ENST00000164133	ENSG00000068971	True
ENST00000246747.9	ENST00000246747	ENSG00000213465	True
ENST00000531072.1	ENST00000531072	ENSG00000168061	True
ENST00000275517.8	ENST00000275517	ENSG00000146670	True
ENST00000294258.8	ENST00000294258	ENSG00000162300	True
ENST00000279281.8	ENST00000279281	ENSG00000149823	True
ENST00000279263.13	ENST00000279263	ENSG00000149809	True
ENST00000310597.6	ENST00000310597	ENSG00000174276	True
ENST00000531743.5	ENST00000531743	ENSG00000149806	True
ENST00000526060.5	ENST00000526060	ENSG00000162298	True
ENST00000279242.7	ENST00000279242	ENSG00000149792	True
ENST00000527323.5	ENST00000527323	ENSG00000014216	True
ENST00000265465.8	ENST00000265465	ENSG00000014138	True
ENST00000528416.6	ENST00000528416	ENSG00000133884	True
ENST00000398802.5	ENST00000398802	ENSG00000162241	True
ENST00000317568.10	ENST00000317568	ENSG00000126391	True
ENST00000270176.10	ENST00000270176	ENSG00000142186	True
ENST00000301873.10	ENST00000301873	ENSG00000168056	True
ENST00000530349.2	ENST00000530349	ENSG00000176973	True
ENST00000309295.9	ENST00000309295	ENSG00000173442	True
ENST00000309100.8	ENST00000309100	ENSG00000173327	True
ENST00000355703.3	ENST00000355703	ENSG00000197136	True
ENST00000394224.3	ENST00000394224	ENSG00000213445	True
ENST00000406246.8	ENST00000406246	ENSG00000173039	True
ENST00000308418.10	ENST00000308418	ENSG00000172922	True
ENST00000532090.3	ENST00000532090	ENSG00000254470	True
ENST00000525451.6	ENST00000525451	ENSG00000172757	True
ENST00000308110.9	ENST00000308110	ENSG00000172732	True
ENST00000307998.11	ENST00000307998	ENSG00000172638	True
ENST00000357519.9	ENST00000357519	ENSG00000172500	True
ENST00000312579.4	ENST00000312579	ENSG00000175602	True
ENST00000312562.7	ENST00000312562	ENSG00000175592	True
ENST00000449692.3	ENST00000449692	ENSG00000175573	True
ENST00000312515.7	ENST00000312515	ENSG00000175550	True
ENST00000312397.10	ENST00000312397	ENSG00000175467	True
ENST00000533544.6	ENST00000533544	ENSG00000175376	True
ENST00000533166.5	ENST00000533166	ENSG00000175334	True
ENST00000322535.11	ENST00000322535	ENSG00000087365	True
ENST00000320580.9	ENST00000320580	ENSG00000175115	True
ENST00000417856.5	ENST00000417856	ENSG00000174996	True
ENST00000311481.11	ENST00000311481	ENSG00000174903	True
ENST00000376901.9	ENST00000376901	ENSG00000174851	True
ENST00000311320.9	ENST00000311320	ENSG00000174791	True
ENST00000359957.8	ENST00000359957	ENSG00000174744	True
ENST00000311181.5	ENST00000311181	ENSG00000174684	True
ENST00000546034.1	ENST00000546034	ENSG00000174669	True
ENST00000310999.11	ENST00000310999	ENSG00000174547	True
ENST00000349459.10	ENST00000349459	ENSG00000174516	True
ENST00000541961.5	ENST00000541961	ENSG00000254986	True
ENST00000310442.5	ENST00000310442	ENSG00000174165	True
ENST00000310325.10	ENST00000310325	ENSG00000174080	True
ENST00000533244.6	ENST00000533244	ENSG00000173992	True
ENST00000310137.5	ENST00000310137	ENSG00000239306	True
ENST00000409406.1	ENST00000409406	ENSG00000173933	True
ENST00000525754.5	ENST00000525754	ENSG00000173914	True
ENST00000533211.5	ENST00000533211	ENSG00000173898	True
ENST00000525908.6	ENST00000525908	ENSG00000173715	True
ENST00000393952.3	ENST00000393952	ENSG00000173621	True
ENST00000308831.7	ENST00000308831	ENSG00000173156	True
ENST00000529006.7	ENST00000529006	ENSG00000173120	True
ENST00000308595.10	ENST00000308595	ENSG00000173020	True
ENST00000511455.7	ENST00000511455	ENSG00000172932	True
ENST00000308127.9	ENST00000308127	ENSG00000172830	True
ENST00000307980.7	ENST00000307980	ENSG00000172613	True
ENST00000312419.8	ENST00000312419	ENSG00000175482	True
ENST00000312438.8	ENST00000312438	ENSG00000175505	True
ENST00000376745.9	ENST00000376745	ENSG00000172531	True
ENST00000312629.10	ENST00000312629	ENSG00000175634	True
ENST00000341356.10	ENST00000341356	ENSG00000172725	True
ENST00000308022.7	ENST00000308022	ENSG00000172663	True
ENST00000279146.8	ENST00000279146	ENSG00000110711	True
ENST00000356404.8	ENST00000356404	ENSG00000110697	True
ENST00000301488.8	ENST00000301488	ENSG00000167797	True
ENST00000398606.10	ENST00000398606	ENSG00000084207	True
ENST00000376693.3	ENST00000376693	ENSG00000167799	True
ENST00000227471.7	ENST00000227471	ENSG00000110057	True
ENST00000342456.11	ENST00000342456	ENSG00000006534	True
ENST00000313468.10	ENST00000313468	ENSG00000110717	True
ENST00000265686.8	ENST00000265686	ENSG00000110719	True
ENST00000265689.9	ENST00000265689	ENSG00000110721	True
ENST00000304363.9	ENST00000304363	ENSG00000110066	True
ENST00000304271.11	ENST00000304271	ENSG00000171067	True
ENST00000294304.12	ENST00000294304	ENSG00000162337	True
ENST00000393800.6	ENST00000393800	ENSG00000110075	True
ENST00000265643.4	ENST00000265643	ENSG00000069482	True
ENST00000255087.10	ENST00000255087	ENSG00000132749	True
ENST00000265641.10	ENST00000265641	ENSG00000110090	True
ENST00000362034.7	ENST00000362034	ENSG00000197345	True
ENST00000255078.8	ENST00000255078	ENSG00000132740	True
ENST00000294309.8	ENST00000294309	ENSG00000162341	True
ENST00000227507.3	ENST00000227507	ENSG00000110092	True
ENST00000279147.9	ENST00000279147	ENSG00000149716	True
ENST00000301838.5	ENST00000301838	ENSG00000168040	True
ENST00000253925.11	ENST00000253925	ENSG00000131626	True
ENST00000301843.13	ENST00000301843	ENSG00000085733	True
ENST00000355527.8	ENST00000355527	ENSG00000172893	True
ENST00000319023.7	ENST00000319023	ENSG00000172890	True
ENST00000529513.5	ENST00000529513	ENSG00000254469	True
ENST00000393695.8	ENST00000393695	ENSG00000137497	True
ENST00000278671.10	ENST00000278671	ENSG00000149357	True
ENST00000227618.8	ENST00000227618	ENSG00000110200	True
ENST00000298229.7	ENST00000298229	ENSG00000165458	True
ENST00000538039.6	ENST00000538039	ENSG00000162129	True
ENST00000444035.6	ENST00000444035	ENSG00000186642	True
ENST00000393609.7	ENST00000393609	ENSG00000186635	True
ENST00000334805.10	ENST00000334805	ENSG00000214530	True
ENST00000321297.10	ENST00000321297	ENSG00000168010	True
ENST00000409418.9	ENST00000409418	ENSG00000137478	True
ENST00000263674.4	ENST00000263674	ENSG00000110237	True
ENST00000064780.7	ENST00000064780	ENSG00000054967	True
ENST00000356467.4	ENST00000356467	ENSG00000054965	True
ENST00000354190.10	ENST00000354190	ENSG00000021300	True
ENST00000336083.7	ENST00000336083	ENSG00000175582	True
ENST00000310614.12	ENST00000310614	ENSG00000175581	True
ENST00000545127.1	ENST00000545127	ENSG00000181924	True
ENST00000310571.8	ENST00000310571	ENSG00000175575	True
ENST00000663595.1	ENST00000663595	ENSG00000175567	True
ENST00000334126.11	ENST00000334126	ENSG00000168014	True
ENST00000328257.13	ENST00000328257	ENSG00000214517	True
ENST00000298198.5	ENST00000298198	ENSG00000165434	True
ENST00000310109.5	ENST00000310109	ENSG00000175536	True
ENST00000263681.7	ENST00000263681	ENSG00000077514	True
ENST00000299563.5	ENST00000299563	ENSG00000166439	True
ENST00000340360.10	ENST00000340360	ENSG00000166435	True
ENST00000263672.11	ENST00000263672	ENSG00000118363	True
ENST00000294064.9	ENST00000294064	ENSG00000162139	True
ENST00000420843.7	ENST00000420843	ENSG00000137486	True
ENST00000531188.6	ENST00000531188	ENSG00000149273	True
ENST00000336898.8	ENST00000336898	ENSG00000158555	True
ENST00000228027.12	ENST00000228027	ENSG00000062282	True
ENST00000356136.8	ENST00000356136	ENSG00000198382	True
ENST00000260045.8	ENST00000260045	ENSG00000137492	True
ENST00000525919.5	ENST00000525919	ENSG00000158636	True
ENST00000532485.6	ENST00000532485	ENSG00000078124	True
ENST00000648180.1	ENST00000648180	ENSG00000149260	True
ENST00000356341.8	ENST00000356341	ENSG00000149269	True
ENST00000525428.6	ENST00000525428	ENSG00000074201	True
ENST00000313578.4	ENST00000313578	ENSG00000178301	True
ENST00000526415.5	ENST00000526415	ENSG00000087884	True
ENST00000534064.6	ENST00000534064	ENSG00000149262	True
ENST00000353172.6	ENST00000353172	ENSG00000151364	True
ENST00000281031.5	ENST00000281031	ENSG00000151366	True
ENST00000299626.10	ENST00000299626	ENSG00000159063	True
ENST00000340067.4	ENST00000340067	ENSG00000188997	True
ENST00000529308.6	ENST00000529308	ENSG00000118369	True
ENST00000361507.5	ENST00000361507	ENSG00000033327	True
ENST00000281038.10	ENST00000281038	ENSG00000137513	True
ENST00000313010.8	ENST00000313010	ENSG00000137509	True
ENST00000525361.5	ENST00000525361	ENSG00000165490	True
ENST00000533486.5	ENST00000533486	ENSG00000137502	True
ENST00000298281.8	ENST00000298281	ENSG00000165494	True
ENST00000533342.6	ENST00000533342	ENSG00000137494	True
ENST00000529689.5	ENST00000529689	ENSG00000137500	True
ENST00000304511.7	ENST00000304511	ENSG00000171202	True
ENST00000527447.1	ENST00000527447	ENSG00000137504	True
ENST00000393346.8	ENST00000393346	ENSG00000073921	True
ENST00000263360.11	ENST00000263360	ENSG00000074266	True
ENST00000278483.8	ENST00000278483	ENSG00000149196	True
ENST00000543262.5	ENST00000543262	ENSG00000151376	True
ENST00000280258.6	ENST00000280258	ENSG00000150687	True
ENST00000531380.2	ENST00000531380	ENSG00000174804	True
ENST00000305494.6	ENST00000305494	ENSG00000166575	True
ENST00000243662.11	ENST00000243662	ENSG00000123892	True
ENST00000227266.10	ENST00000227266	ENSG00000109861	True
ENST00000320585.11	ENST00000320585	ENSG00000110172	True
ENST00000326402.9	ENST00000326402	ENSG00000180773	True
ENST00000298966.7	ENST00000298966	ENSG00000166002	True
ENST00000325212.11	ENST00000325212	ENSG00000166004	True
ENST00000448108.7	ENST00000448108	ENSG00000166012	True
ENST00000331239.8	ENST00000331239	ENSG00000182919	True
ENST00000251871.9	ENST00000251871	ENSG00000042429	True
ENST00000227638.8	ENST00000227638	ENSG00000110218	True
ENST00000323929.8	ENST00000323929	ENSG00000020922	True
ENST00000544612.6	ENST00000544612	ENSG00000168876	True
ENST00000358752.3	ENST00000358752	ENSG00000196371	True
ENST00000433060.3	ENST00000433060	ENSG00000166025	True
ENST00000279839.8	ENST00000279839	ENSG00000150316	True
ENST00000335080.6	ENST00000335080	ENSG00000186280	True
ENST00000587424.2	ENST00000587424	ENSG00000263465	True
ENST00000278505.5	ENST00000278505	ENSG00000149218	True
ENST00000536441.7	ENST00000536441	ENSG00000149212	True
ENST00000358780.10	ENST00000358780	ENSG00000077458	True
ENST00000325542.10	ENST00000325542	ENSG00000166037	True
ENST00000346299.10	ENST00000346299	ENSG00000087053	True
ENST00000332349.5	ENST00000332349	ENSG00000183340	True
ENST00000298815.13	ENST00000298815	ENSG00000165895	True
ENST00000434758.7	ENST00000434758	ENSG00000137691	True
ENST00000282441.10	ENST00000282441	ENSG00000137693	True
ENST00000398136.7	ENST00000398136	ENSG00000152558	True
ENST00000393158.7	ENST00000393158	ENSG00000170962	True
ENST00000444739.7	ENST00000444739	ENSG00000196954	True
ENST00000533400.6	ENST00000533400	ENSG00000137752	True
ENST00000531837.2	ENST00000531837	ENSG00000182359	True
ENST00000278618.9	ENST00000278618	ENSG00000149313	True
ENST00000282251.9	ENST00000282251	ENSG00000152404	True
ENST00000428149.6	ENST00000428149	ENSG00000137760	True
ENST00000525815.6	ENST00000525815	ENSG00000110660	True
ENST00000320578.3	ENST00000320578	ENSG00000179331	True
ENST00000393094.7	ENST00000393094	ENSG00000166266	True
ENST00000265838.9	ENST00000265838	ENSG00000075239	True
ENST00000278612.9	ENST00000278612	ENSG00000149308	True
ENST00000322536.8	ENST00000322536	ENSG00000178105	True
ENST00000645495.2	ENST00000645495	ENSG00000137710	True
ENST00000453089.2	ENST00000453089	ENSG00000149289	True
ENST00000260270.3	ENST00000260270	ENSG00000137714	True
ENST00000375614.6	ENST00000375614	ENSG00000204381	True
ENST00000304987.4	ENST00000304987	ENSG00000170145	True
ENST00000527614.6	ENST00000527614	ENSG00000137713	True
ENST00000260257.9	ENST00000260257	ENSG00000255561	True
ENST00000260276.8	ENST00000260276	ENSG00000137720	True
ENST00000533475.6	ENST00000533475	ENSG00000109846	True
ENST00000440460.7	ENST00000440460	ENSG00000150764	True
ENST00000280346.11	ENST00000280346	ENSG00000150768	True
ENST00000280350.8	ENST00000280350	ENSG00000150773	True
ENST00000393047.8	ENST00000393047	ENSG00000150776	True
ENST00000504148.3	ENST00000504148	ENSG00000150779	True
ENST00000375549.8	ENST00000375549	ENSG00000204370	True
ENST00000280357.12	ENST00000280357	ENSG00000150782	True
ENST00000316851.11	ENST00000316851	ENSG00000149294	True
ENST00000529221.5	ENST00000529221	ENSG00000149292	True
ENST00000200135.8	ENST00000200135	ENSG00000086827	True
ENST00000003302.8	ENST00000003302	ENSG00000048028	True
ENST00000535401.5	ENST00000535401	ENSG00000166741	True
ENST00000325636.8	ENST00000325636	ENSG00000180425	True
ENST00000375490.9	ENST00000375490	ENSG00000076053	True
ENST00000611665.4	ENST00000611665	ENSG00000076043	True
ENST00000331581.10	ENST00000331581	ENSG00000182985	True
ENST00000260210.5	ENST00000260210	ENSG00000137656	True
ENST00000227322.8	ENST00000227322	ENSG00000109917	True
ENST00000527958.6	ENST00000527958	ENSG00000168092	True
ENST00000324225.9	ENST00000324225	ENSG00000149577	True
ENST00000392951.9	ENST00000392951	ENSG00000149591	True
ENST00000320934.8	ENST00000320934	ENSG00000160613	True
ENST00000300650.9	ENST00000300650	ENSG00000167257	True
ENST00000313005.10	ENST00000313005	ENSG00000186318	True
ENST00000278935.8	ENST00000278935	ENSG00000110274	True
ENST00000278949.9	ENST00000278949	ENSG00000160588	True
ENST00000278937.7	ENST00000278937	ENSG00000149573	True
ENST00000252108.8	ENST00000252108	ENSG00000110344	True
ENST00000300688.8	ENST00000300688	ENSG00000167283	True
ENST00000313236.10	ENST00000313236	ENSG00000149582	True
ENST00000264020.6	ENST00000264020	ENSG00000118096	True
ENST00000264028.5	ENST00000264028	ENSG00000095139	True
ENST00000356063.9	ENST00000356063	ENSG00000019144	True
ENST00000620157.4	ENST00000620157	ENSG00000110367	True
ENST00000334801.7	ENST00000334801	ENSG00000186174	True
ENST00000334418.6	ENST00000334418	ENSG00000186166	True
ENST00000527673.2	ENST00000527673	ENSG00000118181	True
ENST00000533632.6	ENST00000533632	ENSG00000196655	True
ENST00000545985.5	ENST00000545985	ENSG00000137700	True
ENST00000617285.5	ENST00000617285	ENSG00000149428	True
ENST00000621676.4	ENST00000621676	ENSG00000160695	True
ENST00000652429.1	ENST00000652429	ENSG00000256269	True
ENST00000530167.1	ENST00000530167	ENSG00000188486	True
ENST00000648610.1	ENST00000648610	ENSG00000172375	True
ENST00000350777.7	ENST00000350777	ENSG00000172273	True
ENST00000409109.6	ENST00000409109	ENSG00000160703	True
ENST00000264036.6	ENST00000264036	ENSG00000076706	True
ENST00000311413.5	ENST00000311413	ENSG00000173456	True
ENST00000260187.7	ENST00000260187	ENSG00000036672	True
ENST00000284240.10	ENST00000284240	ENSG00000154096	True
ENST00000264025.8	ENST00000264025	ENSG00000110400	True
ENST00000328965.9	ENST00000328965	ENSG00000184232	True
ENST00000375095.3	ENST00000375095	ENSG00000181264	True
ENST00000397843.7	ENST00000397843	ENSG00000196914	True
ENST00000422003.6	ENST00000422003	ENSG00000154114	True
ENST00000264027.9	ENST00000264027	ENSG00000109929	True
ENST00000284273.6	ENST00000284273	ENSG00000154127	True
ENST00000532636.5	ENST00000532636	ENSG00000109971	True
ENST00000448775.4	ENST00000448775	ENSG00000166250	True
ENST00000635736.1	ENST00000635736	ENSG00000023171	True
ENST00000530393.6	ENST00000530393	ENSG00000166261	True
ENST00000456829.7	ENST00000456829	ENSG00000110002	True
ENST00000441174.8	ENST00000441174	ENSG00000154144	True
ENST00000263593.8	ENST00000263593	ENSG00000110013	True
ENST00000284292.11	ENST00000284292	ENSG00000154146	True
ENST00000344762.6	ENST00000344762	ENSG00000149548	True
ENST00000531909.5	ENST00000531909	ENSG00000150433	True
ENST00000648911.1	ENST00000648911	ENSG00000149557	True
ENST00000278903.11	ENST00000278903	ENSG00000149547	True
ENST00000392708.9	ENST00000392708	ENSG00000134910	True
ENST00000534070.5	ENST00000534070	ENSG00000149554	True
ENST00000425380.6	ENST00000425380	ENSG00000198331	True
ENST00000227474.8	ENST00000227474	ENSG00000110060	True
ENST00000263577.11	ENST00000263577	ENSG00000064309	True
ENST00000533050.6	ENST00000533050	ENSG00000197798	True
ENST00000332118.11	ENST00000332118	ENSG00000182934	True
ENST00000263578.10	ENST00000263578	ENSG00000110074	True
ENST00000392678.7	ENST00000392678	ENSG00000150455	True
ENST00000263579.5	ENST00000263579	ENSG00000110063	True
ENST00000526727.5	ENST00000526727	ENSG00000110080	True
ENST00000319397.6	ENST00000319397	ENSG00000134954	True
ENST00000527786.7	ENST00000527786	ENSG00000151702	True
ENST00000446488.7	ENST00000446488	ENSG00000170322	True
ENST00000360871.7	ENST00000360871	ENSG00000170325	True
ENST00000650012.1	ENST00000650012	ENSG00000084234	True
ENST00000527478.6	ENST00000527478	ENSG00000196323	True
ENST00000265909.8	ENST00000265909	ENSG00000120451	True
ENST00000425719.6	ENST00000425719	ENSG00000182667	True
ENST00000534548.7	ENST00000534548	ENSG00000151503	True
ENST00000281187.10	ENST00000281187	ENSG00000151502	True
ENST00000341541.8	ENST00000341541	ENSG00000151500	True
ENST00000281182.9	ENST00000281182	ENSG00000151498	True
ENST00000535456.7	ENST00000535456	ENSG00000149328	True
ENST00000239830.9	ENST00000239830	ENSG00000120647	True
ENST00000266383.10	ENST00000266383	ENSG00000139044	True
ENST00000315939.11	ENST00000315939	ENSG00000060237	True
ENST00000358495.8	ENST00000358495	ENSG00000002016	True
ENST00000543086.7	ENST00000543086	ENSG00000082805	True
ENST00000397196.7	ENST00000397196	ENSG00000111186	True
ENST00000339235.4	ENST00000339235	ENSG00000171823	True
ENST00000357103.5	ENST00000357103	ENSG00000006831	True
ENST00000280665.11	ENST00000280665	ENSG00000151065	True
ENST00000001008.6	ENST00000001008	ENSG00000004478	True
ENST00000228799.7	ENST00000228799	ENSG00000111203	True
ENST00000359843.8	ENST00000359843	ENSG00000111206	True
ENST00000618250.4	ENST00000618250	ENSG00000171792	True
ENST00000397132.6	ENST00000397132	ENSG00000078246	True
ENST00000359864.7	ENST00000359864	ENSG00000197905	True
ENST00000011898.10	ENST00000011898	ENSG00000011105	True
ENST00000440314.7	ENST00000440314	ENSG00000130038	True
ENST00000228820.9	ENST00000228820	ENSG00000111224	True
ENST00000261254.8	ENST00000261254	ENSG00000118971	True
ENST00000179259.6	ENST00000179259	ENSG00000078237	True
ENST00000261250.8	ENST00000261250	ENSG00000047621	True
ENST00000228843.13	ENST00000228843	ENSG00000111247	True
ENST00000540757.6	ENST00000540757	ENSG00000010219	True
ENST00000382518.6	ENST00000382518	ENSG00000010278	True
ENST00000162749.7	ENST00000162749	ENSG00000067182	True
ENST00000360168.7	ENST00000360168	ENSG00000111319	True
ENST00000228918.9	ENST00000228918	ENSG00000111321	True
ENST00000266556.8	ENST00000266556	ENSG00000139192	True
ENST00000396308.3	ENST00000396308	ENSG00000139190	True
ENST00000229238.5	ENST00000229238	ENSG00000111639	True
ENST00000315579.10	ENST00000315579	ENSG00000010292	True
ENST00000396861.5	ENST00000396861	ENSG00000111640	True
ENST00000336604.8	ENST00000336604	ENSG00000010295	True
ENST00000396801.7	ENST00000396801	ENSG00000126746	True
ENST00000534947.5	ENST00000534947	ENSG00000111652	True
ENST00000203630.9	ENST00000203630	ENSG00000089693	True
ENST00000309083.8	ENST00000309083	ENSG00000159335	True
ENST00000290510.10	ENST00000290510	ENSG00000110811	True
ENST00000538862.6	ENST00000538862	ENSG00000111665	True
ENST00000389231.9	ENST00000389231	ENSG00000111667	True
ENST00000396705.10	ENST00000396705	ENSG00000111669	True
ENST00000524270.5	ENST00000524270	ENSG00000111671	True
ENST00000443597.7	ENST00000443597	ENSG00000010626	True
ENST00000535366.5	ENST00000535366	ENSG00000111674	True
ENST00000396684.3	ENST00000396684	ENSG00000111676	True
ENST00000229281.6	ENST00000229281	ENSG00000111678	True
ENST00000318974.14	ENST00000318974	ENSG00000111679	True
ENST00000535923.6	ENST00000535923	ENSG00000215021	True
ENST00000261407.9	ENST00000261407	ENSG00000111684	True
ENST00000406697.5	ENST00000406697	ENSG00000182326	True
ENST00000647956.2	ENST00000647956	ENSG00000159403	True
ENST00000266542.9	ENST00000266542	ENSG00000139178	True
ENST00000266546.11	ENST00000266546	ENSG00000139182	True
ENST00000455147.6	ENST00000455147	ENSG00000139197	True
ENST00000075120.12	ENST00000075120	ENSG00000059804	True
ENST00000639955.1	ENST00000639955	ENSG00000089818	True
ENST00000544916.6	ENST00000544916	ENSG00000111752	True
ENST00000000412.8	ENST00000000412	ENSG00000003056	True
ENST00000318602.12	ENST00000318602	ENSG00000175899	True
ENST00000228438.2	ENST00000228438	ENSG00000110852	True
ENST00000266458.10	ENST00000266458	ENSG00000139112	True
ENST00000320756.7	ENST00000320756	ENSG00000111196	True
ENST00000228251.9	ENST00000228251	ENSG00000060138	True
ENST00000622602.2	ENST00000622602	ENSG00000256537	True
ENST00000396373.9	ENST00000396373	ENSG00000139083	True
ENST00000261349.9	ENST00000261349	ENSG00000070018	True
ENST00000535902.6	ENST00000535902	ENSG00000111261	True
ENST00000314565.9	ENST00000314565	ENSG00000165714	True
ENST00000228865.3	ENST00000228865	ENSG00000111269	True
ENST00000228872.9	ENST00000228872	ENSG00000111276	True
ENST00000356591.4	ENST00000356591	ENSG00000178878	True
ENST00000358007.7	ENST00000358007	ENSG00000213782	True
ENST00000014914.6	ENST00000014914	ENSG00000013588	True
ENST00000014930.9	ENST00000014930	ENSG00000013583	True
ENST00000197268.13	ENST00000197268	ENSG00000084444	True
ENST00000256951.10	ENST00000256951	ENSG00000134531	True
ENST00000261168.8	ENST00000261168	ENSG00000171681	True
ENST00000240617.10	ENST00000240617	ENSG00000121316	True
ENST00000544848.2	ENST00000544848	ENSG00000246705	True
ENST00000261167.7	ENST00000261167	ENSG00000084463	True
ENST00000330828.3	ENST00000330828	ENSG00000182993	True
ENST00000228945.9	ENST00000228945	ENSG00000111348	True
ENST00000256953.6	ENST00000256953	ENSG00000134533	True
ENST00000419869.7	ENST00000419869	ENSG00000023734	True
ENST00000428559.7	ENST00000428559	ENSG00000023697	True
ENST00000396209.5	ENST00000396209	ENSG00000008394	True
ENST00000398864.7	ENST00000398864	ENSG00000139154	True
ENST00000359062.3	ENST00000359062	ENSG00000172572	True
ENST00000240651.14	ENST00000240651	ENSG00000121350	True
ENST00000444129.7	ENST00000444129	ENSG00000004700	True
ENST00000229314.10	ENST00000229314	ENSG00000111711	True
ENST00000396076.5	ENST00000396076	ENSG00000111716	True
ENST00000665145.1	ENST00000665145	ENSG00000121361	True
ENST00000229329.7	ENST00000229329	ENSG00000111726	True
ENST00000446597.5	ENST00000446597	ENSG00000111731	True
ENST00000266517.9	ENST00000266517	ENSG00000139163	True
ENST00000451604.7	ENST00000451604	ENSG00000134532	True
ENST00000261192.12	ENST00000261192	ENSG00000060982	True
ENST00000557540.7	ENST00000557540	ENSG00000205707	True
ENST00000311936.8	ENST00000311936	ENSG00000133703	True
ENST00000405154.6	ENST00000405154	ENSG00000123094	True
ENST00000242728.5	ENST00000242728	ENSG00000123095	True
ENST00000242729.6	ENST00000242729	ENSG00000123096	True
ENST00000261191.12	ENST00000261191	ENSG00000064102	True
ENST00000327214.5	ENST00000327214	ENSG00000111790	True
ENST00000343028.9	ENST00000343028	ENSG00000064115	True
ENST00000282892.4	ENST00000282892	ENSG00000152944	True
ENST00000389032.8	ENST00000389032	ENSG00000211455	True
ENST00000228425.11	ENST00000228425	ENSG00000110841	True
ENST00000381271.7	ENST00000381271	ENSG00000087448	True
ENST00000545234.6	ENST00000545234	ENSG00000087494	True
ENST00000545336.5	ENST00000545336	ENSG00000123106	True
ENST00000536681.8	ENST00000536681	ENSG00000064763	True
ENST00000360150.9	ENST00000360150	ENSG00000087502	True
ENST00000551659.5	ENST00000551659	ENSG00000133687	True
ENST00000256079.9	ENST00000256079	ENSG00000133704	True
ENST00000298892.9	ENST00000298892	ENSG00000110888	True
ENST00000542838.6	ENST00000542838	ENSG00000013573	True
ENST00000337682.9	ENST00000337682	ENSG00000139146	True
ENST00000389082.10	ENST00000389082	ENSG00000170456	True
ENST00000357721.3	ENST00000357721	ENSG00000139160	True
ENST00000312561.9	ENST00000312561	ENSG00000174718	True
ENST00000652176.1	ENST00000652176	ENSG00000151746	True
ENST00000427716.6	ENST00000427716	ENSG00000139132	True
ENST00000549701.6	ENST00000549701	ENSG00000087470	True
ENST00000324868.13	ENST00000324868	ENSG00000139131	True
ENST00000340811.9	ENST00000340811	ENSG00000057294	True
ENST00000266483.7	ENST00000266483	ENSG00000139133	True
ENST00000308742.9	ENST00000308742	ENSG00000175548	True
ENST00000331366.10	ENST00000331366	ENSG00000139117	True
ENST00000280871.9	ENST00000280871	ENSG00000151229	True
ENST00000551295.7	ENST00000551295	ENSG00000018236	True
ENST00000398675.8	ENST00000398675	ENSG00000151233	True
ENST00000534854.6	ENST00000534854	ENSG00000015153	True
ENST00000358314.12	ENST00000358314	ENSG00000134283	True
ENST00000266529.8	ENST00000266529	ENSG00000139168	True
ENST00000345127.9	ENST00000345127	ENSG00000139174	True
ENST00000613694.5	ENST00000613694	ENSG00000198001	True
ENST00000395510.6	ENST00000395510	ENSG00000151239	True
ENST00000266534.8	ENST00000266534	ENSG00000139173	True
ENST00000429094.6	ENST00000429094	ENSG00000184613	True
ENST00000320560.13	ENST00000320560	ENSG00000177119	True
ENST00000334344.11	ENST00000334344	ENSG00000189079	True
ENST00000369367.8	ENST00000369367	ENSG00000139218	True
ENST00000398637.10	ENST00000398637	ENSG00000111371	True
ENST00000256689.10	ENST00000256689	ENSG00000134294	True
ENST00000266581.4	ENST00000266581	ENSG00000139211	True
ENST00000005386.8	ENST00000005386	ENSG00000005175	True
ENST00000442218.3	ENST00000442218	ENSG00000211584	True
ENST00000080059.12	ENST00000080059	ENSG00000061273	True
ENST00000429772.7	ENST00000429772	ENSG00000134291	True
ENST00000448372.5	ENST00000448372	ENSG00000079387	True
ENST00000359794.11	ENST00000359794	ENSG00000152556	True
ENST00000536549.5	ENST00000536549	ENSG00000177981	True
ENST00000547026.5	ENST00000547026	ENSG00000167528	True
ENST00000420613.7	ENST00000420613	ENSG00000139620	True
ENST00000261900.8	ENST00000261900	ENSG00000129315	True
ENST00000307885.4	ENST00000307885	ENSG00000174233	True
ENST00000301050.7	ENST00000301050	ENSG00000167535	True
ENST00000308025.8	ENST00000308025	ENSG00000174243	True
ENST00000309739.6	ENST00000309739	ENSG00000172602	True
ENST00000550765.6	ENST00000550765	ENSG00000134285	True
ENST00000256682.9	ENST00000256682	ENSG00000134287	True
ENST00000301061.9	ENST00000301061	ENSG00000169884	True
ENST00000548065.7	ENST00000548065	ENSG00000181929	True
ENST00000301068.11	ENST00000301068	ENSG00000167550	True
ENST00000267102.12	ENST00000267102	ENSG00000139636	True
ENST00000336023.9	ENST00000336023	ENSG00000123416	True
ENST00000295766.9	ENST00000295766	ENSG00000167552	True
ENST00000301072.11	ENST00000301072	ENSG00000167553	True
ENST00000257909.8	ENST00000257909	ENSG00000135451	True
ENST00000553127.5	ENST00000553127	ENSG00000123352	True
ENST00000343810.9	ENST00000343810	ENSG00000187778	True
ENST00000548825.6	ENST00000548825	ENSG00000110844	True
ENST00000423828.5	ENST00000423828	ENSG00000139644	True
ENST00000335999.7	ENST00000335999	ENSG00000167566	True
ENST00000427314.6	ENST00000427314	ENSG00000161800	True
ENST00000447966.7	ENST00000447966	ENSG00000110881	True
ENST00000394963.9	ENST00000394963	ENSG00000066117	True
ENST00000317943.6	ENST00000317943	ENSG00000178449	True
ENST00000317551.12	ENST00000317551	ENSG00000139624	True
ENST00000341247.8	ENST00000341247	ENSG00000050405	True
ENST00000398473.7	ENST00000398473	ENSG00000161813	True
ENST00000301180.10	ENST00000301180	ENSG00000066084	True
ENST00000262053.8	ENST00000262053	ENSG00000123268	True
ENST00000548553.1	ENST00000548553	ENSG00000185432	True
ENST00000644495.1	ENST00000644495	ENSG00000110911	True
ENST00000262055.9	ENST00000262055	ENSG00000050426	True
ENST00000228515.6	ENST00000228515	ENSG00000110925	True
ENST00000257915.10	ENST00000257915	ENSG00000135457	True
ENST00000412716.8	ENST00000412716	ENSG00000183283	True
ENST00000603798.6	ENST00000603798	ENSG00000170545	True
ENST00000356317.8	ENST00000356317	ENSG00000139629	True
ENST00000257963.9	ENST00000257963	ENSG00000135503	True
ENST00000243050.5	ENST00000243050	ENSG00000123358	True
ENST00000336854.8	ENST00000336854	ENSG00000123395	True
ENST00000394815.3	ENST00000394815	ENSG00000167767	True
ENST00000331817.6	ENST00000331817	ENSG00000135480	True
ENST00000552551.5	ENST00000552551	ENSG00000170421	True
ENST00000388837.6	ENST00000388837	ENSG00000111057	True
ENST00000262056.13	ENST00000262056	ENSG00000063046	True
ENST00000314250.11	ENST00000314250	ENSG00000111077	True
ENST00000301463.9	ENST00000301463	ENSG00000167778	True
ENST00000301464.4	ENST00000301464	ENSG00000167779	True
ENST00000444623.5	ENST00000444623	ENSG00000139631	True
ENST00000416904.5	ENST00000416904	ENSG00000139651	True
ENST00000425354.7	ENST00000425354	ENSG00000172819	True
ENST00000329548.5	ENST00000329548	ENSG00000182544	True
ENST00000257934.9	ENST00000257934	ENSG00000135476	True
ENST00000551018.5	ENST00000551018	ENSG00000123349	True
ENST00000267103.10	ENST00000267103	ENSG00000139637	True
ENST00000209873.9	ENST00000209873	ENSG00000094914	True
ENST00000327443.9	ENST00000327443	ENSG00000185591	True
ENST00000429243.7	ENST00000429243	ENSG00000205352	True
ENST00000546463.6	ENST00000546463	ENSG00000197111	True
ENST00000547488.6	ENST00000547488	ENSG00000139625	True
ENST00000266987.7	ENST00000266987	ENSG00000139546	True
ENST00000420353.7	ENST00000420353	ENSG00000170653	True
ENST00000550804.6	ENST00000550804	ENSG00000012822	True
ENST00000243056.5	ENST00000243056	ENSG00000123364	True
ENST00000546378.1	ENST00000546378	ENSG00000123388	True
ENST00000303460.5	ENST00000303460	ENSG00000180818	True
ENST00000243108.5	ENST00000243108	ENSG00000197757	True
ENST00000508190.1	ENST00000508190	ENSG00000180806	True
ENST00000040584.6	ENST00000040584	ENSG00000037965	True
ENST00000430889.3	ENST00000430889	ENSG00000198353	True
ENST00000508394.6	ENST00000508394	ENSG00000123415	True
ENST00000546500.5	ENST00000546500	ENSG00000135486	True
ENST00000262061.7	ENST00000262061	ENSG00000111481	True
ENST00000338010.9	ENST00000338010	ENSG00000161642	True
ENST00000293379.9	ENST00000293379	ENSG00000161638	True
ENST00000553804.6	ENST00000553804	ENSG00000135424	True
ENST00000549117.5	ENST00000549117	ENSG00000135404	True
ENST00000257868.10	ENST00000257868	ENSG00000135414	True
ENST00000336133.8	ENST00000336133	ENSG00000205323	True
ENST00000243045.10	ENST00000243045	ENSG00000123353	True
ENST00000357606.7	ENST00000357606	ENSG00000135392	True
ENST00000394147.5	ENST00000394147	ENSG00000065357	True
ENST00000548747.5	ENST00000548747	ENSG00000185664	True
ENST00000266970.9	ENST00000266970	ENSG00000123374	True
ENST00000360299.10	ENST00000360299	ENSG00000111540	True
ENST00000394109.7	ENST00000394109	ENSG00000139531	True
ENST00000356464.10	ENST00000356464	ENSG00000197728	True
ENST00000267101.8	ENST00000267101	ENSG00000065361	True
ENST00000303305.11	ENST00000303305	ENSG00000170515	True
ENST00000546591.6	ENST00000546591	ENSG00000229117	True
ENST00000394048.9	ENST00000394048	ENSG00000139641	True
ENST00000257940.7	ENST00000257940	ENSG00000135482	True
ENST00000553066.5	ENST00000553066	ENSG00000196465	True
ENST00000547649.5	ENST00000547649	ENSG00000092841	True
ENST00000550164.6	ENST00000550164	ENSG00000139613	True
ENST00000345093.9	ENST00000345093	ENSG00000181852	True
ENST00000380198.6	ENST00000380198	ENSG00000139579	True
ENST00000267116.8	ENST00000267116	ENSG00000139645	True
ENST00000308197.9	ENST00000308197	ENSG00000135469	True
ENST00000351328.8	ENST00000351328	ENSG00000062485	True
ENST00000273308.9	ENST00000273308	ENSG00000257727	True
ENST00000440411.7	ENST00000440411	ENSG00000135473	True
ENST00000314128.9	ENST00000314128	ENSG00000170581	True
ENST00000553532.6	ENST00000553532	ENSG00000111602	True
ENST00000262031.10	ENST00000262031	ENSG00000076067	True
ENST00000551812.5	ENST00000551812	ENSG00000076108	True
ENST00000262030.8	ENST00000262030	ENSG00000110955	True
ENST00000262033.11	ENST00000262033	ENSG00000110958	True
ENST00000338193.11	ENST00000338193	ENSG00000198056	True
ENST00000554643.5	ENST00000554643	ENSG00000025423	True
ENST00000300101.3	ENST00000300101	ENSG00000166860	True
ENST00000300128.9	ENST00000300128	ENSG00000166881	True
ENST00000300131.8	ENST00000300131	ENSG00000166886	True
ENST00000300134.8	ENST00000300134	ENSG00000166888	True
ENST00000349394.6	ENST00000349394	ENSG00000182379	True
ENST00000328923.8	ENST00000328923	ENSG00000182199	True
ENST00000402412.5	ENST00000402412	ENSG00000179912	True
ENST00000262027.10	ENST00000262027	ENSG00000166986	True
ENST00000623876.2	ENST00000623876	ENSG00000175197	True
ENST00000355673.8	ENST00000355673	ENSG00000166987	True
ENST00000548249.5	ENST00000548249	ENSG00000175203	True
ENST00000455537.7	ENST00000455537	ENSG00000155980	True
ENST00000354947.10	ENST00000354947	ENSG00000166908	True
ENST00000341156.9	ENST00000341156	ENSG00000135454	True
ENST00000315970.12	ENST00000315970	ENSG00000135506	True
ENST00000257910.8	ENST00000257910	ENSG00000135452	True
ENST00000257904.11	ENST00000257904	ENSG00000135446	True
ENST00000266643.6	ENST00000266643	ENSG00000139266	True
ENST00000324871.12	ENST00000324871	ENSG00000037897	True
ENST00000300209.13	ENST00000300209	ENSG00000123427	True
ENST00000398073.7	ENST00000398073	ENSG00000175215	True
ENST00000300145.4	ENST00000300145	ENSG00000166896	True
ENST00000320743.7	ENST00000320743	ENSG00000139263	True
ENST00000228705.7	ENST00000228705	ENSG00000111110	True
ENST00000261234.11	ENST00000261234	ENSG00000118600	True
ENST00000398055.8	ENST00000398055	ENSG00000174206	True
ENST00000332707.10	ENST00000332707	ENSG00000184575	True
ENST00000331710.10	ENST00000331710	ENSG00000183735	True
ENST00000258145.8	ENST00000258145	ENSG00000135677	True
ENST00000646299.1	ENST00000646299	ENSG00000174099	True
ENST00000266604.7	ENST00000266604	ENSG00000139233	True
ENST00000358230.7	ENST00000358230	ENSG00000155957	True
ENST00000247815.9	ENST00000247815	ENSG00000127311	True
ENST00000359742.8	ENST00000359742	ENSG00000155974	True
ENST00000344096.4	ENST00000344096	ENSG00000127334	True
ENST00000303145.11	ENST00000303145	ENSG00000111554	True
ENST00000229179.9	ENST00000229179	ENSG00000111581	True
ENST00000539479.6	ENST00000539479	ENSG00000135679	True
ENST00000338356.7	ENST00000338356	ENSG00000135678	True
ENST00000266679.8	ENST00000266679	ENSG00000111605	True
ENST00000247843.7	ENST00000247843	ENSG00000127337	True
ENST00000550389.5	ENST00000550389	ENSG00000166225	True
ENST00000299300.11	ENST00000299300	ENSG00000166226	True
ENST00000247833.11	ENST00000247833	ENSG00000127328	True
ENST00000229195.7	ENST00000229195	ENSG00000111596	True
ENST00000258111.5	ENST00000258111	ENSG00000135643	True
ENST00000266674.10	ENST00000266674	ENSG00000139292	True
ENST00000378743.9	ENST00000378743	ENSG00000133858	True
ENST00000308086.3	ENST00000308086	ENSG00000173451	True
ENST00000266673.10	ENST00000266673	ENSG00000139291	True
ENST00000485960.6	ENST00000485960	ENSG00000121749	True
ENST00000519948.4	ENST00000519948	ENSG00000253719	True
ENST00000266659.8	ENST00000266659	ENSG00000139278	True
ENST00000650064.2	ENST00000650064	ENSG00000179941	True
ENST00000261183.8	ENST00000261183	ENSG00000091039	True
ENST00000426126.6	ENST00000426126	ENSG00000186908	True
ENST00000311083.10	ENST00000311083	ENSG00000175183	True
ENST00000322886.12	ENST00000322886	ENSG00000165891	True
ENST00000261205.9	ENST00000261205	ENSG00000067715	True
ENST00000328827.9	ENST00000328827	ENSG00000177425	True
ENST00000450142.7	ENST00000450142	ENSG00000058272	True
ENST00000552864.5	ENST00000552864	ENSG00000111052	True
ENST00000548058.6	ENST00000548058	ENSG00000111058	True
ENST00000248306.8	ENST00000248306	ENSG00000127720	True
ENST00000321196.8	ENST00000321196	ENSG00000179104	True
ENST00000266682.10	ENST00000266682	ENSG00000072041	True
ENST00000316824.4	ENST00000316824	ENSG00000180318	True
ENST00000361228.5	ENST00000361228	ENSG00000198774	True
ENST00000356891.4	ENST00000356891	ENSG00000133641	True
ENST00000552810.6	ENST00000552810	ENSG00000198707	True
ENST00000266712.11	ENST00000266712	ENSG00000139324	True
ENST00000644744.1	ENST00000644744	ENSG00000049130	True
ENST00000279488.8	ENST00000279488	ENSG00000139318	True
ENST00000313546.8	ENST00000313546	ENSG00000139323	True
ENST00000428670.7	ENST00000428670	ENSG00000070961	True
ENST00000266718.5	ENST00000266718	ENSG00000139329	True
ENST00000052754.10	ENST00000052754	ENSG00000011465	True
ENST00000256015.5	ENST00000256015	ENSG00000133639	True
ENST00000322349.13	ENST00000322349	ENSG00000102189	True
ENST00000318066.7	ENST00000318066	ENSG00000177889	True
ENST00000622746.4	ENST00000622746	ENSG00000120833	True
ENST00000542893.2	ENST00000542893	ENSG00000169372	True
ENST00000397809.10	ENST00000397809	ENSG00000173588	True
ENST00000261226.9	ENST00000261226	ENSG00000057704	True
ENST00000333003.10	ENST00000333003	ENSG00000120798	True
ENST00000343958.9	ENST00000343958	ENSG00000180263	True
ENST00000436874.6	ENST00000436874	ENSG00000028203	True
ENST00000323666.10	ENST00000323666	ENSG00000111142	True
ENST00000343702.9	ENST00000343702	ENSG00000074527	True
ENST00000266735.9	ENST00000266735	ENSG00000139343	True
ENST00000228740.7	ENST00000228740	ENSG00000111144	True
ENST00000228741.8	ENST00000228741	ENSG00000111145	True
ENST00000261211.8	ENST00000261211	ENSG00000059758	True
ENST00000266742.9	ENST00000266742	ENSG00000139350	True
ENST00000266732.8	ENST00000266732	ENSG00000120802	True
ENST00000401722.7	ENST00000401722	ENSG00000075415	True
ENST00000299157.5	ENST00000299157	ENSG00000166130	True
ENST00000551964.6	ENST00000551964	ENSG00000120868	True
ENST00000279907.12	ENST00000279907	ENSG00000111647	True
ENST00000188312.6	ENST00000188312	ENSG00000075089	True
ENST00000360820.7	ENST00000360820	ENSG00000136021	True
ENST00000547754.6	ENST00000547754	ENSG00000139354	True
ENST00000261637.5	ENST00000261637	ENSG00000120800	True
ENST00000261636.13	ENST00000261636	ENSG00000120805	True
ENST00000229266.8	ENST00000229266	ENSG00000111666	True
ENST00000299314.12	ENST00000299314	ENSG00000111670	True
ENST00000258534.13	ENST00000258534	ENSG00000136048	True
ENST00000240079.11	ENST00000240079	ENSG00000120860	True
ENST00000552283.6	ENST00000552283	ENSG00000075188	True
ENST00000327680.6	ENST00000327680	ENSG00000185480	True
ENST00000392876.8	ENST00000392876	ENSG00000111696	True
ENST00000299767.10	ENST00000299767	ENSG00000166598	True
ENST00000378090.9	ENST00000378090	ENSG00000204954	True
ENST00000392872.8	ENST00000392872	ENSG00000139372	True
ENST00000360814.8	ENST00000360814	ENSG00000120820	True
ENST00000229330.9	ENST00000229330	ENSG00000111727	True
ENST00000240055.8	ENST00000240055	ENSG00000120837	True
ENST00000303694.6	ENST00000303694	ENSG00000171310	True
ENST00000258538.7	ENST00000258538	ENSG00000136052	True
ENST00000258494.14	ENST00000258494	ENSG00000136010	True
ENST00000332180.10	ENST00000332180	ENSG00000136051	True
ENST00000258530.8	ENST00000258530	ENSG00000136044	True
ENST00000443585.6	ENST00000443585	ENSG00000235162	True
ENST00000378026.5	ENST00000378026	ENSG00000136026	True
ENST00000299045.8	ENST00000299045	ENSG00000166046	True
ENST00000228347.9	ENST00000228347	ENSG00000013503	True
ENST00000392837.9	ENST00000392837	ENSG00000111785	True
ENST00000548125.5	ENST00000548125	ENSG00000151135	True
ENST00000008527.10	ENST00000008527	ENSG00000008405	True
ENST00000280758.10	ENST00000280758	ENSG00000151136	True
ENST00000412830.8	ENST00000412830	ENSG00000136045	True
ENST00000228437.10	ENST00000228437	ENSG00000110851	True
ENST00000552695.6	ENST00000552695	ENSG00000198855	True
ENST00000311893.13	ENST00000311893	ENSG00000136003	True
ENST00000261401.7	ENST00000261401	ENSG00000110880	True
ENST00000257548.10	ENST00000257548	ENSG00000135093	True
ENST00000429722.3	ENST00000429722	ENSG00000189046	True
ENST00000242576.7	ENST00000242576	ENSG00000076248	True
ENST00000228495.11	ENST00000228495	ENSG00000110906	True
ENST00000342494.8	ENST00000342494	ENSG00000151148	True
ENST00000545712.7	ENST00000545712	ENSG00000139428	True
ENST00000228510.8	ENST00000228510	ENSG00000110921	True
ENST00000318348.9	ENST00000318348	ENSG00000139433	True
ENST00000312777.9	ENST00000312777	ENSG00000139437	True
ENST00000355312.8	ENST00000355312	ENSG00000139436	True
ENST00000261739.9	ENST00000261739	ENSG00000076513	True
ENST00000549724.2	ENST00000549724	ENSG00000174456	True
ENST00000242591.10	ENST00000242591	ENSG00000122970	True
ENST00000539276.7	ENST00000539276	ENSG00000174437	True
ENST00000228825.12	ENST00000228825	ENSG00000111229	True
ENST00000228827.8	ENST00000228827	ENSG00000111231	True
ENST00000377673.10	ENST00000377673	ENSG00000204856	True
ENST00000549578.6	ENST00000549578	ENSG00000111237	True
ENST00000354300.5	ENST00000354300	ENSG00000196850	True
ENST00000551590.5	ENST00000551590	ENSG00000204852	True
ENST00000340766.9	ENST00000340766	ENSG00000186298	True
ENST00000361483.4	ENST00000361483	ENSG00000198324	True
ENST00000341259.7	ENST00000341259	ENSG00000111252	True
ENST00000550104.5	ENST00000550104	ENSG00000204842	True
ENST00000419234.9	ENST00000419234	ENSG00000089234	True
ENST00000313698.9	ENST00000313698	ENSG00000111271	True
ENST00000261733.7	ENST00000261733	ENSG00000111275	True
ENST00000552374.7	ENST00000552374	ENSG00000198270	True
ENST00000261735.4	ENST00000261735	ENSG00000089248	True
ENST00000257604.9	ENST00000257604	ENSG00000135148	True
ENST00000424576.6	ENST00000424576	ENSG00000089009	True
ENST00000202917.10	ENST00000202917	ENSG00000089127	True
ENST00000228928.12	ENST00000228928	ENSG00000111331	True
ENST00000306014.9	ENST00000306014	ENSG00000123064	True
ENST00000549621.5	ENST00000549621	ENSG00000139405	True
ENST00000335509.10	ENST00000335509	ENSG00000186815	True
ENST00000552014.5	ENST00000552014	ENSG00000089060	True
ENST00000345635.8	ENST00000345635	ENSG00000139410	True
ENST00000545145.6	ENST00000545145	ENSG00000122965	True
ENST00000349155.7	ENST00000349155	ENSG00000135111	True
ENST00000261318.5	ENST00000261318	ENSG00000111412	True
ENST00000257575.8	ENST00000257575	ENSG00000135119	True
ENST00000652555.1	ENST00000652555	ENSG00000174989	True
ENST00000335209.12	ENST00000335209	ENSG00000088992	True
ENST00000622495.4	ENST00000622495	ENSG00000135108	True
ENST00000454402.7	ENST00000454402	ENSG00000111445	True
ENST00000315436.7	ENST00000315436	ENSG00000176871	True
ENST00000359236.10	ENST00000359236	ENSG00000176834	True
ENST00000261313.3	ENST00000261313	ENSG00000089220	True
ENST00000392533.8	ENST00000392533	ENSG00000135090	True
ENST00000543473.2	ENST00000543473	ENSG00000111707	True
ENST00000281938.7	ENST00000281938	ENSG00000152137	True
ENST00000541640.5	ENST00000541640	ENSG00000111725	True
ENST00000392521.7	ENST00000392521	ENSG00000122966	True
ENST00000229340.10	ENST00000229340	ENSG00000111737	True
ENST00000551150.5	ENST00000551150	ENSG00000089157	True
ENST00000228307.11	ENST00000228307	ENSG00000089159	True
ENST00000202967.4	ENST00000202967	ENSG00000089163	True
ENST00000257552.7	ENST00000257552	ENSG00000135097	True
ENST00000551765.6	ENST00000551765	ENSG00000257218	True
ENST00000229390.8	ENST00000229390	ENSG00000111786	True
ENST00000392509.6	ENST00000392509	ENSG00000088986	True
ENST00000325954.9	ENST00000325954	ENSG00000022840	True
ENST00000357500.5	ENST00000357500	ENSG00000167272	True
ENST00000228506.8	ENST00000228506	ENSG00000110917	True
ENST00000242592.9	ENST00000242592	ENSG00000122971	True
ENST00000353487.7	ENST00000353487	ENSG00000157837	True
ENST00000537817.5	ENST00000537817	ENSG00000157895	True
ENST00000257570.9	ENST00000257570	ENSG00000135114	True
ENST00000337233.8	ENST00000337233	ENSG00000135124	True
ENST00000324774.9	ENST00000324774	ENSG00000110931	True
ENST00000261819.8	ENST00000261819	ENSG00000089053	True
ENST00000361234.9	ENST00000361234	ENSG00000170633	True
ENST00000377071.9	ENST00000377071	ENSG00000089094	True
ENST00000617316.2	ENST00000617316	ENSG00000276045	True
ENST00000449592.7	ENST00000449592	ENSG00000188735	True
ENST00000267205.7	ENST00000267205	ENSG00000139725	True
ENST00000541212.6	ENST00000541212	ENSG00000110801	True
ENST00000261822.5	ENST00000261822	ENSG00000110987	True
ENST00000319080.12	ENST00000319080	ENSG00000175727	True
ENST00000267199.9	ENST00000267199	ENSG00000139719	True
ENST00000537178.5	ENST00000537178	ENSG00000130779	True
ENST00000672018.1	ENST00000672018	ENSG00000033030	True
ENST00000331738.12	ENST00000331738	ENSG00000111011	True
ENST00000333479.12	ENST00000333479	ENSG00000184445	True
ENST00000280557.11	ENST00000280557	ENSG00000139726	True
ENST00000253083.9	ENST00000253083	ENSG00000130787	True
ENST00000267202.7	ENST00000267202	ENSG00000139722	True
ENST00000228922.11	ENST00000228922	ENSG00000111325	True
ENST00000315580.9	ENST00000315580	ENSG00000182196	True
ENST00000606320.6	ENST00000606320	ENSG00000051825	True
ENST00000366329.6	ENST00000366329	ENSG00000130921	True
ENST00000261692.7	ENST00000261692	ENSG00000111328	True
ENST00000402868.8	ENST00000402868	ENSG00000183955	True
ENST00000280571.9	ENST00000280571	ENSG00000150977	True
ENST00000526639.3	ENST00000526639	ENSG00000184209	True
ENST00000376874.9	ENST00000376874	ENSG00000188026	True
ENST00000262225.8	ENST00000262225	ENSG00000086598	True
ENST00000238146.9	ENST00000238146	ENSG00000111364	True
ENST00000424014.7	ENST00000424014	ENSG00000111361	True
ENST00000543341.7	ENST00000543341	ENSG00000111358	True
ENST00000303372.7	ENST00000303372	ENSG00000168778	True
ENST00000330342.8	ENST00000330342	ENSG00000185344	True
ENST00000261693.11	ENST00000261693	ENSG00000073060	True
ENST00000308736.7	ENST00000308736	ENSG00000150990	True
ENST00000341446.9	ENST00000341446	ENSG00000184992	True
ENST00000316519.11	ENST00000316519	ENSG00000081760	True
ENST00000261653.10	ENST00000261653	ENSG00000111450	True
ENST00000543796.6	ENST00000543796	ENSG00000132341	True
ENST00000261674.8	ENST00000261674	ENSG00000061936	True
ENST00000360564.5	ENST00000360564	ENSG00000198598	True
ENST00000321867.6	ENST00000321867	ENSG00000177169	True
ENST00000443358.6	ENST00000443358	ENSG00000177192	True
ENST00000397333.4	ENST00000397333	ENSG00000185163	True
ENST00000330579.6	ENST00000330579	ENSG00000184967	True
ENST00000320574.10	ENST00000320574	ENSG00000177084	True
ENST00000317479.8	ENST00000317479	ENSG00000176894	True
ENST00000498926.7	ENST00000498926	ENSG00000247077	True
ENST00000357997.10	ENST00000357997	ENSG00000176915	True
ENST00000204726.8	ENST00000204726	ENSG00000090615	True
ENST00000432561.6	ENST00000432561	ENSG00000072609	True
ENST00000392321.3	ENST00000392321	ENSG00000196458	True
ENST00000327668.11	ENST00000327668	ENSG00000198040	True
ENST00000248211.11	ENST00000248211	ENSG00000256223	True
ENST00000361479.10	ENST00000361479	ENSG00000196199	True
ENST00000338910.9	ENST00000338910	ENSG00000121390	True
ENST00000337963.9	ENST00000337963	ENSG00000132950	True
ENST00000610343.4	ENST00000610343	ENSG00000121741	True
ENST00000382844.2	ENST00000382844	ENSG00000165474	True
ENST00000298248.12	ENST00000298248	ENSG00000165475	True
ENST00000351808.9	ENST00000351808	ENSG00000032742	True
ENST00000382758.6	ENST00000382758	ENSG00000150456	True
ENST00000255305.10	ENST00000255305	ENSG00000132953	True
ENST00000382592.5	ENST00000382592	ENSG00000150457	True
ENST00000621421.4	ENST00000621421	ENSG00000150459	True
ENST00000314759.6	ENST00000314759	ENSG00000165480	True
ENST00000309594.5	ENST00000309594	ENSG00000173141	True
ENST00000400590.7	ENST00000400590	ENSG00000180776	True
ENST00000382374.9	ENST00000382374	ENSG00000165487	True
ENST00000382263.3	ENST00000382263	ENSG00000127863	True
ENST00000382172.4	ENST00000382172	ENSG00000027001	True
ENST00000382141.4	ENST00000382141	ENSG00000273167	True
ENST00000381989.4	ENST00000381989	ENSG00000102699	True
ENST00000381884.9	ENST00000381884	ENSG00000151849	True
ENST00000381801.5	ENST00000381801	ENSG00000139505	True
ENST00000381736.8	ENST00000381736	ENSG00000139496	True
ENST00000381588.9	ENST00000381588	ENSG00000127870	True
ENST00000381527.8	ENST00000381527	ENSG00000132964	True
ENST00000335327.6	ENST00000335327	ENSG00000132970	True
ENST00000282344.11	ENST00000282344	ENSG00000152484	True
ENST00000311549.10	ENST00000311549	ENSG00000122026	True
ENST00000241463.5	ENST00000241463	ENSG00000122035	True
ENST00000381140.9	ENST00000381140	ENSG00000122034	True
ENST00000381116.5	ENST00000381116	ENSG00000122033	True
ENST00000316334.5	ENST00000316334	ENSG00000139517	True
ENST00000302979.5	ENST00000302979	ENSG00000186184	True
ENST00000380958.8	ENST00000380958	ENSG00000152520	True
ENST00000282397.9	ENST00000282397	ENSG00000102755	True
ENST00000380842.5	ENST00000380842	ENSG00000132963	True
ENST00000266943.11	ENST00000266943	ENSG00000139508	True
ENST00000380752.10	ENST00000380752	ENSG00000139514	True
ENST00000380615.8	ENST00000380615	ENSG00000102781	True
ENST00000341423.10	ENST00000341423	ENSG00000189403	True
ENST00000255304.9	ENST00000255304	ENSG00000132952	True
ENST00000320027.10	ENST00000320027	ENSG00000120694	True
ENST00000343307.5	ENST00000343307	ENSG00000187676	True
ENST00000267068.5	ENST00000267068	ENSG00000244754	True
ENST00000315596.15	ENST00000315596	ENSG00000083642	True
ENST00000336934.10	ENST00000336934	ENSG00000133121	True
ENST00000380071.8	ENST00000380071	ENSG00000133119	True
ENST00000379919.6	ENST00000379919	ENSG00000180660	True
ENST00000360631.7	ENST00000360631	ENSG00000133083	True
ENST00000451493.5	ENST00000451493	ENSG00000133104	True
ENST00000255476.3	ENST00000255476	ENSG00000133111	True
ENST00000350148.9	ENST00000350148	ENSG00000120693	True
ENST00000239891.4	ENST00000239891	ENSG00000120697	True
ENST00000389704.4	ENST00000389704	ENSG00000120699	True
ENST00000350612.11	ENST00000350612	ENSG00000102710	True
ENST00000239878.9	ENST00000239878	ENSG00000120686	True
ENST00000352251.8	ENST00000352251	ENSG00000120685	True
ENST00000379600.8	ENST00000379600	ENSG00000188811	True
ENST00000379589.4	ENST00000379589	ENSG00000183722	True
ENST00000455146.8	ENST00000455146	ENSG00000133103	True
ENST00000379561.6	ENST00000379561	ENSG00000150907	True
ENST00000323563.8	ENST00000323563	ENSG00000102738	True
ENST00000338625.9	ENST00000338625	ENSG00000102743	True
ENST00000239882.7	ENST00000239882	ENSG00000120690	True
ENST00000379487.5	ENST00000379487	ENSG00000120688	True
ENST00000379485.2	ENST00000379485	ENSG00000165572	True
ENST00000379483.4	ENST00000379483	ENSG00000120696	True
ENST00000379480.9	ENST00000379480	ENSG00000120662	True
ENST00000379406.8	ENST00000379406	ENSG00000172766	True
ENST00000379359.4	ENST00000379359	ENSG00000102760	True
ENST00000379310.8	ENST00000379310	ENSG00000102763	True
ENST00000337343.8	ENST00000337343	ENSG00000102780	True
ENST00000025301.4	ENST00000025301	ENSG00000023516	True
ENST00000379221.4	ENST00000379221	ENSG00000120675	True
ENST00000261488.10	ENST00000261488	ENSG00000120658	True
ENST00000444614.8	ENST00000444614	ENSG00000151773	True
ENST00000441843.5	ENST00000441843	ENSG00000179630	True
ENST00000261489.6	ENST00000261489	ENSG00000102804	True
ENST00000379161.5	ENST00000379161	ENSG00000083635	True
ENST00000379151.9	ENST00000379151	ENSG00000133114	True
ENST00000340473.8	ENST00000340473	ENSG00000188342	True
ENST00000530705.6	ENST00000530705	ENSG00000133112	True
ENST00000519676.6	ENST00000519676	ENSG00000174032	True
ENST00000349995.10	ENST00000349995	ENSG00000136152	True
ENST00000242848.8	ENST00000242848	ENSG00000123200	True
ENST00000398576.6	ENST00000398576	ENSG00000136167	True
ENST00000389797.8	ENST00000389797	ENSG00000136141	True
ENST00000378720.8	ENST00000378720	ENSG00000139684	True
ENST00000258662.3	ENST00000258662	ENSG00000136159	True
ENST00000258648.7	ENST00000258648	ENSG00000136146	True
ENST00000647800.2	ENST00000647800	ENSG00000136156	True
ENST00000267163.5	ENST00000267163	ENSG00000139687	True
ENST00000344532.7	ENST00000344532	ENSG00000136161	True
ENST00000541916.5	ENST00000541916	ENSG00000102531	True
ENST00000251108.10	ENST00000251108	ENSG00000102543	True
ENST00000610540.4	ENST00000610540	ENSG00000102547	True
ENST00000354234.8	ENST00000354234	ENSG00000136169	True
ENST00000378319.8	ENST00000378319	ENSG00000136147	True
ENST00000378302.7	ENST00000378302	ENSG00000136144	True
ENST00000242827.11	ENST00000242827	ENSG00000123179	True
ENST00000261667.8	ENST00000261667	ENSG00000102753	True
ENST00000361840.8	ENST00000361840	ENSG00000123178	True
ENST00000356017.8	ENST00000356017	ENSG00000204977	True
ENST00000645188.1	ENST00000645188	ENSG00000136104	True
ENST00000311234.9	ENST00000311234	ENSG00000102786	True
ENST00000298125.7	ENST00000298125	ENSG00000139668	True
ENST00000242839.10	ENST00000242839	ENSG00000123191	True
ENST00000521508.2	ENST00000521508	ENSG00000253710	True
ENST00000618534.4	ENST00000618534	ENSG00000136098	True
ENST00000258613.5	ENST00000258613	ENSG00000136114	True
ENST00000378060.9	ENST00000378060	ENSG00000136100	True
ENST00000378037.9	ENST00000378037	ENSG00000136108	True
ENST00000400324.9	ENST00000400324	ENSG00000139734	True
ENST00000535286.5	ENST00000535286	ENSG00000083544	True
ENST00000544246.5	ENST00000544246	ENSG00000184226	True
ENST00000613252.5	ENST00000613252	ENSG00000276644	True
ENST00000377818.4	ENST00000377818	ENSG00000204899	True
ENST00000390667.11	ENST00000390667	ENSG00000136122	True
ENST00000326291.11	ENST00000326291	ENSG00000083535	True
ENST00000377687.6	ENST00000377687	ENSG00000102554	True
ENST00000431480.6	ENST00000431480	ENSG00000136111	True
ENST00000377615.7	ENST00000377615	ENSG00000188243	True
ENST00000377595.7	ENST00000377595	ENSG00000118939	True
ENST00000377534.8	ENST00000377534	ENSG00000136153	True
ENST00000377474.4	ENST00000377474	ENSG00000178695	True
ENST00000355619.10	ENST00000355619	ENSG00000005812	True
ENST00000418532.6	ENST00000418532	ENSG00000139737	True
ENST00000646605.1	ENST00000646605	ENSG00000136160	True
ENST00000282003.7	ENST00000282003	ENSG00000152193	True
ENST00000612570.4	ENST00000612570	ENSG00000102471	True
ENST00000377102.5	ENST00000377102	ENSG00000136158	True
ENST00000377047.9	ENST00000377047	ENSG00000183098	True
ENST00000376958.5	ENST00000376958	ENSG00000152749	True
ENST00000645237.2	ENST00000645237	ENSG00000125257	True
ENST00000347108.7	ENST00000347108	ENSG00000134874	True
ENST00000602402.6	ENST00000602402	ENSG00000102580	True
ENST00000376747.8	ENST00000376747	ENSG00000102595	True
ENST00000345429.10	ENST00000345429	ENSG00000139793	True
ENST00000245304.5	ENST00000245304	ENSG00000125249	True
ENST00000651721.2	ENST00000651721	ENSG00000065150	True
ENST00000319562.11	ENST00000319562	ENSG00000152767	True
ENST00000539966.5	ENST00000539966	ENSG00000102572	True
ENST00000448493.7	ENST00000448493	ENSG00000088387	True
ENST00000403766.8	ENST00000403766	ENSG00000134882	True
ENST00000376355.7	ENST00000376355	ENSG00000125246	True
ENST00000267294.4	ENST00000267294	ENSG00000139800	True
ENST00000376335.8	ENST00000376335	ENSG00000043355	True
ENST00000376285.6	ENST00000376285	ENSG00000175198	True
ENST00000376234.7	ENST00000376234	ENSG00000125247	True
ENST00000376180.8	ENST00000376180	ENSG00000198542	True
ENST00000376065.8	ENST00000376065	ENSG00000134900	True
ENST00000376032.9	ENST00000376032	ENSG00000151287	True
ENST00000376004.5	ENST00000376004	ENSG00000134901	True
ENST00000646441.1	ENST00000646441	ENSG00000125266	True
ENST00000400198.8	ENST00000400198	ENSG00000134884	True
ENST00000611712.4	ENST00000611712	ENSG00000174405	True
ENST00000375898.4	ENST00000375898	ENSG00000139826	True
ENST00000375856.5	ENST00000375856	ENSG00000185950	True
ENST00000375820.10	ENST00000375820	ENSG00000187498	True
ENST00000360467.7	ENST00000360467	ENSG00000134871	True
ENST00000267328.5	ENST00000267328	ENSG00000139832	True
ENST00000257347.9	ENST00000257347	ENSG00000134905	True
ENST00000333219.9	ENST00000333219	ENSG00000153487	True
ENST00000267339.6	ENST00000267339	ENSG00000088448	True
ENST00000646102.1	ENST00000646102	ENSG00000102606	True
ENST00000261965.8	ENST00000261965	ENSG00000126216	True
ENST00000487903.5	ENST00000487903	ENSG00000068650	True
ENST00000535094.7	ENST00000535094	ENSG00000126217	True
ENST00000337344.9	ENST00000337344	ENSG00000126226	True
ENST00000332556.5	ENST00000332556	ENSG00000185896	True
ENST00000375431.9	ENST00000375431	ENSG00000139835	True
ENST00000478244.6	ENST00000478244	ENSG00000150401	True
ENST00000434316.7	ENST00000434316	ENSG00000150403	True
ENST00000375370.10	ENST00000375370	ENSG00000198176	True
ENST00000327773.7	ENST00000327773	ENSG00000183087	True
ENST00000334062.8	ENST00000334062	ENSG00000185989	True
ENST00000356221.8	ENST00000356221	ENSG00000130177	True
ENST00000375299.8	ENST00000375299	ENSG00000169062	True
ENST00000437553.6	ENST00000437553	ENSG00000100814	True
ENST00000429687.7	ENST00000429687	ENSG00000129484	True
ENST00000206542.9	ENST00000206542	ENSG00000092094	True
ENST00000216714.8	ENST00000216714	ENSG00000100823	True
ENST00000250489.8	ENST00000250489	ENSG00000165782	True
ENST00000361505.10	ENST00000361505	ENSG00000198805	True
ENST00000336811.10	ENST00000336811	ENSG00000214274	True
ENST00000339374.10	ENST00000339374	ENSG00000165792	True
ENST00000556147.5	ENST00000556147	ENSG00000165795	True
ENST00000298694.9	ENST00000298694	ENSG00000165801	True
ENST00000360947.8	ENST00000360947	ENSG00000165804	True
ENST00000555309.5	ENST00000555309	ENSG00000092199	True
ENST00000216297.7	ENST00000216297	ENSG00000092201	True
ENST00000646647.2	ENST00000646647	ENSG00000100888	True
ENST00000397762.6	ENST00000397762	ENSG00000129472	True
ENST00000613569.4	ENST00000613569	ENSG00000092203	True
ENST00000298717.9	ENST00000298717	ENSG00000165819	True
ENST00000614342.1	ENST00000614342	ENSG00000165821	True
ENST00000250498.9	ENST00000250498	ENSG00000129562	True
ENST00000428304.6	ENST00000428304	ENSG00000100439	True
ENST00000355151.9	ENST00000355151	ENSG00000172590	True
ENST00000311852.11	ENST00000311852	ENSG00000157227	True
ENST00000359591.9	ENST00000359591	ENSG00000197324	True
ENST00000359890.8	ENST00000359890	ENSG00000100461	True
ENST00000206474.11	ENST00000206474	ENSG00000092036	True
ENST00000262713.7	ENST00000262713	ENSG00000129474	True
ENST00000299088.11	ENST00000299088	ENSG00000100802	True
ENST00000487137.6	ENST00000487137	ENSG00000139880	True
ENST00000262710.5	ENST00000262710	ENSG00000100813	True
ENST00000319074.6	ENST00000319074	ENSG00000179933	True
ENST00000316902.12	ENST00000316902	ENSG00000092068	True
ENST00000357460.7	ENST00000357460	ENSG00000215271	True
ENST00000452015.9	ENST00000452015	ENSG00000235194	True
ENST00000216727.8	ENST00000216727	ENSG00000100836	True
ENST00000397267.5	ENST00000397267	ENSG00000092096	True
ENST00000288014.7	ENST00000288014	ENSG00000259431	True
ENST00000308724.9	ENST00000308724	ENSG00000213983	True
ENST00000250383.11	ENST00000250383	ENSG00000100867	True
ENST00000216780.9	ENST00000216780	ENSG00000100889	True
ENST00000446197.8	ENST00000446197	ENSG00000100897	True
ENST00000206451.11	ENST00000206451	ENSG00000092010	True
ENST00000419198.6	ENST00000419198	ENSG00000100908	True
ENST00000216802.10	ENST00000216802	ENSG00000100911	True
ENST00000354464.11	ENST00000354464	ENSG00000196497	True
ENST00000347519.12	ENST00000347519	ENSG00000254505	True
ENST00000288087.12	ENST00000288087	ENSG00000213920	True
ENST00000250495.10	ENST00000250495	ENSG00000129559	True
ENST00000355299.8	ENST00000355299	ENSG00000100938	True
ENST00000267415.12	ENST00000267415	ENSG00000092330	True
ENST00000399409.7	ENST00000399409	ENSG00000100949	True
ENST00000396813.5	ENST00000396813	ENSG00000157379	True
ENST00000267425.8	ENST00000267425	ENSG00000196943	True
ENST00000250373.9	ENST00000250373	ENSG00000100968	True
ENST00000382554.4	ENST00000382554	ENSG00000205978	True
ENST00000553935.6	ENST00000553935	ENSG00000100441	True
ENST00000399395.7	ENST00000399395	ENSG00000100445	True
ENST00000323944.9	ENST00000323944	ENSG00000168952	True
ENST00000539517.7	ENST00000539517	ENSG00000139910	True
ENST00000331968.11	ENST00000331968	ENSG00000184304	True
ENST00000206595.11	ENST00000206595	ENSG00000092140	True
ENST00000458591.7	ENST00000458591	ENSG00000092108	True
ENST00000644874.2	ENST00000644874	ENSG00000100473	True
ENST00000357479.10	ENST00000357479	ENSG00000196792	True
ENST00000616371.4	ENST00000616371	ENSG00000100478	True
ENST00000399332.6	ENST00000399332	ENSG00000092148	True
ENST00000543095.7	ENST00000543095	ENSG00000129493	True
ENST00000310850.9	ENST00000310850	ENSG00000129480	True
ENST00000281081.12	ENST00000281081	ENSG00000151413	True
ENST00000345122.8	ENST00000345122	ENSG00000100852	True
ENST00000250457.9	ENST00000250457	ENSG00000129521	True
ENST00000298130.5	ENST00000298130	ENSG00000165389	True
ENST00000250454.8	ENST00000250454	ENSG00000129518	True
ENST00000362031.10	ENST00000362031	ENSG00000129515	True
ENST00000298159.11	ENST00000298159	ENSG00000165410	True
ENST00000382422.6	ENST00000382422	ENSG00000198604	True
ENST00000556994.5	ENST00000556994	ENSG00000100883	True
ENST00000280987.8	ENST00000280987	ENSG00000151327	True
ENST00000261475.9	ENST00000261475	ENSG00000092020	True
ENST00000261479.9	ENST00000261479	ENSG00000100902	True
ENST00000216797.10	ENST00000216797	ENSG00000100906	True
ENST00000307138.10	ENST00000307138	ENSG00000174373	True
ENST00000216807.12	ENST00000216807	ENSG00000100916	True
ENST00000416007.9	ENST00000416007	ENSG00000151332	True
ENST00000361487.7	ENST00000361487	ENSG00000198807	True
ENST00000331299.6	ENST00000331299	ENSG00000183032	True
ENST00000327441.11	ENST00000327441	ENSG00000151338	True
ENST00000250448.5	ENST00000250448	ENSG00000129514	True
ENST00000307712.11	ENST00000307712	ENSG00000100934	True
ENST00000308317.10	ENST00000308317	ENSG00000092208	True
ENST00000330149.10	ENST00000330149	ENSG00000182400	True
ENST00000216832.9	ENST00000216832	ENSG00000100941	True
ENST00000298097.7	ENST00000298097	ENSG00000165355	True
ENST00000396128.9	ENST00000396128	ENSG00000179454	True
ENST00000361462.7	ENST00000361462	ENSG00000198718	True
ENST00000355765.11	ENST00000355765	ENSG00000185246	True
ENST00000216330.7	ENST00000216330	ENSG00000100442	True
ENST00000267430.10	ENST00000267430	ENSG00000187790	True
ENST00000310806.9	ENST00000310806	ENSG00000129534	True
ENST00000556230.2	ENST00000556230	ENSG00000213741	True
ENST00000298288.11	ENST00000298288	ENSG00000165501	True
ENST00000298289.7	ENST00000298289	ENSG00000165502	True
ENST00000305386.4	ENST00000305386	ENSG00000168282	True
ENST00000298292.12	ENST00000298292	ENSG00000165506	True
ENST00000298307.10	ENST00000298307	ENSG00000165516	True
ENST00000298310.10	ENST00000298310	ENSG00000165525	True
ENST00000298316.7	ENST00000298316	ENSG00000165527	True
ENST00000395860.7	ENST00000395860	ENSG00000100483	True
ENST00000216373.10	ENST00000216373	ENSG00000100485	True
ENST00000267436.9	ENST00000267436	ENSG00000087299	True
ENST00000311459.12	ENST00000311459	ENSG00000125375	True
ENST00000395834.5	ENST00000395834	ENSG00000100490	True
ENST00000013125.8	ENST00000013125	ENSG00000012983	True
ENST00000358385.12	ENST00000358385	ENSG00000198513	True
ENST00000324679.5	ENST00000324679	ENSG00000151748	True
ENST00000216392.8	ENST00000216392	ENSG00000100504	True
ENST00000457354.7	ENST00000457354	ENSG00000139921	True
ENST00000395718.6	ENST00000395718	ENSG00000139926	True
ENST00000335281.8	ENST00000335281	ENSG00000186469	True
ENST00000261700.8	ENST00000261700	ENSG00000087302	True
ENST00000216286.10	ENST00000216286	ENSG00000087303	True
ENST00000281741.9	ENST00000281741	ENSG00000087301	True
ENST00000321662.11	ENST00000321662	ENSG00000180998	True
ENST00000395686.8	ENST00000395686	ENSG00000197930	True
ENST00000354586.5	ENST00000354586	ENSG00000198252	True
ENST00000216410.8	ENST00000216410	ENSG00000100522	True
ENST00000395631.6	ENST00000395631	ENSG00000073712	True
ENST00000357758.3	ENST00000357758	ENSG00000100523	True
ENST00000245451.9	ENST00000245451	ENSG00000125378	True
ENST00000335183.11	ENST00000335183	ENSG00000100526	True
ENST00000216416.9	ENST00000216416	ENSG00000100528	True
ENST00000616146.4	ENST00000616146	ENSG00000197045	True
ENST00000216420.12	ENST00000216420	ENSG00000100532	True
ENST00000554335.6	ENST00000554335	ENSG00000020577	True
ENST00000622544.4	ENST00000622544	ENSG00000131979	True
ENST00000360586.8	ENST00000360586	ENSG00000198554	True
ENST00000555846.2	ENST00000555846	ENSG00000180008	True
ENST00000395468.9	ENST00000395468	ENSG00000168175	True
ENST00000254301.14	ENST00000254301	ENSG00000131981	True
ENST00000247191.7	ENST00000247191	ENSG00000126787	True
ENST00000313833.5	ENST00000313833	ENSG00000178974	True
ENST00000395314.8	ENST00000395314	ENSG00000126777	True
ENST00000267460.9	ENST00000267460	ENSG00000139946	True
ENST00000261556.11	ENST00000261556	ENSG00000070269	True
ENST00000556492.6	ENST00000556492	ENSG00000139977	True
ENST00000267485.7	ENST00000267485	ENSG00000139971	True
ENST00000254286.9	ENST00000254286	ENSG00000131966	True
ENST00000216455.9	ENST00000216455	ENSG00000100567	True
ENST00000355431.8	ENST00000355431	ENSG00000032219	True
ENST00000395159.7	ENST00000395159	ENSG00000100575	True
ENST00000619416.4	ENST00000619416	ENSG00000100578	True
ENST00000335867.4	ENST00000335867	ENSG00000165617	True
ENST00000360909.7	ENST00000360909	ENSG00000100592	True
ENST00000247194.9	ENST00000247194	ENSG00000126790	True
ENST00000425728.6	ENST00000425728	ENSG00000050130	True
ENST00000342503.8	ENST00000342503	ENSG00000139970	True
ENST00000216500.9	ENST00000216500	ENSG00000100612	True
ENST00000395076.9	ENST00000395076	ENSG00000100614	True
ENST00000645694.3	ENST00000645694	ENSG00000126778	True
ENST00000216513.5	ENST00000216513	ENSG00000100625	True
ENST00000261245.9	ENST00000261245	ENSG00000020426	True
ENST00000261249.7	ENST00000261249	ENSG00000126814	True
ENST00000267488.8	ENST00000267488	ENSG00000139974	True
ENST00000332981.10	ENST00000332981	ENSG00000027075	True
ENST00000337138.9	ENST00000337138	ENSG00000100644	True
ENST00000216294.5	ENST00000216294	ENSG00000023608	True
ENST00000337537.8	ENST00000337537	ENSG00000154001	True
ENST00000394942.2	ENST00000394942	ENSG00000140006	True
ENST00000247225.7	ENST00000247225	ENSG00000126821	True
ENST00000652337.1	ENST00000652337	ENSG00000100714	True
ENST00000394718.4	ENST00000394718	ENSG00000179841	True
ENST00000554015.5	ENST00000554015	ENSG00000126804	True
ENST00000394709.2	ENST00000394709	ENSG00000126803	True
ENST00000549115.5	ENST00000549115	ENSG00000258289	True
ENST00000533601.7	ENST00000533601	ENSG00000139998	True
ENST00000246166.3	ENST00000246166	ENSG00000257365	True
ENST00000358664.9	ENST00000358664	ENSG00000125952	True
ENST00000261681.9	ENST00000261681	ENSG00000072415	True
ENST00000216442.12	ENST00000216442	ENSG00000100554	True
ENST00000256383.10	ENST00000256383	ENSG00000134001	True
ENST00000216446.9	ENST00000216446	ENSG00000100558	True
ENST00000329153.10	ENST00000329153	ENSG00000054690	True
ENST00000216452.9	ENST00000216452	ENSG00000100564	True
ENST00000261783.4	ENST00000261783	ENSG00000081181	True
ENST00000554659.6	ENST00000554659	ENSG00000100568	True
ENST00000381346.9	ENST00000381346	ENSG00000072042	True
ENST00000347230.9	ENST00000347230	ENSG00000072121	True
ENST00000471583.5	ENST00000471583	ENSG00000182185	True
ENST00000394419.8	ENST00000394419	ENSG00000072110	True
ENST00000341516.10	ENST00000341516	ENSG00000139990	True
ENST00000312994.9	ENST00000312994	ENSG00000081177	True
ENST00000337827.8	ENST00000337827	ENSG00000100626	True
ENST00000557016.6	ENST00000557016	ENSG00000100632	True
ENST00000336643.10	ENST00000336643	ENSG00000029364	True
ENST00000342745.5	ENST00000342745	ENSG00000100647	True
ENST00000361956.8	ENST00000361956	ENSG00000198732	True
ENST00000389912.7	ENST00000389912	ENSG00000133983	True
ENST00000256366.6	ENST00000256366	ENSG00000213463	True
ENST00000256379.9	ENST00000256379	ENSG00000133997	True
ENST00000256367.3	ENST00000256367	ENSG00000133985	True
ENST00000381232.7	ENST00000381232	ENSG00000197555	True
ENST00000358377.7	ENST00000358377	ENSG00000119599	True
ENST00000556143.6	ENST00000556143	ENSG00000165861	True
ENST00000261973.12	ENST00000261973	ENSG00000119707	True
ENST00000394164.5	ENST00000394164	ENSG00000080815	True
ENST00000555238.5	ENST00000555238	ENSG00000133961	True
ENST00000304061.8	ENST00000304061	ENSG00000170468	True
ENST00000238651.9	ENST00000238651	ENSG00000119673	True
ENST00000553645.7	ENST00000553645	ENSG00000119661	True
ENST00000316836.5	ENST00000316836	ENSG00000176903	True
ENST00000555661.5	ENST00000555661	ENSG00000140043	True
ENST00000651776.1	ENST00000651776	ENSG00000156050	True
ENST00000334571.7	ENST00000334571	ENSG00000119723	True
ENST00000334696.10	ENST00000334696	ENSG00000187097	True
ENST00000553458.6	ENST00000553458	ENSG00000119711	True
ENST00000356924.9	ENST00000356924	ENSG00000119688	True
ENST00000555619.6	ENST00000555619	ENSG00000119655	True
ENST00000261978.9	ENST00000261978	ENSG00000119681	True
ENST00000356357.9	ENST00000356357	ENSG00000119682	True
ENST00000341162.8	ENST00000341162	ENSG00000119616	True
ENST00000325680.12	ENST00000325680	ENSG00000119596	True
ENST00000334220.9	ENST00000334220	ENSG00000119689	True
ENST00000557413.6	ENST00000557413	ENSG00000198208	True
ENST00000266126.10	ENST00000266126	ENSG00000119718	True
ENST00000355774.6	ENST00000355774	ENSG00000119684	True
ENST00000238618.8	ENST00000238618	ENSG00000119640	True
ENST00000238616.10	ENST00000238616	ENSG00000119638	True
ENST00000303575.9	ENST00000303575	ENSG00000170348	True
ENST00000303562.9	ENST00000303562	ENSG00000170345	True
ENST00000435893.6	ENST00000435893	ENSG00000140044	True
ENST00000238667.9	ENST00000238667	ENSG00000119686	True
ENST00000298832.14	ENST00000298832	ENSG00000119685	True
ENST00000256319.7	ENST00000256319	ENSG00000133935	True
ENST00000314067.10	ENST00000314067	ENSG00000119650	True
ENST00000238682.7	ENST00000238682	ENSG00000119699	True
ENST00000251089.8	ENST00000251089	ENSG00000013523	True
ENST00000238647.5	ENST00000238647	ENSG00000119669	True
ENST00000361786.7	ENST00000361786	ENSG00000198894	True
ENST00000298351.5	ENST00000298351	ENSG00000165548	True
ENST00000261534.8	ENST00000261534	ENSG00000009830	True
ENST00000216465.10	ENST00000216465	ENSG00000100577	True
ENST00000216468.8	ENST00000216468	ENSG00000100580	True
ENST00000216471.4	ENST00000216471	ENSG00000100583	True
ENST00000553888.5	ENST00000553888	ENSG00000151445	True
ENST00000216479.8	ENST00000216479	ENSG00000100591	True
ENST00000216484.6	ENST00000216484	ENSG00000100596	True
ENST00000261531.12	ENST00000261531	ENSG00000100603	True
ENST00000238561.10	ENST00000238561	ENSG00000063761	True
ENST00000555265.6	ENST00000555265	ENSG00000100629	True
ENST00000553612.6	ENST00000553612	ENSG00000165417	True
ENST00000649389.1	ENST00000649389	ENSG00000140022	True
ENST00000336735.9	ENST00000336735	ENSG00000071537	True
ENST00000393545.9	ENST00000393545	ENSG00000042317	True
ENST00000556564.6	ENST00000556564	ENSG00000070778	True
ENST00000622513.4	ENST00000622513	ENSG00000165533	True
ENST00000345097.8	ENST00000345097	ENSG00000053254	True
ENST00000316738.12	ENST00000316738	ENSG00000140025	True
ENST00000335725.9	ENST00000335725	ENSG00000042088	True
ENST00000261303.13	ENST00000261303	ENSG00000100764	True
ENST00000356978.9	ENST00000356978	ENSG00000198668	True
ENST00000518868.5	ENST00000518868	ENSG00000133943	True
ENST00000389857.11	ENST00000389857	ENSG00000015133	True
ENST00000554943.5	ENST00000554943	ENSG00000100796	True
ENST00000435962.7	ENST00000435962	ENSG00000165929	True
ENST00000342058.8	ENST00000342058	ENSG00000140092	True
ENST00000267622.8	ENST00000267622	ENSG00000100815	True
ENST00000644486.2	ENST00000644486	ENSG00000066427	True
ENST00000329559.8	ENST00000329559	ENSG00000183648	True
ENST00000216487.12	ENST00000216487	ENSG00000100599	True
ENST00000393218.6	ENST00000393218	ENSG00000100600	True
ENST00000163416.7	ENST00000163416	ENSG00000066455	True
ENST00000267615.11	ENST00000267615	ENSG00000100605	True
ENST00000556883.1	ENST00000556883	ENSG00000165943	True
ENST00000415050.2	ENST00000415050	ENSG00000153485	True
ENST00000306954.5	ENST00000306954	ENSG00000170270	True
ENST00000013070.11	ENST00000013070	ENSG00000012963	True
ENST00000334746.10	ENST00000334746	ENSG00000011114	True
ENST00000203664.10	ENST00000203664	ENSG00000089723	True
ENST00000621632.5	ENST00000621632	ENSG00000089737	True
ENST00000393115.7	ENST00000393115	ENSG00000165948	True
ENST00000612813.4	ENST00000612813	ENSG00000165949	True
ENST00000238609.4	ENST00000238609	ENSG00000119632	True
ENST00000448921.5	ENST00000448921	ENSG00000197249	True
ENST00000331334.5	ENST00000331334	ENSG00000182512	True
ENST00000555004.2	ENST00000555004	ENSG00000227051	True
ENST00000216277.12	ENST00000216277	ENSG00000090060	True
ENST00000216639.8	ENST00000216639	ENSG00000100749	True
ENST00000331768.10	ENST00000331768	ENSG00000183576	True
ENST00000389879.9	ENST00000389879	ENSG00000090061	True
ENST00000262233.11	ENST00000262233	ENSG00000066629	True
ENST00000392920.8	ENST00000392920	ENSG00000196405	True
ENST00000262238.10	ENST00000262238	ENSG00000100811	True
ENST00000359232.8	ENST00000359232	ENSG00000197119	True
ENST00000355338.6	ENST00000355338	ENSG00000140105	True
ENST00000335290.10	ENST00000335290	ENSG00000176473	True
ENST00000334743.9	ENST00000334743	ENSG00000078304	True
ENST00000216281.13	ENST00000216281	ENSG00000080824	True
ENST00000335263.9	ENST00000335263	ENSG00000140153	True
ENST00000361847.7	ENST00000361847	ENSG00000080823	True
ENST00000216756.11	ENST00000216756	ENSG00000100865	True
ENST00000359520.12	ENST00000359520	ENSG00000196663	True
ENST00000286918.9	ENST00000286918	ENSG00000156381	True
ENST00000262241.7	ENST00000262241	ENSG00000089902	True
ENST00000392745.8	ENST00000392745	ENSG00000131323	True
ENST00000361246.7	ENST00000361246	ENSG00000198752	True
ENST00000560869.6	ENST00000560869	ENSG00000185215	True
ENST00000216554.8	ENST00000216554	ENSG00000100664	True
ENST00000429436.7	ENST00000429436	ENSG00000075413	True
ENST00000348956.7	ENST00000348956	ENSG00000166165	True
ENST00000389749.9	ENST00000389749	ENSG00000166166	True
ENST00000445922.2	ENST00000445922	ENSG00000166170	True
ENST00000409074.7	ENST00000409074	ENSG00000256053	True
ENST00000553264.5	ENST00000553264	ENSG00000126215	True
ENST00000311141.6	ENST00000311141	ENSG00000100711	True
ENST00000202556.14	ENST00000202556	ENSG00000088808	True
ENST00000554880.5	ENST00000554880	ENSG00000156411	True
ENST00000392634.9	ENST00000392634	ENSG00000203485	True
ENST00000330877.6	ENST00000330877	ENSG00000185100	True
ENST00000329967.11	ENST00000329967	ENSG00000184990	True
ENST00000453495.2	ENST00000453495	ENSG00000099814	True
ENST00000547315.6	ENST00000547315	ENSG00000140104	True
ENST00000336219.4	ENST00000336219	ENSG00000170779	True
ENST00000331782.8	ENST00000331782	ENSG00000184916	True
ENST00000392568.7	ENST00000392568	ENSG00000183828	True
ENST00000547530.7	ENST00000547530	ENSG00000185024	True
ENST00000392554.7	ENST00000392554	ENSG00000184887	True
ENST00000325438.12	ENST00000325438	ENSG00000179364	True
ENST00000331320.12	ENST00000331320	ENSG00000182979	True
ENST00000329146.9	ENST00000329146	ENSG00000182809	True
ENST00000392523.8	ENST00000392523	ENSG00000185347	True
ENST00000392519.7	ENST00000392519	ENSG00000184986	True
ENST00000674289.1	ENST00000674289	ENSG00000140157	True
ENST00000617928.5	ENST00000617928	ENSG00000273749	True
ENST00000615383.5	ENST00000615383	ENSG00000275835	True
ENST00000314520.6	ENST00000314520	ENSG00000179455	True
ENST00000649030.2	ENST00000649030	ENSG00000182636	True
ENST00000648336.2	ENST00000648336	ENSG00000114062	True
ENST00000311550.10	ENST00000311550	ENSG00000166206	True
ENST00000558402.5	ENST00000558402	ENSG00000034053	True
ENST00000332303.6	ENST00000332303	ENSG00000185115	True
ENST00000362065.9	ENST00000362065	ENSG00000198690	True
ENST00000435680.6	ENST00000435680	ENSG00000166912	True
ENST00000307145.4	ENST00000307145	ENSG00000169926	True
ENST00000361627.8	ENST00000361627	ENSG00000198826	True
ENST00000306730.8	ENST00000306730	ENSG00000169857	True
ENST00000256545.9	ENST00000256545	ENSG00000134153	True
ENST00000397766.4	ENST00000397766	ENSG00000182405	True
ENST00000256544.8	ENST00000256544	ENSG00000134152	True
ENST00000267750.9	ENST00000267750	ENSG00000128463	True
ENST00000290209.9	ENST00000290209	ENSG00000140199	True
ENST00000328848.6	ENST00000328848	ENSG00000182117	True
ENST00000314891.11	ENST00000314891	ENSG00000176454	True
ENST00000290378.6	ENST00000290378	ENSG00000159251	True
ENST00000156471.10	ENST00000156471	ENSG00000021776	True
ENST00000356321.4	ENST00000356321	ENSG00000198146	True
ENST00000256538.9	ENST00000256538	ENSG00000134146	True
ENST00000566621.6	ENST00000566621	ENSG00000186073	True
ENST00000299084.9	ENST00000299084	ENSG00000166068	True
ENST00000397609.6	ENST00000397609	ENSG00000171262	True
ENST00000260356.6	ENST00000260356	ENSG00000137801	True
ENST00000561100.2	ENST00000561100	ENSG00000166073	True
ENST00000263791.10	ENST00000263791	ENSG00000128829	True
ENST00000267884.11	ENST00000267884	ENSG00000140319	True
ENST00000354670.9	ENST00000354670	ENSG00000104081	True
ENST00000287598.11	ENST00000287598	ENSG00000156970	True
ENST00000638170.2	ENST00000638170	ENSG00000259330	True
ENST00000249776.12	ENST00000249776	ENSG00000128944	True
ENST00000651168.1	ENST00000651168	ENSG00000128928	True
ENST00000416165.6	ENST00000416165	ENSG00000140320	True
ENST00000306243.7	ENST00000306243	ENSG00000169105	True
ENST00000358005.7	ENST00000358005	ENSG00000128891	True
ENST00000315616.12	ENST00000315616	ENSG00000166133	True
ENST00000399668.7	ENST00000399668	ENSG00000137812	True
ENST00000267868.8	ENST00000267868	ENSG00000051180	True
ENST00000260447.6	ENST00000260447	ENSG00000137880	True
ENST00000220496.9	ENST00000220496	ENSG00000104129	True
ENST00000355341.8	ENST00000355341	ENSG00000166140	True
ENST00000344051.8	ENST00000344051	ENSG00000166145	True
ENST00000220507.5	ENST00000220507	ENSG00000104140	True
ENST00000220509.10	ENST00000220509	ENSG00000104142	True
ENST00000617768.5	ENST00000617768	ENSG00000128965	True
ENST00000648947.1	ENST00000648947	ENSG00000128908	True
ENST00000334660.10	ENST00000334660	ENSG00000187446	True
ENST00000220514.8	ENST00000220514	ENSG00000104147	True
ENST00000260361.9	ENST00000260361	ENSG00000137806	True
ENST00000260386.7	ENST00000260386	ENSG00000137825	True
ENST00000304330.9	ENST00000304330	ENSG00000103932	True
ENST00000263798.8	ENST00000263798	ENSG00000092445	True
ENST00000457542.7	ENST00000457542	ENSG00000137802	True
ENST00000397299.9	ENST00000397299	ENSG00000243789	True
ENST00000220325.9	ENST00000220325	ENSG00000103966	True
ENST00000318006.9	ENST00000318006	ENSG00000166887	True
ENST00000389834.9	ENST00000389834	ENSG00000103978	True
ENST00000318010.12	ENST00000318010	ENSG00000214013	True
ENST00000564754.6	ENST00000564754	ENSG00000103994	True
ENST00000249647.8	ENST00000249647	ENSG00000092531	True
ENST00000260372.8	ENST00000260372	ENSG00000137814	True
ENST00000356231.4	ENST00000356231	ENSG00000140326	True
ENST00000622375.4	ENST00000622375	ENSG00000128881	True
ENST00000260403.7	ENST00000260403	ENSG00000137842	True
ENST00000300213.9	ENST00000300213	ENSG00000166946	True
ENST00000305641.7	ENST00000305641	ENSG00000168806	True
ENST00000562188.6	ENST00000562188	ENSG00000168803	True
ENST00000396976.6	ENST00000396976	ENSG00000140265	True
ENST00000564079.6	ENST00000564079	ENSG00000137822	True
ENST00000263801.7	ENST00000263801	ENSG00000067369	True
ENST00000334933.8	ENST00000334933	ENSG00000168781	True
ENST00000300289.10	ENST00000300289	ENSG00000167004	True
ENST00000319359.8	ENST00000319359	ENSG00000128886	True
ENST00000381359.5	ENST00000381359	ENSG00000140264	True
ENST00000267812.4	ENST00000267812	ENSG00000140259	True
ENST00000263795.11	ENST00000263795	ENSG00000092470	True
ENST00000417257.6	ENST00000417257	ENSG00000171877	True
ENST00000299957.11	ENST00000299957	ENSG00000166734	True
ENST00000260327.9	ENST00000260327	ENSG00000137770	True
ENST00000261868.10	ENST00000261868	ENSG00000104131	True
ENST00000648006.2	ENST00000648006	ENSG00000166710	True
ENST00000267814.14	ENST00000267814	ENSG00000140263	True
ENST00000396659.8	ENST00000396659	ENSG00000171766	True
ENST00000305560.11	ENST00000305560	ENSG00000171763	True
ENST00000261867.5	ENST00000261867	ENSG00000104154	True
ENST00000220531.9	ENST00000220531	ENSG00000104164	True
ENST00000568606.5	ENST00000568606	ENSG00000137767	True
ENST00000316364.9	ENST00000316364	ENSG00000137872	True
ENST00000331200.8	ENST00000331200	ENSG00000128951	True
ENST00000380950.7	ENST00000380950	ENSG00000103995	True
ENST00000530028.3	ENST00000530028	ENSG00000255302	True
ENST00000559471.6	ENST00000559471	ENSG00000138593	True
ENST00000388901.10	ENST00000388901	ENSG00000166200	True
ENST00000560031.6	ENST00000560031	ENSG00000156958	True
ENST00000267842.10	ENST00000267842	ENSG00000140284	True
ENST00000220429.12	ENST00000220429	ENSG00000104064	True
ENST00000560955.5	ENST00000560955	ENSG00000092439	True
ENST00000261854.10	ENST00000261854	ENSG00000138600	True
ENST00000261842.10	ENST00000261842	ENSG00000081014	True
ENST00000267838.7	ENST00000267838	ENSG00000140280	True
ENST00000249700.9	ENST00000249700	ENSG00000128872	True
ENST00000308580.12	ENST00000308580	ENSG00000138594	True
ENST00000299601.10	ENST00000299601	ENSG00000166477	True
ENST00000261845.7	ENST00000261845	ENSG00000069956	True
ENST00000358784.11	ENST00000358784	ENSG00000069966	True
ENST00000261839.12	ENST00000261839	ENSG00000128833	True
ENST00000566423.5	ENST00000566423	ENSG00000128989	True
ENST00000261844.11	ENST00000261844	ENSG00000047346	True
ENST00000260443.9	ENST00000260443	ENSG00000137876	True
ENST00000396307.6	ENST00000396307	ENSG00000069974	True
ENST00000436697.3	ENST00000436697	ENSG00000225973	True
ENST00000164305.10	ENST00000164305	ENSG00000069943	True
ENST00000442196.7	ENST00000442196	ENSG00000260916	True
ENST00000569691.2	ENST00000569691	ENSG00000261652	True
ENST00000321149.7	ENST00000321149	ENSG00000256061	True
ENST00000563719.3	ENST00000563719	ENSG00000171016	True
ENST00000435532.7	ENST00000435532	ENSG00000069869	True
ENST00000352903.6	ENST00000352903	ENSG00000151575	True
ENST00000260453.4	ENST00000260453	ENSG00000138587	True
ENST00000333725.10	ENST00000333725	ENSG00000140262	True
ENST00000281282.5	ENST00000281282	ENSG00000128849	True
ENST00000299638.8	ENST00000299638	ENSG00000255529	True
ENST00000249750.9	ENST00000249750	ENSG00000128918	True
ENST00000450403.3	ENST00000450403	ENSG00000128923	True
ENST00000348370.8	ENST00000348370	ENSG00000157450	True
ENST00000380516.7	ENST00000380516	ENSG00000137776	True
ENST00000288207.7	ENST00000288207	ENSG00000157456	True
ENST00000288235.9	ENST00000288235	ENSG00000157483	True
ENST00000396060.7	ENST00000396060	ENSG00000140307	True
ENST00000267859.8	ENST00000267859	ENSG00000140299	True
ENST00000396024.7	ENST00000396024	ENSG00000182718	True
ENST00000261520.9	ENST00000261520	ENSG00000128915	True
ENST00000449337.6	ENST00000449337	ENSG00000069667	True
ENST00000403994.9	ENST00000403994	ENSG00000140416	True
ENST00000330964.10	ENST00000330964	ENSG00000185088	True
ENST00000344366.7	ENST00000344366	ENSG00000074410	True
ENST00000380324.8	ENST00000380324	ENSG00000140455	True
ENST00000300030.8	ENST00000300030	ENSG00000166797	True
ENST00000559844.6	ENST00000559844	ENSG00000028528	True
ENST00000300026.4	ENST00000300026	ENSG00000166794	True
ENST00000634811.1	ENST00000634811	ENSG00000169118	True
ENST00000300035.9	ENST00000300035	ENSG00000166803	True
ENST00000261884.8	ENST00000261884	ENSG00000103671	True
ENST00000326648.4	ENST00000326648	ENSG00000180357	True
ENST00000326005.10	ENST00000326005	ENSG00000180304	True
ENST00000300069.5	ENST00000300069	ENSG00000166831	True
ENST00000559239.2	ENST00000559239	ENSG00000140451	True
ENST00000323544.5	ENST00000323544	ENSG00000241839	True
ENST00000204566.7	ENST00000204566	ENSG00000090487	True
ENST00000220058.9	ENST00000220058	ENSG00000103707	True
ENST00000204549.9	ENST00000204549	ENSG00000090470	True
ENST00000300107.7	ENST00000300107	ENSG00000166855	True
ENST00000261888.10	ENST00000261888	ENSG00000138617	True
ENST00000261875.10	ENST00000261875	ENSG00000074696	True
ENST00000313182.6	ENST00000313182	ENSG00000138614	True
ENST00000431932.6	ENST00000431932	ENSG00000174485	True
ENST00000261890.7	ENST00000261890	ENSG00000103769	True
ENST00000319212.9	ENST00000319212	ENSG00000166938	True
ENST00000261881.9	ENST00000261881	ENSG00000075131	True
ENST00000307102.10	ENST00000307102	ENSG00000169032	True
ENST00000316634.6	ENST00000316634	ENSG00000174446	True
ENST00000307961.11	ENST00000307961	ENSG00000174444	True
ENST00000327367.9	ENST00000327367	ENSG00000166949	True
ENST00000261880.10	ENST00000261880	ENSG00000103591	True
ENST00000342683.6	ENST00000342683	ENSG00000189227	True
ENST00000178640.10	ENST00000178640	ENSG00000137764	True
ENST00000249636.10	ENST00000249636	ENSG00000033800	True
ENST00000249806.11	ENST00000249806	ENSG00000128973	True
ENST00000306917.5	ENST00000306917	ENSG00000169018	True
ENST00000261861.10	ENST00000261861	ENSG00000103647	True
ENST00000465139.6	ENST00000465139	ENSG00000140350	True
ENST00000261858.7	ENST00000261858	ENSG00000138604	True
ENST00000395407.7	ENST00000395407	ENSG00000137819	True
ENST00000260363.9	ENST00000260363	ENSG00000137807	True
ENST00000260379.11	ENST00000260379	ENSG00000137818	True
ENST00000322954.11	ENST00000322954	ENSG00000137831	True
ENST00000299213.10	ENST00000299213	ENSG00000166173	True
ENST00000260382.9	ENST00000260382	ENSG00000137821	True
ENST00000249861.9	ENST00000249861	ENSG00000129028	True
ENST00000355327.7	ENST00000355327	ENSG00000187720	True
ENST00000340912.6	ENST00000340912	ENSG00000166192	True
ENST00000335181.10	ENST00000335181	ENSG00000067225	True
ENST00000569795.6	ENST00000569795	ENSG00000137817	True
ENST00000268097.10	ENST00000268097	ENSG00000213614	True
ENST00000268057.9	ENST00000268057	ENSG00000140463	True
ENST00000311669.12	ENST00000311669	ENSG00000159322	True
ENST00000339362.9	ENST00000339362	ENSG00000067141	True
ENST00000345330.9	ENST00000345330	ENSG00000156642	True
ENST00000318443.10	ENST00000318443	ENSG00000103855	True
ENST00000261921.8	ENST00000261921	ENSG00000129038	True
ENST00000541638.6	ENST00000541638	ENSG00000067221	True
ENST00000268058.8	ENST00000268058	ENSG00000140464	True
ENST00000563965.5	ENST00000563965	ENSG00000137868	True
ENST00000261918.9	ENST00000261918	ENSG00000138623	True
ENST00000567435.5	ENST00000567435	ENSG00000138629	True
ENST00000622429.1	ENST00000622429	ENSG00000179361	True
ENST00000345005.8	ENST00000345005	ENSG00000179335	True
ENST00000647659.1	ENST00000647659	ENSG00000179151	True
ENST00000220003.13	ENST00000220003	ENSG00000103653	True
ENST00000569437.5	ENST00000569437	ENSG00000140474	True
ENST00000268099.13	ENST00000268099	ENSG00000140497	True
ENST00000352410.9	ENST00000352410	ENSG00000178802	True
ENST00000357635.10	ENST00000357635	ENSG00000178761	True
ENST00000322347.11	ENST00000322347	ENSG00000178741	True
ENST00000322177.6	ENST00000322177	ENSG00000178718	True
ENST00000361900.10	ENST00000361900	ENSG00000198794	True
ENST00000342932.8	ENST00000342932	ENSG00000138621	True
ENST00000360639.6	ENST00000360639	ENSG00000167173	True
ENST00000267935.13	ENST00000267935	ENSG00000140365	True
ENST00000267978.10	ENST00000267978	ENSG00000140400	True
ENST00000394947.8	ENST00000394947	ENSG00000169375	True
ENST00000618819.5	ENST00000618819	ENSG00000169410	True
ENST00000564644.5	ENST00000564644	ENSG00000169371	True
ENST00000314852.2	ENST00000314852	ENSG00000177971	True
ENST00000308508.5	ENST00000308508	ENSG00000173546	True
ENST00000267938.9	ENST00000267938	ENSG00000140367	True
ENST00000557943.6	ENST00000557943	ENSG00000140374	True
ENST00000290759.9	ENST00000290759	ENSG00000159556	True
ENST00000563290.6	ENST00000563290	ENSG00000140386	True
ENST00000394885.8	ENST00000394885	ENSG00000117906	True
ENST00000267970.9	ENST00000267970	ENSG00000140391	True
ENST00000381714.7	ENST00000381714	ENSG00000140382	True
ENST00000258930.8	ENST00000258930	ENSG00000136425	True
ENST00000299518.7	ENST00000299518	ENSG00000166411	True
ENST00000394855.7	ENST00000394855	ENSG00000140403	True
ENST00000558311.5	ENST00000558311	ENSG00000140395	True
ENST00000258886.13	ENST00000258886	ENSG00000136381	True
ENST00000388988.9	ENST00000388988	ENSG00000188266	True
ENST00000044462.12	ENST00000044462	ENSG00000041357	True
ENST00000299565.9	ENST00000299565	ENSG00000169684	True
ENST00000388820.5	ENST00000388820	ENSG00000136378	True
ENST00000426013.7	ENST00000426013	ENSG00000185787	True
ENST00000220166.10	ENST00000220166	ENSG00000103811	True
ENST00000299705.10	ENST00000299705	ENSG00000166557	True
ENST00000258874.4	ENST00000258874	ENSG00000136371	True
ENST00000613266.4	ENST00000613266	ENSG00000086666	True
ENST00000407106.5	ENST00000407106	ENSG00000103876	True
ENST00000303329.9	ENST00000303329	ENSG00000172379	True
ENST00000258884.5	ENST00000258884	ENSG00000136379	True
ENST00000261758.6	ENST00000261758	ENSG00000117899	True
ENST00000302824.7	ENST00000302824	ENSG00000172345	True
ENST00000329713.5	ENST00000329713	ENSG00000183496	True
ENST00000268206.12	ENST00000268206	ENSG00000140598	True
ENST00000286760.5	ENST00000286760	ENSG00000156232	True
ENST00000450735.7	ENST00000450735	ENSG00000103942	True
ENST00000304191.4	ENST00000304191	ENSG00000169612	True
ENST00000261721.9	ENST00000261721	ENSG00000064726	True
ENST00000448803.6	ENST00000448803	ENSG00000176371	True
ENST00000360476.8	ENST00000360476	ENSG00000197696	True
ENST00000268220.12	ENST00000268220	ENSG00000140612	True
ENST00000560079.7	ENST00000560079	ENSG00000166716	True
ENST00000394553.6	ENST00000394553	ENSG00000073417	True
ENST00000337975.6	ENST00000337975	ENSG00000183655	True
ENST00000332810.4	ENST00000332810	ENSG00000181026	True
ENST00000306072.10	ENST00000306072	ENSG00000172183	True
ENST00000562889.5	ENST00000562889	ENSG00000140511	True
ENST00000268150.13	ENST00000268150	ENSG00000140545	True
ENST00000352732.10	ENST00000352732	ENSG00000140526	True
ENST00000310775.12	ENST00000310775	ENSG00000140525	True
ENST00000442287.6	ENST00000442287	ENSG00000140521	True
ENST00000394412.8	ENST00000394412	ENSG00000166813	True
ENST00000300056.8	ENST00000300056	ENSG00000166821	True
ENST00000300057.4	ENST00000300057	ENSG00000166823	True
ENST00000300060.7	ENST00000300060	ENSG00000166825	True
ENST00000336418.9	ENST00000336418	ENSG00000157823	True
ENST00000268154.9	ENST00000268154	ENSG00000140548	True
ENST00000330062.8	ENST00000330062	ENSG00000182054	True
ENST00000411539.6	ENST00000411539	ENSG00000185033	True
ENST00000328649.11	ENST00000328649	ENSG00000185043	True
ENST00000558017.5	ENST00000558017	ENSG00000183208	True
ENST00000379095.5	ENST00000379095	ENSG00000182768	True
ENST00000268182.10	ENST00000268182	ENSG00000140575	True
ENST00000268184.11	ENST00000268184	ENSG00000140577	True
ENST00000355112.8	ENST00000355112	ENSG00000197299	True
ENST00000618099.4	ENST00000618099	ENSG00000140564	True
ENST00000328850.8	ENST00000328850	ENSG00000182511	True
ENST00000559717.6	ENST00000559717	ENSG00000196547	True
ENST00000418476.2	ENST00000418476	ENSG00000140553	True
ENST00000394258.6	ENST00000394258	ENSG00000166965	True
ENST00000394249.8	ENST00000394249	ENSG00000198901	True
ENST00000318445.11	ENST00000318445	ENSG00000176463	True
ENST00000394196.9	ENST00000394196	ENSG00000173575	True
ENST00000357742.9	ENST00000357742	ENSG00000140563	True
ENST00000268042.7	ENST00000268042	ENSG00000140450	True
ENST00000336292.11	ENST00000336292	ENSG00000182253	True
ENST00000394132.7	ENST00000394132	ENSG00000103852	True
ENST00000301981.8	ENST00000301981	ENSG00000168904	True
ENST00000354410.9	ENST00000354410	ENSG00000068305	True
ENST00000409796.5	ENST00000409796	ENSG00000183060	True
ENST00000314742.13	ENST00000314742	ENSG00000140471	True
ENST00000332783.12	ENST00000332783	ENSG00000183475	True
ENST00000329841.10	ENST00000329841	ENSG00000184254	True
ENST00000254190.4	ENST00000254190	ENSG00000131873	True
ENST00000254193.11	ENST00000254193	ENSG00000131876	True
ENST00000618548.4	ENST00000618548	ENSG00000140479	True
ENST00000347970.7	ENST00000347970	ENSG00000184277	True
ENST00000335968.8	ENST00000335968	ENSG00000185418	True
ENST00000293860.6	ENST00000293860	ENSG00000161980	True
ENST00000293861.8	ENST00000293861	ENSG00000161981	True
ENST00000262316.10	ENST00000262316	ENSG00000007384	True
ENST00000356432.8	ENST00000356432	ENSG00000103152	True
ENST00000620134.4	ENST00000620134	ENSG00000103148	True
ENST00000293872.12	ENST00000293872	ENSG00000007392	True
ENST00000399932.8	ENST00000399932	ENSG00000167930	True
ENST00000262320.8	ENST00000262320	ENSG00000103126	True
ENST00000648346.1	ENST00000648346	ENSG00000086504	True
ENST00000431232.7	ENST00000431232	ENSG00000129925	True
ENST00000219479.7	ENST00000219479	ENSG00000103202	True
ENST00000219481.10	ENST00000219481	ENSG00000242612	True
ENST00000262305.9	ENST00000262305	ENSG00000090565	True
ENST00000219611.7	ENST00000219611	ENSG00000103326	True
ENST00000321878.10	ENST00000321878	ENSG00000007541	True
ENST00000248139.8	ENST00000248139	ENSG00000197562	True
ENST00000307650.9	ENST00000307650	ENSG00000172366	True
ENST00000549091.5	ENST00000549091	ENSG00000161996	True
ENST00000315082.9	ENST00000315082	ENSG00000140983	True
ENST00000219548.9	ENST00000219548	ENSG00000103266	True
ENST00000293883.9	ENST00000293883	ENSG00000127580	True
ENST00000397621.6	ENST00000397621	ENSG00000127585	True
ENST00000568223.7	ENST00000568223	ENSG00000103260	True
ENST00000569529.6	ENST00000569529	ENSG00000103254	True
ENST00000389703.7	ENST00000389703	ENSG00000103253	True
ENST00000382862.7	ENST00000382862	ENSG00000102854	True
ENST00000561734.5	ENST00000561734	ENSG00000007376	True
ENST00000262315.14	ENST00000262315	ENSG00000127586	True
ENST00000355803.8	ENST00000355803	ENSG00000103275	True
ENST00000007390.3	ENST00000007390	ENSG00000007520	True
ENST00000204679.9	ENST00000204679	ENSG00000090581	True
ENST00000442039.3	ENST00000442039	ENSG00000174109	True
ENST00000382745.9	ENST00000382745	ENSG00000103249	True
ENST00000262319.11	ENST00000262319	ENSG00000100726	True
ENST00000426508.7	ENST00000426508	ENSG00000187535	True
ENST00000397412.8	ENST00000397412	ENSG00000007545	True
ENST00000248098.8	ENST00000248098	ENSG00000206053	True
ENST00000250894.8	ENST00000250894	ENSG00000138834	True
ENST00000219302.7	ENST00000219302	ENSG00000103024	True
ENST00000568449.6	ENST00000568449	ENSG00000197774	True
ENST00000566339.6	ENST00000566339	ENSG00000162032	True
ENST00000262302.14	ENST00000262302	ENSG00000095906	True
ENST00000397356.8	ENST00000397356	ENSG00000063854	True
ENST00000427358.3	ENST00000427358	ENSG00000180185	True
ENST00000268668.11	ENST00000268668	ENSG00000140990	True
ENST00000343262.9	ENST00000343262	ENSG00000140988	True
ENST00000568546.6	ENST00000568546	ENSG00000183751	True
ENST00000248114.7	ENST00000248114	ENSG00000127554	True
ENST00000248121.7	ENST00000248121	ENSG00000127561	True
ENST00000562103.2	ENST00000562103	ENSG00000167962	True
ENST00000424542.7	ENST00000424542	ENSG00000065054	True
ENST00000350773.9	ENST00000350773	ENSG00000103197	True
ENST00000326181.11	ENST00000326181	ENSG00000131653	True
ENST00000564088.5	ENST00000564088	ENSG00000167965	True
ENST00000333503.8	ENST00000333503	ENSG00000184207	True
ENST00000301727.9	ENST00000301727	ENSG00000167967	True
ENST00000301729.9	ENST00000301729	ENSG00000167969	True
ENST00000565678.5	ENST00000565678	ENSG00000205937	True
ENST00000301732.10	ENST00000301732	ENSG00000167972	True
ENST00000397066.9	ENST00000397066	ENSG00000162063	True
ENST00000361837.9	ENST00000361837	ENSG00000162062	True
ENST00000567020.6	ENST00000567020	ENSG00000162065	True
ENST00000330398.9	ENST00000330398	ENSG00000185883	True
ENST00000293971.10	ENST00000293971	ENSG00000162066	True
ENST00000342085.9	ENST00000342085	ENSG00000140992	True
ENST00000301738.9	ENST00000301738	ENSG00000167977	True
ENST00000301740.13	ENST00000301740	ENSG00000167978	True
ENST00000409906.9	ENST00000409906	ENSG00000103363	True
ENST00000396958.8	ENST00000396958	ENSG00000162076	True
ENST00000253928.13	ENST00000253928	ENSG00000059122	True
ENST00000303746.10	ENST00000303746	ENSG00000131650	True
ENST00000574385.5	ENST00000574385	ENSG00000127564	True
ENST00000318782.9	ENST00000318782	ENSG00000162073	True
ENST00000326577.9	ENST00000326577	ENSG00000006327	True
ENST00000574980.5	ENST00000574980	ENSG00000103145	True
ENST00000326266.13	ENST00000326266	ENSG00000131652	True
ENST00000534507.5	ENST00000534507	ENSG00000008517	True
ENST00000620094.4	ENST00000620094	ENSG00000122386	True
ENST00000396878.8	ENST00000396878	ENSG00000085644	True
ENST00000431561.7	ENST00000431561	ENSG00000010539	True
ENST00000219069.6	ENST00000219069	ENSG00000006194	True
ENST00000669516.1	ENST00000669516	ENSG00000162086	True
ENST00000396852.9	ENST00000396852	ENSG00000140987	True
ENST00000268655.5	ENST00000268655	ENSG00000103343	True
ENST00000301744.7	ENST00000301744	ENSG00000167981	True
ENST00000649205.1	ENST00000649205	ENSG00000122390	True
ENST00000576634.6	ENST00000576634	ENSG00000103351	True
ENST00000294008.4	ENST00000294008	ENSG00000188827	True
ENST00000262367.10	ENST00000262367	ENSG00000005339	True
ENST00000294016.8	ENST00000294016	ENSG00000162104	True
ENST00000204517.11	ENST00000204517	ENSG00000090447	True
ENST00000262366.7	ENST00000262366	ENSG00000126603	True
ENST00000304735.4	ENST00000304735	ENSG00000168140	True
ENST00000574733.5	ENST00000574733	ENSG00000153406	True
ENST00000619913.4	ENST00000619913	ENSG00000103415	True
ENST00000399599.7	ENST00000399599	ENSG00000089486	True
ENST00000283474.12	ENST00000283474	ENSG00000153443	True
ENST00000262370.12	ENST00000262370	ENSG00000102858	True
ENST00000304301.10	ENST00000304301	ENSG00000168101	True
ENST00000304283.9	ENST00000304283	ENSG00000168096	True
ENST00000219478.11	ENST00000219478	ENSG00000103199	True
ENST00000322048.12	ENST00000322048	ENSG00000067836	True
ENST00000321919.14	ENST00000321919	ENSG00000140632	True
ENST00000262376.11	ENST00000262376	ENSG00000118900	True
ENST00000345988.7	ENST00000345988	ENSG00000118898	True
ENST00000312251.8	ENST00000312251	ENSG00000103174	True
ENST00000427587.9	ENST00000427587	ENSG00000118894	True
ENST00000381920.8	ENST00000381920	ENSG00000067365	True
ENST00000396600.6	ENST00000396600	ENSG00000183044	True
ENST00000333050.7	ENST00000333050	ENSG00000184857	True
ENST00000268261.9	ENST00000268261	ENSG00000140650	True
ENST00000396593.6	ENST00000396593	ENSG00000153048	True
ENST00000344836.9	ENST00000344836	ENSG00000187555	True
ENST00000327827.12	ENST00000327827	ENSG00000182831	True
ENST00000359543.8	ENST00000359543	ENSG00000213853	True
ENST00000283027.10	ENST00000283027	ENSG00000103274	True
ENST00000570440.2	ENST00000570440	ENSG00000182108	True
ENST00000409790.6	ENST00000409790	ENSG00000038532	True
ENST00000571688.5	ENST00000571688	ENSG00000189067	True
ENST00000329565.6	ENST00000329565	ENSG00000184602	True
ENST00000283033.9	ENST00000283033	ENSG00000153066	True
ENST00000396516.6	ENST00000396516	ENSG00000122299	True
ENST00000571133.6	ENST00000571133	ENSG00000171490	True
ENST00000563468.5	ENST00000563468	ENSG00000103342	True
ENST00000566228.6	ENST00000566228	ENSG00000048471	True
ENST00000381774.9	ENST00000381774	ENSG00000103381	True
ENST00000571589.6	ENST00000571589	ENSG00000186260	True
ENST00000437198.7	ENST00000437198	ENSG00000140694	True
ENST00000261658.7	ENST00000261658	ENSG00000103429	True
ENST00000287667.12	ENST00000287667	ENSG00000103512	True
ENST00000396410.9	ENST00000396410	ENSG00000179889	True
ENST00000287706.8	ENST00000287706	ENSG00000157045	True
ENST00000198767.11	ENST00000198767	ENSG00000085721	True
ENST00000396385.4	ENST00000396385	ENSG00000156968	True
ENST00000300006.9	ENST00000300006	ENSG00000166780	True
ENST00000396368.8	ENST00000396368	ENSG00000166783	True
ENST00000396355.5	ENST00000396355	ENSG00000072864	True
ENST00000399410.8	ENST00000399410	ENSG00000103222	True
ENST00000261381.7	ENST00000261381	ENSG00000103489	True
ENST00000330537.10	ENST00000330537	ENSG00000185164	True
ENST00000322989.8	ENST00000322989	ENSG00000134419	True
ENST00000304414.12	ENST00000304414	ENSG00000170540	True
ENST00000304381.10	ENST00000304381	ENSG00000170537	True
ENST00000321998.10	ENST00000321998	ENSG00000167186	True
ENST00000381440.4	ENST00000381440	ENSG00000205730	True
ENST00000353258.8	ENST00000353258	ENSG00000006007	True
ENST00000396212.6	ENST00000396212	ENSG00000103540	True
ENST00000251143.9	ENST00000251143	ENSG00000103544	True
ENST00000219837.12	ENST00000219837	ENSG00000103550	True
ENST00000320394.10	ENST00000320394	ENSG00000174628	True
ENST00000300571.7	ENST00000300571	ENSG00000167191	True
ENST00000396083.7	ENST00000396083	ENSG00000066654	True
ENST00000357967.9	ENST00000357967	ENSG00000196678	True
ENST00000261377.10	ENST00000261377	ENSG00000005189	True
ENST00000324344.9	ENST00000324344	ENSG00000188215	True
ENST00000396052.3	ENST00000396052	ENSG00000102897	True
ENST00000233047.8	ENST00000233047	ENSG00000011638	True
ENST00000219599.8	ENST00000219599	ENSG00000103316	True
ENST00000358154.8	ENST00000358154	ENSG00000197006	True
ENST00000268379.9	ENST00000268379	ENSG00000140740	True
ENST00000542527.7	ENST00000542527	ENSG00000185716	True
ENST00000263026.10	ENST00000263026	ENSG00000103319	True
ENST00000299853.10	ENST00000299853	ENSG00000058600	True
ENST00000268383.7	ENST00000268383	ENSG00000140743	True
ENST00000307149.10	ENST00000307149	ENSG00000168434	True
ENST00000309859.8	ENST00000309859	ENSG00000103365	True
ENST00000261584.9	ENST00000261584	ENSG00000083093	True
ENST00000300093.9	ENST00000300093	ENSG00000166851	True
ENST00000395799.8	ENST00000395799	ENSG00000090905	True
ENST00000289968.11	ENST00000289968	ENSG00000140750	True
ENST00000399069.8	ENST00000399069	ENSG00000205629	True
ENST00000328086.12	ENST00000328086	ENSG00000155592	True
ENST00000286096.9	ENST00000286096	ENSG00000155666	True
ENST00000361439.9	ENST00000361439	ENSG00000169189	True
ENST00000395762.7	ENST00000395762	ENSG00000077238	True
ENST00000356183.9	ENST00000356183	ENSG00000077235	True
ENST00000261588.9	ENST00000261588	ENSG00000047578	True
ENST00000304658.9	ENST00000304658	ENSG00000169180	True
ENST00000324873.8	ENST00000324873	ENSG00000176046	True
ENST00000317058.8	ENST00000317058	ENSG00000176476	True
ENST00000395609.5	ENST00000395609	ENSG00000196502	True
ENST00000336783.8	ENST00000336783	ENSG00000168488	True
ENST00000313511.8	ENST00000313511	ENSG00000178952	True
ENST00000358201.9	ENST00000358201	ENSG00000177548	True
ENST00000320805.8	ENST00000320805	ENSG00000176953	True
ENST00000311008.16	ENST00000311008	ENSG00000169682	True
ENST00000330978.3	ENST00000330978	ENSG00000183336	True
ENST00000219782.10	ENST00000219782	ENSG00000103495	True
ENST00000395353.5	ENST00000395353	ENSG00000013364	True
ENST00000219789.11	ENST00000219789	ENSG00000103502	True
ENST00000617533.4	ENST00000617533	ENSG00000174938	True
ENST00000308748.10	ENST00000308748	ENSG00000174939	True
ENST00000568000.6	ENST00000568000	ENSG00000174943	True
ENST00000566848.5	ENST00000566848	ENSG00000149932	True
ENST00000279394.7	ENST00000279394	ENSG00000149930	True
ENST00000563197.6	ENST00000563197	ENSG00000169592	True
ENST00000643777.3	ENST00000643777	ENSG00000149925	True
ENST00000279387.12	ENST00000279387	ENSG00000149923	True
ENST00000398838.8	ENST00000398838	ENSG00000090238	True
ENST00000219150.10	ENST00000219150	ENSG00000102879	True
ENST00000305596.8	ENST00000305596	ENSG00000169217	True
ENST00000409939.8	ENST00000409939	ENSG00000169221	True
ENST00000320159.2	ENST00000320159	ENSG00000180035	True
ENST00000652617.1	ENST00000652617	ENSG00000180096	True
ENST00000319296.10	ENST00000319296	ENSG00000179965	True
ENST00000319285.5	ENST00000319285	ENSG00000179958	True
ENST00000380412.7	ENST00000380412	ENSG00000169957	True
ENST00000252797.6	ENST00000252797	ENSG00000169951	True
ENST00000395216.3	ENST00000395216	ENSG00000197162	True
ENST00000287461.8	ENST00000287461	ENSG00000156853	True
ENST00000542965.2	ENST00000542965	ENSG00000156858	True
ENST00000563588.6	ENST00000563588	ENSG00000156873	True
ENST00000324685.10	ENST00000324685	ENSG00000103549	True
ENST00000262525.6	ENST00000262525	ENSG00000102870	True
ENST00000338343.8	ENST00000338343	ENSG00000099364	True
ENST00000318663.5	ENST00000318663	ENSG00000175938	True
ENST00000262519.14	ENST00000262519	ENSG00000099381	True
ENST00000297679.10	ENST00000297679	ENSG00000099377	True
ENST00000313843.8	ENST00000313843	ENSG00000103496	True
ENST00000538906.5	ENST00000538906	ENSG00000167394	True
ENST00000300850.5	ENST00000300850	ENSG00000167395	True
ENST00000394975.3	ENST00000394975	ENSG00000167397	True
ENST00000394951.5	ENST00000394951	ENSG00000103507	True
ENST00000543774.6	ENST00000543774	ENSG00000103510	True
ENST00000254108.12	ENST00000254108	ENSG00000089280	True
ENST00000247470.10	ENST00000247470	ENSG00000103490	True
ENST00000563544.5	ENST00000563544	ENSG00000140691	True
ENST00000394863.8	ENST00000394863	ENSG00000140682	True
ENST00000316491.13	ENST00000316491	ENSG00000197302	True
ENST00000300870.15	ENST00000300870	ENSG00000185947	True
ENST00000303383.8	ENST00000303383	ENSG00000171241	True
ENST00000299138.12	ENST00000299138	ENSG00000069329	True
ENST00000219097.7	ENST00000219097	ENSG00000091651	True
ENST00000285697.9	ENST00000285697	ENSG00000155330	True
ENST00000340124.9	ENST00000340124	ENSG00000166123	True
ENST00000317089.10	ENST00000317089	ENSG00000069345	True
ENST00000562435.6	ENST00000562435	ENSG00000171208	True
ENST00000566044.5	ENST00000566044	ENSG00000102893	True
ENST00000285737.9	ENST00000285737	ENSG00000102910	True
ENST00000356721.3	ENST00000356721	ENSG00000196470	True
ENST00000262384.4	ENST00000262384	ENSG00000102921	True
ENST00000427478.6	ENST00000427478	ENSG00000205423	True
ENST00000299192.8	ENST00000299192	ENSG00000155393	True
ENST00000561678.6	ENST00000561678	ENSG00000121274	True
ENST00000673801.1	ENST00000673801	ENSG00000121281	True
ENST00000398568.6	ENST00000398568	ENSG00000083799	True
ENST00000251020.9	ENST00000251020	ENSG00000103449	True
ENST00000262133.11	ENST00000262133	ENSG00000103479	True
ENST00000394657.12	ENST00000394657	ENSG00000166971	True
ENST00000621565.4	ENST00000621565	ENSG00000103494	True
ENST00000329734.4	ENST00000329734	ENSG00000177508	True
ENST00000394636.9	ENST00000394636	ENSG00000176842	True
ENST00000219070.9	ENST00000219070	ENSG00000087245	True
ENST00000262134.10	ENST00000262134	ENSG00000087253	True
ENST00000638705.1	ENST00000638705	ENSG00000087258	True
ENST00000290649.10	ENST00000290649	ENSG00000159461	True
ENST00000300291.10	ENST00000300291	ENSG00000167005	True
ENST00000566157.6	ENST00000566157	ENSG00000087263	True
ENST00000245157.10	ENST00000245157	ENSG00000125124	True
ENST00000245185.6	ENST00000245185	ENSG00000125148	True
ENST00000306061.10	ENST00000306061	ENSG00000169715	True
ENST00000334350.7	ENST00000334350	ENSG00000198417	True
ENST00000394485.5	ENST00000394485	ENSG00000187193	True
ENST00000308159.10	ENST00000308159	ENSG00000102900	True
ENST00000439977.7	ENST00000439977	ENSG00000051108	True
ENST00000262510.10	ENST00000262510	ENSG00000140853	True
ENST00000290776.13	ENST00000290776	ENSG00000140848	True
ENST00000309137.13	ENST00000309137	ENSG00000172775	True
ENST00000537866.5	ENST00000537866	ENSG00000159579	True
ENST00000219204.8	ENST00000219204	ENSG00000102931	True
ENST00000219207.10	ENST00000219207	ENSG00000102934	True
ENST00000006053.7	ENST00000006053	ENSG00000006210	True
ENST00000394391.9	ENST00000394391	ENSG00000005194	True
ENST00000262507.11	ENST00000262507	ENSG00000088682	True
ENST00000219252.10	ENST00000219252	ENSG00000102978	True
ENST00000340099.9	ENST00000340099	ENSG00000125170	True
ENST00000258214.3	ENST00000258214	ENSG00000135736	True
ENST00000568909.5	ENST00000568909	ENSG00000205336	True
ENST00000379661.8	ENST00000379661	ENSG00000140854	True
ENST00000379655.8	ENST00000379655	ENSG00000140859	True
ENST00000299237.2	ENST00000299237	ENSG00000166188	True
ENST00000219281.8	ENST00000219281	ENSG00000103005	True
ENST00000219271.4	ENST00000219271	ENSG00000102996	True
ENST00000262498.8	ENST00000262498	ENSG00000070761	True
ENST00000262506.8	ENST00000262506	ENSG00000070770	True
ENST00000219299.8	ENST00000219299	ENSG00000103021	True
ENST00000318129.6	ENST00000318129	ENSG00000181938	True
ENST00000394282.8	ENST00000394282	ENSG00000103034	True
ENST00000310682.6	ENST00000310682	ENSG00000103037	True
ENST00000317147.10	ENST00000317147	ENSG00000125107	True
ENST00000570101.5	ENST00000570101	ENSG00000103042	True
ENST00000245206.10	ENST00000245206	ENSG00000125166	True
ENST00000268603.9	ENST00000268603	ENSG00000140937	True
ENST00000299697.11	ENST00000299697	ENSG00000166548	True
ENST00000264001.9	ENST00000264001	ENSG00000217555	True
ENST00000424011.6	ENST00000424011	ENSG00000140931	True
ENST00000394106.6	ENST00000394106	ENSG00000183723	True
ENST00000290810.8	ENST00000290810	ENSG00000159593	True
ENST00000311765.4	ENST00000311765	ENSG00000172840	True
ENST00000422424.7	ENST00000422424	ENSG00000166595	True
ENST00000317091.10	ENST00000317091	ENSG00000172831	True
ENST00000303334.9	ENST00000303334	ENSG00000172828	True
ENST00000412916.7	ENST00000412916	ENSG00000067955	True
ENST00000219139.8	ENST00000219139	ENSG00000125149	True
ENST00000449549.4	ENST00000449549	ENSG00000237172	True
ENST00000345057.9	ENST00000345057	ENSG00000102871	True
ENST00000258200.8	ENST00000258200	ENSG00000135722	True
ENST00000268605.11	ENST00000268605	ENSG00000140939	True
ENST00000290881.11	ENST00000290881	ENSG00000196123	True
ENST00000379378.8	ENST00000379378	ENSG00000205250	True
ENST00000304800.14	ENST00000304800	ENSG00000168701	True
ENST00000258201.9	ENST00000258201	ENSG00000135723	True
ENST00000564104.5	ENST00000564104	ENSG00000159713	True
ENST00000348579.6	ENST00000348579	ENSG00000159714	True
ENST00000290949.8	ENST00000290949	ENSG00000159720	True
ENST00000042381.9	ENST00000042381	ENSG00000039523	True
ENST00000646076.1	ENST00000646076	ENSG00000102974	True
ENST00000620338.4	ENST00000620338	ENSG00000102977	True
ENST00000243878.9	ENST00000243878	ENSG00000124074	True
ENST00000268797.12	ENST00000268797	ENSG00000141098	True
ENST00000317506.8	ENST00000317506	ENSG00000141084	True
ENST00000562787.6	ENST00000562787	ENSG00000102901	True
ENST00000303596.3	ENST00000303596	ENSG00000168286	True
ENST00000219169.9	ENST00000219169	ENSG00000102898	True
ENST00000358933.10	ENST00000358933	ENSG00000038358	True
ENST00000291041.6	ENST00000291041	ENSG00000159792	True
ENST00000358514.9	ENST00000358514	ENSG00000205220	True
ENST00000316341.8	ENST00000316341	ENSG00000124067	True
ENST00000565263.6	ENST00000565263	ENSG00000167264	True
ENST00000332395.7	ENST00000332395	ENSG00000182810	True
ENST00000346183.8	ENST00000346183	ENSG00000072736	True
ENST00000473183.7	ENST00000473183	ENSG00000103067	True
ENST00000219345.10	ENST00000219345	ENSG00000103066	True
ENST00000566454.5	ENST00000566454	ENSG00000103064	True
ENST00000263997.11	ENST00000263997	ENSG00000103061	True
ENST00000339507.9	ENST00000339507	ENSG00000132600	True
ENST00000570495.5	ENST00000570495	ENSG00000184939	True
ENST00000264012.9	ENST00000264012	ENSG00000062038	True
ENST00000261769.10	ENST00000261769	ENSG00000039068	True
ENST00000261778.2	ENST00000261778	ENSG00000103047	True
ENST00000306560.1	ENST00000306560	ENSG00000103044	True
ENST00000448552.7	ENST00000448552	ENSG00000168802	True
ENST00000314423.12	ENST00000314423	ENSG00000141076	True
ENST00000336278.8	ENST00000336278	ENSG00000168807	True
ENST00000254950.13	ENST00000254950	ENSG00000132612	True
ENST00000648169.1	ENST00000648169	ENSG00000213380	True
ENST00000254940.10	ENST00000254940	ENSG00000132603	True
ENST00000254942.8	ENST00000254942	ENSG00000132604	True
ENST00000307892.13	ENST00000307892	ENSG00000103018	True
ENST00000320623.10	ENST00000320623	ENSG00000181019	True
ENST00000359154.6	ENST00000359154	ENSG00000198373	True
ENST00000288050.9	ENST00000288050	ENSG00000090857	True
ENST00000435634.3	ENST00000435634	ENSG00000223496	True
ENST00000261772.13	ENST00000261772	ENSG00000090861	True
ENST00000288071.11	ENST00000288071	ENSG00000157349	True
ENST00000302243.12	ENST00000302243	ENSG00000168872	True
ENST00000288078.11	ENST00000288078	ENSG00000157353	True
ENST00000302516.10	ENST00000302516	ENSG00000189091	True
ENST00000338779.11	ENST00000338779	ENSG00000132613	True
ENST00000261776.10	ENST00000261776	ENSG00000103043	True
ENST00000338099.9	ENST00000338099	ENSG00000180917	True
ENST00000568954.5	ENST00000568954	ENSG00000040199	True
ENST00000299980.8	ENST00000299980	ENSG00000166747	True
ENST00000427980.7	ENST00000427980	ENSG00000224470	True
ENST00000378799.11	ENST00000378799	ENSG00000182149	True
ENST00000425432.6	ENST00000425432	ENSG00000102984	True
ENST00000219240.9	ENST00000219240	ENSG00000102967	True
ENST00000268483.8	ENST00000268483	ENSG00000140830	True
ENST00000268482.8	ENST00000268482	ENSG00000140829	True
ENST00000219313.9	ENST00000219313	ENSG00000103035	True
ENST00000205061.9	ENST00000205061	ENSG00000090863	True
ENST00000361070.9	ENST00000361070	ENSG00000168411	True
ENST00000308807.12	ENST00000308807	ENSG00000168404	True
ENST00000262144.11	ENST00000262144	ENSG00000103091	True
ENST00000335325.9	ENST00000335325	ENSG00000186187	True
ENST00000450168.2	ENST00000450168	ENSG00000166816	True
ENST00000570010.6	ENST00000570010	ENSG00000184517	True
ENST00000162330.10	ENST00000162330	ENSG00000050820	True
ENST00000283882.4	ENST00000283882	ENSG00000153774	True
ENST00000561878.2	ENST00000561878	ENSG00000166822	True
ENST00000258173.11	ENST00000258173	ENSG00000205084	True
ENST00000037243.7	ENST00000037243	ENSG00000034713	True
ENST00000307921.7	ENST00000307921	ENSG00000065457	True
ENST00000319410.9	ENST00000319410	ENSG00000065427	True
ENST00000300086.5	ENST00000300086	ENSG00000166848	True
ENST00000248248.8	ENST00000248248	ENSG00000103111	True
ENST00000268533.9	ENST00000268533	ENSG00000140876	True
ENST00000566780.6	ENST00000566780	ENSG00000186153	True
ENST00000326043.5	ENST00000326043	ENSG00000178573	True
ENST00000570137.7	ENST00000570137	ENSG00000166446	True
ENST00000219400.8	ENST00000219400	ENSG00000103121	True
ENST00000305850.9	ENST00000305850	ENSG00000166451	True
ENST00000299575.5	ENST00000299575	ENSG00000166454	True
ENST00000315467.9	ENST00000315467	ENSG00000140905	True
ENST00000648994.1	ENST00000648994	ENSG00000261609	True
ENST00000537098.7	ENST00000537098	ENSG00000153815	True
ENST00000564138.6	ENST00000564138	ENSG00000197943	True
ENST00000258169.9	ENST00000258169	ENSG00000135698	True
ENST00000567109.6	ENST00000567109	ENSG00000140945	True
ENST00000433866.7	ENST00000433866	ENSG00000230989	True
ENST00000361711.7	ENST00000361711	ENSG00000140961	True
ENST00000343411.8	ENST00000343411	ENSG00000140943	True
ENST00000219439.9	ENST00000219439	ENSG00000103160	True
ENST00000567759.5	ENST00000567759	ENSG00000103168	True
ENST00000343629.11	ENST00000343629	ENSG00000140950	True
ENST00000262428.5	ENST00000262428	ENSG00000103187	True
ENST00000564996.6	ENST00000564996	ENSG00000135686	True
ENST00000219473.11	ENST00000219473	ENSG00000103194	True
ENST00000262424.10	ENST00000262424	ENSG00000103196	True
ENST00000313732.9	ENST00000313732	ENSG00000153786	True
ENST00000538274.5	ENST00000538274	ENSG00000135709	True
ENST00000253458.12	ENST00000253458	ENSG00000131149	True
ENST00000253462.8	ENST00000253462	ENSG00000131153	True
ENST00000284245.9	ENST00000284245	ENSG00000154102	True
ENST00000253457.8	ENST00000253457	ENSG00000131148	True
ENST00000562336.5	ENST00000562336	ENSG00000131143	True
ENST00000268638.10	ENST00000268638	ENSG00000140968	True
ENST00000262426.6	ENST00000262426	ENSG00000103241	True
ENST00000360900.11	ENST00000360900	ENSG00000103248	True
ENST00000567970.2	ENST00000567970	ENSG00000260456	True
ENST00000311635.12	ENST00000311635	ENSG00000103264	True
ENST00000671377.2	ENST00000671377	ENSG00000140948	True
ENST00000270583.10	ENST00000270583	ENSG00000104731	True
ENST00000261622.5	ENST00000261622	ENSG00000103257	True
ENST00000538234.5	ENST00000538234	ENSG00000172530	True
ENST00000319555.8	ENST00000319555	ENSG00000179588	True
ENST00000301011.9	ENST00000301011	ENSG00000158545	True
ENST00000261623.8	ENST00000261623	ENSG00000051523	True
ENST00000312838.9	ENST00000312838	ENSG00000158717	True
ENST00000453996.7	ENST00000453996	ENSG00000174177	True
ENST00000301015.14	ENST00000301015	ENSG00000103335	True
ENST00000301019.9	ENST00000301019	ENSG00000167513	True
ENST00000378364.8	ENST00000378364	ENSG00000198931	True
ENST00000268695.10	ENST00000268695	ENSG00000141012	True
ENST00000301021.7	ENST00000301021	ENSG00000167515	True
ENST00000614302.5	ENST00000614302	ENSG00000176715	True
ENST00000433976.6	ENST00000433976	ENSG00000170100	True
ENST00000613312.4	ENST00000613312	ENSG00000167522	True
ENST00000311528.9	ENST00000311528	ENSG00000167526	True
ENST00000319518.13	ENST00000319518	ENSG00000178773	True
ENST00000397901.8	ENST00000397901	ENSG00000131165	True
ENST00000579310.5	ENST00000579310	ENSG00000167523	True
ENST00000353379.12	ENST00000353379	ENSG00000185324	True
ENST00000289805.10	ENST00000289805	ENSG00000158792	True
ENST00000389386.8	ENST00000389386	ENSG00000075399	True
ENST00000443381.7	ENST00000443381	ENSG00000158805	True
ENST00000389301.8	ENST00000389301	ENSG00000187741	True
ENST00000378247.8	ENST00000378247	ENSG00000204991	True
ENST00000263346.13	ENST00000263346	ENSG00000141002	True
ENST00000315491.12	ENST00000315491	ENSG00000258947	True
ENST00000563594.5	ENST00000563594	ENSG00000140995	True
ENST00000314994.5	ENST00000314994	ENSG00000177946	True
ENST00000002501.11	ENST00000002501	ENSG00000003249	True
ENST00000268699.9	ENST00000268699	ENSG00000141013	True
ENST00000331302.12	ENST00000331302	ENSG00000181031	True
ENST00000308278.13	ENST00000308278	ENSG00000167695	True
ENST00000319004.6	ENST00000319004	ENSG00000179409	True
ENST00000301329.10	ENST00000301329	ENSG00000167699	True
ENST00000304478.9	ENST00000304478	ENSG00000171861	True
ENST00000336868.8	ENST00000336868	ENSG00000167693	True
ENST00000302538.9	ENST00000302538	ENSG00000159842	True
ENST00000264335.13	ENST00000264335	ENSG00000108953	True
ENST00000300574.3	ENST00000300574	ENSG00000167193	True
ENST00000648446.1	ENST00000648446	ENSG00000197879	True
ENST00000421807.7	ENST00000421807	ENSG00000132376	True
ENST00000313486.12	ENST00000313486	ENSG00000174238	True
ENST00000301335.10	ENST00000301335	ENSG00000167703	True
ENST00000301336.7	ENST00000301336	ENSG00000167705	True
ENST00000572621.5	ENST00000572621	ENSG00000174231	True
ENST00000330676.8	ENST00000330676	ENSG00000185561	True
ENST00000254722.9	ENST00000254722	ENSG00000132386	True
ENST00000305513.12	ENST00000305513	ENSG00000186532	True
ENST00000254719.10	ENST00000254719	ENSG00000132383	True
ENST00000263083.11	ENST00000263083	ENSG00000108963	True
ENST00000572195.3	ENST00000572195	ENSG00000262664	True
ENST00000263073.11	ENST00000263073	ENSG00000070366	True
ENST00000344595.10	ENST00000344595	ENSG00000167720	True
ENST00000301364.10	ENST00000301364	ENSG00000167721	True
ENST00000268989.8	ENST00000268989	ENSG00000141258	True
ENST00000174618.5	ENST00000174618	ENSG00000070444	True
ENST00000263092.11	ENST00000263092	ENSG00000127804	True
ENST00000397195.10	ENST00000397195	ENSG00000007168	True
ENST00000570628.6	ENST00000570628	ENSG00000132361	True
ENST00000540393.6	ENST00000540393	ENSG00000132359	True
ENST00000046640.9	ENST00000046640	ENSG00000040531	True
ENST00000225525.4	ENST00000225525	ENSG00000213977	True
ENST00000263087.9	ENST00000263087	ENSG00000083457	True
ENST00000325418.5	ENST00000325418	ENSG00000177602	True
ENST00000348335.7	ENST00000348335	ENSG00000004660	True
ENST00000397041.8	ENST00000397041	ENSG00000074370	True
ENST00000301391.8	ENST00000301391	ENSG00000167740	True
ENST00000341657.9	ENST00000341657	ENSG00000185722	True
ENST00000396981.6	ENST00000396981	ENSG00000132388	True
ENST00000254718.8	ENST00000254718	ENSG00000132382	True
ENST00000301396.8	ENST00000301396	ENSG00000141456	True
ENST00000269260.7	ENST00000269260	ENSG00000141480	True
ENST00000293777.6	ENST00000293777	ENSG00000161920	True
ENST00000293778.12	ENST00000293778	ENSG00000161921	True
ENST00000270586.8	ENST00000270586	ENSG00000142507	True
ENST00000263088.11	ENST00000263088	ENSG00000129219	True
ENST00000355280.11	ENST00000355280	ENSG00000141503	True
ENST00000225665.12	ENST00000225665	ENSG00000108528	True
ENST00000262482.11	ENST00000262482	ENSG00000108523	True
ENST00000225655.6	ENST00000225655	ENSG00000108518	True
ENST00000323997.10	ENST00000323997	ENSG00000108515	True
ENST00000348066.8	ENST00000348066	ENSG00000108509	True
ENST00000320785.10	ENST00000320785	ENSG00000129250	True
ENST00000537505.6	ENST00000537505	ENSG00000029725	True
ENST00000381209.7	ENST00000381209	ENSG00000129197	True
ENST00000225698.8	ENST00000225698	ENSG00000108561	True
ENST00000225296.8	ENST00000225296	ENSG00000005100	True
ENST00000381165.3	ENST00000381165	ENSG00000167842	True
ENST00000568641.1	ENST00000568641	ENSG00000286190	True
ENST00000574946.5	ENST00000574946	ENSG00000179314	True
ENST00000572447.6	ENST00000572447	ENSG00000129195	True
ENST00000361413.8	ENST00000361413	ENSG00000198920	True
ENST00000250101.10	ENST00000250101	ENSG00000129235	True
ENST00000225728.8	ENST00000225728	ENSG00000108590	True
ENST00000593646.5	ENST00000593646	ENSG00000219200	True
ENST00000308027.7	ENST00000308027	ENSG00000174327	True
ENST00000302955.11	ENST00000302955	ENSG00000132535	True
ENST00000356839.10	ENST00000356839	ENSG00000072778	True
ENST00000005340.10	ENST00000005340	ENSG00000004975	True
ENST00000320316.8	ENST00000320316	ENSG00000040633	True
ENST00000302386.10	ENST00000302386	ENSG00000170296	True
ENST00000574322.6	ENST00000574322	ENSG00000175826	True
ENST00000396628.6	ENST00000396628	ENSG00000170291	True
ENST00000317370.13	ENST00000317370	ENSG00000181856	True
ENST00000576930.5	ENST00000576930	ENSG00000132507	True
ENST00000389167.9	ENST00000389167	ENSG00000132522	True
ENST00000399464.7	ENST00000399464	ENSG00000215041	True
ENST00000333751.6	ENST00000333751	ENSG00000213859	True
ENST00000570896.5	ENST00000570896	ENSG00000174292	True
ENST00000302926.7	ENST00000302926	ENSG00000169992	True
ENST00000323206.2	ENST00000323206	ENSG00000181284	True
ENST00000293829.9	ENST00000293829	ENSG00000161958	True
ENST00000306071.7	ENST00000306071	ENSG00000170175	True
ENST00000311403.4	ENST00000311403	ENSG00000174282	True
ENST00000572844.1	ENST00000572844	ENSG00000181222	True
ENST00000321337.12	ENST00000321337	ENSG00000161956	True
ENST00000250092.11	ENST00000250092	ENSG00000129226	True
ENST00000250113.12	ENST00000250113	ENSG00000129245	True
ENST00000269298.10	ENST00000269298	ENSG00000141504	True
ENST00000250111.9	ENST00000250111	ENSG00000129244	True
ENST00000269305.8	ENST00000269305	ENSG00000141510	True
ENST00000226091.3	ENST00000226091	ENSG00000108947	True
ENST00000254846.9	ENST00000254846	ENSG00000132510	True
ENST00000575771.5	ENST00000575771	ENSG00000183011	True
ENST00000332439.5	ENST00000332439	ENSG00000182224	True
ENST00000330494.12	ENST00000330494	ENSG00000170004	True
ENST00000324348.8	ENST00000324348	ENSG00000179859	True
ENST00000303731.9	ENST00000303731	ENSG00000170043	True
ENST00000563694.6	ENST00000563694	ENSG00000170037	True
ENST00000317276.9	ENST00000317276	ENSG00000179094	True
ENST00000316509.11	ENST00000316509	ENSG00000220205	True
ENST00000437139.7	ENST00000437139	ENSG00000179029	True
ENST00000389017.6	ENST00000389017	ENSG00000196544	True
ENST00000585124.6	ENST00000585124	ENSG00000178999	True
ENST00000651323.1	ENST00000651323	ENSG00000178971	True
ENST00000314666.11	ENST00000314666	ENSG00000178921	True
ENST00000577745.2	ENST00000577745	ENSG00000125434	True
ENST00000226105.11	ENST00000226105	ENSG00000108961	True
ENST00000584164.6	ENST00000584164	ENSG00000161970	True
ENST00000334527.11	ENST00000334527	ENSG00000166579	True
ENST00000360416.8	ENST00000360416	ENSG00000133026	True
ENST00000173229.7	ENST00000173229	ENSG00000065320	True
ENST00000432992.6	ENST00000432992	ENSG00000007237	True
ENST00000255390.10	ENST00000255390	ENSG00000133028	True
ENST00000379774.5	ENST00000379774	ENSG00000170222	True
ENST00000341871.8	ENST00000341871	ENSG00000187824	True
ENST00000454073.7	ENST00000454073	ENSG00000154957	True
ENST00000340825.7	ENST00000340825	ENSG00000006740	True
ENST00000338034.9	ENST00000338034	ENSG00000006744	True
ENST00000261643.8	ENST00000261643	ENSG00000006695	True
ENST00000312280.9	ENST00000312280	ENSG00000109099	True
ENST00000304222.2	ENST00000304222	ENSG00000170425	True
ENST00000399277.6	ENST00000399277	ENSG00000214941	True
ENST00000261647.10	ENST00000261647	ENSG00000011295	True
ENST00000299736.5	ENST00000299736	ENSG00000166582	True
ENST00000614404.1	ENST00000614404	ENSG00000170315	True
ENST00000338560.12	ENST00000338560	ENSG00000187688	True
ENST00000395825.4	ENST00000395825	ENSG00000141040	True
ENST00000311331.12	ENST00000311331	ENSG00000197566	True
ENST00000321560.4	ENST00000321560	ENSG00000179598	True
ENST00000285071.9	ENST00000285071	ENSG00000154803	True
ENST00000268717.10	ENST00000268717	ENSG00000141030	True
ENST00000268711.4	ENST00000268711	ENSG00000141026	True
ENST00000225688.4	ENST00000225688	ENSG00000108551	True
ENST00000395783.5	ENST00000395783	ENSG00000133027	True
ENST00000353383.6	ENST00000353383	ENSG00000108557	True
ENST00000261646.10	ENST00000261646	ENSG00000072310	True
ENST00000379504.7	ENST00000379504	ENSG00000175662	True
ENST00000474627.8	ENST00000474627	ENSG00000171953	True
ENST00000268719.9	ENST00000268719	ENSG00000141034	True
ENST00000225729.8	ENST00000225729	ENSG00000108591	True
ENST00000399138.5	ENST00000399138	ENSG00000091542	True
ENST00000316843.9	ENST00000316843	ENSG00000131899	True
ENST00000327031.9	ENST00000327031	ENSG00000177731	True
ENST00000323019.9	ENST00000323019	ENSG00000177427	True
ENST00000321105.10	ENST00000321105	ENSG00000177302	True
ENST00000406438.5	ENST00000406438	ENSG00000176994	True
ENST00000316694.8	ENST00000316694	ENSG00000176974	True
ENST00000307767.13	ENST00000307767	ENSG00000171928	True
ENST00000268835.7	ENST00000268835	ENSG00000141127	True
ENST00000388995.11	ENST00000388995	ENSG00000188522	True
ENST00000347697.6	ENST00000347697	ENSG00000072134	True
ENST00000261499.10	ENST00000261499	ENSG00000108641	True
ENST00000308406.9	ENST00000308406	ENSG00000166484	True
ENST00000299610.5	ENST00000299610	ENSG00000166482	True
ENST00000270570.8	ENST00000270570	ENSG00000142494	True
ENST00000339618.8	ENST00000339618	ENSG00000072210	True
ENST00000395544.9	ENST00000395544	ENSG00000083290	True
ENST00000225737.11	ENST00000225737	ENSG00000108599	True
ENST00000261503.9	ENST00000261503	ENSG00000128487	True
ENST00000261497.9	ENST00000261497	ENSG00000124422	True
ENST00000395511.7	ENST00000395511	ENSG00000109016	True
ENST00000611551.1	ENST00000611551	ENSG00000274180	True
ENST00000342679.9	ENST00000342679	ENSG00000034152	True
ENST00000262394.7	ENST00000262394	ENSG00000109046	True
ENST00000644974.1	ENST00000644974	ENSG00000141068	True
ENST00000407008.8	ENST00000407008	ENSG00000087095	True
ENST00000226230.8	ENST00000226230	ENSG00000109084	True
ENST00000585313.5	ENST00000585313	ENSG00000109083	True
ENST00000226225.7	ENST00000226225	ENSG00000109079	True
ENST00000540200.6	ENST00000540200	ENSG00000004142	True
ENST00000292114.8	ENST00000292114	ENSG00000244045	True
ENST00000585482.6	ENST00000585482	ENSG00000004139	True
ENST00000612814.5	ENST00000612814	ENSG00000076351	True
ENST00000335765.9	ENST00000335765	ENSG00000109103	True
ENST00000308360.8	ENST00000308360	ENSG00000087111	True
ENST00000395321.6	ENST00000395321	ENSG00000109107	True
ENST00000321765.10	ENST00000321765	ENSG00000076382	True
ENST00000528896.7	ENST00000528896	ENSG00000007202	True
ENST00000247020.9	ENST00000247020	ENSG00000132581	True
ENST00000314616.11	ENST00000314616	ENSG00000109111	True
ENST00000395245.9	ENST00000395245	ENSG00000109113	True
ENST00000422514.7	ENST00000422514	ENSG00000198242	True
ENST00000292090.8	ENST00000292090	ENSG00000160606	True
ENST00000268766.11	ENST00000268766	ENSG00000160602	True
ENST00000262395.10	ENST00000262395	ENSG00000076604	True
ENST00000581407.5	ENST00000581407	ENSG00000173065	True
ENST00000394908.9	ENST00000394908	ENSG00000132589	True
ENST00000378895.9	ENST00000378895	ENSG00000167536	True
ENST00000332830.9	ENST00000332830	ENSG00000109118	True
ENST00000527372.6	ENST00000527372	ENSG00000196535	True
ENST00000307201.5	ENST00000307201	ENSG00000168792	True
ENST00000301057.8	ENST00000301057	ENSG00000167543	True
ENST00000394869.7	ENST00000394869	ENSG00000108262	True
ENST00000394859.8	ENST00000394859	ENSG00000198720	True
ENST00000269033.7	ENST00000269033	ENSG00000141298	True
ENST00000247026.10	ENST00000247026	ENSG00000126653	True
ENST00000261714.11	ENST00000261714	ENSG00000108578	True
ENST00000225719.9	ENST00000225719	ENSG00000108582	True
ENST00000451249.6	ENST00000451249	ENSG00000108587	True
ENST00000324238.7	ENST00000324238	ENSG00000176390	True
ENST00000321990.5	ENST00000321990	ENSG00000176208	True
ENST00000581216.6	ENST00000581216	ENSG00000172171	True
ENST00000328381.10	ENST00000328381	ENSG00000181481	True
ENST00000621161.5	ENST00000621161	ENSG00000131242	True
ENST00000302362.11	ENST00000302362	ENSG00000172301	True
ENST00000261708.9	ENST00000261708	ENSG00000108651	True
ENST00000322652.10	ENST00000322652	ENSG00000178691	True
ENST00000333942.10	ENST00000333942	ENSG00000126858	True
ENST00000577809.6	ENST00000577809	ENSG00000108666	True
ENST00000313401.4	ENST00000313401	ENSG00000176749	True
ENST00000318217.10	ENST00000318217	ENSG00000176658	True
ENST00000579849.6	ENST00000579849	ENSG00000006042	True
ENST00000225831.4	ENST00000225831	ENSG00000108691	True
ENST00000314144.10	ENST00000314144	ENSG00000132141	True
ENST00000361952.5	ENST00000361952	ENSG00000198783	True
ENST00000378526.9	ENST00000378526	ENSG00000005156	True
ENST00000315249.11	ENST00000315249	ENSG00000092871	True
ENST00000345365.10	ENST00000345365	ENSG00000185379	True
ENST00000442241.9	ENST00000442241	ENSG00000073536	True
ENST00000394566.5	ENST00000394566	ENSG00000172716	True
ENST00000394562.5	ENST00000394562	ENSG00000172123	True
ENST00000613219.4	ENST00000613219	ENSG00000108733	True
ENST00000610402.5	ENST00000610402	ENSG00000006125	True
ENST00000605844.6	ENST00000605844	ENSG00000270647	True
ENST00000603017.2	ENST00000603017	ENSG00000270885	True
ENST00000620284.5	ENST00000620284	ENSG00000278023	True
ENST00000614623.4	ENST00000614623	ENSG00000278259	True
ENST00000614443.2	ENST00000614443	ENSG00000277161	True
ENST00000613102.5	ENST00000613102	ENSG00000278311	True
ENST00000618403.5	ENST00000618403	ENSG00000278535	True
ENST00000614766.5	ENST00000614766	ENSG00000278619	True
ENST00000619387.5	ENST00000619387	ENSG00000275700	True
ENST00000614428.4	ENST00000614428	ENSG00000278540	True
ENST00000615182.5	ENST00000615182	ENSG00000276234	True
ENST00000614411.1	ENST00000614411	ENSG00000276023	True
ENST00000619541.4	ENST00000619541	ENSG00000275066	True
ENST00000617633.5	ENST00000617633	ENSG00000278053	True
ENST00000665913.1	ENST00000665913	ENSG00000274211	True
ENST00000622683.5	ENST00000622683	ENSG00000275832	True
ENST00000621654.2	ENST00000621654	ENSG00000273604	True
ENST00000621332.5	ENST00000621332	ENSG00000275023	True
ENST00000616199.4	ENST00000616199	ENSG00000277258	True
ENST00000619426.5	ENST00000619426	ENSG00000277791	True
ENST00000619039.4	ENST00000619039	ENSG00000276293	True
ENST00000614790.5	ENST00000614790	ENSG00000273559	True
ENST00000318008.11	ENST00000318008	ENSG00000002834	True
ENST00000394303.8	ENST00000394303	ENSG00000067191	True
ENST00000225430.9	ENST00000225430	ENSG00000108298	True
ENST00000300651.11	ENST00000300651	ENSG00000125686	True
ENST00000430627.6	ENST00000430627	ENSG00000167258	True
ENST00000336308.10	ENST00000336308	ENSG00000131748	True
ENST00000300658.9	ENST00000300658	ENSG00000161395	True
ENST00000269571.9	ENST00000269571	ENSG00000141736	True
ENST00000394231.8	ENST00000394231	ENSG00000141741	True
ENST00000309156.9	ENST00000309156	ENSG00000141738	True
ENST00000264639.9	ENST00000264639	ENSG00000108344	True
ENST00000394128.7	ENST00000394128	ENSG00000008838	True
ENST00000450525.7	ENST00000450525	ENSG00000126351	True
ENST00000246672.4	ENST00000246672	ENSG00000126368	True
ENST00000398532.9	ENST00000398532	ENSG00000188895	True
ENST00000323571.9	ENST00000323571	ENSG00000171475	True
ENST00000209728.9	ENST00000209728	ENSG00000094804	True
ENST00000254066.10	ENST00000254066	ENSG00000131759	True
ENST00000578689.2	ENST00000578689	ENSG00000183153	True
ENST00000423485.6	ENST00000423485	ENSG00000131747	True
ENST00000269593.5	ENST00000269593	ENSG00000141753	True
ENST00000348513.12	ENST00000348513	ENSG00000073584	True
ENST00000269576.6	ENST00000269576	ENSG00000186395	True
ENST00000361566.7	ENST00000361566	ENSG00000171345	True
ENST00000311208.13	ENST00000311208	ENSG00000128422	True
ENST00000469257.2	ENST00000469257	ENSG00000173812	True
ENST00000393931.8	ENST00000393931	ENSG00000173801	True
ENST00000355468.7	ENST00000355468	ENSG00000141696	True
ENST00000321562.9	ENST00000321562	ENSG00000141756	True
ENST00000435506.7	ENST00000435506	ENSG00000141698	True
ENST00000319121.4	ENST00000319121	ENSG00000178502	True
ENST00000590151.5	ENST00000590151	ENSG00000131473	True
ENST00000393892.8	ENST00000393892	ENSG00000173786	True
ENST00000457167.9	ENST00000457167	ENSG00000168259	True
ENST00000307641.9	ENST00000307641	ENSG00000168256	True
ENST00000225916.10	ENST00000225916	ENSG00000108773	True
ENST00000393860.7	ENST00000393860	ENSG00000108774	True
ENST00000301671.12	ENST00000301671	ENSG00000167925	True
ENST00000293328.8	ENST00000293328	ENSG00000173757	True
ENST00000345506.8	ENST00000345506	ENSG00000126561	True
ENST00000264657.9	ENST00000264657	ENSG00000168610	True
ENST00000357037.6	ENST00000357037	ENSG00000177469	True
ENST00000393829.6	ENST00000393829	ENSG00000033627	True
ENST00000225927.7	ENST00000225927	ENSG00000108784	True
ENST00000393818.3	ENST00000393818	ENSG00000068120	True
ENST00000435881.6	ENST00000435881	ENSG00000108788	True
ENST00000393795.7	ENST00000393795	ENSG00000131470	True
ENST00000309428.10	ENST00000309428	ENSG00000141699	True
ENST00000251413.8	ENST00000251413	ENSG00000131462	True
ENST00000251412.8	ENST00000251412	ENSG00000037042	True
ENST00000591022.6	ENST00000591022	ENSG00000068137	True
ENST00000264638.9	ENST00000264638	ENSG00000108797	True
ENST00000428826.7	ENST00000428826	ENSG00000108799	True
ENST00000253796.10	ENST00000253796	ENSG00000131477	True
ENST00000253794.7	ENST00000253794	ENSG00000131475	True
ENST00000328434.8	ENST00000328434	ENSG00000183978	True
ENST00000361523.8	ENST00000361523	ENSG00000126581	True
ENST00000590720.6	ENST00000590720	ENSG00000131467	True
ENST00000589913.6	ENST00000589913	ENSG00000131469	True
ENST00000438323.2	ENST00000438323	ENSG00000068079	True
ENST00000355653.8	ENST00000355653	ENSG00000108828	True
ENST00000587250.4	ENST00000587250	ENSG00000108830	True
ENST00000357654.9	ENST00000357654	ENSG00000012048	True
ENST00000341165.10	ENST00000341165	ENSG00000188554	True
ENST00000612339.4	ENST00000612339	ENSG00000184988	True
ENST00000320033.5	ENST00000320033	ENSG00000175906	True
ENST00000262415.8	ENST00000262415	ENSG00000067596	True
ENST00000319349.10	ENST00000319349	ENSG00000175832	True
ENST00000226004.8	ENST00000226004	ENSG00000108861	True
ENST00000398389.8	ENST00000398389	ENSG00000161647	True
ENST00000612133.4	ENST00000612133	ENSG00000108852	True
ENST00000589334.5	ENST00000589334	ENSG00000091947	True
ENST00000591247.6	ENST00000591247	ENSG00000161654	True
ENST00000269097.8	ENST00000269097	ENSG00000141349	True
ENST00000586802.5	ENST00000586802	ENSG00000108840	True
ENST00000319977.8	ENST00000319977	ENSG00000125319	True
ENST00000538716.7	ENST00000538716	ENSG00000168591	True
ENST00000389384.8	ENST00000389384	ENSG00000087152	True
ENST00000302904.8	ENST00000302904	ENSG00000108312	True
ENST00000225308.12	ENST00000225308	ENSG00000013306	True
ENST00000053867.8	ENST00000053867	ENSG00000030582	True
ENST00000293443.12	ENST00000293443	ENSG00000161682	True
ENST00000591680.6	ENST00000591680	ENSG00000186566	True
ENST00000315323.5	ENST00000315323	ENSG00000180340	True
ENST00000315286.13	ENST00000315286	ENSG00000180329	True
ENST00000315005.8	ENST00000315005	ENSG00000161692	True
ENST00000592524.6	ENST00000592524	ENSG00000182963	True
ENST00000426333.7	ENST00000426333	ENSG00000108883	True
ENST00000593135.6	ENST00000593135	ENSG00000186185	True
ENST00000253407.4	ENST00000253407	ENSG00000131094	True
ENST00000651974.1	ENST00000651974	ENSG00000172992	True
ENST00000592782.5	ENST00000592782	ENSG00000136448	True
ENST00000619929.5	ENST00000619929	ENSG00000161714	True
ENST00000398322.7	ENST00000398322	ENSG00000181513	True
ENST00000332499.4	ENST00000332499	ENSG00000186834	True
ENST00000307275.7	ENST00000307275	ENSG00000168517	True
ENST00000331495.8	ENST00000331495	ENSG00000184922	True
ENST00000376926.8	ENST00000376926	ENSG00000006062	True
ENST00000430334.8	ENST00000430334	ENSG00000225190	True
ENST00000340799.9	ENST00000340799	ENSG00000186868	True
ENST00000574590.6	ENST00000574590	ENSG00000120071	True
ENST00000398238.8	ENST00000398238	ENSG00000073969	True
ENST00000640051.2	ENST00000640051	ENSG00000108433	True
ENST00000066544.8	ENST00000066544	ENSG00000004897	True
ENST00000559488.7	ENST00000559488	ENSG00000259207	True
ENST00000322157.9	ENST00000322157	ENSG00000141279	True
ENST00000290158.9	ENST00000290158	ENSG00000108424	True
ENST00000361722.7	ENST00000361722	ENSG00000198933	True
ENST00000007414.8	ENST00000007414	ENSG00000006025	True
ENST00000351111.7	ENST00000351111	ENSG00000159111	True
ENST00000290216.14	ENST00000290216	ENSG00000141295	True
ENST00000376741.5	ENST00000376741	ENSG00000167182	True
ENST00000642017.2	ENST00000642017	ENSG00000108439	True
ENST00000338399.9	ENST00000338399	ENSG00000108465	True
ENST00000621465.5	ENST00000621465	ENSG00000005243	True
ENST00000357480.9	ENST00000357480	ENSG00000082641	True
ENST00000393408.7	ENST00000393408	ENSG00000108468	True
ENST00000393405.6	ENST00000393405	ENSG00000002919	True
ENST00000330070.5	ENST00000330070	ENSG00000173917	True
ENST00000332503.6	ENST00000332503	ENSG00000182742	True
ENST00000484302.3	ENST00000484302	ENSG00000108511	True
ENST00000239165.9	ENST00000239165	ENSG00000260027	True
ENST00000311177.7	ENST00000311177	ENSG00000170689	True
ENST00000290295.8	ENST00000290295	ENSG00000159184	True
ENST00000258947.7	ENST00000258947	ENSG00000136436	True
ENST00000393366.7	ENST00000393366	ENSG00000159199	True
ENST00000360943.10	ENST00000360943	ENSG00000159202	True
ENST00000290330.7	ENST00000290330	ENSG00000159210	True
ENST00000290341.8	ENST00000290341	ENSG00000159217	True
ENST00000362063.6	ENST00000362063	ENSG00000198740	True
ENST00000614445.4	ENST00000614445	ENSG00000167085	True
ENST00000393328.6	ENST00000393328	ENSG00000121067	True
ENST00000240364.7	ENST00000240364	ENSG00000121104	True
ENST00000259021.9	ENST00000259021	ENSG00000136504	True
ENST00000320031.13	ENST00000320031	ENSG00000005884	True
ENST00000503176.6	ENST00000503176	ENSG00000005882	True
ENST00000612501.2	ENST00000612501	ENSG00000108819	True
ENST00000225964.10	ENST00000225964	ENSG00000108821	True
ENST00000300433.7	ENST00000300433	ENSG00000167105	True
ENST00000338165.8	ENST00000338165	ENSG00000154920	True
ENST00000225972.8	ENST00000225972	ENSG00000108829	True
ENST00000300441.8	ENST00000300441	ENSG00000167107	True
ENST00000258955.7	ENST00000258955	ENSG00000136444	True
ENST00000634597.1	ENST00000634597	ENSG00000006282	True
ENST00000285238.13	ENST00000285238	ENSG00000108846	True
ENST00000285243.7	ENST00000285243	ENSG00000154945	True
ENST00000505658.6	ENST00000505658	ENSG00000108848	True
ENST00000499247.3	ENST00000499247	ENSG00000141232	True
ENST00000357122.8	ENST00000357122	ENSG00000008294	True
ENST00000393196.7	ENST00000393196	ENSG00000239672	True
ENST00000586178.6	ENST00000586178	ENSG00000011258	True
ENST00000225298.12	ENST00000225298	ENSG00000011260	True
ENST00000262065.8	ENST00000262065	ENSG00000108960	True
ENST00000268896.10	ENST00000268896	ENSG00000141179	True
ENST00000332822.6	ENST00000332822	ENSG00000183691	True
ENST00000284061.8	ENST00000284061	ENSG00000153933	True
ENST00000316881.9	ENST00000316881	ENSG00000121060	True
ENST00000240316.5	ENST00000240316	ENSG00000121058	True
ENST00000262288.8	ENST00000262288	ENSG00000121064	True
ENST00000621116.4	ENST00000621116	ENSG00000121057	True
ENST00000284073.7	ENST00000284073	ENSG00000153944	True
ENST00000313608.13	ENST00000313608	ENSG00000181610	True
ENST00000577830.6	ENST00000577830	ENSG00000180891	True
ENST00000581208.2	ENST00000581208	ENSG00000136451	True
ENST00000258962.5	ENST00000258962	ENSG00000136450	True
ENST00000579991.3	ENST00000579991	ENSG00000264364	True
ENST00000393119.7	ENST00000393119	ENSG00000011143	True
ENST00000225504.8	ENST00000225504	ENSG00000213246	True
ENST00000323456.9	ENST00000323456	ENSG00000108389	True
ENST00000337432.9	ENST00000337432	ENSG00000108384	True
ENST00000308249.4	ENST00000308249	ENSG00000175175	True
ENST00000262294.12	ENST00000262294	ENSG00000108395	True
ENST00000330137.12	ENST00000330137	ENSG00000182628	True
ENST00000262293.9	ENST00000262293	ENSG00000068489	True
ENST00000543872.6	ENST00000543872	ENSG00000167447	True
ENST00000284116.9	ENST00000284116	ENSG00000153982	True
ENST00000312655.9	ENST00000312655	ENSG00000175155	True
ENST00000251241.9	ENST00000251241	ENSG00000108406	True
ENST00000269122.8	ENST00000269122	ENSG00000141367	True
ENST00000262291.9	ENST00000262291	ENSG00000062716	True
ENST00000325752.8	ENST00000325752	ENSG00000108423	True
ENST00000225577.9	ENST00000225577	ENSG00000108443	True
ENST00000305783.13	ENST00000305783	ENSG00000189050	True
ENST00000300896.9	ENST00000300896	ENSG00000170832	True
ENST00000083182.8	ENST00000083182	ENSG00000062725	True
ENST00000305921.8	ENST00000305921	ENSG00000170836	True
ENST00000407086.7	ENST00000407086	ENSG00000141376	True
ENST00000240328.4	ENST00000240328	ENSG00000121068	True
ENST00000259008.7	ENST00000259008	ENSG00000136492	True
ENST00000647009.1	ENST00000647009	ENSG00000108506	True
ENST00000346027.9	ENST00000346027	ENSG00000146872	True
ENST00000303375.10	ENST00000303375	ENSG00000011028	True
ENST00000392976.5	ENST00000392976	ENSG00000008283	True
ENST00000614556.5	ENST00000614556	ENSG00000136485	True
ENST00000258975.7	ENST00000258975	ENSG00000136463	True
ENST00000577395.5	ENST00000577395	ENSG00000198909	True
ENST00000336174.12	ENST00000336174	ENSG00000266173	True
ENST00000259006.8	ENST00000259006	ENSG00000136490	True
ENST00000225726.10	ENST00000225726	ENSG00000108588	True
ENST00000578681.5	ENST00000578681	ENSG00000198231	True
ENST00000427159.7	ENST00000427159	ENSG00000108592	True
ENST00000310144.11	ENST00000310144	ENSG00000087191	True
ENST00000412356.5	ENST00000412356	ENSG00000108622	True
ENST00000433197.4	ENST00000433197	ENSG00000178607	True
ENST00000583097.5	ENST00000583097	ENSG00000136478	True
ENST00000539111.7	ENST00000539111	ENSG00000256525	True
ENST00000225792.10	ENST00000225792	ENSG00000108654	True
ENST00000556440.7	ENST00000556440	ENSG00000258890	True
ENST00000262435.14	ENST00000262435	ENSG00000108854	True
ENST00000439174.7	ENST00000439174	ENSG00000120063	True
ENST00000392769.6	ENST00000392769	ENSG00000154240	True
ENST00000413366.8	ENST00000413366	ENSG00000154229	True
ENST00000356126.8	ENST00000356126	ENSG00000197170	True
ENST00000581322.6	ENST00000581322	ENSG00000154217	True
ENST00000449250.3	ENST00000449250	ENSG00000186665	True
ENST00000537025.6	ENST00000537025	ENSG00000182481	True
ENST00000577985.5	ENST00000577985	ENSG00000196704	True
ENST00000448504.6	ENST00000448504	ENSG00000141337	True
ENST00000327268.8	ENST00000327268	ENSG00000108932	True
ENST00000262139.10	ENST00000262139	ENSG00000070540	True
ENST00000392711.5	ENST00000392711	ENSG00000108946	True
ENST00000392676.8	ENST00000392676	ENSG00000154265	True
ENST00000245479.3	ENST00000245479	ENSG00000125398	True
ENST00000255559.7	ENST00000255559	ENSG00000133195	True
ENST00000403627.7	ENST00000403627	ENSG00000133193	True
ENST00000359042.6	ENST00000359042	ENSG00000141219	True
ENST00000335793.4	ENST00000335793	ENSG00000179604	True
ENST00000311111.11	ENST00000311111	ENSG00000172809	True
ENST00000392627.7	ENST00000392627	ENSG00000170412	True
ENST00000262613.10	ENST00000262613	ENSG00000109062	True
ENST00000357814.8	ENST00000357814	ENSG00000109065	True
ENST00000335464.10	ENST00000335464	ENSG00000109066	True
ENST00000293195.10	ENST00000293195	ENSG00000161513	True
ENST00000425042.7	ENST00000425042	ENSG00000167861	True
ENST00000337231.5	ENST00000337231	ENSG00000109089	True
ENST00000322444.7	ENST00000322444	ENSG00000180901	True
ENST00000301587.9	ENST00000301587	ENSG00000167863	True
ENST00000450736.6	ENST00000450736	ENSG00000170190	True
ENST00000245543.6	ENST00000245543	ENSG00000125449	True
ENST00000245552.7	ENST00000245552	ENSG00000125458	True
ENST00000409753.8	ENST00000409753	ENSG00000189159	True
ENST00000420826.7	ENST00000420826	ENSG00000188612	True
ENST00000245544.9	ENST00000245544	ENSG00000125450	True
ENST00000245539.11	ENST00000245539	ENSG00000125445	True
ENST00000325102.12	ENST00000325102	ENSG00000125457	True
ENST00000402418.7	ENST00000402418	ENSG00000125454	True
ENST00000392562.5	ENST00000392562	ENSG00000177885	True
ENST00000314256.12	ENST00000314256	ENSG00000177728	True
ENST00000321617.8	ENST00000321617	ENSG00000177303	True
ENST00000333213.11	ENST00000333213	ENSG00000182173	True
ENST00000392550.8	ENST00000392550	ENSG00000073350	True
ENST00000317905.10	ENST00000317905	ENSG00000108469	True
ENST00000584667.6	ENST00000584667	ENSG00000161526	True
ENST00000450894.7	ENST00000450894	ENSG00000132470	True
ENST00000225614.6	ENST00000225614	ENSG00000108479	True
ENST00000589666.6	ENST00000589666	ENSG00000132478	True
ENST00000207549.8	ENST00000207549	ENSG00000092929	True
ENST00000591399.5	ENST00000591399	ENSG00000132471	True
ENST00000254816.6	ENST00000254816	ENSG00000132481	True
ENST00000301608.8	ENST00000301608	ENSG00000161533	True
ENST00000307877.7	ENST00000307877	ENSG00000167881	True
ENST00000269391.11	ENST00000269391	ENSG00000141576	True
ENST00000327490.8	ENST00000327490	ENSG00000185262	True
ENST00000446526.8	ENST00000446526	ENSG00000161542	True
ENST00000323374.8	ENST00000323374	ENSG00000176170	True
ENST00000591885.5	ENST00000591885	ENSG00000129667	True
ENST00000397625.8	ENST00000397625	ENSG00000070495	True
ENST00000615984.4	ENST00000615984	ENSG00000181038	True
ENST00000392485.2	ENST00000392485	ENSG00000161547	True
ENST00000569840.6	ENST00000569840	ENSG00000167889	True
ENST00000392476.6	ENST00000392476	ENSG00000129657	True
ENST00000427177.6	ENST00000427177	ENSG00000184640	True
ENST00000335749.4	ENST00000335749	ENSG00000078687	True
ENST00000590602.5	ENST00000590602	ENSG00000141524	True
ENST00000225777.7	ENST00000225777	ENSG00000108639	True
ENST00000301634.12	ENST00000301634	ENSG00000167900	True
ENST00000409257.9	ENST00000409257	ENSG00000183077	True
ENST00000350051.8	ENST00000350051	ENSG00000089685	True
ENST00000330871.3	ENST00000330871	ENSG00000184557	True
ENST00000361101.8	ENST00000361101	ENSG00000108669	True
ENST00000542802.7	ENST00000542802	ENSG00000055483	True
ENST00000262768.11	ENST00000262768	ENSG00000035862	True
ENST00000262776.8	ENST00000262776	ENSG00000108679	True
ENST00000302345.6	ENST00000302345	ENSG00000171302	True
ENST00000339142.6	ENST00000339142	ENSG00000173918	True
ENST00000579016.6	ENST00000579016	ENSG00000167280	True
ENST00000310942.9	ENST00000310942	ENSG00000173894	True
ENST00000269385.9	ENST00000269385	ENSG00000141570	True
ENST00000269397.9	ENST00000269397	ENSG00000141582	True
ENST00000302262.8	ENST00000302262	ENSG00000171298	True
ENST00000649764.2	ENST00000649764	ENSG00000141543	True
ENST00000326317.11	ENST00000326317	ENSG00000181523	True
ENST00000361193.8	ENST00000361193	ENSG00000181045	True
ENST00000518137.6	ENST00000518137	ENSG00000173818	True
ENST00000306773.5	ENST00000306773	ENSG00000171246	True
ENST00000306801.8	ENST00000306801	ENSG00000141564	True
ENST00000325167.9	ENST00000325167	ENSG00000176108	True
ENST00000428708.6	ENST00000428708	ENSG00000175866	True
ENST00000269392.8	ENST00000269392	ENSG00000141577	True
ENST00000431388.3	ENST00000431388	ENSG00000224877	True
ENST00000374759.8	ENST00000374759	ENSG00000157637	True
ENST00000575842.5	ENST00000575842	ENSG00000184009	True
ENST00000327787.13	ENST00000327787	ENSG00000185504	True
ENST00000331134.11	ENST00000331134	ENSG00000182446	True
ENST00000574882.5	ENST00000574882	ENSG00000182612	True
ENST00000374741.4	ENST00000374741	ENSG00000204237	True
ENST00000329214.13	ENST00000329214	ENSG00000185298	True
ENST00000329138.9	ENST00000329138	ENSG00000185359	True
ENST00000333676.8	ENST00000333676	ENSG00000262814	True
ENST00000350690.10	ENST00000350690	ENSG00000183048	True
ENST00000331483.9	ENST00000331483	ENSG00000185624	True
ENST00000269321.12	ENST00000269321	ENSG00000141522	True
ENST00000575195.2	ENST00000575195	ENSG00000141552	True
ENST00000538936.7	ENST00000538936	ENSG00000185813	True
ENST00000328666.11	ENST00000328666	ENSG00000187531	True
ENST00000357736.9	ENST00000357736	ENSG00000197063	True
ENST00000329875.13	ENST00000329875	ENSG00000183010	True
ENST00000306688.8	ENST00000306688	ENSG00000169683	True
ENST00000306897.9	ENST00000306897	ENSG00000169750	True
ENST00000310496.9	ENST00000310496	ENSG00000169733	True
ENST00000392358.6	ENST00000392358	ENSG00000169727	True
ENST00000306796.10	ENST00000306796	ENSG00000169718	True
ENST00000306749.4	ENST00000306749	ENSG00000169710	True
ENST00000392343.3	ENST00000392343	ENSG00000176155	True
ENST00000314028.10	ENST00000314028	ENSG00000141551	True
ENST00000269389.8	ENST00000269389	ENSG00000141574	True
ENST00000313056.10	ENST00000313056	ENSG00000181396	True
ENST00000337014.10	ENST00000337014	ENSG00000169660	True
ENST00000437807.6	ENST00000437807	ENSG00000178927	True
ENST00000309794.16	ENST00000309794	ENSG00000141562	True
ENST00000335255.10	ENST00000335255	ENSG00000141568	True
ENST00000392325.9	ENST00000392325	ENSG00000141580	True
ENST00000571995.6	ENST00000571995	ENSG00000141542	True
ENST00000269373.11	ENST00000269373	ENSG00000141560	True
ENST00000300784.8	ENST00000300784	ENSG00000167363	True
ENST00000355528.9	ENST00000355528	ENSG00000141556	True
ENST00000320095.12	ENST00000320095	ENSG00000176845	True
ENST00000261601.8	ENST00000261601	ENSG00000101557	True
ENST00000261600.11	ENST00000261600	ENSG00000079134	True
ENST00000400256.5	ENST00000400256	ENSG00000158270	True
ENST00000323274.15	ENST00000323274	ENSG00000176890	True
ENST00000647584.2	ENST00000647584	ENSG00000132199	True
ENST00000584307.5	ENST00000584307	ENSG00000176105	True
ENST00000574538.2	ENST00000574538	ENSG00000101574	True
ENST00000261597.9	ENST00000261597	ENSG00000080986	True
ENST00000320876.11	ENST00000320876	ENSG00000101596	True
ENST00000254528.4	ENST00000254528	ENSG00000132205	True
ENST00000261596.8	ENST00000261596	ENSG00000101577	True
ENST00000217652.7	ENST00000217652	ENSG00000101608	True
ENST00000581193.5	ENST00000581193	ENSG00000118680	True
ENST00000343820.10	ENST00000343820	ENSG00000177426	True
ENST00000357006.8	ENST00000357006	ENSG00000198081	True
ENST00000341928.6	ENST00000341928	ENSG00000082397	True
ENST00000383472.8	ENST00000383472	ENSG00000088756	True
ENST00000389658.4	ENST00000389658	ENSG00000101680	True
ENST00000329286.7	ENST00000329286	ENSG00000206418	True
ENST00000318388.11	ENST00000318388	ENSG00000178127	True
ENST00000262120.10	ENST00000262120	ENSG00000128791	True
ENST00000383432.8	ENST00000383432	ENSG00000017797	True
ENST00000400556.7	ENST00000400556	ENSG00000154845	True
ENST00000578921.6	ENST00000578921	ENSG00000168461	True
ENST00000400000.7	ENST00000400000	ENSG00000101558	True
ENST00000322897.11	ENST00000322897	ENSG00000134265	True
ENST00000423027.7	ENST00000423027	ENSG00000141404	True
ENST00000526991.3	ENST00000526991	ENSG00000255112	True
ENST00000588072.6	ENST00000588072	ENSG00000154889	True
ENST00000269159.8	ENST00000269159	ENSG00000141401	True
ENST00000317702.10	ENST00000317702	ENSG00000176014	True
ENST00000269143.8	ENST00000269143	ENSG00000141385	True
ENST00000336990.8	ENST00000336990	ENSG00000141391	True
ENST00000410092.7	ENST00000410092	ENSG00000134278	True
ENST00000317615.11	ENST00000317615	ENSG00000128789	True
ENST00000262127.7	ENST00000262127	ENSG00000101624	True
ENST00000309660.10	ENST00000309660	ENSG00000175354	True
ENST00000399892.7	ENST00000399892	ENSG00000085415	True
ENST00000506447.5	ENST00000506447	ENSG00000101639	True
ENST00000322247.7	ENST00000322247	ENSG00000177150	True
ENST00000383314.6	ENST00000383314	ENSG00000101654	True
ENST00000399799.3	ENST00000399799	ENSG00000067900	True
ENST00000580732.6	ENST00000580732	ENSG00000141449	True
ENST00000269214.10	ENST00000269214	ENSG00000141446	True
ENST00000300413.10	ENST00000300413	ENSG00000167088	True
ENST00000289119.7	ENST00000289119	ENSG00000158201	True
ENST00000261537.6	ENST00000261537	ENSG00000101752	True
ENST00000269216.9	ENST00000269216	ENSG00000141448	True
ENST00000399722.6	ENST00000399722	ENSG00000101773	True
ENST00000383233.8	ENST00000383233	ENSG00000134490	True
ENST00000339486.8	ENST00000339486	ENSG00000101782	True
ENST00000269221.8	ENST00000269221	ENSG00000141452	True
ENST00000269228.10	ENST00000269228	ENSG00000141458	True
ENST00000317571.8	ENST00000317571	ENSG00000168234	True
ENST00000621648.4	ENST00000621648	ENSG00000154040	True
ENST00000319481.8	ENST00000319481	ENSG00000141447	True
ENST00000284202.9	ENST00000284202	ENSG00000154059	True
ENST00000361524.8	ENST00000361524	ENSG00000198795	True
ENST00000415083.7	ENST00000415083	ENSG00000141380	True
ENST00000269142.10	ENST00000269142	ENSG00000141384	True
ENST00000269141.8	ENST00000269141	ENSG00000170558	True
ENST00000360428.9	ENST00000360428	ENSG00000134762	True
ENST00000261590.13	ENST00000261590	ENSG00000046604	True
ENST00000306851.9	ENST00000306851	ENSG00000118276	True
ENST00000283351.9	ENST00000283351	ENSG00000153339	True
ENST00000217740.4	ENST00000217740	ENSG00000101695	True
ENST00000261593.8	ENST00000261593	ENSG00000134758	True
ENST00000269209.7	ENST00000269209	ENSG00000141441	True
ENST00000598334.5	ENST00000598334	ENSG00000134769	True
ENST00000300249.10	ENST00000300249	ENSG00000166974	True
ENST00000330501.12	ENST00000330501	ENSG00000186812	True
ENST00000420878.7	ENST00000420878	ENSG00000186814	True
ENST00000399061.3	ENST00000399061	ENSG00000172466	True
ENST00000334598.11	ENST00000334598	ENSG00000153391	True
ENST00000269195.5	ENST00000269195	ENSG00000141429	True
ENST00000592875.6	ENST00000592875	ENSG00000141428	True
ENST00000399022.9	ENST00000399022	ENSG00000141425	True
ENST00000269187.10	ENST00000269187	ENSG00000141424	True
ENST00000358232.11	ENST00000358232	ENSG00000134759	True
ENST00000261326.6	ENST00000261326	ENSG00000075643	True
ENST00000257209.8	ENST00000257209	ENSG00000134775	True
ENST00000334295.9	ENST00000334295	ENSG00000134779	True
ENST00000262039.9	ENST00000262039	ENSG00000078142	True
ENST00000649279.2	ENST00000649279	ENSG00000152217	True
ENST00000409746.5	ENST00000409746	ENSG00000152229	True
ENST00000398752.11	ENST00000398752	ENSG00000152234	True
ENST00000282058.11	ENST00000282058	ENSG00000152240	True
ENST00000619301.4	ENST00000619301	ENSG00000152242	True
ENST00000300605.11	ENST00000300605	ENSG00000167220	True
ENST00000382998.8	ENST00000382998	ENSG00000134030	True
ENST00000269445.10	ENST00000269445	ENSG00000141627	True
ENST00000579408.5	ENST00000579408	ENSG00000265681	True
ENST00000285093.15	ENST00000285093	ENSG00000167315	True
ENST00000285039.12	ENST00000285039	ENSG00000167306	True
ENST00000590208.5	ENST00000590208	ENSG00000141644	True
ENST00000285106.10	ENST00000285106	ENSG00000154832	True
ENST00000285116.8	ENST00000285116	ENSG00000154839	True
ENST00000321341.11	ENST00000321341	ENSG00000082212	True
ENST00000269466.8	ENST00000269466	ENSG00000141642	True
ENST00000342988.8	ENST00000342988	ENSG00000141646	True
ENST00000406189.4	ENST00000406189	ENSG00000176624	True
ENST00000256429.8	ENST00000256429	ENSG00000134046	True
ENST00000579534.5	ENST00000579534	ENSG00000101751	True
ENST00000620105.5	ENST00000620105	ENSG00000166845	True
ENST00000262094.10	ENST00000262094	ENSG00000041353	True
ENST00000356073.8	ENST00000356073	ENSG00000196628	True
ENST00000217515.11	ENST00000217515	ENSG00000091164	True
ENST00000262093.11	ENST00000262093	ENSG00000066926	True
ENST00000256854.10	ENST00000256854	ENSG00000134440	True
ENST00000648908.2	ENST00000648908	ENSG00000081923	True
ENST00000382850.8	ENST00000382850	ENSG00000049759	True
ENST00000361673.4	ENST00000361673	ENSG00000198796	True
ENST00000649217.2	ENST00000649217	ENSG00000172175	True
ENST00000336078.8	ENST00000336078	ENSG00000074657	True
ENST00000587834.6	ENST00000587834	ENSG00000166562	True
ENST00000251047.6	ENST00000251047	ENSG00000074695	True
ENST00000649564.1	ENST00000649564	ENSG00000183287	True
ENST00000316660.7	ENST00000316660	ENSG00000141682	True
ENST00000312828.4	ENST00000312828	ENSG00000176641	True
ENST00000640252.2	ENST00000640252	ENSG00000197563	True
ENST00000644646.1	ENST00000644646	ENSG00000134444	True
ENST00000586569.3	ENST00000586569	ENSG00000141655	True
ENST00000269499.10	ENST00000269499	ENSG00000141664	True
ENST00000262719.10	ENST00000262719	ENSG00000081913	True
ENST00000645214.2	ENST00000645214	ENSG00000119537	True
ENST00000238497.10	ENST00000238497	ENSG00000119541	True
ENST00000353706.6	ENST00000353706	ENSG00000166401	True
ENST00000299608.7	ENST00000299608	ENSG00000166479	True
ENST00000640769.2	ENST00000640769	ENSG00000176225	True
ENST00000397942.4	ENST00000397942	ENSG00000170677	True
ENST00000169551.11	ENST00000169551	ENSG00000075336	True
ENST00000340533.9	ENST00000340533	ENSG00000166347	True
ENST00000324262.9	ENST00000324262	ENSG00000133313	True
ENST00000322342.4	ENST00000322342	ENSG00000180011	True
ENST00000580243.2	ENST00000580243	ENSG00000179981	True
ENST00000443185.7	ENST00000443185	ENSG00000101493	True
ENST00000355994.7	ENST00000355994	ENSG00000197971	True
ENST00000613122.5	ENST00000613122	ENSG00000060069	True
ENST00000397778.7	ENST00000397778	ENSG00000122490	True
ENST00000451882.3	ENST00000451882	ENSG00000226742	True
ENST00000269601.10	ENST00000269601	ENSG00000141759	True
ENST00000306735.10	ENST00000306735	ENSG00000101546	True
ENST00000262198.9	ENST00000262198	ENSG00000101544	True
ENST00000353265.8	ENST00000353265	ENSG00000178184	True
ENST00000434325.7	ENST00000434325	ENSG00000141934	True
ENST00000215574.9	ENST00000215574	ENSG00000099804	True
ENST00000333511.9	ENST00000333511	ENSG00000172270	True
ENST00000251287.3	ENST00000251287	ENSG00000099822	True
ENST00000588649.7	ENST00000588649	ENSG00000099821	True
ENST00000292363.10	ENST00000292363	ENSG00000070423	True
ENST00000166139.9	ENST00000166139	ENSG00000070404	True
ENST00000338448.10	ENST00000338448	ENSG00000099864	True
ENST00000215582.8	ENST00000215582	ENSG00000099812	True
ENST00000356948.11	ENST00000356948	ENSG00000011304	True
ENST00000327726.11	ENST00000327726	ENSG00000197766	True
ENST00000312090.10	ENST00000312090	ENSG00000175221	True
ENST00000361574.10	ENST00000361574	ENSG00000198858	True
ENST00000263620.8	ENST00000263620	ENSG00000116017	True
ENST00000356663.8	ENST00000356663	ENSG00000182087	True
ENST00000263097.9	ENST00000263097	ENSG00000064666	True
ENST00000263094.11	ENST00000263094	ENSG00000064687	True
ENST00000313093.6	ENST00000313093	ENSG00000180448	True
ENST00000615234.5	ENST00000615234	ENSG00000099817	True
ENST00000361757.8	ENST00000361757	ENSG00000064932	True
ENST00000590083.5	ENST00000590083	ENSG00000099625	True
ENST00000215375.7	ENST00000215375	ENSG00000099624	True
ENST00000300952.6	ENST00000300952	ENSG00000167470	True
ENST00000588030.5	ENST00000588030	ENSG00000099622	True
ENST00000409293.6	ENST00000409293	ENSG00000228300	True
ENST00000652273.1	ENST00000652273	ENSG00000160953	True
ENST00000233627.14	ENST00000233627	ENSG00000115286	True
ENST00000252288.8	ENST00000252288	ENSG00000130005	True
ENST00000233078.9	ENST00000233078	ENSG00000071626	True
ENST00000592588.6	ENST00000592588	ENSG00000115268	True
ENST00000436106.3	ENST00000436106	ENSG00000119559	True
ENST00000233596.8	ENST00000233596	ENSG00000115255	True
ENST00000330475.9	ENST00000330475	ENSG00000185761	True
ENST00000434436.8	ENST00000434436	ENSG00000071655	True
ENST00000262965.12	ENST00000262965	ENSG00000071564	True
ENST00000310127.10	ENST00000310127	ENSG00000130270	True
ENST00000170168.9	ENST00000170168	ENSG00000079313	True
ENST00000250916.6	ENST00000250916	ENSG00000129911	True
ENST00000292577.11	ENST00000292577	ENSG00000129968	True
ENST00000316097.13	ENST00000316097	ENSG00000227500	True
ENST00000329478.4	ENST00000329478	ENSG00000213638	True
ENST00000255641.13	ENST00000255641	ENSG00000133275	True
ENST00000250896.7	ENST00000250896	ENSG00000099875	True
ENST00000357066.8	ENST00000357066	ENSG00000172081	True
ENST00000643116.3	ENST00000643116	ENSG00000065000	True
ENST00000398665.8	ENST00000398665	ENSG00000104885	True
ENST00000221494.10	ENST00000221494	ENSG00000104897	True
ENST00000602676.6	ENST00000602676	ENSG00000104904	True
ENST00000252622.15	ENST00000252622	ENSG00000130332	True
ENST00000613503.5	ENST00000613503	ENSG00000005206	True
ENST00000215570.8	ENST00000215570	ENSG00000099800	True
ENST00000325327.4	ENST00000325327	ENSG00000176619	True
ENST00000215631.9	ENST00000215631	ENSG00000099860	True
ENST00000382159.8	ENST00000382159	ENSG00000176533	True
ENST00000323469.5	ENST00000323469	ENSG00000176490	True
ENST00000269740.9	ENST00000269740	ENSG00000141873	True
ENST00000221566.7	ENST00000221566	ENSG00000104969	True
ENST00000307741.11	ENST00000307741	ENSG00000172009	True
ENST00000317243.10	ENST00000317243	ENSG00000172006	True
ENST00000334241.9	ENST00000334241	ENSG00000186300	True
ENST00000306908.10	ENST00000306908	ENSG00000171970	True
ENST00000314531.5	ENST00000314531	ENSG00000175691	True
ENST00000327141.9	ENST00000327141	ENSG00000104964	True
ENST00000078429.9	ENST00000078429	ENSG00000088256	True
ENST00000246117.9	ENST00000246117	ENSG00000125912	True
ENST00000443272.3	ENST00000443272	ENSG00000141905	True
ENST00000427575.6	ENST00000427575	ENSG00000129932	True
ENST00000441788.6	ENST00000441788	ENSG00000105325	True
ENST00000355415.7	ENST00000355415	ENSG00000161091	True
ENST00000333651.11	ENST00000333651	ENSG00000064961	True
ENST00000429344.7	ENST00000429344	ENSG00000105298	True
ENST00000316757.4	ENST00000316757	ENSG00000011132	True
ENST00000545797.7	ENST00000545797	ENSG00000167657	True
ENST00000309311.7	ENST00000309311	ENSG00000167658	True
ENST00000262971.3	ENST00000262971	ENSG00000105229	True
ENST00000322357.9	ENST00000322357	ENSG00000178951	True
ENST00000262948.10	ENST00000262948	ENSG00000126934	True
ENST00000337491.7	ENST00000337491	ENSG00000077463	True
ENST00000262962.12	ENST00000262962	ENSG00000105248	True
ENST00000221856.11	ENST00000221856	ENSG00000105255	True
ENST00000600324.5	ENST00000600324	ENSG00000178078	True
ENST00000599840.5	ENST00000599840	ENSG00000008382	True
ENST00000269886.7	ENST00000269886	ENSG00000141985	True
ENST00000301280.10	ENST00000301280	ENSG00000167670	True
ENST00000301281.11	ENST00000301281	ENSG00000167671	True
ENST00000616600.5	ENST00000616600	ENSG00000167674	True
ENST00000586582.6	ENST00000586582	ENSG00000167680	True
ENST00000536716.1	ENST00000536716	ENSG00000185361	True
ENST00000262960.13	ENST00000262960	ENSG00000142002	True
ENST00000269856.5	ENST00000269856	ENSG00000141965	True
ENST00000248244.5	ENST00000248244	ENSG00000127666	True
ENST00000221957.9	ENST00000221957	ENSG00000105355	True
ENST00000620565.4	ENST00000620565	ENSG00000276043	True
ENST00000159111.9	ENST00000159111	ENSG00000127663	True
ENST00000587303.5	ENST00000587303	ENSG00000105426	True
ENST00000252542.9	ENST00000252542	ENSG00000130254	True
ENST00000592224.5	ENST00000592224	ENSG00000160633	True
ENST00000577222.5	ENST00000577222	ENSG00000130255	True
ENST00000309324.8	ENST00000309324	ENSG00000174917	True
ENST00000581521.5	ENST00000581521	ENSG00000167733	True
ENST00000309061.12	ENST00000309061	ENSG00000141994	True
ENST00000308961.5	ENST00000308961	ENSG00000174886	True
ENST00000340578.10	ENST00000340578	ENSG00000031823	True
ENST00000303657.10	ENST00000303657	ENSG00000087903	True
ENST00000252674.9	ENST00000252674	ENSG00000130382	True
ENST00000245816.11	ENST00000245816	ENSG00000125656	True
ENST00000245812.8	ENST00000245812	ENSG00000125652	True
ENST00000394456.10	ENST00000394456	ENSG00000125651	True
ENST00000398148.7	ENST00000398148	ENSG00000088247	True
ENST00000301454.9	ENST00000301454	ENSG00000125648	True
ENST00000264071.7	ENST00000264071	ENSG00000104833	True
ENST00000245903.4	ENST00000245903	ENSG00000125726	True
ENST00000245907.11	ENST00000245907	ENSG00000125730	True
ENST00000264080.11	ENST00000264080	ENSG00000125734	True
ENST00000313244.14	ENST00000313244	ENSG00000125733	True
ENST00000245908.11	ENST00000245908	ENSG00000125731	True
ENST00000602142.6	ENST00000602142	ENSG00000141968	True
ENST00000252840.11	ENST00000252840	ENSG00000130544	True
ENST00000302850.10	ENST00000302850	ENSG00000171105	True
ENST00000617428.3	ENST00000617428	ENSG00000104880	True
ENST00000221480.6	ENST00000221480	ENSG00000104883	True
ENST00000597229.2	ENST00000597229	ENSG00000198816	True
ENST00000264079.11	ENST00000264079	ENSG00000090674	True
ENST00000600737.5	ENST00000600737	ENSG00000032444	True
ENST00000160298.8	ENST00000160298	ENSG00000076826	True
ENST00000594797.6	ENST00000594797	ENSG00000229833	True
ENST00000221283.10	ENST00000221283	ENSG00000076944	True
ENST00000596148.3	ENST00000596148	ENSG00000181029	True
ENST00000618550.5	ENST00000618550	ENSG00000183248	True
ENST00000618098.4	ENST00000618098	ENSG00000171017	True
ENST00000397983.7	ENST00000397983	ENSG00000076984	True
ENST00000221573.11	ENST00000221573	ENSG00000104976	True
ENST00000318978.6	ENST00000318978	ENSG00000178531	True
ENST00000407627.7	ENST00000407627	ENSG00000066044	True
ENST00000251363.10	ENST00000251363	ENSG00000090661	True
ENST00000301458.10	ENST00000301458	ENSG00000167775	True
ENST00000600659.3	ENST00000600659	ENSG00000233927	True
ENST00000301455.7	ENST00000301455	ENSG00000167772	True
ENST00000328024.11	ENST00000328024	ENSG00000185236	True
ENST00000602117.1	ENST00000602117	ENSG00000099785	True
ENST00000325495.9	ENST00000325495	ENSG00000099783	True
ENST00000393927.9	ENST00000393927	ENSG00000133250	True
ENST00000601372.6	ENST00000601372	ENSG00000167785	True
ENST00000247956.11	ENST00000247956	ENSG00000130803	True
ENST00000591998.6	ENST00000591998	ENSG00000196110	True
ENST00000587557.5	ENST00000587557	ENSG00000188321	True
ENST00000592904.6	ENST00000592904	ENSG00000174652	True
ENST00000253115.7	ENST00000253115	ENSG00000130818	True
ENST00000586602.5	ENST00000586602	ENSG00000197961	True
ENST00000302851.8	ENST00000302851	ENSG00000171469	True
ENST00000247977.9	ENST00000247977	ENSG00000127452	True
ENST00000358666.7	ENST00000358666	ENSG00000198258	True
ENST00000247970.9	ENST00000247970	ENSG00000127445	True
ENST00000264833.8	ENST00000264833	ENSG00000105088	True
ENST00000253110.16	ENST00000253110	ENSG00000130813	True
ENST00000253107.12	ENST00000253107	ENSG00000130810	True
ENST00000253108.9	ENST00000253108	ENSG00000130811	True
ENST00000340748.8	ENST00000340748	ENSG00000130816	True
ENST00000646641.1	ENST00000646641	ENSG00000267534	True
ENST00000307422.9	ENST00000307422	ENSG00000105364	True
ENST00000264832.8	ENST00000264832	ENSG00000090339	True
ENST00000221980.5	ENST00000221980	ENSG00000105376	True
ENST00000611074.4	ENST00000611074	ENSG00000161847	True
ENST00000525621.6	ENST00000525621	ENSG00000105397	True
ENST00000222005.7	ENST00000222005	ENSG00000105401	True
ENST00000393623.6	ENST00000393623	ENSG00000079999	True
ENST00000309469.9	ENST00000309469	ENSG00000130734	True
ENST00000393599.3	ENST00000393599	ENSG00000129355	True
ENST00000250244.10	ENST00000250244	ENSG00000129354	True
ENST00000335757.10	ENST00000335757	ENSG00000129353	True
ENST00000449870.5	ENST00000449870	ENSG00000129351	True
ENST00000250237.10	ENST00000250237	ENSG00000213339	True
ENST00000355667.10	ENST00000355667	ENSG00000079805	True
ENST00000214869.7	ENST00000214869	ENSG00000099203	True
ENST00000327064.9	ENST00000327064	ENSG00000142453	True
ENST00000253031.6	ENST00000253031	ENSG00000130733	True
ENST00000344626.9	ENST00000344626	ENSG00000127616	True
ENST00000558518.6	ENST00000558518	ENSG00000130164	True
ENST00000592540.5	ENST00000592540	ENSG00000161888	True
ENST00000586659.5	ENST00000586659	ENSG00000197256	True
ENST00000294618.12	ENST00000294618	ENSG00000130158	True
ENST00000222120.8	ENST00000222120	ENSG00000105514	True
ENST00000354882.10	ENST00000354882	ENSG00000105518	True
ENST00000588790.5	ENST00000588790	ENSG00000183401	True
ENST00000251473.9	ENST00000251473	ENSG00000105520	True
ENST00000312423.4	ENST00000312423	ENSG00000173928	True
ENST00000222139.11	ENST00000222139	ENSG00000187266	True
ENST00000293771.10	ENST00000293771	ENSG00000161914	True
ENST00000270517.12	ENST00000270517	ENSG00000130159	True
ENST00000252456.7	ENST00000252456	ENSG00000130176	True
ENST00000252445.7	ENST00000252445	ENSG00000130165	True
ENST00000361113.10	ENST00000361113	ENSG00000198551	True
ENST00000218758.9	ENST00000218758	ENSG00000102575	True
ENST00000341191.11	ENST00000341191	ENSG00000197933	True
ENST00000357901.5	ENST00000357901	ENSG00000197044	True
ENST00000304060.10	ENST00000304060	ENSG00000171295	True
ENST00000254321.10	ENST00000254321	ENSG00000196757	True
ENST00000439556.3	ENST00000439556	ENSG00000257591	True
ENST00000343979.6	ENST00000343979	ENSG00000196646	True
ENST00000356109.10	ENST00000356109	ENSG00000197857	True
ENST00000311437.11	ENST00000311437	ENSG00000188033	True
ENST00000343325.9	ENST00000343325	ENSG00000173875	True
ENST00000456935.7	ENST00000456935	ENSG00000104774	True
ENST00000418543.8	ENST00000418543	ENSG00000123154	True
ENST00000210060.12	ENST00000210060	ENSG00000095059	True
ENST00000393261.8	ENST00000393261	ENSG00000132004	True
ENST00000450764.6	ENST00000450764	ENSG00000105576	True
ENST00000242784.5	ENST00000242784	ENSG00000123144	True
ENST00000591090.5	ENST00000591090	ENSG00000198356	True
ENST00000264827.9	ENST00000264827	ENSG00000095066	True
ENST00000302754.6	ENST00000302754	ENSG00000171223	True
ENST00000301522.3	ENST00000301522	ENSG00000167815	True
ENST00000221486.6	ENST00000221486	ENSG00000104889	True
ENST00000222219.8	ENST00000222219	ENSG00000105612	True
ENST00000591470.5	ENST00000591470	ENSG00000105607	True
ENST00000293695.8	ENST00000293695	ENSG00000161860	True
ENST00000316448.10	ENST00000316448	ENSG00000179218	True
ENST00000586534.6	ENST00000586534	ENSG00000179262	True
ENST00000592062.5	ENST00000592062	ENSG00000104907	True
ENST00000292431.5	ENST00000292431	ENSG00000160877	True
ENST00000587230.6	ENST00000587230	ENSG00000104915	True
ENST00000586600.5	ENST00000586600	ENSG00000104957	True
ENST00000040663.8	ENST00000040663	ENSG00000037757	True
ENST00000588234.6	ENST00000588234	ENSG00000104979	True
ENST00000254323.6	ENST00000254323	ENSG00000132003	True
ENST00000318003.11	ENST00000318003	ENSG00000132024	True
ENST00000254337.10	ENST00000254337	ENSG00000132017	True
ENST00000254325.9	ENST00000254325	ENSG00000132005	True
ENST00000263379.4	ENST00000263379	ENSG00000104998	True
ENST00000533683.7	ENST00000533683	ENSG00000141858	True
ENST00000308677.9	ENST00000308677	ENSG00000072062	True
ENST00000263382.8	ENST00000263382	ENSG00000105011	True
ENST00000340736.10	ENST00000340736	ENSG00000072071	True
ENST00000242786.6	ENST00000242786	ENSG00000123146	True
ENST00000242776.9	ENST00000242776	ENSG00000123136	True
ENST00000242783.11	ENST00000242783	ENSG00000123143	True
ENST00000393033.9	ENST00000393033	ENSG00000123159	True
ENST00000254322.3	ENST00000254322	ENSG00000132002	True
ENST00000215567.10	ENST00000215567	ENSG00000099797	True
ENST00000215565.3	ENST00000215565	ENSG00000099795	True
ENST00000292530.11	ENST00000292530	ENSG00000160961	True
ENST00000342784.7	ENST00000342784	ENSG00000105137	True
ENST00000263383.8	ENST00000263383	ENSG00000105135	True
ENST00000263388.7	ENST00000263388	ENSG00000074181	True
ENST00000263377.6	ENST00000263377	ENSG00000141867	True
ENST00000269701.7	ENST00000269701	ENSG00000105127	True
ENST00000397410.10	ENST00000397410	ENSG00000011243	True
ENST00000673675.1	ENST00000673675	ENSG00000011451	True
ENST00000646974.2	ENST00000646974	ENSG00000167460	True
ENST00000263384.12	ENST00000263384	ENSG00000105058	True
ENST00000248071.6	ENST00000248071	ENSG00000127528	True
ENST00000455140.7	ENST00000455140	ENSG00000127527	True
ENST00000221671.8	ENST00000221671	ENSG00000105072	True
ENST00000546361.7	ENST00000546361	ENSG00000085872	True
ENST00000595753.6	ENST00000595753	ENSG00000127526	True
ENST00000263390.8	ENST00000263390	ENSG00000105085	True
ENST00000487416.6	ENST00000487416	ENSG00000214046	True
ENST00000187762.7	ENST00000187762	ENSG00000072954	True
ENST00000248054.9	ENST00000248054	ENSG00000127511	True
ENST00000253669.10	ENST00000253669	ENSG00000131351	True
ENST00000594824.5	ENST00000594824	ENSG00000099331	True
ENST00000263897.10	ENST00000263897	ENSG00000053501	True
ENST00000215061.9	ENST00000215061	ENSG00000099330	True
ENST00000291442.3	ENST00000291442	ENSG00000160113	True
ENST00000359435.8	ENST00000359435	ENSG00000105393	True
ENST00000247706.4	ENST00000247706	ENSG00000127220	True
ENST00000252602.1	ENST00000252602	ENSG00000130312	True
ENST00000359866.9	ENST00000359866	ENSG00000130311	True
ENST00000159087.7	ENST00000159087	ENSG00000074855	True
ENST00000324894.13	ENST00000324894	ENSG00000130299	True
ENST00000252593.7	ENST00000252593	ENSG00000130303	True
ENST00000317040.12	ENST00000317040	ENSG00000141971	True
ENST00000252603.7	ENST00000252603	ENSG00000130313	True
ENST00000252599.9	ENST00000252599	ENSG00000130309	True
ENST00000324096.9	ENST00000324096	ENSG00000130479	True
ENST00000596536.5	ENST00000596536	ENSG00000130475	True
ENST00000222247.10	ENST00000222247	ENSG00000105640	True
ENST00000597436.5	ENST00000597436	ENSG00000007080	True
ENST00000222250.5	ENST00000222250	ENSG00000105643	True
ENST00000599612.3	ENST00000599612	ENSG00000254858	True
ENST00000222256.9	ENST00000222256	ENSG00000105649	True
ENST00000252818.5	ENST00000252818	ENSG00000130522	True
ENST00000593829.6	ENST00000593829	ENSG00000130520	True
ENST00000269919.11	ENST00000269919	ENSG00000130517	True
ENST00000252809.3	ENST00000252809	ENSG00000130513	True
ENST00000270061.12	ENST00000270061	ENSG00000130511	True
ENST00000338128.13	ENST00000338128	ENSG00000105655	True
ENST00000597960.7	ENST00000597960	ENSG00000105701	True
ENST00000442744.7	ENST00000442744	ENSG00000221983	True
ENST00000392386.8	ENST00000392386	ENSG00000006016	True
ENST00000600490.5	ENST00000600490	ENSG00000105696	True
ENST00000300976.9	ENST00000300976	ENSG00000167487	True
ENST00000321949.13	ENST00000321949	ENSG00000105662	True
ENST00000262803.10	ENST00000262803	ENSG00000005007	True
ENST00000262812.9	ENST00000262812	ENSG00000105669	True
ENST00000247003.9	ENST00000247003	ENSG00000105671	True
ENST00000539827.5	ENST00000539827	ENSG00000051128	True
ENST00000452918.7	ENST00000452918	ENSG00000064607	True
ENST00000535612.6	ENST00000535612	ENSG00000105676	True
ENST00000318596.8	ENST00000318596	ENSG00000181035	True
ENST00000162044.14	ENST00000162044	ENSG00000064545	True
ENST00000462790.8	ENST00000462790	ENSG00000254901	True
ENST00000303088.9	ENST00000303088	ENSG00000064490	True
ENST00000331552.12	ENST00000331552	ENSG00000184162	True
ENST00000262815.13	ENST00000262815	ENSG00000129933	True
ENST00000404158.5	ENST00000404158	ENSG00000167491	True
ENST00000542587.5	ENST00000542587	ENSG00000064547	True
ENST00000203556.9	ENST00000203556	ENSG00000089639	True
ENST00000592502.2	ENST00000592502	ENSG00000181896	True
ENST00000344099.4	ENST00000344099	ENSG00000105708	True
ENST00000443905.6	ENST00000443905	ENSG00000081665	True
ENST00000589717.2	ENST00000589717	ENSG00000256771	True
ENST00000343769.6	ENST00000343769	ENSG00000184635	True
ENST00000328178.13	ENST00000328178	ENSG00000105750	True
ENST00000261560.10	ENST00000261560	ENSG00000118620	True
ENST00000456283.7	ENST00000456283	ENSG00000160352	True
ENST00000356929.3	ENST00000356929	ENSG00000182141	True
ENST00000311015.7	ENST00000311015	ENSG00000172687	True
ENST00000608416.5	ENST00000608416	ENSG00000197020	True
ENST00000300619.12	ENST00000300619	ENSG00000167232	True
ENST00000359788.9	ENST00000359788	ENSG00000197372	True
ENST00000357002.4	ENST00000357002	ENSG00000213096	True
ENST00000304863.6	ENST00000304863	ENSG00000169021	True
ENST00000585603.6	ENST00000585603	ENSG00000105171	True
ENST00000436066.4	ENST00000436066	ENSG00000166289	True
ENST00000614091.4	ENST00000614091	ENSG00000131943	True
ENST00000262643.8	ENST00000262643	ENSG00000105173	True
ENST00000392271.6	ENST00000392271	ENSG00000105176	True
ENST00000240587.5	ENST00000240587	ENSG00000121297	True
ENST00000355898.6	ENST00000355898	ENSG00000168813	True
ENST00000342179.9	ENST00000342179	ENSG00000178904	True
ENST00000590247.7	ENST00000590247	ENSG00000105185	True
ENST00000306065.9	ENST00000306065	ENSG00000105186	True
ENST00000305768.10	ENST00000305768	ENSG00000121289	True
ENST00000588258.6	ENST00000588258	ENSG00000131944	True
ENST00000254260.8	ENST00000254260	ENSG00000131941	True
ENST00000253193.9	ENST00000253193	ENSG00000130881	True
ENST00000498907.3	ENST00000498907	ENSG00000245848	True
ENST00000585933.2	ENST00000585933	ENSG00000153879	True
ENST00000244137.12	ENST00000244137	ENSG00000124299	True
ENST00000430256.3	ENST00000430256	ENSG00000153885	True
ENST00000544216.7	ENST00000544216	ENSG00000257103	True
ENST00000299505.7	ENST00000299505	ENSG00000166398	True
ENST00000356487.11	ENST00000356487	ENSG00000105220	True
ENST00000246535.4	ENST00000246535	ENSG00000126249	True
ENST00000246548.9	ENST00000246548	ENSG00000126261	True
ENST00000505242.6	ENST00000505242	ENSG00000089335	True
ENST00000459757.6	ENST00000459757	ENSG00000197841	True
ENST00000404801.2	ENST00000404801	ENSG00000180884	True
ENST00000317991.9	ENST00000317991	ENSG00000089351	True
ENST00000342879.7	ENST00000342879	ENSG00000089327	True
ENST00000621372.4	ENST00000621372	ENSG00000105699	True
ENST00000222305.8	ENST00000222305	ENSG00000105698	True
ENST00000480502.5	ENST00000480502	ENSG00000161249	True
ENST00000222284.10	ENST00000222284	ENSG00000105677	True
ENST00000203166.10	ENST00000203166	ENSG00000249115	True
ENST00000262633.9	ENST00000262633	ENSG00000126254	True
ENST00000592141.6	ENST00000592141	ENSG00000126267	True
ENST00000587708.7	ENST00000587708	ENSG00000205155	True
ENST00000396908.8	ENST00000396908	ENSG00000167595	True
ENST00000221891.9	ENST00000221891	ENSG00000105290	True
ENST00000641389.1	ENST00000641389	ENSG00000167604	True
ENST00000378887.3	ENST00000378887	ENSG00000205138	True
ENST00000252984.11	ENST00000252984	ENSG00000239382	True
ENST00000360535.9	ENST00000360535	ENSG00000105270	True
ENST00000292894.2	ENST00000292894	ENSG00000161277	True
ENST00000401500.7	ENST00000401500	ENSG00000075702	True
ENST00000221855.8	ENST00000221855	ENSG00000105254	True
ENST00000588815.5	ENST00000588815	ENSG00000126247	True
ENST00000392173.6	ENST00000392173	ENSG00000196357	True
ENST00000270001.12	ENST00000270001	ENSG00000142065	True
ENST00000392161.4	ENST00000392161	ENSG00000181007	True
ENST00000392170.6	ENST00000392170	ENSG00000186017	True
ENST00000523638.6	ENST00000523638	ENSG00000254004	True
ENST00000591340.6	ENST00000591340	ENSG00000186020	True
ENST00000439428.5	ENST00000439428	ENSG00000161298	True
ENST00000536254.6	ENST00000536254	ENSG00000189042	True
ENST00000591344.2	ENST00000591344	ENSG00000267041	True
ENST00000356725.9	ENST00000356725	ENSG00000197863	True
ENST00000391711.7	ENST00000391711	ENSG00000185869	True
ENST00000333987.12	ENST00000333987	ENSG00000198453	True
ENST00000337995.4	ENST00000337995	ENSG00000197050	True
ENST00000352998.7	ENST00000352998	ENSG00000188283	True
ENST00000392153.7	ENST00000392153	ENSG00000181666	True
ENST00000436120.7	ENST00000436120	ENSG00000189164	True
ENST00000316950.11	ENST00000316950	ENSG00000196437	True
ENST00000330173.5	ENST00000330173	ENSG00000171827	True
ENST00000328550.6	ENST00000328550	ENSG00000180479	True
ENST00000351218.6	ENST00000351218	ENSG00000120784	True
ENST00000355202.9	ENST00000355202	ENSG00000198182	True
ENST00000536220.5	ENST00000536220	ENSG00000189144	True
ENST00000222345.11	ENST00000222345	ENSG00000105738	True
ENST00000355526.8	ENST00000355526	ENSG00000011332	True
ENST00000301244.12	ENST00000301244	ENSG00000167642	True
ENST00000301242.9	ENST00000301242	ENSG00000167641	True
ENST00000339413.11	ENST00000339413	ENSG00000167645	True
ENST00000263372.5	ENST00000263372	ENSG00000099337	True
ENST00000215071.8	ENST00000215071	ENSG00000099341	True
ENST00000248342.9	ENST00000248342	ENSG00000178982	True
ENST00000252699.7	ENST00000252699	ENSG00000130402	True
ENST00000221418.9	ENST00000221418	ENSG00000104823	True
ENST00000221419.9	ENST00000221419	ENSG00000104824	True
ENST00000249396.12	ENST00000249396	ENSG00000068903	True
ENST00000313582.6	ENST00000313582	ENSG00000104825	True
ENST00000221431.11	ENST00000221431	ENSG00000104835	True
ENST00000407800.2	ENST00000407800	ENSG00000128626	True
ENST00000292852.9	ENST00000292852	ENSG00000269190	True
ENST00000593690.5	ENST00000593690	ENSG00000130669	True
ENST00000221265.8	ENST00000221265	ENSG00000006712	True
ENST00000615911.4	ENST00000615911	ENSG00000063322	True
ENST00000594442.2	ENST00000594442	ENSG00000128016	True
ENST00000425673.6	ENST00000425673	ENSG00000090924	True
ENST00000251453.8	ENST00000251453	ENSG00000105193	True
ENST00000599117.5	ENST00000599117	ENSG00000196235	True
ENST00000356433.10	ENST00000356433	ENSG00000090932	True
ENST00000326282.5	ENST00000326282	ENSG00000176401	True
ENST00000390658.4	ENST00000390658	ENSG00000176396	True
ENST00000593685.5	ENST00000593685	ENSG00000105204	True
ENST00000221801.8	ENST00000221801	ENSG00000105202	True
ENST00000157812.7	ENST00000157812	ENSG00000013275	True
ENST00000434248.6	ENST00000434248	ENSG00000128000	True
ENST00000455521.5	ENST00000455521	ENSG00000197782	True
ENST00000392038.7	ENST00000392038	ENSG00000105221	True
ENST00000409587.5	ENST00000409587	ENSG00000105223	True
ENST00000357949.5	ENST00000357949	ENSG00000197019	True
ENST00000392028.8	ENST00000392028	ENSG00000167565	True
ENST00000263368.9	ENST00000263368	ENSG00000090013	True
ENST00000291842.10	ENST00000291842	ENSG00000160410	True
ENST00000252891.8	ENST00000252891	ENSG00000105245	True
ENST00000324464.8	ENST00000324464	ENSG00000123815	True
ENST00000263370.3	ENST00000263370	ENSG00000086544	True
ENST00000378313.7	ENST00000378313	ENSG00000188493	True
ENST00000243563.8	ENST00000243563	ENSG00000077312	True
ENST00000310054.9	ENST00000310054	ENSG00000167600	True
ENST00000301178.9	ENST00000301178	ENSG00000167601	True
ENST00000392006.8	ENST00000392006	ENSG00000105323	True
ENST00000221930.6	ENST00000221930	ENSG00000105329	True
ENST00000269967.4	ENST00000269967	ENSG00000142039	True
ENST00000243578.8	ENST00000243578	ENSG00000123810	True
ENST00000221233.9	ENST00000221233	ENSG00000077348	True
ENST00000598742.6	ENST00000598742	ENSG00000105372	True
ENST00000354532.8	ENST00000354532	ENSG00000076928	True
ENST00000222008.11	ENST00000222008	ENSG00000105404	True
ENST00000222339.7	ENST00000222339	ENSG00000105732	True
ENST00000596251.6	ENST00000596251	ENSG00000160570	True
ENST00000301215.8	ENST00000301215	ENSG00000167625	True
ENST00000222330.8	ENST00000222330	ENSG00000105723	True
ENST00000222329.9	ENST00000222329	ENSG00000105722	True
ENST00000572681.6	ENST00000572681	ENSG00000079432	True
ENST00000538771.5	ENST00000538771	ENSG00000079462	True
ENST00000222032.10	ENST00000222032	ENSG00000105427	True
ENST00000244289.9	ENST00000244289	ENSG00000079435	True
ENST00000292140.9	ENST00000292140	ENSG00000176531	True
ENST00000292147.7	ENST00000292147	ENSG00000105755	True
ENST00000262887.10	ENST00000262887	ENSG00000073050	True
ENST00000422989.5	ENST00000422989	ENSG00000167378	True
ENST00000336564.5	ENST00000336564	ENSG00000124444	True
ENST00000300811.8	ENST00000300811	ENSG00000131116	True
ENST00000222374.3	ENST00000222374	ENSG00000105767	True
ENST00000340093.8	ENST00000340093	ENSG00000011422	True
ENST00000270066.11	ENST00000270066	ENSG00000105771	True
ENST00000648319.1	ENST00000648319	ENSG00000104783	True
ENST00000618787.5	ENST00000618787	ENSG00000167637	True
ENST00000251269.9	ENST00000251269	ENSG00000159905	True
ENST00000611002.4	ENST00000611002	ENSG00000204920	True
ENST00000429154.7	ENST00000429154	ENSG00000159882	True
ENST00000391960.4	ENST00000391960	ENSG00000159885	True
ENST00000336976.10	ENST00000336976	ENSG00000267680	True
ENST00000262894.11	ENST00000262894	ENSG00000256294	True
ENST00000426739.7	ENST00000426739	ENSG00000263002	True
ENST00000590089.5	ENST00000590089	ENSG00000167380	True
ENST00000621083.4	ENST00000621083	ENSG00000131115	True
ENST00000291182.9	ENST00000291182	ENSG00000159917	True
ENST00000337401.8	ENST00000337401	ENSG00000062370	True
ENST00000592529.5	ENST00000592529	ENSG00000167384	True
ENST00000425690.8	ENST00000425690	ENSG00000073008	True
ENST00000164227.10	ENST00000164227	ENSG00000069399	True
ENST00000270233.12	ENST00000270233	ENSG00000187244	True
ENST00000252483.10	ENST00000252483	ENSG00000130202	True
ENST00000426677.7	ENST00000426677	ENSG00000130204	True
ENST00000252486.9	ENST00000252486	ENSG00000130203	True
ENST00000588750.5	ENST00000588750	ENSG00000130208	True
ENST00000625761.2	ENST00000625761	ENSG00000104856	True
ENST00000221455.8	ENST00000221455	ENSG00000104859	True
ENST00000303809.7	ENST00000303809	ENSG00000170684	True
ENST00000270257.9	ENST00000270257	ENSG00000142252	True
ENST00000262891.9	ENST00000262891	ENSG00000007047	True
ENST00000221462.9	ENST00000221462	ENSG00000104866	True
ENST00000433642.3	ENST00000433642	ENSG00000189114	True
ENST00000391945.10	ENST00000391945	ENSG00000104884	True
ENST00000360957.10	ENST00000360957	ENSG00000104881	True
ENST00000300853.8	ENST00000300853	ENSG00000012061	True
ENST00000430715.6	ENST00000430715	ENSG00000125744	True
ENST00000245932.11	ENST00000245932	ENSG00000125753	True
ENST00000263275.5	ENST00000263275	ENSG00000125741	True
ENST00000536630.5	ENST00000536630	ENSG00000125746	True
ENST00000342669.7	ENST00000342669	ENSG00000125743	True
ENST00000012049.10	ENST00000012049	ENSG00000011478	True
ENST00000317683.4	ENST00000317683	ENSG00000177051	True
ENST00000317578.7	ENST00000317578	ENSG00000177045	True
ENST00000458663.6	ENST00000458663	ENSG00000104936	True
ENST00000270223.7	ENST00000270223	ENSG00000185800	True
ENST00000245934.12	ENST00000245934	ENSG00000125755	True
ENST00000302165.5	ENST00000302165	ENSG00000170604	True
ENST00000322217.6	ENST00000322217	ENSG00000176182	True
ENST00000263257.6	ENST00000263257	ENSG00000104967	True
ENST00000595358.5	ENST00000595358	ENSG00000104983	True
ENST00000307522.5	ENST00000307522	ENSG00000169515	True
ENST00000313683.15	ENST00000313683	ENSG00000182013	True
ENST00000291295.14	ENST00000291295	ENSG00000160014	True
ENST00000433867.5	ENST00000433867	ENSG00000105287	True
ENST00000263280.11	ENST00000263280	ENSG00000090372	True
ENST00000318584.10	ENST00000318584	ENSG00000181027	True
ENST00000542575.6	ENST00000542575	ENSG00000105281	True
ENST00000263270.11	ENST00000263270	ENSG00000042753	True
ENST00000672722.1	ENST00000672722	ENSG00000160007	True
ENST00000602212.6	ENST00000602212	ENSG00000130751	True
ENST00000253048.10	ENST00000253048	ENSG00000130749	True
ENST00000270225.12	ENST00000270225	ENSG00000142230	True
ENST00000439096.3	ENST00000439096	ENSG00000105327	True
ENST00000643617.1	ENST00000643617	ENSG00000105321	True
ENST00000552360.4	ENST00000552360	ENSG00000257704	True
ENST00000328771.9	ENST00000328771	ENSG00000134815	True
ENST00000558555.6	ENST00000558555	ENSG00000105419	True
ENST00000338134.8	ENST00000338134	ENSG00000118162	True
ENST00000263354.8	ENST00000263354	ENSG00000105402	True
ENST00000396720.7	ENST00000396720	ENSG00000063169	True
ENST00000263277.8	ENST00000263277	ENSG00000024422	True
ENST00000599921.6	ENST00000599921	ENSG00000105499	True
ENST00000263274.12	ENST00000263274	ENSG00000105486	True
ENST00000614654.2	ENST00000614654	ENSG00000185453	True
ENST00000651546.1	ENST00000651546	ENSG00000105483	True
ENST00000595607.6	ENST00000595607	ENSG00000178150	True
ENST00000597279.5	ENST00000597279	ENSG00000142227	True
ENST00000293261.8	ENST00000293261	ENSG00000161558	True
ENST00000330720.7	ENST00000330720	ENSG00000105438	True
ENST00000253237.10	ENST00000253237	ENSG00000105447	True
ENST00000452733.7	ENST00000452733	ENSG00000105443	True
ENST00000549920.6	ENST00000549920	ENSG00000063177	True
ENST00000598088.5	ENST00000598088	ENSG00000063176	True
ENST00000222122.10	ENST00000222122	ENSG00000105516	True
ENST00000084798.9	ENST00000084798	ENSG00000063180	True
ENST00000316273.11	ENST00000316273	ENSG00000105552	True
ENST00000263278.9	ENST00000263278	ENSG00000087076	True
ENST00000263265.11	ENST00000263265	ENSG00000105559	True
ENST00000200453.6	ENST00000200453	ENSG00000087074	True
ENST00000405315.9	ENST00000405315	ENSG00000104805	True
ENST00000345358.12	ENST00000345358	ENSG00000087088	True
ENST00000331825.11	ENST00000331825	ENSG00000087086	True
ENST00000323798.8	ENST00000323798	ENSG00000104812	True
ENST00000595090.6	ENST00000595090	ENSG00000183207	True
ENST00000598441.6	ENST00000598441	ENSG00000104852	True
ENST00000221459.7	ENST00000221459	ENSG00000104863	True
ENST00000334186.9	ENST00000334186	ENSG00000177380	True
ENST00000252826.10	ENST00000252826	ENSG00000130529	True
ENST00000311227.6	ENST00000311227	ENSG00000074219	True
ENST00000262265.10	ENST00000262265	ENSG00000104872	True
ENST00000293350.9	ENST00000293350	ENSG00000161618	True
ENST00000391857.9	ENST00000391857	ENSG00000142541	True
ENST00000270625.7	ENST00000270625	ENSG00000142534	True
ENST00000426395.7	ENST00000426395	ENSG00000104870	True
ENST00000270645.8	ENST00000270645	ENSG00000142552	True
ENST00000596358.6	ENST00000596358	ENSG00000142546	True
ENST00000418929.7	ENST00000418929	ENSG00000126464	True
ENST00000246792.4	ENST00000246792	ENSG00000126458	True
ENST00000360565.8	ENST00000360565	ENSG00000126461	True
ENST00000597198.5	ENST00000597198	ENSG00000126456	True
ENST00000616144.4	ENST00000616144	ENSG00000126453	True
ENST00000391851.8	ENST00000391851	ENSG00000126457	True
ENST00000392518.8	ENST00000392518	ENSG00000169169	True
ENST00000354293.9	ENST00000354293	ENSG00000196961	True
ENST00000313777.9	ENST00000313777	ENSG00000010361	True
ENST00000593767.3	ENST00000593767	ENSG00000104973	True
ENST00000391842.5	ENST00000391842	ENSG00000104960	True
ENST00000322344.8	ENST00000322344	ENSG00000039650	True
ENST00000221543.10	ENST00000221543	ENSG00000104946	True
ENST00000423777.7	ENST00000423777	ENSG00000169136	True
ENST00000599538.5	ENST00000599538	ENSG00000105053	True
ENST00000595661.5	ENST00000595661	ENSG00000142528	True
ENST00000425460.5	ENST00000425460	ENSG00000105357	True
ENST00000601098.6	ENST00000601098	ENSG00000062822	True
ENST00000600100.6	ENST00000600100	ENSG00000142530	True
ENST00000376918.7	ENST00000376918	ENSG00000161671	True
ENST00000598418.6	ENST00000598418	ENSG00000161677	True
ENST00000250340.9	ENST00000250340	ENSG00000105472	True
ENST00000391812.5	ENST00000391812	ENSG00000167747	True
ENST00000421832.3	ENST00000421832	ENSG00000142544	True
ENST00000309244.9	ENST00000309244	ENSG00000105379	True
ENST00000262259.7	ENST00000262259	ENSG00000105497	True
ENST00000354957.8	ENST00000354957	ENSG00000198093	True
ENST00000293471.11	ENST00000293471	ENSG00000176024	True
ENST00000243644.9	ENST00000243644	ENSG00000256683	True
ENST00000602063.5	ENST00000602063	ENSG00000197619	True
ENST00000270649.11	ENST00000270649	ENSG00000142556	True
ENST00000221315.10	ENST00000221315	ENSG00000256087	True
ENST00000594295.5	ENST00000594295	ENSG00000197608	True
ENST00000600228.6	ENST00000600228	ENSG00000204611	True
ENST00000322088.11	ENST00000322088	ENSG00000105568	True
ENST00000439461.6	ENST00000439461	ENSG00000196214	True
ENST00000595962.6	ENST00000595962	ENSG00000198464	True
ENST00000422689.3	ENST00000422689	ENSG00000221923	True
ENST00000359798.9	ENST00000359798	ENSG00000198482	True
ENST00000540331.1	ENST00000540331	ENSG00000167562	True
ENST00000543227.5	ENST00000543227	ENSG00000213020	True
ENST00000457749.7	ENST00000457749	ENSG00000198538	True
ENST00000595646.6	ENST00000595646	ENSG00000204604	True
ENST00000595635.5	ENST00000595635	ENSG00000182986	True
ENST00000638862.1	ENST00000638862	ENSG00000213793	True
ENST00000357666.8	ENST00000357666	ENSG00000180257	True
ENST00000429604.5	ENST00000429604	ENSG00000170949	True
ENST00000334197.11	ENST00000334197	ENSG00000197937	True
ENST00000458035.3	ENST00000458035	ENSG00000213799	True
ENST00000474037.6	ENST00000474037	ENSG00000203326	True
ENST00000396408.8	ENST00000396408	ENSG00000196417	True
ENST00000432094.6	ENST00000432094	ENSG00000160336	True
ENST00000396403.9	ENST00000396403	ENSG00000198346	True
ENST00000391769.2	ENST00000391769	ENSG00000179820	True
ENST00000485876.6	ENST00000485876	ENSG00000170906	True
ENST00000391759.5	ENST00000391759	ENSG00000105619	True
ENST00000321030.9	ENST00000321030	ENSG00000105618	True
ENST00000222224.4	ENST00000222224	ENSG00000105617	True
ENST00000245615.6	ENST00000245615	ENSG00000125505	True
ENST00000302937.8	ENST00000302937	ENSG00000170892	True
ENST00000391752.5	ENST00000391752	ENSG00000170889	True
ENST00000326764.9	ENST00000326764	ENSG00000167615	True
ENST00000611161.2	ENST00000611161	ENSG00000275183	True
ENST00000415061.8	ENST00000415061	ENSG00000160439	True
ENST00000201647.11	ENST00000201647	ENSG00000131037	True
ENST00000263433.8	ENST00000263433	ENSG00000125503	True
ENST00000587758.5	ENST00000587758	ENSG00000105048	True
ENST00000344887.10	ENST00000344887	ENSG00000129991	True
ENST00000412770.7	ENST00000412770	ENSG00000105063	True
ENST00000255631.9	ENST00000255631	ENSG00000133265	True
ENST00000255613.8	ENST00000255613	ENSG00000133247	True
ENST00000264563.7	ENST00000264563	ENSG00000095752	True
ENST00000444469.4	ENST00000444469	ENSG00000233493	True
ENST00000344063.7	ENST00000344063	ENSG00000108107	True
ENST00000264552.14	ENST00000264552	ENSG00000108106	True
ENST00000425675.7	ENST00000425675	ENSG00000063241	True
ENST00000598519.2	ENST00000598519	ENSG00000197483	True
ENST00000205194.5	ENST00000205194	ENSG00000090971	True
ENST00000325421.7	ENST00000325421	ENSG00000218891	True
ENST00000221665.5	ENST00000221665	ENSG00000179943	True
ENST00000591046.1	ENST00000591046	ENSG00000171443	True
ENST00000568956.1	ENST00000568956	ENSG00000261221	True
ENST00000543039.2	ENST00000543039	ENSG00000213015	True
ENST00000587252.5	ENST00000587252	ENSG00000171425	True
ENST00000586790.6	ENST00000586790	ENSG00000173581	True
ENST00000450554.6	ENST00000450554	ENSG00000063244	True
ENST00000610935.2	ENST00000610935	ENSG00000142409	True
ENST00000592949.5	ENST00000592949	ENSG00000167685	True
ENST00000391713.5	ENST00000391713	ENSG00000131848	True
ENST00000333201.13	ENST00000333201	ENSG00000198440	True
ENST00000301318.8	ENST00000301318	ENSG00000196867	True
ENST00000599599.6	ENST00000599599	ENSG00000197951	True
ENST00000414468.3	ENST00000414468	ENSG00000204524	True
ENST00000321545.5	ENST00000321545	ENSG00000178229	True
ENST00000391705.7	ENST00000391705	ENSG00000131845	True
ENST00000336128.12	ENST00000336128	ENSG00000188785	True
ENST00000601808.1	ENST00000601808	ENSG00000186272	True
ENST00000334181.5	ENST00000334181	ENSG00000186230	True
ENST00000343280.8	ENST00000343280	ENSG00000197128	True
ENST00000424930.6	ENST00000424930	ENSG00000105136	True
ENST00000282292.9	ENST00000282292	ENSG00000152439	True
ENST00000376233.8	ENST00000376233	ENSG00000121406	True
ENST00000325134.9	ENST00000325134	ENSG00000251369	True
ENST00000196489.4	ENST00000196489	ENSG00000083817	True
ENST00000597850.2	ENST00000597850	ENSG00000171649	True
ENST00000332854.10	ENST00000332854	ENSG00000183647	True
ENST00000396161.10	ENST00000396161	ENSG00000213762	True
ENST00000299871.9	ENST00000299871	ENSG00000121417	True
ENST00000282296.10	ENST00000282296	ENSG00000204519	True
ENST00000317398.10	ENST00000317398	ENSG00000083814	True
ENST00000317178.10	ENST00000317178	ENSG00000152443	True
ENST00000396154.7	ENST00000396154	ENSG00000083828	True
ENST00000391701.1	ENST00000391701	ENSG00000178935	True
ENST00000651253.2	ENST00000651253	ENSG00000269343	True
ENST00000423137.1	ENST00000423137	ENSG00000198466	True
ENST00000282308.4	ENST00000282308	ENSG00000152454	True
ENST00000341164.8	ENST00000341164	ENSG00000166704	True
ENST00000240727.10	ENST00000240727	ENSG00000121413	True
ENST00000597186.5	ENST00000597186	ENSG00000181894	True
ENST00000617501.5	ENST00000617501	ENSG00000171606	True
ENST00000269829.5	ENST00000269829	ENSG00000198131	True
ENST00000329665.5	ENST00000329665	ENSG00000182318	True
ENST00000263100.8	ENST00000263100	ENSG00000121410	True
ENST00000596046.1	ENST00000596046	ENSG00000083845	True
ENST00000306910.9	ENST00000306910	ENSG00000171574	True
ENST00000336614.9	ENST00000336614	ENSG00000249471	True
ENST00000536459.6	ENST00000536459	ENSG00000083812	True
ENST00000594369.6	ENST00000594369	ENSG00000083838	True
ENST00000263093.7	ENST00000263093	ENSG00000083807	True
ENST00000354590.7	ENST00000354590	ENSG00000119574	True
ENST00000253024.10	ENST00000253024	ENSG00000130726	True
ENST00000600118.5	ENST00000600118	ENSG00000130724	True
ENST00000253023.8	ENST00000253023	ENSG00000130725	True
ENST00000215057.7	ENST00000215057	ENSG00000099326	True
ENST00000360321.7	ENST00000360321	ENSG00000196476	True
ENST00000342665.4	ENST00000342665	ENSG00000177732	True
ENST00000382291.7	ENST00000382291	ENSG00000125841	True
ENST00000217233.8	ENST00000217233	ENSG00000101255	True
ENST00000356286.10	ENST00000356286	ENSG00000125826	True
ENST00000354200.5	ENST00000354200	ENSG00000125875	True
ENST00000304189.6	ENST00000304189	ENSG00000125898	True
ENST00000335877.11	ENST00000335877	ENSG00000125818	True
ENST00000649598.1	ENST00000649598	ENSG00000101298	True
ENST00000400137.9	ENST00000400137	ENSG00000088832	True
ENST00000216879.8	ENST00000216879	ENSG00000088833	True
ENST00000400068.7	ENST00000400068	ENSG00000198053	True
ENST00000381482.8	ENST00000381482	ENSG00000125834	True
ENST00000381342.7	ENST00000381342	ENSG00000125835	True
ENST00000612935.4	ENST00000612935	ENSG00000088876	True
ENST00000329276.10	ENST00000329276	ENSG00000101361	True
ENST00000380843.9	ENST00000380843	ENSG00000101365	True
ENST00000360652.7	ENST00000360652	ENSG00000132635	True
ENST00000380445.8	ENST00000380445	ENSG00000215305	True
ENST00000216877.10	ENST00000216877	ENSG00000132670	True
ENST00000217173.7	ENST00000217173	ENSG00000185019	True
ENST00000380266.4	ENST00000380266	ENSG00000215251	True
ENST00000354488.8	ENST00000354488	ENSG00000198171	True
ENST00000380113.8	ENST00000380113	ENSG00000125877	True
ENST00000380059.7	ENST00000380059	ENSG00000088836	True
ENST00000252032.9	ENST00000252032	ENSG00000088854	True
ENST00000262919.10	ENST00000262919	ENSG00000088812	True
ENST00000399672.5	ENST00000399672	ENSG00000101220	True
ENST00000379751.5	ENST00000379751	ENSG00000125817	True
ENST00000245960.9	ENST00000245960	ENSG00000101224	True
ENST00000615891.2	ENST00000615891	ENSG00000125843	True
ENST00000336095.10	ENST00000336095	ENSG00000101236	True
ENST00000379460.6	ENST00000379460	ENSG00000088826	True
ENST00000430350.2	ENST00000430350	ENSG00000171867	True
ENST00000379400.8	ENST00000379400	ENSG00000101265	True
ENST00000379333.5	ENST00000379333	ENSG00000089057	True
ENST00000379286.6	ENST00000379286	ENSG00000089063	True
ENST00000379160.3	ENST00000379160	ENSG00000132646	True
ENST00000460006.6	ENST00000460006	ENSG00000101290	True
ENST00000379019.7	ENST00000379019	ENSG00000125772	True
ENST00000303142.11	ENST00000303142	ENSG00000171984	True
ENST00000203001.7	ENST00000203001	ENSG00000089195	True
ENST00000378863.9	ENST00000378863	ENSG00000088766	True
ENST00000217289.8	ENST00000217289	ENSG00000101311	True
ENST00000246024.7	ENST00000246024	ENSG00000125827	True
ENST00000338037.11	ENST00000338037	ENSG00000182621	True
ENST00000378392.6	ENST00000378392	ENSG00000132623	True
ENST00000254976.7	ENST00000254976	ENSG00000132639	True
ENST00000347364.7	ENST00000347364	ENSG00000125863	True
ENST00000334534.10	ENST00000334534	ENSG00000149346	True
ENST00000254958.10	ENST00000254958	ENSG00000101384	True
ENST00000399006.6	ENST00000399006	ENSG00000132640	True
ENST00000399002.7	ENST00000399002	ENSG00000172296	True
ENST00000337743.9	ENST00000337743	ENSG00000089123	True
ENST00000202816.5	ENST00000202816	ENSG00000089048	True
ENST00000378106.10	ENST00000378106	ENSG00000101247	True
ENST00000341420.5	ENST00000341420	ENSG00000125848	True
ENST00000354981.6	ENST00000354981	ENSG00000089177	True
ENST00000246071.8	ENST00000246071	ENSG00000125870	True
ENST00000377873.8	ENST00000377873	ENSG00000125864	True
ENST00000246069.12	ENST00000246069	ENSG00000125868	True
ENST00000377813.6	ENST00000377813	ENSG00000125844	True
ENST00000377768.7	ENST00000377768	ENSG00000089006	True
ENST00000377710.10	ENST00000377710	ENSG00000125871	True
ENST00000432901.4	ENST00000432901	ENSG00000232838	True
ENST00000435364.7	ENST00000435364	ENSG00000149474	True
ENST00000396026.7	ENST00000396026	ENSG00000125846	True
ENST00000377603.5	ENST00000377603	ENSG00000132664	True
ENST00000337227.9	ENST00000337227	ENSG00000089050	True
ENST00000336714.8	ENST00000336714	ENSG00000101310	True
ENST00000411646.2	ENST00000411646	ENSG00000232388	True
ENST00000255006.11	ENST00000255006	ENSG00000132669	True
ENST00000334982.9	ENST00000334982	ENSG00000173418	True
ENST00000377340.6	ENST00000377340	ENSG00000101343	True
ENST00000202677.12	ENST00000202677	ENSG00000188559	True
ENST00000619189.5	ENST00000619189	ENSG00000088970	True
ENST00000377191.5	ENST00000377191	ENSG00000088930	True
ENST00000254998.3	ENST00000254998	ENSG00000132661	True
ENST00000338121.10	ENST00000338121	ENSG00000125812	True
ENST00000377026.4	ENST00000377026	ENSG00000125814	True
ENST00000398411.5	ENST00000398411	ENSG00000101439	True
ENST00000217456.3	ENST00000217456	ENSG00000101474	True
ENST00000323482.9	ENST00000323482	ENSG00000154930	True
ENST00000376652.9	ENST00000376652	ENSG00000197586	True
ENST00000216962.9	ENST00000216962	ENSG00000100994	True
ENST00000339157.10	ENST00000339157	ENSG00000100997	True
ENST00000262460.5	ENST00000262460	ENSG00000101003	True
ENST00000278886.11	ENST00000278886	ENSG00000101004	True
ENST00000304788.4	ENST00000304788	ENSG00000170191	True
ENST00000252979.6	ENST00000252979	ENSG00000130684	True
ENST00000340852.9	ENST00000340852	ENSG00000101294	True
ENST00000394552.3	ENST00000394552	ENSG00000101898	True
ENST00000376112.4	ENST00000376112	ENSG00000125968	True
ENST00000376062.6	ENST00000376062	ENSG00000171552	True
ENST00000300403.11	ENST00000300403	ENSG00000088325	True
ENST00000202017.6	ENST00000202017	ENSG00000088356	True
ENST00000398022.7	ENST00000398022	ENSG00000101337	True
ENST00000246229.5	ENST00000246229	ENSG00000126003	True
ENST00000375749.8	ENST00000375749	ENSG00000101346	True
ENST00000375712.4	ENST00000375712	ENSG00000101350	True
ENST00000375687.10	ENST00000375687	ENSG00000171456	True
ENST00000278980.10	ENST00000278980	ENSG00000149600	True
ENST00000328111.6	ENST00000328111	ENSG00000088305	True
ENST00000375571.6	ENST00000375571	ENSG00000101367	True
ENST00000346416.7	ENST00000346416	ENSG00000101391	True
ENST00000217381.3	ENST00000217381	ENSG00000101400	True
ENST00000342704.11	ENST00000342704	ENSG00000078699	True
ENST00000246190.10	ENST00000246190	ENSG00000125967	True
ENST00000343380.6	ENST00000343380	ENSG00000101412	True
ENST00000409299.8	ENST00000409299	ENSG00000101417	True
ENST00000375200.6	ENST00000375200	ENSG00000131061	True
ENST00000217402.3	ENST00000217402	ENSG00000101421	True
ENST00000246194.8	ENST00000246194	ENSG00000125970	True
ENST00000374980.3	ENST00000374980	ENSG00000125977	True
ENST00000217426.7	ENST00000217426	ENSG00000101444	True
ENST00000374864.9	ENST00000374864	ENSG00000078747	True
ENST00000357156.6	ENST00000357156	ENSG00000125971	True
ENST00000360668.8	ENST00000360668	ENSG00000101460	True
ENST00000374810.8	ENST00000374810	ENSG00000078804	True
ENST00000336431.10	ENST00000336431	ENSG00000131067	True
ENST00000360596.7	ENST00000360596	ENSG00000131069	True
ENST00000644793.1	ENST00000644793	ENSG00000100983	True
ENST00000252015.3	ENST00000252015	ENSG00000100991	True
ENST00000374492.8	ENST00000374492	ENSG00000088298	True
ENST00000216968.5	ENST00000216968	ENSG00000101000	True
ENST00000456790.2	ENST00000456790	ENSG00000126005	True
ENST00000374436.7	ENST00000374436	ENSG00000242372	True
ENST00000348547.6	ENST00000348547	ENSG00000125991	True
ENST00000374273.8	ENST00000374273	ENSG00000061656	True
ENST00000352393.8	ENST00000352393	ENSG00000214078	True
ENST00000374114.8	ENST00000374114	ENSG00000244462	True
ENST00000374092.9	ENST00000374092	ENSG00000244005	True
ENST00000374078.5	ENST00000374078	ENSG00000125995	True
ENST00000361162.10	ENST00000361162	ENSG00000131051	True
ENST00000374012.8	ENST00000374012	ENSG00000025293	True
ENST00000636016.2	ENST00000636016	ENSG00000088367	True
ENST00000373932.3	ENST00000373932	ENSG00000131043	True
ENST00000339266.9	ENST00000339266	ENSG00000080845	True
ENST00000279022.7	ENST00000279022	ENSG00000101335	True
ENST00000373874.6	ENST00000373874	ENSG00000118707	True
ENST00000344795.8	ENST00000344795	ENSG00000101084	True
ENST00000349004.6	ENST00000349004	ENSG00000101079	True
ENST00000426836.5	ENST00000426836	ENSG00000149636	True
ENST00000646673.2	ENST00000646673	ENSG00000101347	True
ENST00000373664.8	ENST00000373664	ENSG00000080839	True
ENST00000237530.11	ENST00000237530	ENSG00000118705	True
ENST00000373605.7	ENST00000373605	ENSG00000101363	True
ENST00000373578.6	ENST00000373578	ENSG00000197122	True
ENST00000414542.6	ENST00000414542	ENSG00000166619	True
ENST00000361383.11	ENST00000361383	ENSG00000132792	True
ENST00000373448.6	ENST00000373448	ENSG00000101407	True
ENST00000373433.9	ENST00000373433	ENSG00000101413	True
ENST00000361475.7	ENST00000361475	ENSG00000198959	True
ENST00000262879.11	ENST00000262879	ENSG00000170471	True
ENST00000619850.2	ENST00000619850	ENSG00000101447	True
ENST00000252011.8	ENST00000252011	ENSG00000101452	True
ENST00000373313.3	ENST00000373313	ENSG00000204103	True
ENST00000361337.3	ENST00000361337	ENSG00000198900	True
ENST00000244007.7	ENST00000244007	ENSG00000124181	True
ENST00000309060.7	ENST00000309060	ENSG00000174306	True
ENST00000632009.1	ENST00000632009	ENSG00000132793	True
ENST00000244020.5	ENST00000244020	ENSG00000124193	True
ENST00000373030.8	ENST00000373030	ENSG00000101052	True
ENST00000217026.5	ENST00000217026	ENSG00000101057	True
ENST00000341197.9	ENST00000341197	ENSG00000124191	True
ENST00000255174.3	ENST00000255174	ENSG00000132823	True
ENST00000396825.4	ENST00000396825	ENSG00000197296	True
ENST00000372904.7	ENST00000372904	ENSG00000124120	True
ENST00000342374.5	ENST00000342374	ENSG00000132824	True
ENST00000372889.5	ENST00000372889	ENSG00000168734	True
ENST00000372874.9	ENST00000372874	ENSG00000196839	True
ENST00000372851.8	ENST00000372851	ENSG00000101098	True
ENST00000372839.7	ENST00000372839	ENSG00000166913	True
ENST00000372813.4	ENST00000372813	ENSG00000025772	True
ENST00000372806.8	ENST00000372806	ENSG00000101109	True
ENST00000338380.2	ENST00000338380	ENSG00000124107	True
ENST00000372733.3	ENST00000372733	ENSG00000124145	True
ENST00000243918.10	ENST00000243918	ENSG00000204070	True
ENST00000372712.6	ENST00000372712	ENSG00000244274	True
ENST00000372622.8	ENST00000372622	ENSG00000101457	True
ENST00000356455.9	ENST00000356455	ENSG00000175063	True
ENST00000372542.5	ENST00000372542	ENSG00000124104	True
ENST00000217455.9	ENST00000217455	ENSG00000101473	True
ENST00000255152.3	ENST00000255152	ENSG00000132801	True
ENST00000372523.1	ENST00000372523	ENSG00000168612	True
ENST00000372484.7	ENST00000372484	ENSG00000064601	True
ENST00000477313.5	ENST00000477313	ENSG00000100979	True
ENST00000372409.8	ENST00000372409	ENSG00000100982	True
ENST00000322927.3	ENST00000322927	ENSG00000198026	True
ENST00000290231.11	ENST00000290231	ENSG00000124160	True
ENST00000372285.8	ENST00000372285	ENSG00000101017	True
ENST00000372230.10	ENST00000372230	ENSG00000080189	True
ENST00000290246.11	ENST00000290246	ENSG00000062598	True
ENST00000372114.4	ENST00000372114	ENSG00000172315	True
ENST00000359271.4	ENST00000359271	ENSG00000197496	True
ENST00000371998.8	ENST00000371998	ENSG00000124151	True
ENST00000359930.8	ENST00000359930	ENSG00000196562	True
ENST00000371941.4	ENST00000371941	ENSG00000124126	True
ENST00000371917.5	ENST00000371917	ENSG00000124198	True
ENST00000262982.3	ENST00000262982	ENSG00000124207	True
ENST00000371856.6	ENST00000371856	ENSG00000124214	True
ENST00000618172.4	ENST00000618172	ENSG00000124228	True
ENST00000371752.5	ENST00000371752	ENSG00000124201	True
ENST00000244043.5	ENST00000244043	ENSG00000124212	True
ENST00000371711.4	ENST00000371711	ENSG00000158470	True
ENST00000361573.2	ENST00000361573	ENSG00000197818	True
ENST00000422556.1	ENST00000422556	ENSG00000158480	True
ENST00000244050.3	ENST00000244050	ENSG00000124216	True
ENST00000371652.9	ENST00000371652	ENSG00000240849	True
ENST00000303004.5	ENST00000303004	ENSG00000172216	True
ENST00000371621.5	ENST00000371621	ENSG00000196396	True
ENST00000371610.7	ENST00000371610	ENSG00000124171	True
ENST00000358791.9	ENST00000358791	ENSG00000124243	True
ENST00000371588.9	ENST00000371588	ENSG00000000419	True
ENST00000244051.3	ENST00000244051	ENSG00000124217	True
ENST00000371571.5	ENST00000371571	ENSG00000026559	True
ENST00000371564.8	ENST00000371564	ENSG00000101096	True
ENST00000338821.6	ENST00000338821	ENSG00000054793	True
ENST00000361387.6	ENST00000361387	ENSG00000020256	True
ENST00000371471.6	ENST00000371471	ENSG00000171940	True
ENST00000371384.4	ENST00000371384	ENSG00000124098	True
ENST00000347343.6	ENST00000347343	ENSG00000087586	True
ENST00000217109.9	ENST00000217109	ENSG00000101138	True
ENST00000357348.9	ENST00000357348	ENSG00000022277	True
ENST00000201031.3	ENST00000201031	ENSG00000087510	True
ENST00000395863.8	ENST00000395863	ENSG00000101144	True
ENST00000395840.6	ENST00000395840	ENSG00000101146	True
ENST00000356208.10	ENST00000356208	ENSG00000132819	True
ENST00000341744.8	ENST00000341744	ENSG00000124225	True
ENST00000244040.4	ENST00000244040	ENSG00000124209	True
ENST00000475243.6	ENST00000475243	ENSG00000124164	True
ENST00000371141.8	ENST00000371141	ENSG00000124222	True
ENST00000371085.7	ENST00000371085	ENSG00000087460	True
ENST00000602795.6	ENST00000602795	ENSG00000101158	True
ENST00000217131.6	ENST00000217131	ENSG00000101160	True
ENST00000243997.8	ENST00000243997	ENSG00000124172	True
ENST00000355937.9	ENST00000355937	ENSG00000101166	True
ENST00000358293.7	ENST00000358293	ENSG00000196227	True
ENST00000370996.5	ENST00000370996	ENSG00000132825	True
ENST00000614565.5	ENST00000614565	ENSG00000179242	True
ENST00000279068.11	ENST00000279068	ENSG00000149657	True
ENST00000370873.9	ENST00000370873	ENSG00000101182	True
ENST00000331758.8	ENST00000331758	ENSG00000184402	True
ENST00000313733.9	ENST00000313733	ENSG00000130703	True
ENST00000491935.5	ENST00000491935	ENSG00000130706	True
ENST00000343986.9	ENST00000343986	ENSG00000171858	True
ENST00000217159.6	ENST00000217159	ENSG00000101187	True
ENST00000370487.5	ENST00000370487	ENSG00000101189	True
ENST00000290291.10	ENST00000290291	ENSG00000060491	True
ENST00000335351.8	ENST00000335351	ENSG00000101190	True
ENST00000266070.8	ENST00000266070	ENSG00000101191	True
ENST00000266069.5	ENST00000266069	ENSG00000101193	True
ENST00000370351.9	ENST00000370351	ENSG00000101194	True
ENST00000370339.8	ENST00000370339	ENSG00000149658	True
ENST00000353546.7	ENST00000353546	ENSG00000101199	True
ENST00000217182.6	ENST00000217182	ENSG00000101210	True
ENST00000370179.8	ENST00000370179	ENSG00000125534	True
ENST00000467148.1	ENST00000467148	ENSG00000130589	True
ENST00000266068.5	ENST00000266068	ENSG00000101216	True
ENST00000370053.3	ENST00000370053	ENSG00000197457	True
ENST00000622789.5	ENST00000622789	ENSG00000101246	True
ENST00000369967.7	ENST00000369967	ENSG00000197114	True
ENST00000266077.5	ENST00000266077	ENSG00000125520	True
ENST00000395104.5	ENST00000395104	ENSG00000130584	True
ENST00000348257.9	ENST00000348257	ENSG00000101150	True
ENST00000360864.9	ENST00000360864	ENSG00000101152	True
ENST00000369908.9	ENST00000369908	ENSG00000198276	True
ENST00000369888.6	ENST00000369888	ENSG00000196700	True
ENST00000369886.8	ENST00000369886	ENSG00000130590	True
ENST00000266079.5	ENST00000266079	ENSG00000101161	True
ENST00000340356.9	ENST00000340356	ENSG00000203883	True
ENST00000343484.10	ENST00000343484	ENSG00000171703	True
ENST00000395042.2	ENST00000395042	ENSG00000171700	True
ENST00000308824.11	ENST00000308824	ENSG00000203880	True
ENST00000285667.4	ENST00000285667	ENSG00000155304	True
ENST00000318948.7	ENST00000318948	ENSG00000180530	True
ENST00000400183.6	ENST00000400183	ENSG00000155313	True
ENST00000284878.12	ENST00000284878	ENSG00000154639	True
ENST00000348354.7	ENST00000348354	ENSG00000154640	True
ENST00000284881.9	ENST00000284881	ENSG00000154642	True
ENST00000400546.6	ENST00000400546	ENSG00000154654	True
ENST00000480456.6	ENST00000480456	ENSG00000154721	True
ENST00000400093.3	ENST00000400093	ENSG00000154723	True
ENST00000354828.7	ENST00000354828	ENSG00000154727	True
ENST00000346798.8	ENST00000346798	ENSG00000142192	True
ENST00000284984.8	ENST00000284984	ENSG00000154734	True
ENST00000303775.10	ENST00000303775	ENSG00000156239	True
ENST00000493196.2	ENST00000493196	ENSG00000156253	True
ENST00000399975.7	ENST00000399975	ENSG00000156256	True
ENST00000286788.9	ENST00000286788	ENSG00000156261	True
ENST00000399921.5	ENST00000399921	ENSG00000156273	True
ENST00000286827.7	ENST00000286827	ENSG00000156299	True
ENST00000270142.11	ENST00000270142	ENSG00000142168	True
ENST00000286835.12	ENST00000286835	ENSG00000156304	True
ENST00000270112.7	ENST00000270112	ENSG00000142149	True
ENST00000290130.4	ENST00000290130	ENSG00000159055	True
ENST00000300255.7	ENST00000300255	ENSG00000166979	True
ENST00000290155.8	ENST00000290155	ENSG00000159079	True
ENST00000331923.9	ENST00000331923	ENSG00000159086	True
ENST00000270139.8	ENST00000270139	ENSG00000142166	True
ENST00000290219.10	ENST00000290219	ENSG00000159128	True
ENST00000542230.7	ENST00000542230	ENSG00000142188	True
ENST00000617313.4	ENST00000617313	ENSG00000177692	True
ENST00000381831.7	ENST00000381831	ENSG00000159131	True
ENST00000356577.10	ENST00000356577	ENSG00000159140	True
ENST00000303071.10	ENST00000303071	ENSG00000159147	True
ENST00000381554.8	ENST00000381554	ENSG00000205758	True
ENST00000290299.7	ENST00000290299	ENSG00000241837	True
ENST00000399312.3	ENST00000399312	ENSG00000243927	True
ENST00000381132.6	ENST00000381132	ENSG00000159200	True
ENST00000300305.7	ENST00000300305	ENSG00000159216	True
ENST00000290349.11	ENST00000290349	ENSG00000159228	True
ENST00000290354.6	ENST00000290354	ENSG00000159231	True
ENST00000399151.3	ENST00000399151	ENSG00000142197	True
ENST00000400485.6	ENST00000400485	ENSG00000159256	True
ENST00000314103.6	ENST00000314103	ENSG00000159259	True
ENST00000290399.11	ENST00000290399	ENSG00000159263	True
ENST00000360525.8	ENST00000360525	ENSG00000185808	True
ENST00000309117.11	ENST00000309117	ENSG00000157538	True
ENST00000360214.8	ENST00000360214	ENSG00000157557	True
ENST00000331573.8	ENST00000331573	ENSG00000183527	True
ENST00000333229.6	ENST00000333229	ENSG00000185658	True
ENST00000380749.10	ENST00000380749	ENSG00000205581	True
ENST00000649170.1	ENST00000649170	ENSG00000182093	True
ENST00000330333.11	ENST00000330333	ENSG00000182240	True
ENST00000398548.5	ENST00000398548	ENSG00000141956	True
ENST00000380486.4	ENST00000380486	ENSG00000157617	True
ENST00000310826.10	ENST00000310826	ENSG00000173276	True
ENST00000398449.7	ENST00000398449	ENSG00000160179	True
ENST00000335512.8	ENST00000335512	ENSG00000160191	True
ENST00000398208.3	ENST00000398208	ENSG00000160193	True
ENST00000340344.4	ENST00000340344	ENSG00000160194	True
ENST00000291547.10	ENST00000291547	ENSG00000160199	True
ENST00000340648.6	ENST00000340648	ENSG00000160208	True
ENST00000291565.9	ENST00000291565	ENSG00000160209	True
ENST00000291568.7	ENST00000291568	ENSG00000160213	True
ENST00000497547.2	ENST00000497547	ENSG00000160214	True
ENST00000291572.13	ENST00000291572	ENSG00000160216	True
ENST00000291574.9	ENST00000291574	ENSG00000160218	True
ENST00000349048.9	ENST00000349048	ENSG00000141959	True
ENST00000397956.7	ENST00000397956	ENSG00000160226	True
ENST00000291592.6	ENST00000291592	ENSG00000160233	True
ENST00000345496.7	ENST00000345496	ENSG00000184787	True
ENST00000332859.11	ENST00000332859	ENSG00000184900	True
ENST00000330938.8	ENST00000330938	ENSG00000183255	True
ENST00000397826.7	ENST00000397826	ENSG00000160256	True
ENST00000348831.9	ENST00000348831	ENSG00000197381	True
ENST00000349485.9	ENST00000349485	ENSG00000186866	True
ENST00000311124.9	ENST00000311124	ENSG00000173638	True
ENST00000361866.8	ENST00000361866	ENSG00000142156	True
ENST00000300527.9	ENST00000300527	ENSG00000142173	True
ENST00000397728.8	ENST00000397728	ENSG00000160285	True
ENST00000291688.6	ENST00000291688	ENSG00000160294	True
ENST00000329319.7	ENST00000329319	ENSG00000182362	True
ENST00000417564.3	ENST00000417564	ENSG00000160305	True
ENST00000397637.5	ENST00000397637	ENSG00000160310	True
ENST00000319363.11	ENST00000319363	ENSG00000177663	True
ENST00000336737.8	ENST00000336737	ENSG00000069998	True
ENST00000262608.12	ENST00000262608	ENSG00000099954	True
ENST00000253413.10	ENST00000253413	ENSG00000131100	True
ENST00000317582.10	ENST00000317582	ENSG00000099968	True
ENST00000622694.4	ENST00000622694	ENSG00000015475	True
ENST00000441493.7	ENST00000441493	ENSG00000243156	True
ENST00000215794.8	ENST00000215794	ENSG00000184979	True
ENST00000263196.12	ENST00000263196	ENSG00000070413	True
ENST00000215882.10	ENST00000215882	ENSG00000100075	True
ENST00000427926.6	ENST00000427926	ENSG00000070371	True
ENST00000263208.5	ENST00000263208	ENSG00000100084	True
ENST00000333130.3	ENST00000333130	ENSG00000185608	True
ENST00000263202.15	ENST00000263202	ENSG00000070010	True
ENST00000263201.7	ENST00000263201	ENSG00000093009	True
ENST00000649276.1	ENST00000649276	ENSG00000184058	True
ENST00000329517.11	ENST00000329517	ENSG00000185838	True
ENST00000405640.1	ENST00000405640	ENSG00000215012	True
ENST00000361682.11	ENST00000361682	ENSG00000093010	True
ENST00000263207.8	ENST00000263207	ENSG00000099889	True
ENST00000327374.9	ENST00000327374	ENSG00000183597	True
ENST00000351989.8	ENST00000351989	ENSG00000128191	True
ENST00000403707.7	ENST00000403707	ENSG00000099899	True
ENST00000430524.6	ENST00000430524	ENSG00000099901	True
ENST00000334554.11	ENST00000334554	ENSG00000099904	True
ENST00000043402.8	ENST00000043402	ENSG00000040608	True
ENST00000248879.8	ENST00000248879	ENSG00000128185	True
ENST00000400451.7	ENST00000400451	ENSG00000185252	True
ENST00000622235.5	ENST00000622235	ENSG00000244486	True
ENST00000328879.9	ENST00000328879	ENSG00000099910	True
ENST00000263205.11	ENST00000263205	ENSG00000099917	True
ENST00000255882.11	ENST00000255882	ENSG00000241973	True
ENST00000215730.12	ENST00000215730	ENSG00000099940	True
ENST00000354336.8	ENST00000354336	ENSG00000099942	True
ENST00000646124.2	ENST00000646124	ENSG00000099949	True
ENST00000215742.9	ENST00000215742	ENSG00000184436	True
ENST00000443632.2	ENST00000443632	ENSG00000169635	True
ENST00000342192.9	ENST00000342192	ENSG00000185651	True
ENST00000248958.5	ENST00000248958	ENSG00000128228	True
ENST00000335025.12	ENST00000335025	ENSG00000100023	True
ENST00000215832.11	ENST00000215832	ENSG00000100030	True
ENST00000263212.10	ENST00000263212	ENSG00000100034	True
ENST00000398793.6	ENST00000398793	ENSG00000100038	True
ENST00000626650.3	ENST00000626650	ENSG00000275004	True
ENST00000543184.5	ENST00000543184	ENSG00000185686	True
ENST00000615612.2	ENST00000615612	ENSG00000128266	True
ENST00000263116.6	ENST00000263116	ENSG00000100228	True
ENST00000305877.13	ENST00000305877	ENSG00000186716	True
ENST00000341976.5	ENST00000341976	ENSG00000187792	True
ENST00000484558.3	ENST00000484558	ENSG00000250479	True
ENST00000215743.8	ENST00000215743	ENSG00000099953	True
ENST00000407422.8	ENST00000407422	ENSG00000099956	True
ENST00000345044.10	ENST00000345044	ENSG00000133460	True
ENST00000215754.8	ENST00000215754	ENSG00000240972	True
ENST00000290765.8	ENST00000290765	ENSG00000133433	True
ENST00000398319.6	ENST00000398319	ENSG00000099991	True
ENST00000358321.4	ENST00000358321	ENSG00000099994	True
ENST00000435822.5	ENST00000435822	ENSG00000138867	True
ENST00000215829.8	ENST00000215829	ENSG00000100028	True
ENST00000318753.13	ENST00000318753	ENSG00000178026	True
ENST00000651629.1	ENST00000651629	ENSG00000244752	True
ENST00000324198.11	ENST00000324198	ENSG00000100077	True
ENST00000215906.6	ENST00000215906	ENSG00000128203	True
ENST00000398145.6	ENST00000398145	ENSG00000100099	True
ENST00000407690.6	ENST00000407690	ENSG00000100109	True
ENST00000338754.9	ENST00000338754	ENSG00000128294	True
ENST00000335272.10	ENST00000335272	ENSG00000180957	True
ENST00000405598.5	ENST00000405598	ENSG00000183765	True
ENST00000216027.8	ENST00000216027	ENSG00000100209	True
ENST00000249064.9	ENST00000249064	ENSG00000159873	True
ENST00000611155.4	ENST00000611155	ENSG00000100219	True
ENST00000544604.7	ENST00000544604	ENSG00000183579	True
ENST00000400335.8	ENST00000400335	ENSG00000183762	True
ENST00000216085.12	ENST00000216085	ENSG00000100263	True
ENST00000397938.6	ENST00000397938	ENSG00000182944	True
ENST00000432560.6	ENST00000432560	ENSG00000100280	True
ENST00000490103.5	ENST00000490103	ENSG00000100296	True
ENST00000216121.12	ENST00000216121	ENSG00000184117	True
ENST00000338641.10	ENST00000338641	ENSG00000186575	True
ENST00000344318.4	ENST00000344318	ENSG00000100319	True
ENST00000330029.6	ENST00000330029	ENSG00000184076	True
ENST00000397771.6	ENST00000397771	ENSG00000100325	True
ENST00000401950.7	ENST00000401950	ENSG00000100330	True
ENST00000249075.4	ENST00000249075	ENSG00000128342	True
ENST00000215790.12	ENST00000215790	ENSG00000099992	True
ENST00000215793.13	ENST00000215793	ENSG00000099995	True
ENST00000382363.8	ENST00000382363	ENSG00000099999	True
ENST00000615189.5	ENST00000615189	ENSG00000100003	True
ENST00000266263.10	ENST00000266263	ENSG00000242114	True
ENST00000354694.12	ENST00000354694	ENSG00000100029	True
ENST00000215838.8	ENST00000215838	ENSG00000185339	True
ENST00000343605.5	ENST00000343605	ENSG00000100036	True
ENST00000332585.11	ENST00000332585	ENSG00000184792	True
ENST00000397641.8	ENST00000397641	ENSG00000133422	True
ENST00000644773.1	ENST00000644773	ENSG00000253352	True
ENST00000333137.11	ENST00000333137	ENSG00000183963	True
ENST00000331075.10	ENST00000331075	ENSG00000185133	True
ENST00000326132.11	ENST00000326132	ENSG00000138942	True
ENST00000333611.8	ENST00000333611	ENSG00000182541	True
ENST00000215912.10	ENST00000215912	ENSG00000100100	True
ENST00000266269.10	ENST00000266269	ENSG00000100105	True
ENST00000331457.9	ENST00000331457	ENSG00000185721	True
ENST00000397525.5	ENST00000397525	ENSG00000184708	True
ENST00000432498.5	ENST00000432498	ENSG00000198089	True
ENST00000439502.6	ENST00000439502	ENSG00000241878	True
ENST00000642696.1	ENST00000642696	ENSG00000100150	True
ENST00000248975.6	ENST00000248975	ENSG00000128245	True
ENST00000216038.6	ENST00000216038	ENSG00000100220	True
ENST00000266087.12	ENST00000266087	ENSG00000100225	True
ENST00000266085.6	ENST00000266085	ENSG00000100234	True
ENST00000354992.6	ENST00000354992	ENSG00000133424	True
ENST00000216106.6	ENST00000216106	ENSG00000100281	True
ENST00000449058.7	ENST00000449058	ENSG00000100284	True
ENST00000216117.9	ENST00000216117	ENSG00000100292	True
ENST00000216122.9	ENST00000216122	ENSG00000100297	True
ENST00000409652.5	ENST00000409652	ENSG00000221963	True
ENST00000438146.7	ENST00000438146	ENSG00000100320	True
ENST00000249066.10	ENST00000249066	ENSG00000128335	True
ENST00000422706.5	ENST00000422706	ENSG00000100342	True
ENST00000216181.11	ENST00000216181	ENSG00000100345	True
ENST00000216185.7	ENST00000216185	ENSG00000100348	True
ENST00000397224.8	ENST00000397224	ENSG00000100350	True
ENST00000216190.13	ENST00000216190	ENSG00000100353	True
ENST00000433985.7	ENST00000433985	ENSG00000100360	True
ENST00000403892.7	ENST00000403892	ENSG00000128311	True
ENST00000397225.2	ENST00000397225	ENSG00000128309	True
ENST00000337843.7	ENST00000337843	ENSG00000133466	True
ENST00000249071.11	ENST00000249071	ENSG00000128340	True
ENST00000403299.5	ENST00000403299	ENSG00000100065	True
ENST00000249014.5	ENST00000249014	ENSG00000128283	True
ENST00000343632.9	ENST00000343632	ENSG00000100083	True
ENST00000215904.7	ENST00000215904	ENSG00000241360	True
ENST00000215909.10	ENST00000215909	ENSG00000100097	True
ENST00000248924.10	ENST00000248924	ENSG00000100116	True
ENST00000215941.9	ENST00000215941	ENSG00000100124	True
ENST00000652021.1	ENST00000652021	ENSG00000100129	True
ENST00000215957.10	ENST00000215957	ENSG00000100139	True
ENST00000442738.7	ENST00000442738	ENSG00000100142	True
ENST00000404072.7	ENST00000404072	ENSG00000100151	True
ENST00000332509.8	ENST00000332509	ENSG00000184381	True
ENST00000538320.5	ENST00000538320	ENSG00000185022	True
ENST00000361684.8	ENST00000361684	ENSG00000198792	True
ENST00000216014.9	ENST00000216014	ENSG00000100196	True
ENST00000396821.7	ENST00000396821	ENSG00000100201	True
ENST00000396811.6	ENST00000396811	ENSG00000100211	True
ENST00000216034.6	ENST00000216034	ENSG00000100216	True
ENST00000216039.9	ENST00000216039	ENSG00000100221	True
ENST00000405510.5	ENST00000405510	ENSG00000100242	True
ENST00000216068.9	ENST00000216068	ENSG00000100246	True
ENST00000333039.3	ENST00000333039	ENSG00000221890	True
ENST00000407418.8	ENST00000407418	ENSG00000183741	True
ENST00000333467.4	ENST00000333467	ENSG00000179750	True
ENST00000361441.5	ENST00000361441	ENSG00000244509	True
ENST00000308521.10	ENST00000308521	ENSG00000128394	True
ENST00000216133.10	ENST00000216133	ENSG00000100307	True
ENST00000216146.9	ENST00000216146	ENSG00000100316	True
ENST00000328933.10	ENST00000328933	ENSG00000100321	True
ENST00000216160.11	ENST00000216160	ENSG00000100324	True
ENST00000325301.7	ENST00000325301	ENSG00000100335	True
ENST00000337304.2	ENST00000337304	ENSG00000128272	True
ENST00000623063.3	ENST00000623063	ENSG00000239900	True
ENST00000355630.9	ENST00000355630	ENSG00000196588	True
ENST00000435456.7	ENST00000435456	ENSG00000100372	True
ENST00000216218.8	ENST00000216218	ENSG00000100380	True
ENST00000357137.9	ENST00000357137	ENSG00000196236	True
ENST00000216225.9	ENST00000216225	ENSG00000100387	True
ENST00000263253.9	ENST00000263253	ENSG00000100393	True
ENST00000216237.10	ENST00000216237	ENSG00000100395	True
ENST00000352645.5	ENST00000352645	ENSG00000100403	True
ENST00000266304.9	ENST00000266304	ENSG00000167074	True
ENST00000327492.4	ENST00000327492	ENSG00000183864	True
ENST00000216252.4	ENST00000216252	ENSG00000100410	True
ENST00000216254.9	ENST00000216254	ENSG00000100412	True
ENST00000355209.9	ENST00000355209	ENSG00000100413	True
ENST00000216259.8	ENST00000216259	ENSG00000100417	True
ENST00000263256.7	ENST00000263256	ENSG00000100418	True
ENST00000359308.8	ENST00000359308	ENSG00000196419	True
ENST00000401959.6	ENST00000401959	ENSG00000100138	True
ENST00000255784.5	ENST00000255784	ENSG00000100147	True
ENST00000361204.9	ENST00000361204	ENSG00000198911	True
ENST00000215980.10	ENST00000215980	ENSG00000100162	True
ENST00000396426.7	ENST00000396426	ENSG00000100167	True
ENST00000396398.8	ENST00000396398	ENSG00000198951	True
ENST00000321753.8	ENST00000321753	ENSG00000177096	True
ENST00000331479.4	ENST00000331479	ENSG00000183172	True
ENST00000498737.8	ENST00000498737	ENSG00000184983	True
ENST00000335626.8	ENST00000335626	ENSG00000100207	True
ENST00000252115.10	ENST00000252115	ENSG00000100227	True
ENST00000352397.10	ENST00000352397	ENSG00000100243	True
ENST00000401850.5	ENST00000401850	ENSG00000128274	True
ENST00000263245.10	ENST00000263245	ENSG00000242247	True
ENST00000263246.8	ENST00000263246	ENSG00000100266	True
ENST00000266254.12	ENST00000266254	ENSG00000100271	True
ENST00000216115.3	ENST00000216115	ENSG00000100290	True
ENST00000290429.11	ENST00000290429	ENSG00000100294	True
ENST00000396265.4	ENST00000396265	ENSG00000100300	True
ENST00000216129.7	ENST00000216129	ENSG00000100304	True
ENST00000216180.8	ENST00000216180	ENSG00000100344	True
ENST00000350028.5	ENST00000350028	ENSG00000100347	True
ENST00000338758.11	ENST00000338758	ENSG00000188677	True
ENST00000341255.4	ENST00000341255	ENSG00000188636	True
ENST00000336985.11	ENST00000336985	ENSG00000186654	True
ENST00000347635.9	ENST00000347635	ENSG00000093000	True
ENST00000336156.9	ENST00000336156	ENSG00000100364	True
ENST00000216214.7	ENST00000216214	ENSG00000100376	True
ENST00000614167.2	ENST00000614167	ENSG00000128408	True
ENST00000327858.11	ENST00000327858	ENSG00000077942	True
ENST00000252934.10	ENST00000252934	ENSG00000130638	True
ENST00000339464.9	ENST00000339464	ENSG00000188064	True
ENST00000407236.5	ENST00000407236	ENSG00000186951	True
ENST00000314567.8	ENST00000314567	ENSG00000205643	True
ENST00000381031.8	ENST00000381031	ENSG00000075234	True
ENST00000454366.2	ENST00000454366	ENSG00000075218	True
ENST00000645190.1	ENST00000645190	ENSG00000100416	True
ENST00000406902.6	ENST00000406902	ENSG00000075240	True
ENST00000216264.13	ENST00000216264	ENSG00000100422	True
ENST00000337137.9	ENST00000337137	ENSG00000054611	True
ENST00000216267.12	ENST00000216267	ENSG00000100425	True
ENST00000216268.6	ENST00000216268	ENSG00000100426	True
ENST00000330817.11	ENST00000330817	ENSG00000182858	True
ENST00000407217.7	ENST00000407217	ENSG00000184164	True
ENST00000360612.5	ENST00000360612	ENSG00000198355	True
ENST00000303434.8	ENST00000303434	ENSG00000170638	True
ENST00000248846.10	ENST00000248846	ENSG00000128159	True
ENST00000216271.10	ENST00000216271	ENSG00000100429	True
ENST00000215659.13	ENST00000215659	ENSG00000188130	True
ENST00000330651.11	ENST00000330651	ENSG00000185386	True
ENST00000359337.9	ENST00000359337	ENSG00000196576	True
ENST00000413817.8	ENST00000413817	ENSG00000205593	True
ENST00000395744.7	ENST00000395744	ENSG00000100239	True
ENST00000380817.8	ENST00000380817	ENSG00000100241	True
ENST00000474879.7	ENST00000474879	ENSG00000100258	True
ENST00000420993.7	ENST00000420993	ENSG00000025770	True
ENST00000487577.5	ENST00000487577	ENSG00000025708	True
ENST00000406938.3	ENST00000406938	ENSG00000100288	True
ENST00000329492.6	ENST00000329492	ENSG00000008735	True
ENST00000216124.10	ENST00000216124	ENSG00000100299	True
ENST00000395595.7	ENST00000395595	ENSG00000079974	True
ENST00000381657.8	ENST00000381657	ENSG00000182378	True
ENST00000326153.9	ENST00000326153	ENSG00000178605	True
ENST00000390665.9	ENST00000390665	ENSG00000167393	True
ENST00000381401.11	ENST00000381401	ENSG00000169100	True
ENST00000381317.9	ENST00000381317	ENSG00000169093	True
ENST00000313871.9	ENST00000313871	ENSG00000197976	True
ENST00000334651.11	ENST00000334651	ENSG00000169084	True
ENST00000381223.9	ENST00000381223	ENSG00000214717	True
ENST00000381192.10	ENST00000381192	ENSG00000002586	True
ENST00000381163.7	ENST00000381163	ENSG00000056998	True
ENST00000381154.6	ENST00000381154	ENSG00000006756	True
ENST00000262848.6	ENST00000262848	ENSG00000183943	True
ENST00000381077.10	ENST00000381077	ENSG00000130021	True
ENST00000674429.1	ENST00000674429	ENSG00000101846	True
ENST00000381042.9	ENST00000381042	ENSG00000006757	True
ENST00000262648.8	ENST00000262648	ENSG00000011201	True
ENST00000424279.5	ENST00000424279	ENSG00000101849	True
ENST00000380861.9	ENST00000380861	ENSG00000047644	True
ENST00000380833.9	ENST00000380833	ENSG00000073464	True
ENST00000453318.6	ENST00000453318	ENSG00000101871	True
ENST00000380762.5	ENST00000380762	ENSG00000004961	True
ENST00000312196.10	ENST00000312196	ENSG00000005302	True
ENST00000380668.9	ENST00000380668	ENSG00000101911	True
ENST00000464506.2	ENST00000464506	ENSG00000123595	True
ENST00000380579.6	ENST00000380579	ENSG00000196459	True
ENST00000340096.11	ENST00000340096	ENSG00000046651	True
ENST00000316715.9	ENST00000316715	ENSG00000046653	True
ENST00000380523.8	ENST00000380523	ENSG00000046647	True
ENST00000650831.1	ENST00000650831	ENSG00000181544	True
ENST00000380492.8	ENST00000380492	ENSG00000130150	True
ENST00000380488.9	ENST00000380488	ENSG00000102048	True
ENST00000333590.5	ENST00000333590	ENSG00000165195	True
ENST00000380421.3	ENST00000380421	ENSG00000087842	True
ENST00000318636.8	ENST00000318636	ENSG00000169239	True
ENST00000307771.7	ENST00000307771	ENSG00000169249	True
ENST00000672987.1	ENST00000672987	ENSG00000182287	True
ENST00000443824.5	ENST00000443824	ENSG00000047230	True
ENST00000380155.4	ENST00000380155	ENSG00000169895	True
ENST00000380122.10	ENST00000380122	ENSG00000086712	True
ENST00000380087.7	ENST00000380087	ENSG00000102054	True
ENST00000357277.8	ENST00000357277	ENSG00000169891	True
ENST00000380060.7	ENST00000380060	ENSG00000188158	True
ENST00000380041.8	ENST00000380041	ENSG00000047634	True
ENST00000251900.9	ENST00000251900	ENSG00000102098	True
ENST00000379942.5	ENST00000379942	ENSG00000044446	True
ENST00000422285.7	ENST00000422285	ENSG00000131828	True
ENST00000397821.8	ENST00000397821	ENSG00000147010	True
ENST00000379682.8	ENST00000379682	ENSG00000173681	True
ENST00000379643.10	ENST00000379643	ENSG00000184368	True
ENST00000379607.10	ENST00000379607	ENSG00000173674	True
ENST00000379565.9	ENST00000379565	ENSG00000177189	True
ENST00000379484.10	ENST00000379484	ENSG00000012174	True
ENST00000404933.7	ENST00000404933	ENSG00000102172	True
ENST00000379341.9	ENST00000379341	ENSG00000123131	True
ENST00000336430.11	ENST00000336430	ENSG00000123130	True
ENST00000379270.4	ENST00000379270	ENSG00000130066	True
ENST00000379226.9	ENST00000379226	ENSG00000184831	True
ENST00000328046.8	ENST00000328046	ENSG00000174010	True
ENST00000379188.7	ENST00000379188	ENSG00000005889	True
ENST00000379068.7	ENST00000379068	ENSG00000101868	True
ENST00000427190.5	ENST00000427190	ENSG00000198814	True
ENST00000378933.5	ENST00000378933	ENSG00000157625	True
ENST00000275954.4	ENST00000275954	ENSG00000147027	True
ENST00000542554.5	ENST00000542554	ENSG00000130962	True
ENST00000378616.5	ENST00000378616	ENSG00000047597	True
ENST00000378578.9	ENST00000378578	ENSG00000165169	True
ENST00000378533.4	ENST00000378533	ENSG00000101955	True
ENST00000645032.1	ENST00000645032	ENSG00000156313	True
ENST00000378444.9	ENST00000378444	ENSG00000183337	True
ENST00000636580.2	ENST00000636580	ENSG00000182220	True
ENST00000327877.10	ENST00000327877	ENSG00000185753	True
ENST00000324817.6	ENST00000324817	ENSG00000180182	True
ENST00000644876.1	ENST00000644876	ENSG00000215301	True
ENST00000338702.3	ENST00000338702	ENSG00000189221	True
ENST00000378069.5	ENST00000378069	ENSG00000069535	True
ENST00000378045.5	ENST00000378045	ENSG00000069509	True
ENST00000377967.8	ENST00000377967	ENSG00000147050	True
ENST00000344302.9	ENST00000344302	ENSG00000147121	True
ENST00000276055.4	ENST00000276055	ENSG00000147119	True
ENST00000616978.5	ENST00000616978	ENSG00000065923	True
ENST00000218340.4	ENST00000218340	ENSG00000102218	True
ENST00000614628.5	ENST00000614628	ENSG00000102221	True
ENST00000377811.3	ENST00000377811	ENSG00000147123	True
ENST00000335972.11	ENST00000335972	ENSG00000130985	True
ENST00000357227.9	ENST00000357227	ENSG00000102225	True
ENST00000218348.7	ENST00000218348	ENSG00000102226	True
ENST00000377065.8	ENST00000377065	ENSG00000147124	True
ENST00000377045.9	ENST00000377045	ENSG00000078061	True
ENST00000218388.9	ENST00000218388	ENSG00000102265	True
ENST00000376983.8	ENST00000376983	ENSG00000126767	True
ENST00000333119.7	ENST00000333119	ENSG00000126756	True
ENST00000376954.5	ENST00000376954	ENSG00000197779	True
ENST00000376943.8	ENST00000376943	ENSG00000147118	True
ENST00000595796.5	ENST00000595796	ENSG00000017483	True
ENST00000348411.3	ENST00000348411	ENSG00000068438	True
ENST00000326194.10	ENST00000326194	ENSG00000102312	True
ENST00000495186.6	ENST00000495186	ENSG00000147155	True
ENST00000376771.9	ENST00000376771	ENSG00000068354	True
ENST00000376759.8	ENST00000376759	ENSG00000102317	True
ENST00000376729.10	ENST00000376729	ENSG00000101940	True
ENST00000376687.4	ENST00000376687	ENSG00000101945	True
ENST00000376619.6	ENST00000376619	ENSG00000094631	True
ENST00000218230.6	ENST00000218230	ENSG00000102109	True
ENST00000376582.7	ENST00000376582	ENSG00000126768	True
ENST00000376509.4	ENST00000376509	ENSG00000102096	True
ENST00000376488.7	ENST00000376488	ENSG00000068308	True
ENST00000376423.8	ENST00000376423	ENSG00000068400	True
ENST00000315869.8	ENST00000315869	ENSG00000068323	True
ENST00000606812.5	ENST00000606812	ENSG00000147144	True
ENST00000634944.1	ENST00000634944	ENSG00000196998	True
ENST00000376327.6	ENST00000376327	ENSG00000102007	True
ENST00000599218.6	ENST00000599218	ENSG00000012211	True
ENST00000263233.8	ENST00000263233	ENSG00000102003	True
ENST00000376227.4	ENST00000376227	ENSG00000101997	True
ENST00000055335.11	ENST00000055335	ENSG00000049769	True
ENST00000621775.2	ENST00000621775	ENSG00000273820	True
ENST00000307367.2	ENST00000307367	ENSG00000171365	True
ENST00000375992.4	ENST00000375992	ENSG00000196368	True
ENST00000340438.6	ENST00000340438	ENSG00000189369	True
ENST00000375722.5	ENST00000375722	ENSG00000179222	True
ENST00000375442.8	ENST00000375442	ENSG00000184205	True
ENST00000375401.8	ENST00000375401	ENSG00000126012	True
ENST00000642864.1	ENST00000642864	ENSG00000124313	True
ENST00000322213.9	ENST00000322213	ENSG00000072501	True
ENST00000168216.11	ENST00000168216	ENSG00000072506	True
ENST00000338154.11	ENST00000338154	ENSG00000172943	True
ENST00000375180.7	ENST00000375180	ENSG00000184083	True
ENST00000375135.4	ENST00000375135	ENSG00000102302	True
ENST00000360845.3	ENST00000360845	ENSG00000130119	True
ENST00000375053.6	ENST00000375053	ENSG00000102316	True
ENST00000173898.12	ENST00000173898	ENSG00000067445	True
ENST00000374987.4	ENST00000374987	ENSG00000169188	True
ENST00000425133.2	ENST00000425133	ENSG00000182518	True
ENST00000342972.3	ENST00000342972	ENSG00000187601	True
ENST00000374941.8	ENST00000374941	ENSG00000083750	True
ENST00000338222.6	ENST00000338222	ENSG00000188021	True
ENST00000374922.9	ENST00000374922	ENSG00000204272	True
ENST00000638257.1	ENST00000638257	ENSG00000204271	True
ENST00000374900.4	ENST00000374900	ENSG00000165591	True
ENST00000374888.2	ENST00000374888	ENSG00000198455	True
ENST00000374884.3	ENST00000374884	ENSG00000186767	True
ENST00000253401.10	ENST00000253401	ENSG00000131089	True
ENST00000374869.8	ENST00000374869	ENSG00000184675	True
ENST00000374852.4	ENST00000374852	ENSG00000102043	True
ENST00000374839.8	ENST00000374839	ENSG00000126970	True
ENST00000374811.7	ENST00000374811	ENSG00000001497	True
ENST00000360270.7	ENST00000360270	ENSG00000147065	True
ENST00000451436.6	ENST00000451436	ENSG00000131080	True
ENST00000355520.6	ENST00000355520	ENSG00000079482	True
ENST00000374599.7	ENST00000374599	ENSG00000130052	True
ENST00000204961.5	ENST00000204961	ENSG00000090776	True
ENST00000361478.1	ENST00000361478	ENSG00000181191	True
ENST00000374552.9	ENST00000374552	ENSG00000158813	True
ENST00000342206.10	ENST00000342206	ENSG00000089289	True
ENST00000239666.8	ENST00000239666	ENSG00000120509	True
ENST00000374403.4	ENST00000374403	ENSG00000090889	True
ENST00000194900.8	ENST00000194900	ENSG00000082458	True
ENST00000622277.4	ENST00000622277	ENSG00000147164	True
ENST00000374259.8	ENST00000374259	ENSG00000184481	True
ENST00000374080.8	ENST00000374080	ENSG00000184634	True
ENST00000314425.9	ENST00000314425	ENSG00000147130	True
ENST00000276079.13	ENST00000276079	ENSG00000147140	True
ENST00000373719.8	ENST00000373719	ENSG00000147162	True
ENST00000609883.1	ENST00000609883	ENSG00000242732	True
ENST00000373669.8	ENST00000373669	ENSG00000102309	True
ENST00000334463.4	ENST00000334463	ENSG00000186871	True
ENST00000316084.10	ENST00000316084	ENSG00000198034	True
ENST00000453707.6	ENST00000453707	ENSG00000125931	True
ENST00000373573.9	ENST00000373573	ENSG00000147099	True
ENST00000373542.9	ENST00000373542	ENSG00000067177	True
ENST00000373517.4	ENST00000373517	ENSG00000186462	True
ENST00000373502.9	ENST00000373502	ENSG00000204116	True
ENST00000587091.6	ENST00000587091	ENSG00000147100	True
ENST00000373383.9	ENST00000373383	ENSG00000094841	True
ENST00000373358.8	ENST00000373358	ENSG00000102390	True
ENST00000361470.4	ENST00000361470	ENSG00000198934	True
ENST00000358075.10	ENST00000358075	ENSG00000102158	True
ENST00000650309.2	ENST00000650309	ENSG00000131174	True
ENST00000341514.11	ENST00000341514	ENSG00000165240	True
ENST00000373316.5	ENST00000373316	ENSG00000102144	True
ENST00000341864.6	ENST00000341864	ENSG00000187325	True
ENST00000358130.7	ENST00000358130	ENSG00000198157	True
ENST00000373212.6	ENST00000373212	ENSG00000131171	True
ENST00000262752.5	ENST00000262752	ENSG00000072133	True
ENST00000373177.3	ENST00000373177	ENSG00000165259	True
ENST00000373173.7	ENST00000373173	ENSG00000155008	True
ENST00000360700.4	ENST00000360700	ENSG00000147180	True
ENST00000357749.7	ENST00000357749	ENSG00000188419	True
ENST00000373119.9	ENST00000373119	ENSG00000102271	True
ENST00000373079.4	ENST00000373079	ENSG00000186310	True
ENST00000373049.8	ENST00000373049	ENSG00000147202	True
ENST00000373020.9	ENST00000373020	ENSG00000000003	True
ENST00000373004.5	ENST00000373004	ENSG00000102359	True
ENST00000372989.5	ENST00000372989	ENSG00000102362	True
ENST00000372936.4	ENST00000372936	ENSG00000188917	True
ENST00000372927.5	ENST00000372927	ENSG00000102384	True
ENST00000372902.4	ENST00000372902	ENSG00000126953	True
ENST00000218516.4	ENST00000218516	ENSG00000102393	True
ENST00000316594.6	ENST00000316594	ENSG00000126945	True
ENST00000372829.8	ENST00000372829	ENSG00000126947	True
ENST00000539247.5	ENST00000539247	ENSG00000198960	True
ENST00000341189.8	ENST00000341189	ENSG00000102401	True
ENST00000356824.9	ENST00000356824	ENSG00000184867	True
ENST00000289373.5	ENST00000289373	ENSG00000158164	True
ENST00000372728.4	ENST00000372728	ENSG00000133169	True
ENST00000372695.6	ENST00000372695	ENSG00000102409	True
ENST00000372685.8	ENST00000372685	ENSG00000180964	True
ENST00000372677.7	ENST00000372677	ENSG00000133134	True
ENST00000372645.3	ENST00000372645	ENSG00000166681	True
ENST00000613326.4	ENST00000613326	ENSG00000133142	True
ENST00000372628.5	ENST00000372628	ENSG00000196507	True
ENST00000372625.8	ENST00000372625	ENSG00000172465	True
ENST00000422154.6	ENST00000422154	ENSG00000123562	True
ENST00000243298.3	ENST00000243298	ENSG00000123570	True
ENST00000493442.2	ENST00000493442	ENSG00000123575	True
ENST00000372548.9	ENST00000372548	ENSG00000147231	True
ENST00000255499.3	ENST00000255499	ENSG00000133135	True
ENST00000357242.10	ENST00000357242	ENSG00000133138	True
ENST00000355610.9	ENST00000355610	ENSG00000133131	True
ENST00000372479.7	ENST00000372479	ENSG00000089682	True
ENST00000372466.8	ENST00000372466	ENSG00000198088	True
ENST00000372435.10	ENST00000372435	ENSG00000147224	True
ENST00000372383.8	ENST00000372383	ENSG00000157514	True
ENST00000217958.8	ENST00000217958	ENSG00000101843	True
ENST00000372232.8	ENST00000372232	ENSG00000101844	True
ENST00000394872.6	ENST00000394872	ENSG00000197565	True
ENST00000361603.7	ENST00000361603	ENSG00000188153	True
ENST00000372106.5	ENST00000372106	ENSG00000101888	True
ENST00000340800.6	ENST00000340800	ENSG00000068366	True
ENST00000372068.7	ENST00000372068	ENSG00000157600	True
ENST00000444321.2	ENST00000444321	ENSG00000101938	True
ENST00000394780.8	ENST00000394780	ENSG00000101901	True
ENST00000317135.13	ENST00000317135	ENSG00000130224	True
ENST00000355899.8	ENST00000355899	ENSG00000102024	True
ENST00000262820.7	ENST00000262820	ENSG00000003096	True
ENST00000254029.8	ENST00000254029	ENSG00000131725	True
ENST00000276202.8	ENST00000276202	ENSG00000147251	True
ENST00000371666.8	ENST00000371666	ENSG00000131724	True
ENST00000371628.8	ENST00000371628	ENSG00000175556	True
ENST00000217971.8	ENST00000217971	ENSG00000101856	True
ENST00000217909.8	ENST00000217909	ENSG00000077713	True
ENST00000317881.9	ENST00000317881	ENSG00000005022	True
ENST00000644802.2	ENST00000644802	ENSG00000018610	True
ENST00000371558.7	ENST00000371558	ENSG00000077721	True
ENST00000371527.6	ENST00000371527	ENSG00000186416	True
ENST00000360156.11	ENST00000360156	ENSG00000125354	True
ENST00000361575.4	ENST00000361575	ENSG00000198918	True
ENST00000276201.7	ENST00000276201	ENSG00000125351	True
ENST00000371442.4	ENST00000371442	ENSG00000125352	True
ENST00000371437.5	ENST00000371437	ENSG00000125356	True
ENST00000371410.5	ENST00000371410	ENSG00000101882	True
ENST00000557385.2	ENST00000557385	ENSG00000177485	True
ENST00000200639.9	ENST00000200639	ENSG00000005893	True
ENST00000336592.11	ENST00000336592	ENSG00000158290	True
ENST00000371317.10	ENST00000371317	ENSG00000232119	True
ENST00000304661.6	ENST00000304661	ENSG00000171155	True
ENST00000245838.13	ENST00000245838	ENSG00000125676	True
ENST00000371199.7	ENST00000371199	ENSG00000101966	True
ENST00000371160.5	ENST00000371160	ENSG00000101972	True
ENST00000371123.5	ENST00000371123	ENSG00000102038	True
ENST00000371113.9	ENST00000371113	ENSG00000122126	True
ENST00000357166.11	ENST00000357166	ENSG00000188706	True
ENST00000394422.8	ENST00000394422	ENSG00000156697	True
ENST00000540052.5	ENST00000540052	ENSG00000085185	True
ENST00000308167.10	ENST00000308167	ENSG00000102034	True
ENST00000319908.7	ENST00000319908	ENSG00000156709	True
ENST00000370978.9	ENST00000370978	ENSG00000056277	True
ENST00000218197.9	ENST00000218197	ENSG00000102078	True
ENST00000305536.11	ENST00000305536	ENSG00000134597	True
ENST00000394363.5	ENST00000394363	ENSG00000165675	True
ENST00000394334.7	ENST00000394334	ENSG00000134602	True
ENST00000370874.2	ENST00000370874	ENSG00000123728	True
ENST00000370853.7	ENST00000370853	ENSG00000076770	True
ENST00000370836.6	ENST00000370836	ENSG00000171004	True
ENST00000370828.4	ENST00000370828	ENSG00000076716	True
ENST00000370818.8	ENST00000370818	ENSG00000147257	True
ENST00000332070.7	ENST00000332070	ENSG00000156531	True
ENST00000298556.8	ENST00000298556	ENSG00000165704	True
ENST00000493333.5	ENST00000493333	ENSG00000156504	True
ENST00000370783.8	ENST00000370783	ENSG00000101928	True
ENST00000330288.6	ENST00000330288	ENSG00000184785	True
ENST00000391440.3	ENST00000391440	ENSG00000212747	True
ENST00000257013.9	ENST00000257013	ENSG00000134590	True
ENST00000370775.2	ENST00000370775	ENSG00000203950	True
ENST00000339249.5	ENST00000339249	ENSG00000173275	True
ENST00000370752.4	ENST00000370752	ENSG00000165359	True
ENST00000305963.2	ENST00000305963	ENSG00000169446	True
ENST00000370695.7	ENST00000370695	ENSG00000198689	True
ENST00000370683.6	ENST00000370683	ENSG00000022267	True
ENST00000316077.14	ENST00000316077	ENSG00000129680	True
ENST00000535601.5	ENST00000535601	ENSG00000102241	True
ENST00000250617.7	ENST00000250617	ENSG00000129675	True
ENST00000320676.11	ENST00000320676	ENSG00000147274	True
ENST00000361648.6	ENST00000361648	ENSG00000101974	True
ENST00000370526.5	ENST00000370526	ENSG00000182195	True
ENST00000356928.2	ENST00000356928	ENSG00000179542	True
ENST00000370475.9	ENST00000370475	ENSG00000102081	True
ENST00000340855.11	ENST00000340855	ENSG00000010404	True
ENST00000600449.8	ENST00000600449	ENSG00000269556	True
ENST00000432680.7	ENST00000432680	ENSG00000013619	True
ENST00000370396.7	ENST00000370396	ENSG00000171100	True
ENST00000445323.7	ENST00000445323	ENSG00000063601	True
ENST00000370377.8	ENST00000370377	ENSG00000102181	True
ENST00000325307.12	ENST00000325307	ENSG00000029993	True
ENST00000330374.6	ENST00000330374	ENSG00000160131	True
ENST00000616035.4	ENST00000616035	ENSG00000197172	True
ENST00000370277.5	ENST00000370277	ENSG00000147400	True
ENST00000370274.8	ENST00000370274	ENSG00000147383	True
ENST00000370268.8	ENST00000370268	ENSG00000147394	True
ENST00000421798.5	ENST00000421798	ENSG00000235961	True
ENST00000370249.3	ENST00000370249	ENSG00000063587	True
ENST00000331595.9	ENST00000331595	ENSG00000182492	True
ENST00000576892.8	ENST00000576892	ENSG00000262919	True
ENST00000342782.4	ENST00000342782	ENSG00000130829	True
ENST00000253122.10	ENST00000253122	ENSG00000130821	True
ENST00000647529.1	ENST00000647529	ENSG00000185825	True
ENST00000218104.6	ENST00000218104	ENSG00000101986	True
ENST00000217901.10	ENST00000217901	ENSG00000067829	True
ENST00000370060.7	ENST00000370060	ENSG00000198910	True
ENST00000464845.6	ENST00000464845	ENSG00000102030	True
ENST00000393700.8	ENST00000393700	ENSG00000102032	True
ENST00000369984.4	ENST00000369984	ENSG00000172534	True
ENST00000369982.5	ENST00000369982	ENSG00000177854	True
ENST00000369980.8	ENST00000369980	ENSG00000184216	True
ENST00000369850.10	ENST00000369850	ENSG00000196924	True
ENST00000369842.9	ENST00000369842	ENSG00000102119	True
ENST00000424325.6	ENST00000424325	ENSG00000147403	True
ENST00000369809.5	ENST00000369809	ENSG00000013563	True
ENST00000612460.5	ENST00000612460	ENSG00000102125	True
ENST00000447750.7	ENST00000447750	ENSG00000203879	True
ENST00000393600.8	ENST00000393600	ENSG00000071859	True
ENST00000357360.4	ENST00000357360	ENSG00000196976	True
ENST00000369660.9	ENST00000369660	ENSG00000102178	True
ENST00000393586.1	ENST00000393586	ENSG00000126903	True
ENST00000447601.6	ENST00000447601	ENSG00000071889	True
ENST00000393562.10	ENST00000393562	ENSG00000160211	True
ENST00000594239.5	ENST00000594239	ENSG00000269335	True
ENST00000369550.10	ENST00000369550	ENSG00000130826	True
ENST00000369534.8	ENST00000369534	ENSG00000130830	True
ENST00000369498.8	ENST00000369498	ENSG00000165775	True
ENST00000369462.5	ENST00000369462	ENSG00000185515	True
ENST00000286428.7	ENST00000286428	ENSG00000155959	True
ENST00000369454.4	ENST00000369454	ENSG00000155961	True
ENST00000334398.8	ENST00000334398	ENSG00000185973	True
ENST00000286448.12	ENST00000286448	ENSG00000124333	True
